id,code,signal_value,source,updated_at
3,920003,-1.839237,excel_import,2026-06-05 19:23:54.915797+00:00
4,920005,-5.716724,excel_import,2026-06-05 19:23:54.917290+00:00
5,920006,-0.471143,excel_import,2026-06-05 19:23:54.918912+00:00
6,920007,-1.991852,excel_import,2026-06-05 19:23:54.920087+00:00
7,920008,-0.259740,excel_import,2026-06-05 19:23:54.921632+00:00
8,920009,-2.220439,excel_import,2026-06-05 19:23:54.923001+00:00
9,920010,4.143126,excel_import,2026-06-05 19:23:54.923974+00:00
10,920011,-1.070155,excel_import,2026-06-05 19:23:54.924859+00:00
12,920014,2.004008,excel_import,2026-06-05 19:23:54.927133+00:00
13,920015,-0.268037,excel_import,2026-06-05 19:23:54.928304+00:00
14,920016,-2.210315,excel_import,2026-06-05 19:23:54.930071+00:00
15,920017,-0.061652,excel_import,2026-06-05 19:23:54.931499+00:00
16,920018,-3.802083,excel_import,2026-06-05 19:23:54.932517+00:00
17,920019,4.121475,excel_import,2026-06-05 19:23:54.933595+00:00
18,920020,0.613915,excel_import,2026-06-05 19:23:54.935029+00:00
19,920021,-2.983425,excel_import,2026-06-05 19:23:54.936351+00:00
20,920022,-1.611535,excel_import,2026-06-05 19:23:54.937906+00:00
21,920023,1.652893,excel_import,2026-06-05 19:23:54.939402+00:00
22,920026,-2.368198,excel_import,2026-06-05 19:23:54.940342+00:00
23,920027,-1.339829,excel_import,2026-06-05 19:23:54.941242+00:00
24,920028,-6.732892,excel_import,2026-06-05 19:23:54.942342+00:00
25,920029,-1.519964,excel_import,2026-06-05 19:23:54.943737+00:00
26,920030,-2.723735,excel_import,2026-06-05 19:23:54.944848+00:00
27,920033,-1.826196,excel_import,2026-06-05 19:23:54.946214+00:00
28,920035,-3.685152,excel_import,2026-06-05 19:23:54.947611+00:00
29,920036,-4.814733,excel_import,2026-06-05 19:23:54.948604+00:00
31,920039,-3.444181,excel_import,2026-06-05 19:23:54.950543+00:00
32,920045,4.268914,excel_import,2026-06-05 19:23:54.951757+00:00
33,920046,2.886406,excel_import,2026-06-05 19:23:54.952941+00:00
34,920047,-7.454017,excel_import,2026-06-05 19:23:54.953955+00:00
35,920050,-1.450777,excel_import,2026-06-05 19:23:54.955568+00:00
36,920055,-2.790250,excel_import,2026-06-05 19:23:54.956626+00:00
37,920056,-2.437811,excel_import,2026-06-05 19:23:54.957569+00:00
38,920057,-3.113553,excel_import,2026-06-05 19:23:54.958617+00:00
39,920058,-2.596315,excel_import,2026-06-05 19:23:54.960054+00:00
40,920060,-2.091255,excel_import,2026-06-05 19:23:54.961221+00:00
41,920061,1.416917,excel_import,2026-06-05 19:23:54.962715+00:00
42,920062,-2.526132,excel_import,2026-06-05 19:23:54.964496+00:00
43,920066,-1.341752,excel_import,2026-06-05 19:23:54.965897+00:00
44,920068,-0.385675,excel_import,2026-06-05 19:23:54.967135+00:00
45,920069,0.962861,excel_import,2026-06-05 19:23:54.968877+00:00
46,920075,-4.071247,excel_import,2026-06-05 19:23:54.970237+00:00
47,920076,-1.404494,excel_import,2026-06-05 19:23:54.972179+00:00
48,920077,2.800954,excel_import,2026-06-05 19:23:54.973468+00:00
50,920080,-1.243892,excel_import,2026-06-05 19:23:54.976487+00:00
51,920082,-1.393355,excel_import,2026-06-05 19:23:54.978301+00:00
52,920086,-2.031930,excel_import,2026-06-05 19:23:54.980440+00:00
53,920087,1.371037,excel_import,2026-06-05 19:23:54.982226+00:00
54,920088,24.630682,excel_import,2026-06-05 19:23:54.983257+00:00
55,920089,0.877743,excel_import,2026-06-05 19:23:54.984335+00:00
56,920090,1.627907,excel_import,2026-06-05 19:23:54.985533+00:00
57,920091,-2.222222,excel_import,2026-06-05 19:23:54.986686+00:00
58,920092,-2.895250,excel_import,2026-06-05 19:23:54.988348+00:00
59,920096,-7.017544,excel_import,2026-06-05 19:23:54.990112+00:00
60,920098,2.083333,excel_import,2026-06-05 19:23:54.991323+00:00
61,920099,0.214286,excel_import,2026-06-05 19:23:54.992448+00:00
62,920100,5.377358,excel_import,2026-06-05 19:23:54.993704+00:00
63,920101,-2.059801,excel_import,2026-06-05 19:23:54.994887+00:00
64,920106,0.353123,excel_import,2026-06-05 19:23:54.996312+00:00
65,920108,-2.383222,excel_import,2026-06-05 19:23:54.997758+00:00
66,920110,-2.875175,excel_import,2026-06-05 19:23:54.999245+00:00
67,920111,-3.541417,excel_import,2026-06-05 19:23:55.000831+00:00
69,920116,1.828285,excel_import,2026-06-05 19:23:55.003576+00:00
70,920118,-1.635282,excel_import,2026-06-05 19:23:55.005271+00:00
71,920119,-2.614841,excel_import,2026-06-05 19:23:55.006668+00:00
72,920121,-2.007676,excel_import,2026-06-05 19:23:55.007756+00:00
73,920122,-3.434783,excel_import,2026-06-05 19:23:55.008878+00:00
74,920123,-0.890472,excel_import,2026-06-05 19:23:55.010099+00:00
75,920124,-1.910828,excel_import,2026-06-05 19:23:55.011287+00:00
76,920125,-8.051398,excel_import,2026-06-05 19:23:55.012439+00:00
77,920128,-4.447115,excel_import,2026-06-05 19:23:55.014042+00:00
78,920130,-3.518729,excel_import,2026-06-05 19:23:55.015082+00:00
79,920132,-1.239669,excel_import,2026-06-05 19:23:55.016027+00:00
80,920139,0.985761,excel_import,2026-06-05 19:23:55.017103+00:00
81,920145,-4.324324,excel_import,2026-06-05 19:23:55.018387+00:00
82,920146,-2.333333,excel_import,2026-06-05 19:23:55.019489+00:00
83,920149,-3.179825,excel_import,2026-06-05 19:23:55.020659+00:00
84,920152,-7.421150,excel_import,2026-06-05 19:23:55.022248+00:00
85,920156,-0.910205,excel_import,2026-06-05 19:23:55.023383+00:00
86,920158,1.529052,excel_import,2026-06-05 19:23:55.024476+00:00
88,920160,-1.004785,excel_import,2026-06-05 19:23:55.026694+00:00
89,920161,-1.763393,excel_import,2026-06-05 19:23:55.027846+00:00
90,920163,-1.558203,excel_import,2026-06-05 19:23:55.029038+00:00
91,920166,-3.275934,excel_import,2026-06-05 19:23:55.030744+00:00
92,920167,1.237345,excel_import,2026-06-05 19:23:55.031949+00:00
93,920168,-0.924499,excel_import,2026-06-05 19:23:55.032813+00:00
94,920169,-3.536977,excel_import,2026-06-05 19:23:55.034185+00:00
95,920171,2.378490,excel_import,2026-06-05 19:23:55.035678+00:00
96,920174,-2.460317,excel_import,2026-06-05 19:23:55.036979+00:00
97,920175,7.046632,excel_import,2026-06-05 19:23:55.038582+00:00
98,920177,-2.452229,excel_import,2026-06-05 19:23:55.039892+00:00
99,920178,-7.956974,excel_import,2026-06-05 19:23:55.041074+00:00
100,920179,-2.356902,excel_import,2026-06-05 19:23:55.042157+00:00
101,920180,-1.379811,excel_import,2026-06-05 19:23:55.043319+00:00
102,920181,0.471254,excel_import,2026-06-05 19:23:55.044639+00:00
103,920183,-3.873148,excel_import,2026-06-05 19:23:55.046656+00:00
104,920184,-1.587302,excel_import,2026-06-05 19:23:55.048041+00:00
105,920185,-2.683363,excel_import,2026-06-05 19:23:55.049045+00:00
107,920187,-2.266420,excel_import,2026-06-05 19:23:55.051310+00:00
2,920002,-0.890008,excel_import,2026-06-05 19:23:54.913643+00:00
110,920191,-2.859696,excel_import,2026-06-05 19:23:55.055641+00:00
111,920195,1.408451,excel_import,2026-06-05 19:23:55.056736+00:00
112,920198,-0.477897,excel_import,2026-06-05 19:23:55.057643+00:00
113,920199,-0.422914,excel_import,2026-06-05 19:23:55.058592+00:00
114,920200,-9.058824,excel_import,2026-06-05 19:23:55.059683+00:00
115,920204,-0.980392,excel_import,2026-06-05 19:23:55.060842+00:00
116,920207,-2.041602,excel_import,2026-06-05 19:23:55.062091+00:00
117,920208,-1.596244,excel_import,2026-06-05 19:23:55.063802+00:00
118,920212,-3.966245,excel_import,2026-06-05 19:23:55.065047+00:00
119,920218,-4.537815,excel_import,2026-06-05 19:23:55.065994+00:00
120,920220,-5.407237,excel_import,2026-06-05 19:23:55.067077+00:00
121,920221,-2.404159,excel_import,2026-06-05 19:23:55.068364+00:00
123,920225,-3.242594,excel_import,2026-06-05 19:23:55.070967+00:00
124,920227,-3.248567,excel_import,2026-06-05 19:23:55.072696+00:00
125,920230,-0.934579,excel_import,2026-06-05 19:23:55.073839+00:00
126,920237,-6.490649,excel_import,2026-06-05 19:23:55.074833+00:00
127,920239,-0.872727,excel_import,2026-06-05 19:23:55.075967+00:00
128,920242,-2.548037,excel_import,2026-06-05 19:23:55.077069+00:00
129,920245,-2.789209,excel_import,2026-06-05 19:23:55.078411+00:00
130,920247,-2.121560,excel_import,2026-06-05 19:23:55.080460+00:00
131,920249,0.737619,excel_import,2026-06-05 19:23:55.081786+00:00
132,920252,-4.315197,excel_import,2026-06-05 19:23:55.082812+00:00
133,920260,-2.352941,excel_import,2026-06-05 19:23:55.083832+00:00
134,920261,0.000000,excel_import,2026-06-05 19:23:55.085372+00:00
135,920262,-2.031144,excel_import,2026-06-05 19:23:55.086883+00:00
136,920263,-4.093567,excel_import,2026-06-05 19:23:55.088606+00:00
137,920266,-1.790634,excel_import,2026-06-05 19:23:55.089713+00:00
138,920267,-3.305785,excel_import,2026-06-05 19:23:55.090938+00:00
139,920270,-3.597561,excel_import,2026-06-05 19:23:55.091870+00:00
140,920271,-2.584670,excel_import,2026-06-05 19:23:55.093272+00:00
142,920274,-1.551552,excel_import,2026-06-05 19:23:55.095540+00:00
143,920275,-0.314961,excel_import,2026-06-05 19:23:55.097282+00:00
144,920278,-2.919708,excel_import,2026-06-05 19:23:55.098479+00:00
145,920284,-1.223776,excel_import,2026-06-05 19:23:55.099468+00:00
146,920299,7.530120,excel_import,2026-06-05 19:23:55.100400+00:00
147,920300,-2.365184,excel_import,2026-06-05 19:23:55.101720+00:00
148,920304,-1.803607,excel_import,2026-06-05 19:23:55.102985+00:00
149,920339,-1.372549,excel_import,2026-06-05 19:23:55.105155+00:00
150,920344,-2.599388,excel_import,2026-06-05 19:23:55.106420+00:00
151,920346,-5.055292,excel_import,2026-06-05 19:23:55.107443+00:00
152,920351,-1.491477,excel_import,2026-06-05 19:23:55.108332+00:00
153,920357,-0.888192,excel_import,2026-06-05 19:23:55.109665+00:00
154,920363,13.032985,excel_import,2026-06-05 19:23:55.111127+00:00
155,920367,-1.871981,excel_import,2026-06-05 19:23:55.112329+00:00
156,920368,5.969211,excel_import,2026-06-05 19:23:55.113765+00:00
157,920370,-2.588997,excel_import,2026-06-05 19:23:55.114913+00:00
158,920371,6.724512,excel_import,2026-06-05 19:23:55.116092+00:00
159,920374,-1.648936,excel_import,2026-06-05 19:23:55.117119+00:00
161,920378,-2.119701,excel_import,2026-06-05 19:23:55.119594+00:00
162,920392,0.486914,excel_import,2026-06-05 19:23:55.120819+00:00
163,920394,-1.587302,excel_import,2026-06-05 19:23:55.122146+00:00
164,920395,-5.963303,excel_import,2026-06-05 19:23:55.123340+00:00
165,920396,1.173614,excel_import,2026-06-05 19:23:55.124322+00:00
166,920402,1.350048,excel_import,2026-06-05 19:23:55.125391+00:00
167,920403,2.269364,excel_import,2026-06-05 19:23:55.126466+00:00
168,920405,-0.537222,excel_import,2026-06-05 19:23:55.127562+00:00
169,920407,-4.025157,excel_import,2026-06-05 19:23:55.128693+00:00
170,920414,0.600601,excel_import,2026-06-05 19:23:55.130215+00:00
171,920415,-3.099362,excel_import,2026-06-05 19:23:55.131554+00:00
172,920418,1.343214,excel_import,2026-06-05 19:23:55.132450+00:00
173,920419,-2.640845,excel_import,2026-06-05 19:23:55.133423+00:00
174,920422,-0.388727,excel_import,2026-06-05 19:23:55.134526+00:00
175,920425,-1.533997,excel_import,2026-06-05 19:23:55.135693+00:00
176,920427,-4.150454,excel_import,2026-06-05 19:23:55.136722+00:00
177,920429,-2.627119,excel_import,2026-06-05 19:23:55.138148+00:00
178,920433,-2.079002,excel_import,2026-06-05 19:23:55.139906+00:00
180,920438,3.478765,excel_import,2026-06-05 19:23:55.141884+00:00
181,920445,-1.643489,excel_import,2026-06-05 19:23:55.143039+00:00
182,920454,-2.196970,excel_import,2026-06-05 19:23:55.144490+00:00
183,920455,-3.156385,excel_import,2026-06-05 19:23:55.145737+00:00
184,920469,-1.622419,excel_import,2026-06-05 19:23:55.147200+00:00
185,920471,1.744186,excel_import,2026-06-05 19:23:55.148262+00:00
186,920475,-2.660754,excel_import,2026-06-05 19:23:55.149227+00:00
187,920476,1.065990,excel_import,2026-06-05 19:23:55.150231+00:00
188,920478,-2.224469,excel_import,2026-06-05 19:23:55.151540+00:00
189,920489,0.253165,excel_import,2026-06-05 19:23:55.152678+00:00
190,920491,-0.950292,excel_import,2026-06-05 19:23:55.153770+00:00
191,920493,-0.311659,excel_import,2026-06-05 19:23:55.155183+00:00
192,920496,-2.666667,excel_import,2026-06-05 19:23:55.156302+00:00
193,920504,-3.232644,excel_import,2026-06-05 19:23:55.157211+00:00
194,920505,1.580796,excel_import,2026-06-05 19:23:55.158111+00:00
195,920508,-3.397774,excel_import,2026-06-05 19:23:55.159105+00:00
196,920509,1.593880,excel_import,2026-06-05 19:23:55.160167+00:00
197,920510,1.772152,excel_import,2026-06-05 19:23:55.161486+00:00
199,920522,-0.595798,excel_import,2026-06-05 19:23:55.164093+00:00
200,920523,-2.132085,excel_import,2026-06-05 19:23:55.165055+00:00
201,920526,5.404412,excel_import,2026-06-05 19:23:55.165949+00:00
202,920527,-4.846939,excel_import,2026-06-05 19:23:55.166844+00:00
203,920533,-0.955691,excel_import,2026-06-05 19:23:55.167901+00:00
204,920541,-2.137546,excel_import,2026-06-05 19:23:55.169137+00:00
205,920547,-0.730994,excel_import,2026-06-05 19:23:55.171441+00:00
206,920553,-3.865979,excel_import,2026-06-05 19:23:55.173068+00:00
207,920556,-5.102041,excel_import,2026-06-05 19:23:55.174154+00:00
208,920564,-1.645734,excel_import,2026-06-05 19:23:55.175195+00:00
209,920566,-1.102204,excel_import,2026-06-05 19:23:55.176677+00:00
210,920570,-1.357798,excel_import,2026-06-05 19:23:55.177760+00:00
211,920571,0.000000,excel_import,2026-06-05 19:23:55.178677+00:00
212,920575,9.024390,excel_import,2026-06-05 19:23:55.180133+00:00
213,920576,2.688268,excel_import,2026-06-05 19:23:55.181253+00:00
214,920578,-2.179034,excel_import,2026-06-05 19:23:55.182129+00:00
109,920190,-5.443819,excel_import,2026-06-05 19:23:55.053930+00:00
217,920592,-0.035511,excel_import,2026-06-05 19:23:55.185163+00:00
218,920593,0.567779,excel_import,2026-06-05 19:23:55.186216+00:00
219,920599,-1.065089,excel_import,2026-06-05 19:23:55.187343+00:00
220,920608,-2.494943,excel_import,2026-06-05 19:23:55.188828+00:00
221,920627,-1.268616,excel_import,2026-06-05 19:23:55.190129+00:00
222,920634,-2.434881,excel_import,2026-06-05 19:23:55.191143+00:00
223,920639,-0.542741,excel_import,2026-06-05 19:23:55.192076+00:00
224,920640,5.109489,excel_import,2026-06-05 19:23:55.193161+00:00
225,920641,1.049383,excel_import,2026-06-05 19:23:55.194294+00:00
226,920642,0.000000,excel_import,2026-06-05 19:23:55.195430+00:00
227,920651,-2.939923,excel_import,2026-06-05 19:23:55.197013+00:00
228,920656,-0.904033,excel_import,2026-06-05 19:23:55.198380+00:00
230,920663,-3.309067,excel_import,2026-06-05 19:23:55.200311+00:00
231,920665,-1.758242,excel_import,2026-06-05 19:23:55.201374+00:00
232,920670,-1.974132,excel_import,2026-06-05 19:23:55.202463+00:00
233,920675,-1.199041,excel_import,2026-06-05 19:23:55.203621+00:00
234,920679,-1.699029,excel_import,2026-06-05 19:23:55.204960+00:00
235,920682,1.367781,excel_import,2026-06-05 19:23:55.206402+00:00
236,920685,-2.327586,excel_import,2026-06-05 19:23:55.207758+00:00
237,920689,-1.284109,excel_import,2026-06-05 19:23:55.208954+00:00
238,920690,-2.503996,excel_import,2026-06-05 19:23:55.210314+00:00
239,920693,-0.467122,excel_import,2026-06-05 19:23:55.211525+00:00
240,920694,0.514469,excel_import,2026-06-05 19:23:55.213033+00:00
241,920699,-9.634164,excel_import,2026-06-05 19:23:55.214228+00:00
242,920701,-2.525253,excel_import,2026-06-05 19:23:55.215119+00:00
243,920703,-2.007648,excel_import,2026-06-05 19:23:55.215975+00:00
244,920706,-1.202929,excel_import,2026-06-05 19:23:55.216910+00:00
245,920717,-3.469641,excel_import,2026-06-05 19:23:55.218039+00:00
246,920718,-1.967800,excel_import,2026-06-05 19:23:55.219276+00:00
247,920719,-0.940734,excel_import,2026-06-05 19:23:55.220448+00:00
249,920725,17.245658,excel_import,2026-06-05 19:23:55.223007+00:00
250,920726,2.691066,excel_import,2026-06-05 19:23:55.223866+00:00
251,920729,-2.029770,excel_import,2026-06-05 19:23:55.224904+00:00
252,920735,-1.000801,excel_import,2026-06-05 19:23:55.226008+00:00
253,920748,-2.925437,excel_import,2026-06-05 19:23:55.227068+00:00
254,920751,4.722979,excel_import,2026-06-05 19:23:55.228325+00:00
255,920753,-3.347535,excel_import,2026-06-05 19:23:55.229662+00:00
256,920765,-3.832249,excel_import,2026-06-05 19:23:55.231156+00:00
257,920768,-2.354399,excel_import,2026-06-05 19:23:55.232150+00:00
258,920770,-2.976669,excel_import,2026-06-05 19:23:55.233052+00:00
259,920779,-1.578947,excel_import,2026-06-05 19:23:55.234168+00:00
260,920781,-1.854714,excel_import,2026-06-05 19:23:55.235258+00:00
261,920786,0.128041,excel_import,2026-06-05 19:23:55.236314+00:00
262,920790,-1.271617,excel_import,2026-06-05 19:23:55.237384+00:00
263,920792,-0.190295,excel_import,2026-06-05 19:23:55.238832+00:00
264,920799,-2.173208,excel_import,2026-06-05 19:23:55.240067+00:00
265,920802,-3.225806,excel_import,2026-06-05 19:23:55.241314+00:00
266,920806,-2.411874,excel_import,2026-06-05 19:23:55.242717+00:00
268,920808,0.627085,excel_import,2026-06-05 19:23:55.245076+00:00
269,920809,-3.562654,excel_import,2026-06-05 19:23:55.246251+00:00
270,920810,-4.094166,excel_import,2026-06-05 19:23:55.248709+00:00
271,920819,-0.657895,excel_import,2026-06-05 19:23:55.250135+00:00
272,920821,-0.567190,excel_import,2026-06-05 19:23:55.251385+00:00
273,920826,1.216090,excel_import,2026-06-05 19:23:55.252506+00:00
274,920832,-0.416089,excel_import,2026-06-05 19:23:55.253699+00:00
275,920833,0.000000,excel_import,2026-06-05 19:23:55.255039+00:00
276,920834,-2.135562,excel_import,2026-06-05 19:23:55.256422+00:00
277,920837,-0.614574,excel_import,2026-06-05 19:23:55.257553+00:00
278,920839,-1.750625,excel_import,2026-06-05 19:23:55.258536+00:00
279,920855,-0.569395,excel_import,2026-06-05 19:23:55.259818+00:00
280,920856,-4.814815,excel_import,2026-06-05 19:23:55.261122+00:00
281,920857,-9.528536,excel_import,2026-06-05 19:23:55.263187+00:00
282,920866,-1.762115,excel_import,2026-06-05 19:23:55.267103+00:00
283,920870,0.645624,excel_import,2026-06-05 19:23:55.268513+00:00
284,920871,-0.780640,excel_import,2026-06-05 19:23:55.269674+00:00
285,920873,0.239521,excel_import,2026-06-05 19:23:55.270822+00:00
287,920879,2.556480,excel_import,2026-06-05 19:23:55.274006+00:00
288,920885,-1.392573,excel_import,2026-06-05 19:23:55.275253+00:00
289,920892,-1.628423,excel_import,2026-06-05 19:23:55.276679+00:00
290,920895,-3.212291,excel_import,2026-06-05 19:23:55.277692+00:00
291,920896,-2.233903,excel_import,2026-06-05 19:23:55.278612+00:00
292,920906,-2.135738,excel_import,2026-06-05 19:23:55.280306+00:00
293,920914,-0.778745,excel_import,2026-06-05 19:23:55.281741+00:00
294,920924,-1.954216,excel_import,2026-06-05 19:23:55.282817+00:00
295,920925,-1.689708,excel_import,2026-06-05 19:23:55.283956+00:00
296,920926,-3.212851,excel_import,2026-06-05 19:23:55.285164+00:00
297,920931,-2.347418,excel_import,2026-06-05 19:23:55.286578+00:00
298,920932,-0.112360,excel_import,2026-06-05 19:23:55.288213+00:00
299,920942,-5.118110,excel_import,2026-06-05 19:23:55.290039+00:00
300,920943,-2.597403,excel_import,2026-06-05 19:23:55.291349+00:00
301,920946,-2.210526,excel_import,2026-06-05 19:23:55.292447+00:00
302,920950,-3.843466,excel_import,2026-06-05 19:23:55.293511+00:00
303,920953,-2.828136,excel_import,2026-06-05 19:23:55.294502+00:00
304,920957,-2.455146,excel_import,2026-06-05 19:23:55.295560+00:00
306,920964,-1.960784,excel_import,2026-06-05 19:23:55.298213+00:00
307,920970,-2.535658,excel_import,2026-06-05 19:23:55.299081+00:00
308,920971,-6.921131,excel_import,2026-06-05 19:23:55.299949+00:00
309,920974,1.052632,excel_import,2026-06-05 19:23:55.301064+00:00
310,920976,-3.088299,excel_import,2026-06-05 19:23:55.302105+00:00
311,920978,-1.206897,excel_import,2026-06-05 19:23:55.303134+00:00
312,920981,23.681985,excel_import,2026-06-05 19:23:55.304165+00:00
313,920982,-1.321280,excel_import,2026-06-05 19:23:55.305800+00:00
314,920985,-0.896057,excel_import,2026-06-05 19:23:55.306963+00:00
315,920992,-2.409639,excel_import,2026-06-05 19:23:55.307975+00:00
316,600000,-0.644468,excel_import,2026-06-05 19:23:55.309238+00:00
317,600004,-1.336574,excel_import,2026-06-05 19:23:55.310408+00:00
318,600006,-1.294498,excel_import,2026-06-05 19:23:55.311732+00:00
319,600007,-2.983020,excel_import,2026-06-05 19:23:55.313436+00:00
320,600008,0.308642,excel_import,2026-06-05 19:23:55.315011+00:00
321,600009,-2.299795,excel_import,2026-06-05 19:23:55.316094+00:00
216,920580,7.202426,excel_import,2026-06-05 19:23:55.183985+00:00
324,600012,-7.897727,excel_import,2026-06-05 19:23:55.319483+00:00
325,600015,-1.011561,excel_import,2026-06-05 19:23:55.320560+00:00
326,600016,-1.392758,excel_import,2026-06-05 19:23:55.322098+00:00
327,600017,-1.063830,excel_import,2026-06-05 19:23:55.323210+00:00
328,600018,-1.361868,excel_import,2026-06-05 19:23:55.324140+00:00
329,600019,-1.851852,excel_import,2026-06-05 19:23:55.324968+00:00
330,600020,-0.997506,excel_import,2026-06-05 19:23:55.326218+00:00
331,600021,4.824121,excel_import,2026-06-05 19:23:55.327277+00:00
333,600023,0.469484,excel_import,2026-06-05 19:23:55.330056+00:00
334,600025,-0.491159,excel_import,2026-06-05 19:23:55.331354+00:00
335,600026,-3.288410,excel_import,2026-06-05 19:23:55.332582+00:00
336,600027,-0.178571,excel_import,2026-06-05 19:23:55.333942+00:00
337,600028,0.829876,excel_import,2026-06-05 19:23:55.335410+00:00
338,600029,-2.803738,excel_import,2026-06-05 19:23:55.336639+00:00
339,600030,0.078186,excel_import,2026-06-05 19:23:55.337993+00:00
340,600031,-0.992282,excel_import,2026-06-05 19:23:55.339282+00:00
341,600032,4.670330,excel_import,2026-06-05 19:23:55.340271+00:00
342,600033,-1.381215,excel_import,2026-06-05 19:23:55.341171+00:00
343,600035,-1.278772,excel_import,2026-06-05 19:23:55.342139+00:00
344,600036,-0.773196,excel_import,2026-06-05 19:23:55.343277+00:00
345,600037,-1.673640,excel_import,2026-06-05 19:23:55.344529+00:00
346,600038,-2.379236,excel_import,2026-06-05 19:23:55.345811+00:00
347,600039,-3.655660,excel_import,2026-06-05 19:23:55.347383+00:00
348,600048,-1.785714,excel_import,2026-06-05 19:23:55.348350+00:00
349,600050,-1.131222,excel_import,2026-06-05 19:23:55.349234+00:00
350,600051,-1.783061,excel_import,2026-06-05 19:23:55.350185+00:00
352,600053,-4.329897,excel_import,2026-06-05 19:23:55.352324+00:00
353,600054,-1.254480,excel_import,2026-06-05 19:23:55.353661+00:00
354,600055,-1.401869,excel_import,2026-06-05 19:23:55.355275+00:00
355,600056,-2.026342,excel_import,2026-06-05 19:23:55.356404+00:00
356,600057,-2.547771,excel_import,2026-06-05 19:23:55.357501+00:00
357,600058,-0.199601,excel_import,2026-06-05 19:23:55.358644+00:00
358,600059,-0.972053,excel_import,2026-06-05 19:23:55.359794+00:00
359,600060,-3.652441,excel_import,2026-06-05 19:23:55.361185+00:00
360,600061,-0.773994,excel_import,2026-06-05 19:23:55.364434+00:00
361,600062,-0.943396,excel_import,2026-06-05 19:23:55.365739+00:00
362,600063,-3.256445,excel_import,2026-06-05 19:23:55.366676+00:00
363,600064,-1.576873,excel_import,2026-06-05 19:23:55.367840+00:00
364,600066,-1.559220,excel_import,2026-06-05 19:23:55.369012+00:00
365,600067,-0.974026,excel_import,2026-06-05 19:23:55.370130+00:00
366,600071,0.616938,excel_import,2026-06-05 19:23:55.371631+00:00
367,600072,-1.211556,excel_import,2026-06-05 19:23:55.372992+00:00
368,600073,-1.688555,excel_import,2026-06-05 19:23:55.374017+00:00
369,600075,-0.597610,excel_import,2026-06-05 19:23:55.375059+00:00
371,600078,10.008410,excel_import,2026-06-05 19:23:55.377429+00:00
372,600079,-1.247873,excel_import,2026-06-05 19:23:55.378527+00:00
373,600080,-3.114187,excel_import,2026-06-05 19:23:55.379948+00:00
374,600081,-1.469238,excel_import,2026-06-05 19:23:55.381512+00:00
375,600082,0.294985,excel_import,2026-06-05 19:23:55.382546+00:00
376,600084,-3.718200,excel_import,2026-06-05 19:23:55.383504+00:00
377,600085,-1.675760,excel_import,2026-06-05 19:23:55.384660+00:00
378,600088,-2.244039,excel_import,2026-06-05 19:23:55.385827+00:00
379,600089,0.421133,excel_import,2026-06-05 19:23:55.387027+00:00
380,600094,-1.442308,excel_import,2026-06-05 19:23:55.388740+00:00
381,600095,-1.568154,excel_import,2026-06-05 19:23:55.390155+00:00
382,600096,-0.160927,excel_import,2026-06-05 19:23:55.391269+00:00
383,600097,-1.546961,excel_import,2026-06-05 19:23:55.392435+00:00
384,600098,0.498753,excel_import,2026-06-05 19:23:55.393458+00:00
385,600099,-1.450777,excel_import,2026-06-05 19:23:55.394388+00:00
386,600100,-0.635324,excel_import,2026-06-05 19:23:55.395361+00:00
387,600101,5.397448,excel_import,2026-06-05 19:23:55.396856+00:00
388,600103,10.000000,excel_import,2026-06-05 19:23:55.398161+00:00
390,600105,4.635228,excel_import,2026-06-05 19:23:55.399923+00:00
391,600106,-1.123596,excel_import,2026-06-05 19:23:55.400957+00:00
392,600107,-0.449775,excel_import,2026-06-05 19:23:55.402059+00:00
393,600108,0.291545,excel_import,2026-06-05 19:23:55.403143+00:00
394,600109,-4.919908,excel_import,2026-06-05 19:23:55.404129+00:00
395,600110,1.689189,excel_import,2026-06-05 19:23:55.405593+00:00
396,600111,2.573605,excel_import,2026-06-05 19:23:55.406725+00:00
397,600113,-2.391304,excel_import,2026-06-05 19:23:55.407590+00:00
398,600114,1.108533,excel_import,2026-06-05 19:23:55.408528+00:00
399,600115,-3.836930,excel_import,2026-06-05 19:23:55.409606+00:00
400,600116,0.286123,excel_import,2026-06-05 19:23:55.410651+00:00
401,600117,-2.074689,excel_import,2026-06-05 19:23:55.411598+00:00
402,600118,6.780105,excel_import,2026-06-05 19:23:55.412845+00:00
403,600119,-3.407155,excel_import,2026-06-05 19:23:55.414356+00:00
404,600120,-1.226994,excel_import,2026-06-05 19:23:55.415916+00:00
405,600121,10.058027,excel_import,2026-06-05 19:23:55.417048+00:00
406,600123,2.219140,excel_import,2026-06-05 19:23:55.419075+00:00
407,600125,-1.736111,excel_import,2026-06-05 19:23:55.420335+00:00
409,600127,-1.129032,excel_import,2026-06-05 19:23:55.423132+00:00
410,600128,-0.877193,excel_import,2026-06-05 19:23:55.424117+00:00
411,600129,-1.987663,excel_import,2026-06-05 19:23:55.425010+00:00
412,600130,2.620968,excel_import,2026-06-05 19:23:55.426028+00:00
413,600131,-0.292056,excel_import,2026-06-05 19:23:55.427189+00:00
414,600132,-1.890359,excel_import,2026-06-05 19:23:55.428289+00:00
415,600133,-0.692841,excel_import,2026-06-05 19:23:55.429469+00:00
416,600135,0.660793,excel_import,2026-06-05 19:23:55.430913+00:00
417,600136,-1.226994,excel_import,2026-06-05 19:23:55.432134+00:00
418,600137,-3.409644,excel_import,2026-06-05 19:23:55.433214+00:00
419,600138,-1.139241,excel_import,2026-06-05 19:23:55.434344+00:00
420,600141,1.184758,excel_import,2026-06-05 19:23:55.435763+00:00
421,600143,-1.612903,excel_import,2026-06-05 19:23:55.437332+00:00
422,600148,-1.941176,excel_import,2026-06-05 19:23:55.439052+00:00
423,600149,-2.123894,excel_import,2026-06-05 19:23:55.440123+00:00
424,600150,-0.329218,excel_import,2026-06-05 19:23:55.441097+00:00
425,600151,-1.953125,excel_import,2026-06-05 19:23:55.442109+00:00
426,600152,1.144726,excel_import,2026-06-05 19:23:55.443240+00:00
428,600155,-1.933216,excel_import,2026-06-05 19:23:55.445511+00:00
323,600011,0.440044,excel_import,2026-06-05 19:23:55.318453+00:00
431,600158,-5.000000,excel_import,2026-06-05 19:23:55.449886+00:00
432,600159,-2.491103,excel_import,2026-06-05 19:23:55.451469+00:00
433,600160,1.464818,excel_import,2026-06-05 19:23:55.452608+00:00
434,600161,-0.905660,excel_import,2026-06-05 19:23:55.453765+00:00
435,600162,4.361371,excel_import,2026-06-05 19:23:55.455412+00:00
436,600163,5.209841,excel_import,2026-06-05 19:23:55.456685+00:00
437,600165,-1.337793,excel_import,2026-06-05 19:23:55.457672+00:00
438,600166,3.000000,excel_import,2026-06-05 19:23:55.458588+00:00
440,600168,-1.875000,excel_import,2026-06-05 19:23:55.460826+00:00
441,600169,-0.881057,excel_import,2026-06-05 19:23:55.462091+00:00
442,600170,-1.937984,excel_import,2026-06-05 19:23:55.463559+00:00
443,600171,1.375976,excel_import,2026-06-05 19:23:55.465100+00:00
444,600172,8.201439,excel_import,2026-06-05 19:23:55.466112+00:00
445,600173,1.285714,excel_import,2026-06-05 19:23:55.467093+00:00
446,600176,-2.544987,excel_import,2026-06-05 19:23:55.468249+00:00
447,600177,-1.715040,excel_import,2026-06-05 19:23:55.469329+00:00
448,600178,-0.887902,excel_import,2026-06-05 19:23:55.470450+00:00
449,600179,1.366743,excel_import,2026-06-05 19:23:55.472109+00:00
450,600180,4.729730,excel_import,2026-06-05 19:23:55.473410+00:00
451,600182,-0.997151,excel_import,2026-06-05 19:23:55.474368+00:00
452,600183,0.014177,excel_import,2026-06-05 19:23:55.475473+00:00
453,600184,-0.037495,excel_import,2026-06-05 19:23:55.476690+00:00
454,600185,-1.679104,excel_import,2026-06-05 19:23:55.477750+00:00
455,600186,-0.933610,excel_import,2026-06-05 19:23:55.478905+00:00
456,600187,4.761905,excel_import,2026-06-05 19:23:55.480535+00:00
457,600188,8.843252,excel_import,2026-06-05 19:23:55.481750+00:00
459,600191,-2.568982,excel_import,2026-06-05 19:23:55.484112+00:00
460,600192,-1.874163,excel_import,2026-06-05 19:23:55.485397+00:00
461,600195,-1.169591,excel_import,2026-06-05 19:23:55.486288+00:00
462,600196,-2.376761,excel_import,2026-06-05 19:23:55.487221+00:00
463,600197,-3.964401,excel_import,2026-06-05 19:23:55.488926+00:00
464,600198,10.062112,excel_import,2026-06-05 19:23:55.489963+00:00
465,600199,-2.567237,excel_import,2026-06-05 19:23:55.490866+00:00
466,600201,0.435540,excel_import,2026-06-05 19:23:55.494266+00:00
467,600202,-1.473297,excel_import,2026-06-05 19:23:55.495594+00:00
468,600203,-3.543914,excel_import,2026-06-05 19:23:55.497161+00:00
469,600206,4.628633,excel_import,2026-06-05 19:23:55.498414+00:00
470,600207,-6.920904,excel_import,2026-06-05 19:23:55.499782+00:00
471,600208,-2.341137,excel_import,2026-06-05 19:23:55.500952+00:00
472,600210,-0.900901,excel_import,2026-06-05 19:23:55.501963+00:00
473,600211,-2.186214,excel_import,2026-06-05 19:23:55.502971+00:00
474,600212,-2.539683,excel_import,2026-06-05 19:23:55.504107+00:00
475,600215,-3.680982,excel_import,2026-06-05 19:23:55.505669+00:00
476,600216,-2.362205,excel_import,2026-06-05 19:23:55.506583+00:00
478,600218,-0.354191,excel_import,2026-06-05 19:23:55.508293+00:00
479,600219,-0.939850,excel_import,2026-06-05 19:23:55.509444+00:00
480,600221,-1.324503,excel_import,2026-06-05 19:23:55.510449+00:00
481,600222,2.570379,excel_import,2026-06-05 19:23:55.511438+00:00
482,600223,-2.152318,excel_import,2026-06-05 19:23:55.512547+00:00
483,600226,0.328947,excel_import,2026-06-05 19:23:55.513909+00:00
484,600227,0.331126,excel_import,2026-06-05 19:23:55.515073+00:00
485,600228,-3.773585,excel_import,2026-06-05 19:23:55.516309+00:00
486,600229,-2.626970,excel_import,2026-06-05 19:23:55.517421+00:00
487,600230,0.596421,excel_import,2026-06-05 19:23:55.518602+00:00
488,600231,-0.495050,excel_import,2026-06-05 19:23:55.519840+00:00
489,600232,-2.263648,excel_import,2026-06-05 19:23:55.521212+00:00
490,600233,-1.904762,excel_import,2026-06-05 19:23:55.522961+00:00
491,600234,0.902379,excel_import,2026-06-05 19:23:55.523974+00:00
492,600235,-0.336134,excel_import,2026-06-05 19:23:55.524908+00:00
493,600236,3.775241,excel_import,2026-06-05 19:23:55.526243+00:00
494,600237,2.207912,excel_import,2026-06-05 19:23:55.527381+00:00
495,600238,-1.167315,excel_import,2026-06-05 19:23:55.528431+00:00
497,600241,-0.769231,excel_import,2026-06-05 19:23:55.531022+00:00
498,600243,-3.274559,excel_import,2026-06-05 19:23:55.531932+00:00
499,600246,9.795134,excel_import,2026-06-05 19:23:55.532855+00:00
500,600248,-1.543210,excel_import,2026-06-05 19:23:55.533908+00:00
501,600249,0.373832,excel_import,2026-06-05 19:23:55.534968+00:00
502,600250,-2.120891,excel_import,2026-06-05 19:23:55.536134+00:00
503,600251,-0.595829,excel_import,2026-06-05 19:23:55.537221+00:00
504,600252,-0.446429,excel_import,2026-06-05 19:23:55.538544+00:00
505,600255,10.025063,excel_import,2026-06-05 19:23:55.539694+00:00
506,600256,1.666667,excel_import,2026-06-05 19:23:55.540713+00:00
507,600257,-2.037037,excel_import,2026-06-05 19:23:55.541602+00:00
508,600258,-2.303120,excel_import,2026-06-05 19:23:55.542563+00:00
509,600259,5.199141,excel_import,2026-06-05 19:23:55.543600+00:00
510,600261,0.581395,excel_import,2026-06-05 19:23:55.544580+00:00
511,600262,-1.469933,excel_import,2026-06-05 19:23:55.545688+00:00
512,600265,5.009276,excel_import,2026-06-05 19:23:55.547099+00:00
513,600266,-4.073320,excel_import,2026-06-05 19:23:55.548022+00:00
514,600267,-0.601202,excel_import,2026-06-05 19:23:55.548878+00:00
516,600269,-0.911162,excel_import,2026-06-05 19:23:55.550770+00:00
517,600271,-1.075269,excel_import,2026-06-05 19:23:55.552067+00:00
518,600272,-2.961672,excel_import,2026-06-05 19:23:55.553321+00:00
519,600273,-1.778386,excel_import,2026-06-05 19:23:55.554778+00:00
520,600276,-2.479339,excel_import,2026-06-05 19:23:55.556232+00:00
521,600278,-1.349325,excel_import,2026-06-05 19:23:55.557844+00:00
522,600279,1.872659,excel_import,2026-06-05 19:23:55.559724+00:00
523,600280,3.100775,excel_import,2026-06-05 19:23:55.560795+00:00
524,600281,1.988072,excel_import,2026-06-05 19:23:55.562038+00:00
525,600282,-1.744186,excel_import,2026-06-05 19:23:55.563881+00:00
526,600283,-1.258581,excel_import,2026-06-05 19:23:55.564979+00:00
527,600284,-2.533784,excel_import,2026-06-05 19:23:55.565849+00:00
528,600285,-2.040816,excel_import,2026-06-05 19:23:55.566823+00:00
529,600287,-0.982318,excel_import,2026-06-05 19:23:55.567922+00:00
530,600288,5.593870,excel_import,2026-06-05 19:23:55.569033+00:00
531,600289,-2.056962,excel_import,2026-06-05 19:23:55.570207+00:00
532,600292,-1.991465,excel_import,2026-06-05 19:23:55.571718+00:00
533,600293,-1.506024,excel_import,2026-06-05 19:23:55.572862+00:00
535,600298,-3.960933,excel_import,2026-06-05 19:23:55.574722+00:00
430,600157,0.543478,excel_import,2026-06-05 19:23:55.448455+00:00
538,600301,-1.247183,excel_import,2026-06-05 19:23:55.578693+00:00
539,600302,-4.954955,excel_import,2026-06-05 19:23:55.580065+00:00
540,600303,-2.134146,excel_import,2026-06-05 19:23:55.581385+00:00
541,600305,-2.357836,excel_import,2026-06-05 19:23:55.582320+00:00
542,600307,-1.829268,excel_import,2026-06-05 19:23:55.583210+00:00
543,600308,-1.136364,excel_import,2026-06-05 19:23:55.584144+00:00
544,600309,-1.317190,excel_import,2026-06-05 19:23:55.585253+00:00
545,600310,10.051993,excel_import,2026-06-05 19:23:55.586406+00:00
546,600312,-2.714493,excel_import,2026-06-05 19:23:55.587907+00:00
547,600313,2.321725,excel_import,2026-06-05 19:23:55.589479+00:00
549,600316,-1.015762,excel_import,2026-06-05 19:23:55.591580+00:00
550,600318,-1.041667,excel_import,2026-06-05 19:23:55.592582+00:00
551,600319,0.272851,excel_import,2026-06-05 19:23:55.593669+00:00
552,600320,-1.063830,excel_import,2026-06-05 19:23:55.594861+00:00
553,600322,-0.370370,excel_import,2026-06-05 19:23:55.596673+00:00
554,600323,-0.870968,excel_import,2026-06-05 19:23:55.597795+00:00
555,600325,-3.859649,excel_import,2026-06-05 19:23:55.598770+00:00
556,600326,0.777202,excel_import,2026-06-05 19:23:55.599640+00:00
557,600327,-2.406417,excel_import,2026-06-05 19:23:55.600655+00:00
558,600328,-1.011561,excel_import,2026-06-05 19:23:55.601783+00:00
559,600329,-0.203097,excel_import,2026-06-05 19:23:55.602902+00:00
560,600330,-1.562500,excel_import,2026-06-05 19:23:55.603951+00:00
561,600331,0.404040,excel_import,2026-06-05 19:23:55.605661+00:00
562,600332,-1.010101,excel_import,2026-06-05 19:23:55.606640+00:00
563,600333,0.344234,excel_import,2026-06-05 19:23:55.607512+00:00
564,600335,-1.243339,excel_import,2026-06-05 19:23:55.608462+00:00
565,600336,-1.152369,excel_import,2026-06-05 19:23:55.609491+00:00
566,600337,-2.064897,excel_import,2026-06-05 19:23:55.610636+00:00
567,600338,0.000000,excel_import,2026-06-05 19:23:55.611710+00:00
569,600340,-3.937008,excel_import,2026-06-05 19:23:55.614476+00:00
570,600343,1.855507,excel_import,2026-06-05 19:23:55.615391+00:00
571,600345,3.711579,excel_import,2026-06-05 19:23:55.616418+00:00
572,600346,-1.573918,excel_import,2026-06-05 19:23:55.617497+00:00
573,600348,2.972399,excel_import,2026-06-05 19:23:55.618527+00:00
574,600350,-1.745201,excel_import,2026-06-05 19:23:55.619614+00:00
575,600351,-1.724138,excel_import,2026-06-05 19:23:55.620849+00:00
576,600352,-1.329787,excel_import,2026-06-05 19:23:55.622733+00:00
577,600353,3.531438,excel_import,2026-06-05 19:23:55.624148+00:00
578,600354,0.181818,excel_import,2026-06-05 19:23:55.625358+00:00
579,600356,-2.869757,excel_import,2026-06-05 19:23:55.626434+00:00
580,600358,-1.032702,excel_import,2026-06-05 19:23:55.627523+00:00
581,600359,0.302572,excel_import,2026-06-05 19:23:55.629179+00:00
582,600360,0.469851,excel_import,2026-06-05 19:23:55.630896+00:00
583,600361,1.111111,excel_import,2026-06-05 19:23:55.631983+00:00
584,600362,1.137321,excel_import,2026-06-05 19:23:55.632928+00:00
585,600363,7.111756,excel_import,2026-06-05 19:23:55.633901+00:00
587,600366,2.259887,excel_import,2026-06-05 19:23:55.636218+00:00
588,600367,9.989701,excel_import,2026-06-05 19:23:55.637373+00:00
589,600368,1.503759,excel_import,2026-06-05 19:23:55.638764+00:00
590,600369,-0.748130,excel_import,2026-06-05 19:23:55.639742+00:00
591,600370,-3.921569,excel_import,2026-06-05 19:23:55.640627+00:00
592,600371,-1.336898,excel_import,2026-06-05 19:23:55.641494+00:00
593,600372,-0.713649,excel_import,2026-06-05 19:23:55.642436+00:00
594,600373,-2.486911,excel_import,2026-06-05 19:23:55.643432+00:00
595,600375,-1.405152,excel_import,2026-06-05 19:23:55.644338+00:00
596,600376,-4.418605,excel_import,2026-06-05 19:23:55.645230+00:00
597,600377,-1.382488,excel_import,2026-06-05 19:23:55.646699+00:00
598,600378,-4.054365,excel_import,2026-06-05 19:23:55.647807+00:00
599,600379,0.529101,excel_import,2026-06-05 19:23:55.648728+00:00
600,600380,-1.383399,excel_import,2026-06-05 19:23:55.649591+00:00
601,600381,5.009276,excel_import,2026-06-05 19:23:55.650629+00:00
602,600382,7.625000,excel_import,2026-06-05 19:23:55.651847+00:00
603,600383,-2.222222,excel_import,2026-06-05 19:23:55.652875+00:00
604,600386,-2.144772,excel_import,2026-06-05 19:23:55.653845+00:00
606,600389,0.474684,excel_import,2026-06-05 19:23:55.656289+00:00
607,600390,-1.037344,excel_import,2026-06-05 19:23:55.657194+00:00
608,600391,0.504152,excel_import,2026-06-05 19:23:55.658108+00:00
609,600392,1.962533,excel_import,2026-06-05 19:23:55.659376+00:00
610,600395,1.190476,excel_import,2026-06-05 19:23:55.660637+00:00
611,600396,10.000000,excel_import,2026-06-05 19:23:55.661719+00:00
612,600397,2.775749,excel_import,2026-06-05 19:23:55.663135+00:00
613,600398,-1.022147,excel_import,2026-06-05 19:23:55.664321+00:00
614,600399,-1.935484,excel_import,2026-06-05 19:23:55.665207+00:00
615,600400,0.711744,excel_import,2026-06-05 19:23:55.666090+00:00
616,600403,9.967320,excel_import,2026-06-05 19:23:55.667047+00:00
617,600405,-3.925620,excel_import,2026-06-05 19:23:55.668132+00:00
618,600406,-1.582792,excel_import,2026-06-05 19:23:55.669223+00:00
619,600408,1.612903,excel_import,2026-06-05 19:23:55.670510+00:00
620,600409,0.634921,excel_import,2026-06-05 19:23:55.671984+00:00
621,600410,-0.429415,excel_import,2026-06-05 19:23:55.672999+00:00
622,600415,-1.263823,excel_import,2026-06-05 19:23:55.673976+00:00
623,600416,-1.873327,excel_import,2026-06-05 19:23:55.674861+00:00
625,600419,-1.518692,excel_import,2026-06-05 19:23:55.677005+00:00
626,600420,-0.661521,excel_import,2026-06-05 19:23:55.678989+00:00
627,600421,-2.857143,excel_import,2026-06-05 19:23:55.680567+00:00
628,600422,-2.524698,excel_import,2026-06-05 19:23:55.681560+00:00
629,600423,-2.867384,excel_import,2026-06-05 19:23:55.682608+00:00
630,600425,-1.069519,excel_import,2026-06-05 19:23:55.683676+00:00
631,600426,0.168407,excel_import,2026-06-05 19:23:55.685007+00:00
632,600428,-3.602484,excel_import,2026-06-05 19:23:55.686239+00:00
633,600429,-1.656315,excel_import,2026-06-05 19:23:55.687364+00:00
634,600433,-0.773196,excel_import,2026-06-05 19:23:55.688899+00:00
635,600435,0.931414,excel_import,2026-06-05 19:23:55.689944+00:00
636,600436,-0.168675,excel_import,2026-06-05 19:23:55.690859+00:00
637,600438,-0.921332,excel_import,2026-06-05 19:23:55.691809+00:00
638,600439,10.084034,excel_import,2026-06-05 19:23:55.692841+00:00
639,600444,-0.468541,excel_import,2026-06-05 19:23:55.694005+00:00
640,600446,-0.997698,excel_import,2026-06-05 19:23:55.695403+00:00
641,600448,-2.950820,excel_import,2026-06-05 19:23:55.697052+00:00
642,600449,-1.291248,excel_import,2026-06-05 19:23:55.698036+00:00
645,600456,0.819414,excel_import,2026-06-05 19:23:55.701316+00:00
646,600458,-1.235521,excel_import,2026-06-05 19:23:55.702441+00:00
647,600459,3.198294,excel_import,2026-06-05 19:23:55.703550+00:00
648,600460,5.056010,excel_import,2026-06-05 19:23:55.704980+00:00
649,600461,-1.095618,excel_import,2026-06-05 19:23:55.706219+00:00
650,600463,-2.953157,excel_import,2026-06-05 19:23:55.707203+00:00
651,600467,-1.310044,excel_import,2026-06-05 19:23:55.708266+00:00
652,600468,-0.154083,excel_import,2026-06-05 19:23:55.709424+00:00
653,600469,0.841751,excel_import,2026-06-05 19:23:55.710519+00:00
654,600470,-0.182149,excel_import,2026-06-05 19:23:55.711513+00:00
655,600475,0.196850,excel_import,2026-06-05 19:23:55.712857+00:00
656,600476,-3.868797,excel_import,2026-06-05 19:23:55.714229+00:00
658,600478,-1.666667,excel_import,2026-06-05 19:23:55.716499+00:00
659,600479,-0.490196,excel_import,2026-06-05 19:23:55.717779+00:00
660,600480,1.474654,excel_import,2026-06-05 19:23:55.719269+00:00
661,600481,-2.579365,excel_import,2026-06-05 19:23:55.720357+00:00
662,600482,-0.604230,excel_import,2026-06-05 19:23:55.721729+00:00
663,600483,2.636204,excel_import,2026-06-05 19:23:55.722863+00:00
664,600486,0.498710,excel_import,2026-06-05 19:23:55.723923+00:00
665,600487,9.997594,excel_import,2026-06-05 19:23:55.724996+00:00
666,600488,0.367647,excel_import,2026-06-05 19:23:55.726069+00:00
667,600489,-0.215703,excel_import,2026-06-05 19:23:55.727338+00:00
668,600490,-1.201602,excel_import,2026-06-05 19:23:55.728669+00:00
669,600491,-2.836879,excel_import,2026-06-05 19:23:55.730223+00:00
670,600493,-1.399689,excel_import,2026-06-05 19:23:55.731679+00:00
671,600495,-1.678657,excel_import,2026-06-05 19:23:55.732647+00:00
672,600496,-2.843602,excel_import,2026-06-05 19:23:55.733599+00:00
673,600497,2.986612,excel_import,2026-06-05 19:23:55.734694+00:00
674,600498,5.090909,excel_import,2026-06-05 19:23:55.735874+00:00
675,600499,0.883281,excel_import,2026-06-05 19:23:55.737106+00:00
677,600501,0.326087,excel_import,2026-06-05 19:23:55.739879+00:00
678,600502,-2.095238,excel_import,2026-06-05 19:23:55.741012+00:00
679,600503,1.403509,excel_import,2026-06-05 19:23:55.742077+00:00
680,600505,9.969325,excel_import,2026-06-05 19:23:55.743139+00:00
681,600506,-0.056275,excel_import,2026-06-05 19:23:55.744305+00:00
682,600507,-1.077586,excel_import,2026-06-05 19:23:55.745491+00:00
683,600508,1.043115,excel_import,2026-06-05 19:23:55.746850+00:00
684,600509,-0.959488,excel_import,2026-06-05 19:23:55.748056+00:00
685,600510,1.085645,excel_import,2026-06-05 19:23:55.749144+00:00
686,600511,-1.057622,excel_import,2026-06-05 19:23:55.750148+00:00
687,600512,-0.452489,excel_import,2026-06-05 19:23:55.751265+00:00
688,600513,0.468384,excel_import,2026-06-05 19:23:55.752620+00:00
689,600515,-1.269841,excel_import,2026-06-05 19:23:55.754090+00:00
690,600516,10.040161,excel_import,2026-06-05 19:23:55.755565+00:00
691,600517,-1.315789,excel_import,2026-06-05 19:23:55.756633+00:00
692,600518,-1.298701,excel_import,2026-06-05 19:23:55.757497+00:00
693,600519,-1.936170,excel_import,2026-06-05 19:23:55.758407+00:00
694,600520,1.449275,excel_import,2026-06-05 19:23:55.759473+00:00
696,600522,4.872931,excel_import,2026-06-05 19:23:55.761748+00:00
697,600523,-1.924686,excel_import,2026-06-05 19:23:55.763448+00:00
698,600525,-1.313321,excel_import,2026-06-05 19:23:55.764656+00:00
699,600526,-1.252610,excel_import,2026-06-05 19:23:55.765647+00:00
700,600527,0.796813,excel_import,2026-06-05 19:23:55.766585+00:00
701,600528,-1.617251,excel_import,2026-06-05 19:23:55.767662+00:00
702,600529,-0.780843,excel_import,2026-06-05 19:23:55.768894+00:00
703,600530,-2.425107,excel_import,2026-06-05 19:23:55.769967+00:00
704,600531,-0.520833,excel_import,2026-06-05 19:23:55.771101+00:00
705,600533,-2.608696,excel_import,2026-06-05 19:23:55.772432+00:00
706,600535,-1.464435,excel_import,2026-06-05 19:23:55.773393+00:00
707,600536,-0.933831,excel_import,2026-06-05 19:23:55.774361+00:00
708,600537,-4.651163,excel_import,2026-06-05 19:23:55.775384+00:00
709,600538,0.000000,excel_import,2026-06-05 19:23:55.776507+00:00
710,600539,-1.640420,excel_import,2026-06-05 19:23:55.777660+00:00
711,600540,0.000000,excel_import,2026-06-05 19:23:55.778671+00:00
712,600543,-1.075269,excel_import,2026-06-05 19:23:55.780038+00:00
713,600545,-1.373626,excel_import,2026-06-05 19:23:55.781174+00:00
715,600547,-1.804210,excel_import,2026-06-05 19:23:55.782954+00:00
716,600548,-1.113586,excel_import,2026-06-05 19:23:55.783953+00:00
717,600549,7.525533,excel_import,2026-06-05 19:23:55.785285+00:00
718,600550,-2.098951,excel_import,2026-06-05 19:23:55.786568+00:00
719,600551,-0.948509,excel_import,2026-06-05 19:23:55.787836+00:00
720,600552,-1.539278,excel_import,2026-06-05 19:23:55.789187+00:00
721,600556,-1.149425,excel_import,2026-06-05 19:23:55.790108+00:00
722,600557,-2.287066,excel_import,2026-06-05 19:23:55.790993+00:00
723,600558,0.355240,excel_import,2026-06-05 19:23:55.792049+00:00
724,600559,-1.859024,excel_import,2026-06-05 19:23:55.793140+00:00
725,600560,-1.088647,excel_import,2026-06-05 19:23:55.794187+00:00
726,600561,-1.827243,excel_import,2026-06-05 19:23:55.795478+00:00
727,600562,0.220946,excel_import,2026-06-05 19:23:55.796936+00:00
728,600563,-2.941886,excel_import,2026-06-05 19:23:55.798286+00:00
729,600566,-1.919659,excel_import,2026-06-05 19:23:55.799179+00:00
730,600567,-0.735294,excel_import,2026-06-05 19:23:55.800155+00:00
731,600568,0.375940,excel_import,2026-06-05 19:23:55.801421+00:00
732,600569,-0.520833,excel_import,2026-06-05 19:23:55.803175+00:00
734,600571,-1.647875,excel_import,2026-06-05 19:23:55.805962+00:00
735,600572,-1.418440,excel_import,2026-06-05 19:23:55.806850+00:00
736,600573,0.232919,excel_import,2026-06-05 19:23:55.807793+00:00
737,600575,-1.369863,excel_import,2026-06-05 19:23:55.808729+00:00
738,600576,-2.662230,excel_import,2026-06-05 19:23:55.809803+00:00
739,600577,-0.792393,excel_import,2026-06-05 19:23:55.810842+00:00
740,600578,10.011779,excel_import,2026-06-05 19:23:55.811947+00:00
741,600579,-0.756430,excel_import,2026-06-05 19:23:55.813012+00:00
742,600580,-2.731830,excel_import,2026-06-05 19:23:55.814348+00:00
743,600581,-0.377358,excel_import,2026-06-05 19:23:55.815410+00:00
744,600582,-0.363636,excel_import,2026-06-05 19:23:55.816320+00:00
745,600583,1.056338,excel_import,2026-06-05 19:23:55.817308+00:00
746,600584,6.343729,excel_import,2026-06-05 19:23:55.818342+00:00
747,600585,-2.632886,excel_import,2026-06-05 19:23:55.819510+00:00
748,600586,-3.006012,excel_import,2026-06-05 19:23:55.820720+00:00
749,600587,-2.318624,excel_import,2026-06-05 19:23:55.822489+00:00
644,600455,-3.564728,excel_import,2026-06-05 19:23:55.700171+00:00
752,600590,6.931464,excel_import,2026-06-05 19:23:55.825386+00:00
753,600592,1.092896,excel_import,2026-06-05 19:23:55.826633+00:00
754,600593,0.443517,excel_import,2026-06-05 19:23:55.827831+00:00
755,600594,-1.123596,excel_import,2026-06-05 19:23:55.829025+00:00
756,600595,0.000000,excel_import,2026-06-05 19:23:55.830525+00:00
757,600596,10.007639,excel_import,2026-06-05 19:23:55.831809+00:00
758,600597,-1.849218,excel_import,2026-06-05 19:23:55.833040+00:00
759,600598,0.069013,excel_import,2026-06-05 19:23:55.834152+00:00
760,600599,-1.960784,excel_import,2026-06-05 19:23:55.835333+00:00
761,600600,-1.950500,excel_import,2026-06-05 19:23:55.836396+00:00
762,600601,-2.446725,excel_import,2026-06-05 19:23:55.837456+00:00
763,600602,-2.663185,excel_import,2026-06-05 19:23:55.838954+00:00
764,600603,-2.020202,excel_import,2026-06-05 19:23:55.840112+00:00
765,600604,-2.247191,excel_import,2026-06-05 19:23:55.841182+00:00
766,600605,-0.718932,excel_import,2026-06-05 19:23:55.842139+00:00
767,600606,-4.054054,excel_import,2026-06-05 19:23:55.843347+00:00
769,600610,-1.540436,excel_import,2026-06-05 19:23:55.845471+00:00
770,600611,-0.879121,excel_import,2026-06-05 19:23:55.846866+00:00
771,600612,-1.773533,excel_import,2026-06-05 19:23:55.847975+00:00
772,600613,-1.740812,excel_import,2026-06-05 19:23:55.848889+00:00
773,600615,-2.235180,excel_import,2026-06-05 19:23:55.849751+00:00
774,600616,-1.321586,excel_import,2026-06-05 19:23:55.850775+00:00
775,600617,-1.369863,excel_import,2026-06-05 19:23:55.851862+00:00
776,600618,0.190840,excel_import,2026-06-05 19:23:55.852864+00:00
777,600619,-0.535117,excel_import,2026-06-05 19:23:55.854104+00:00
778,600620,-2.096436,excel_import,2026-06-05 19:23:55.855915+00:00
779,600621,-1.368821,excel_import,2026-06-05 19:23:55.856979+00:00
780,600622,-2.723735,excel_import,2026-06-05 19:23:55.857992+00:00
781,600623,0.916380,excel_import,2026-06-05 19:23:55.859048+00:00
782,600624,-2.341920,excel_import,2026-06-05 19:23:55.860088+00:00
783,600626,-1.912568,excel_import,2026-06-05 19:23:55.861120+00:00
784,600628,-1.718750,excel_import,2026-06-05 19:23:55.862183+00:00
785,600629,-4.069420,excel_import,2026-06-05 19:23:55.863332+00:00
786,600630,2.151899,excel_import,2026-06-05 19:23:55.864987+00:00
788,600635,0.384615,excel_import,2026-06-05 19:23:55.867057+00:00
789,600636,-9.777778,excel_import,2026-06-05 19:23:55.868235+00:00
790,600637,-1.271186,excel_import,2026-06-05 19:23:55.869307+00:00
791,600638,-3.859649,excel_import,2026-06-05 19:23:55.870400+00:00
792,600639,-0.608519,excel_import,2026-06-05 19:23:55.871805+00:00
793,600640,-0.257732,excel_import,2026-06-05 19:23:55.872942+00:00
794,600641,5.419103,excel_import,2026-06-05 19:23:55.873899+00:00
795,600642,-2.441315,excel_import,2026-06-05 19:23:55.874805+00:00
796,600643,-2.320186,excel_import,2026-06-05 19:23:55.875927+00:00
797,600644,5.357143,excel_import,2026-06-05 19:23:55.876971+00:00
798,600645,0.716846,excel_import,2026-06-05 19:23:55.878066+00:00
799,600648,-1.543210,excel_import,2026-06-05 19:23:55.879188+00:00
800,600649,-3.084833,excel_import,2026-06-05 19:23:55.880702+00:00
801,600650,-3.248464,excel_import,2026-06-05 19:23:55.881692+00:00
802,600651,2.311248,excel_import,2026-06-05 19:23:55.882635+00:00
803,600653,-2.298851,excel_import,2026-06-05 19:23:55.883924+00:00
804,600654,0.000000,excel_import,2026-06-05 19:23:55.885050+00:00
805,600655,-0.852878,excel_import,2026-06-05 19:23:55.886130+00:00
807,600658,-1.713062,excel_import,2026-06-05 19:23:55.888690+00:00
808,600660,-0.663717,excel_import,2026-06-05 19:23:55.889814+00:00
809,600661,-2.955083,excel_import,2026-06-05 19:23:55.890815+00:00
810,600662,-1.777778,excel_import,2026-06-05 19:23:55.891830+00:00
811,600663,-1.375516,excel_import,2026-06-05 19:23:55.892896+00:00
812,600664,-1.501502,excel_import,2026-06-05 19:23:55.893947+00:00
813,600665,0.000000,excel_import,2026-06-05 19:23:55.895027+00:00
814,600666,4.989154,excel_import,2026-06-05 19:23:55.896400+00:00
815,600667,-0.468541,excel_import,2026-06-05 19:23:55.897745+00:00
816,600668,-2.706027,excel_import,2026-06-05 19:23:55.898768+00:00
817,600671,-1.951780,excel_import,2026-06-05 19:23:55.900025+00:00
818,600673,-2.330152,excel_import,2026-06-05 19:23:55.901184+00:00
819,600674,0.129534,excel_import,2026-06-05 19:23:55.902245+00:00
820,600675,-2.469136,excel_import,2026-06-05 19:23:55.903208+00:00
821,600676,-2.878788,excel_import,2026-06-05 19:23:55.904306+00:00
822,600678,-4.929577,excel_import,2026-06-05 19:23:55.905777+00:00
823,600679,10.051282,excel_import,2026-06-05 19:23:55.906694+00:00
824,600681,-1.808786,excel_import,2026-06-05 19:23:55.907653+00:00
826,600683,9.992963,excel_import,2026-06-05 19:23:55.909572+00:00
827,600684,-3.021978,excel_import,2026-06-05 19:23:55.910524+00:00
828,600685,-0.861450,excel_import,2026-06-05 19:23:55.911583+00:00
829,600686,1.173881,excel_import,2026-06-05 19:23:55.912866+00:00
830,600688,10.035842,excel_import,2026-06-05 19:23:55.914147+00:00
831,600689,-1.970865,excel_import,2026-06-05 19:23:55.915013+00:00
832,600690,-2.035021,excel_import,2026-06-05 19:23:55.915926+00:00
833,600691,0.366300,excel_import,2026-06-05 19:23:55.916955+00:00
834,600692,-1.903367,excel_import,2026-06-05 19:23:55.918036+00:00
835,600693,-2.798507,excel_import,2026-06-05 19:23:55.919129+00:00
836,600694,-2.232436,excel_import,2026-06-05 19:23:55.920144+00:00
837,600696,3.278689,excel_import,2026-06-05 19:23:55.921516+00:00
838,600697,-2.586207,excel_import,2026-06-05 19:23:55.923062+00:00
839,600698,-0.906344,excel_import,2026-06-05 19:23:55.924180+00:00
840,600699,2.201139,excel_import,2026-06-05 19:23:55.925353+00:00
841,600702,-0.680751,excel_import,2026-06-05 19:23:55.926791+00:00
842,600703,2.308707,excel_import,2026-06-05 19:23:55.928239+00:00
843,600704,-1.207243,excel_import,2026-06-05 19:23:55.929896+00:00
845,600707,3.270565,excel_import,2026-06-05 19:23:55.933715+00:00
846,600708,-3.715170,excel_import,2026-06-05 19:23:55.935761+00:00
847,600710,0.524476,excel_import,2026-06-05 19:23:55.937270+00:00
848,600711,1.110230,excel_import,2026-06-05 19:23:55.939240+00:00
849,600712,-1.182432,excel_import,2026-06-05 19:23:55.940263+00:00
850,600713,-0.590551,excel_import,2026-06-05 19:23:55.941248+00:00
851,600714,3.146611,excel_import,2026-06-05 19:23:55.942147+00:00
852,600715,0.000000,excel_import,2026-06-05 19:23:55.943264+00:00
853,600716,0.271003,excel_import,2026-06-05 19:23:55.944336+00:00
854,600717,-1.324503,excel_import,2026-06-05 19:23:55.945443+00:00
855,600718,-1.682692,excel_import,2026-06-05 19:23:55.946963+00:00
856,600719,-1.076426,excel_import,2026-06-05 19:23:55.947958+00:00
751,600589,4.138595,excel_import,2026-06-05 19:23:55.824428+00:00
859,600722,1.761252,excel_import,2026-06-05 19:23:55.950791+00:00
860,600724,1.497006,excel_import,2026-06-05 19:23:55.951898+00:00
861,600725,1.522843,excel_import,2026-06-05 19:23:55.952983+00:00
862,600726,5.086580,excel_import,2026-06-05 19:23:55.954122+00:00
863,600727,-1.609195,excel_import,2026-06-05 19:23:55.955517+00:00
864,600728,-2.263374,excel_import,2026-06-05 19:23:55.956837+00:00
865,600729,-2.166420,excel_import,2026-06-05 19:23:55.957958+00:00
866,600730,1.440329,excel_import,2026-06-05 19:23:55.959132+00:00
867,600731,-0.880282,excel_import,2026-06-05 19:23:55.960279+00:00
868,600732,-0.848176,excel_import,2026-06-05 19:23:55.961281+00:00
869,600733,-0.983607,excel_import,2026-06-05 19:23:55.962362+00:00
870,600734,-3.571429,excel_import,2026-06-05 19:23:55.963834+00:00
872,600736,1.699717,excel_import,2026-06-05 19:23:55.966000+00:00
873,600737,2.332155,excel_import,2026-06-05 19:23:55.967102+00:00
874,600738,-1.382488,excel_import,2026-06-05 19:23:55.968290+00:00
875,600739,-1.493931,excel_import,2026-06-05 19:23:55.969397+00:00
876,600740,0.992556,excel_import,2026-06-05 19:23:55.970440+00:00
877,600741,0.589275,excel_import,2026-06-05 19:23:55.971874+00:00
878,600742,-1.112485,excel_import,2026-06-05 19:23:55.973089+00:00
879,600743,1.581028,excel_import,2026-06-05 19:23:55.973992+00:00
880,600744,4.190260,excel_import,2026-06-05 19:23:55.974822+00:00
881,600745,-5.002194,excel_import,2026-06-05 19:23:55.975832+00:00
882,600746,-1.384615,excel_import,2026-06-05 19:23:55.977046+00:00
883,600748,0.447427,excel_import,2026-06-05 19:23:55.978299+00:00
884,600749,0.540541,excel_import,2026-06-05 19:23:55.980099+00:00
885,600750,0.307456,excel_import,2026-06-05 19:23:55.981594+00:00
886,600751,-1.226994,excel_import,2026-06-05 19:23:55.982802+00:00
887,600753,-3.351520,excel_import,2026-06-05 19:23:55.983932+00:00
888,600754,-1.414634,excel_import,2026-06-05 19:23:55.985222+00:00
889,600755,-1.512605,excel_import,2026-06-05 19:23:55.986425+00:00
891,600757,-1.233046,excel_import,2026-06-05 19:23:55.989663+00:00
892,600758,2.666667,excel_import,2026-06-05 19:23:55.990839+00:00
893,600759,-1.967213,excel_import,2026-06-05 19:23:55.992010+00:00
894,600760,-1.987520,excel_import,2026-06-05 19:23:55.993393+00:00
895,600761,-1.627907,excel_import,2026-06-05 19:23:55.994667+00:00
896,600763,-4.265145,excel_import,2026-06-05 19:23:55.996387+00:00
897,600764,-1.009130,excel_import,2026-06-05 19:23:55.997790+00:00
898,600765,-0.921986,excel_import,2026-06-05 19:23:55.998783+00:00
899,600768,-1.828909,excel_import,2026-06-05 19:23:55.999982+00:00
900,600769,0.551809,excel_import,2026-06-05 19:23:56.001254+00:00
901,600770,0.998336,excel_import,2026-06-05 19:23:56.002692+00:00
902,600771,0.269542,excel_import,2026-06-05 19:23:56.003947+00:00
903,600773,-3.097893,excel_import,2026-06-05 19:23:56.005683+00:00
904,600774,-1.879195,excel_import,2026-06-05 19:23:56.006808+00:00
905,600775,1.019462,excel_import,2026-06-05 19:23:56.007844+00:00
906,600776,2.579769,excel_import,2026-06-05 19:23:56.009063+00:00
907,600777,5.037313,excel_import,2026-06-05 19:23:56.010379+00:00
908,600778,-2.131148,excel_import,2026-06-05 19:23:56.011761+00:00
910,600780,4.405874,excel_import,2026-06-05 19:23:56.014579+00:00
911,600782,0.000000,excel_import,2026-06-05 19:23:56.015527+00:00
912,600783,8.831776,excel_import,2026-06-05 19:23:56.016643+00:00
913,600784,-1.856764,excel_import,2026-06-05 19:23:56.018032+00:00
914,600785,-2.180685,excel_import,2026-06-05 19:23:56.019348+00:00
915,600787,-1.242236,excel_import,2026-06-05 19:23:56.020519+00:00
916,600789,-2.435897,excel_import,2026-06-05 19:23:56.022250+00:00
917,600790,-0.731707,excel_import,2026-06-05 19:23:56.023468+00:00
918,600791,10.034602,excel_import,2026-06-05 19:23:56.024739+00:00
919,600792,4.640371,excel_import,2026-06-05 19:23:56.026135+00:00
920,600793,-1.913536,excel_import,2026-06-05 19:23:56.027443+00:00
921,600794,-0.619195,excel_import,2026-06-05 19:23:56.028728+00:00
922,600795,-1.691729,excel_import,2026-06-05 19:23:56.030539+00:00
923,600796,-1.848429,excel_import,2026-06-05 19:23:56.031916+00:00
924,600797,-3.393939,excel_import,2026-06-05 19:23:56.033189+00:00
925,600798,-1.643836,excel_import,2026-06-05 19:23:56.034573+00:00
926,600800,-0.769231,excel_import,2026-06-05 19:23:56.036457+00:00
927,600801,0.634249,excel_import,2026-06-05 19:23:56.038097+00:00
929,600803,0.050942,excel_import,2026-06-05 19:23:56.040502+00:00
930,600805,-1.479915,excel_import,2026-06-05 19:23:56.041392+00:00
931,600807,1.094891,excel_import,2026-06-05 19:23:56.042439+00:00
932,600808,0.000000,excel_import,2026-06-05 19:23:56.043605+00:00
933,600809,-1.750199,excel_import,2026-06-05 19:23:56.044670+00:00
934,600810,0.865052,excel_import,2026-06-05 19:23:56.045723+00:00
935,600812,-1.321586,excel_import,2026-06-05 19:23:56.047704+00:00
936,600814,-1.646091,excel_import,2026-06-05 19:23:56.048875+00:00
937,600815,0.900901,excel_import,2026-06-05 19:23:56.049883+00:00
938,600816,-0.990099,excel_import,2026-06-05 19:23:56.051119+00:00
939,600817,-1.384768,excel_import,2026-06-05 19:23:56.052512+00:00
940,600818,-1.166667,excel_import,2026-06-05 19:23:56.053780+00:00
941,600819,-2.140673,excel_import,2026-06-05 19:23:56.055242+00:00
942,600820,-1.724138,excel_import,2026-06-05 19:23:56.056575+00:00
943,600821,3.254068,excel_import,2026-06-05 19:23:56.057522+00:00
944,600822,-0.562430,excel_import,2026-06-05 19:23:56.058437+00:00
945,600824,-1.562500,excel_import,2026-06-05 19:23:56.059637+00:00
946,600825,-2.723735,excel_import,2026-06-05 19:23:56.060876+00:00
948,600827,-2.028640,excel_import,2026-06-05 19:23:56.064122+00:00
949,600828,-1.960784,excel_import,2026-06-05 19:23:56.065163+00:00
950,600829,-0.571429,excel_import,2026-06-05 19:23:56.066074+00:00
951,600830,-1.477833,excel_import,2026-06-05 19:23:56.067024+00:00
952,600831,-1.385042,excel_import,2026-06-05 19:23:56.068336+00:00
953,600833,-2.733270,excel_import,2026-06-05 19:23:56.069356+00:00
954,600834,-2.371542,excel_import,2026-06-05 19:23:56.070842+00:00
955,600835,-2.385239,excel_import,2026-06-05 19:23:56.072400+00:00
956,600838,-1.918465,excel_import,2026-06-05 19:23:56.073620+00:00
957,600839,0.417246,excel_import,2026-06-05 19:23:56.074576+00:00
958,600841,-1.322751,excel_import,2026-06-05 19:23:56.075601+00:00
959,600843,-0.777202,excel_import,2026-06-05 19:23:56.076736+00:00
960,600844,-1.311475,excel_import,2026-06-05 19:23:56.077763+00:00
961,600845,-2.783109,excel_import,2026-06-05 19:23:56.078898+00:00
962,600846,8.664898,excel_import,2026-06-05 19:23:56.080694+00:00
963,600847,-1.237785,excel_import,2026-06-05 19:23:56.081655+00:00
858,600721,-0.273598,excel_import,2026-06-05 19:23:55.949833+00:00
966,600851,0.130548,excel_import,2026-06-05 19:23:56.084930+00:00
967,600853,-1.381215,excel_import,2026-06-05 19:23:56.086043+00:00
968,600854,-1.020408,excel_import,2026-06-05 19:23:56.087242+00:00
969,600855,1.237785,excel_import,2026-06-05 19:23:56.088791+00:00
970,600857,4.174229,excel_import,2026-06-05 19:23:56.089883+00:00
971,600858,-2.294455,excel_import,2026-06-05 19:23:56.090928+00:00
972,600859,-1.912568,excel_import,2026-06-05 19:23:56.092112+00:00
973,600860,-0.541126,excel_import,2026-06-05 19:23:56.093290+00:00
974,600861,-1.178101,excel_import,2026-06-05 19:23:56.094396+00:00
975,600862,0.281532,excel_import,2026-06-05 19:23:56.095493+00:00
976,600863,0.135501,excel_import,2026-06-05 19:23:56.096989+00:00
977,600864,-1.256732,excel_import,2026-06-05 19:23:56.098056+00:00
978,600865,-3.686636,excel_import,2026-06-05 19:23:56.098954+00:00
979,600866,-2.574257,excel_import,2026-06-05 19:23:56.099857+00:00
980,600867,-1.764706,excel_import,2026-06-05 19:23:56.100906+00:00
981,600868,0.879765,excel_import,2026-06-05 19:23:56.102025+00:00
983,600871,1.694915,excel_import,2026-06-05 19:23:56.104140+00:00
984,600872,-1.107011,excel_import,2026-06-05 19:23:56.105663+00:00
985,600873,-2.436441,excel_import,2026-06-05 19:23:56.106965+00:00
986,600874,-0.683761,excel_import,2026-06-05 19:23:56.107892+00:00
987,600875,1.028122,excel_import,2026-06-05 19:23:56.108977+00:00
988,600876,-3.387850,excel_import,2026-06-05 19:23:56.110011+00:00
989,600877,0.720461,excel_import,2026-06-05 19:23:56.111118+00:00
990,600879,3.042806,excel_import,2026-06-05 19:23:56.112409+00:00
991,600880,-2.068966,excel_import,2026-06-05 19:23:56.113880+00:00
992,600881,-0.645161,excel_import,2026-06-05 19:23:56.114906+00:00
993,600882,-1.856627,excel_import,2026-06-05 19:23:56.115805+00:00
994,600883,-1.187648,excel_import,2026-06-05 19:23:56.116730+00:00
995,600884,-1.349432,excel_import,2026-06-05 19:23:56.117760+00:00
996,600885,-1.224722,excel_import,2026-06-05 19:23:56.118811+00:00
997,600886,-1.106501,excel_import,2026-06-05 19:23:56.119866+00:00
998,600887,-0.521221,excel_import,2026-06-05 19:23:56.121239+00:00
999,600888,-4.395604,excel_import,2026-06-05 19:23:56.122472+00:00
1000,600889,-1.604938,excel_import,2026-06-05 19:23:56.123408+00:00
1002,600893,0.316148,excel_import,2026-06-05 19:23:56.125318+00:00
1003,600894,0.564972,excel_import,2026-06-05 19:23:56.126352+00:00
1004,600895,-0.750075,excel_import,2026-06-05 19:23:56.127436+00:00
1005,600897,-1.593625,excel_import,2026-06-05 19:23:56.128539+00:00
1006,600900,-0.250358,excel_import,2026-06-05 19:23:56.129889+00:00
1007,600901,-1.951952,excel_import,2026-06-05 19:23:56.131066+00:00
1008,600903,-3.842160,excel_import,2026-06-05 19:23:56.131989+00:00
1009,600905,-0.694444,excel_import,2026-06-05 19:23:56.132833+00:00
1010,600906,0.000000,excel_import,2026-06-05 19:23:56.133848+00:00
1011,600908,-1.261261,excel_import,2026-06-05 19:23:56.134871+00:00
1012,600909,4.641350,excel_import,2026-06-05 19:23:56.135989+00:00
1013,600916,-0.750939,excel_import,2026-06-05 19:23:56.137111+00:00
1014,600917,-0.381679,excel_import,2026-06-05 19:23:56.138420+00:00
1015,600918,-1.451906,excel_import,2026-06-05 19:23:56.139726+00:00
1016,600919,-1.565217,excel_import,2026-06-05 19:23:56.140682+00:00
1017,600925,0.000000,excel_import,2026-06-05 19:23:56.141624+00:00
1018,600926,-1.293900,excel_import,2026-06-05 19:23:56.142537+00:00
1019,600927,-1.179941,excel_import,2026-06-05 19:23:56.143432+00:00
1021,600929,-0.739372,excel_import,2026-06-05 19:23:56.145059+00:00
1022,600930,-1.574803,excel_import,2026-06-05 19:23:56.146326+00:00
1023,600933,-0.384369,excel_import,2026-06-05 19:23:56.147635+00:00
1024,600935,-0.409836,excel_import,2026-06-05 19:23:56.148852+00:00
1025,600936,9.966216,excel_import,2026-06-05 19:23:56.149743+00:00
1026,600938,3.126777,excel_import,2026-06-05 19:23:56.150760+00:00
1027,600939,2.006689,excel_import,2026-06-05 19:23:56.151823+00:00
1028,600941,-0.258913,excel_import,2026-06-05 19:23:56.152808+00:00
1029,600955,-0.493523,excel_import,2026-06-05 19:23:56.153805+00:00
1030,600956,-1.215805,excel_import,2026-06-05 19:23:56.155069+00:00
1031,600958,-0.972973,excel_import,2026-06-05 19:23:56.156211+00:00
1032,600959,-2.272727,excel_import,2026-06-05 19:23:56.157091+00:00
1033,600960,-0.455581,excel_import,2026-06-05 19:23:56.158029+00:00
1034,600961,0.346420,excel_import,2026-06-05 19:23:56.158985+00:00
1035,600962,-1.162791,excel_import,2026-06-05 19:23:56.159991+00:00
1036,600963,-1.763224,excel_import,2026-06-05 19:23:56.160928+00:00
1037,600965,-2.812500,excel_import,2026-06-05 19:23:56.162024+00:00
1038,600966,-0.169492,excel_import,2026-06-05 19:23:56.163234+00:00
1040,600968,1.000000,excel_import,2026-06-05 19:23:56.165109+00:00
1041,600969,0.625559,excel_import,2026-06-05 19:23:56.165977+00:00
1042,600970,-0.223214,excel_import,2026-06-05 19:23:56.167060+00:00
1043,600971,2.515723,excel_import,2026-06-05 19:23:56.168347+00:00
1044,600973,2.765648,excel_import,2026-06-05 19:23:56.169370+00:00
1045,600975,-0.998004,excel_import,2026-06-05 19:23:56.170594+00:00
1046,600976,-2.713987,excel_import,2026-06-05 19:23:56.172135+00:00
1047,600977,0.208623,excel_import,2026-06-05 19:23:56.173161+00:00
1048,600979,1.923077,excel_import,2026-06-05 19:23:56.174138+00:00
1049,600980,1.733269,excel_import,2026-06-05 19:23:56.174970+00:00
1050,600981,-3.007519,excel_import,2026-06-05 19:23:56.176093+00:00
1051,600982,5.489614,excel_import,2026-06-05 19:23:56.177243+00:00
1052,600983,-1.136364,excel_import,2026-06-05 19:23:56.178172+00:00
1053,600984,-2.247191,excel_import,2026-06-05 19:23:56.179496+00:00
1054,600985,0.956633,excel_import,2026-06-05 19:23:56.180786+00:00
1055,600986,-2.102804,excel_import,2026-06-05 19:23:56.181805+00:00
1056,600987,-0.449102,excel_import,2026-06-05 19:23:56.182785+00:00
1057,600988,-2.049780,excel_import,2026-06-05 19:23:56.183667+00:00
1059,600990,-0.635593,excel_import,2026-06-05 19:23:56.185707+00:00
1060,600992,-3.120000,excel_import,2026-06-05 19:23:56.186606+00:00
1061,600993,-2.343750,excel_import,2026-06-05 19:23:56.188081+00:00
1062,600995,4.621309,excel_import,2026-06-05 19:23:56.189466+00:00
1063,600996,-3.634361,excel_import,2026-06-05 19:23:56.190373+00:00
1064,600997,0.529101,excel_import,2026-06-05 19:23:56.191387+00:00
1065,600998,0.000000,excel_import,2026-06-05 19:23:56.192453+00:00
1066,600999,1.050788,excel_import,2026-06-05 19:23:56.193511+00:00
1067,601000,0.462963,excel_import,2026-06-05 19:23:56.194477+00:00
1068,601001,5.956416,excel_import,2026-06-05 19:23:56.195579+00:00
1069,601002,0.000000,excel_import,2026-06-05 19:23:56.197042+00:00
1070,601003,0.259740,excel_import,2026-06-05 19:23:56.197997+00:00
965,600850,-9.996065,excel_import,2026-06-05 19:23:56.083601+00:00
1073,601007,-2.043796,excel_import,2026-06-05 19:23:56.200950+00:00
1074,601008,1.545254,excel_import,2026-06-05 19:23:56.202233+00:00
1075,601009,-1.065719,excel_import,2026-06-05 19:23:56.203359+00:00
1076,601010,-5.202312,excel_import,2026-06-05 19:23:56.204685+00:00
1077,601011,3.355705,excel_import,2026-06-05 19:23:56.205852+00:00
1078,601012,-0.445104,excel_import,2026-06-05 19:23:56.206780+00:00
1079,601015,2.564103,excel_import,2026-06-05 19:23:56.207809+00:00
1080,601016,-1.217039,excel_import,2026-06-05 19:23:56.208901+00:00
1081,601018,-0.576369,excel_import,2026-06-05 19:23:56.210143+00:00
1082,601019,-1.813110,excel_import,2026-06-05 19:23:56.211424+00:00
1084,601021,-3.231257,excel_import,2026-06-05 19:23:56.214189+00:00
1085,601022,-1.930036,excel_import,2026-06-05 19:23:56.215057+00:00
1086,601026,-0.805060,excel_import,2026-06-05 19:23:56.215997+00:00
1087,601033,-1.800000,excel_import,2026-06-05 19:23:56.216942+00:00
1088,601038,-0.542215,excel_import,2026-06-05 19:23:56.218055+00:00
1089,601058,-1.568627,excel_import,2026-06-05 19:23:56.219252+00:00
1090,601059,-1.291838,excel_import,2026-06-05 19:23:56.220328+00:00
1091,601061,-0.920245,excel_import,2026-06-05 19:23:56.221801+00:00
1092,601065,-0.517464,excel_import,2026-06-05 19:23:56.222857+00:00
1093,601066,-0.968992,excel_import,2026-06-05 19:23:56.223787+00:00
1094,601068,0.182815,excel_import,2026-06-05 19:23:56.225169+00:00
1095,601069,-1.684588,excel_import,2026-06-05 19:23:56.226193+00:00
1096,601077,-1.032448,excel_import,2026-06-05 19:23:56.227241+00:00
1097,601083,-1.737619,excel_import,2026-06-05 19:23:56.228242+00:00
1098,601086,-2.500000,excel_import,2026-06-05 19:23:56.229541+00:00
1099,601088,1.264511,excel_import,2026-06-05 19:23:56.230849+00:00
1100,601089,-1.483172,excel_import,2026-06-05 19:23:56.231758+00:00
1101,601096,-0.806452,excel_import,2026-06-05 19:23:56.232587+00:00
1103,601099,-1.785714,excel_import,2026-06-05 19:23:56.234526+00:00
1104,601100,1.149425,excel_import,2026-06-05 19:23:56.235797+00:00
1105,601101,5.180180,excel_import,2026-06-05 19:23:56.237108+00:00
1106,601106,0.813008,excel_import,2026-06-05 19:23:56.238668+00:00
1107,601107,-1.437700,excel_import,2026-06-05 19:23:56.239705+00:00
1108,601108,-0.126582,excel_import,2026-06-05 19:23:56.240588+00:00
1109,601111,-2.398801,excel_import,2026-06-05 19:23:56.241577+00:00
1110,601112,-1.704545,excel_import,2026-06-05 19:23:56.242821+00:00
1111,601113,-0.980392,excel_import,2026-06-05 19:23:56.244033+00:00
1112,601116,0.558659,excel_import,2026-06-05 19:23:56.245381+00:00
1113,601117,-0.903226,excel_import,2026-06-05 19:23:56.246898+00:00
1114,601118,4.918033,excel_import,2026-06-05 19:23:56.248133+00:00
1115,601121,-1.355422,excel_import,2026-06-05 19:23:56.249075+00:00
1116,601126,-0.208714,excel_import,2026-06-05 19:23:56.250012+00:00
1117,601127,-2.598202,excel_import,2026-06-05 19:23:56.251110+00:00
1118,601128,-1.671309,excel_import,2026-06-05 19:23:56.252169+00:00
1119,601133,4.015152,excel_import,2026-06-05 19:23:56.253136+00:00
1120,601136,-1.105736,excel_import,2026-06-05 19:23:56.254153+00:00
1122,601138,1.299838,excel_import,2026-06-05 19:23:56.256626+00:00
1123,601139,-0.452489,excel_import,2026-06-05 19:23:56.257499+00:00
1124,601155,-2.989772,excel_import,2026-06-05 19:23:56.258412+00:00
1125,601156,0.119332,excel_import,2026-06-05 19:23:56.259504+00:00
1126,601158,-0.232558,excel_import,2026-06-05 19:23:56.260505+00:00
1127,601162,-1.197605,excel_import,2026-06-05 19:23:56.261504+00:00
1128,601163,-1.630050,excel_import,2026-06-05 19:23:56.262482+00:00
1129,601166,-0.644815,excel_import,2026-06-05 19:23:56.263972+00:00
1130,601168,-0.637136,excel_import,2026-06-05 19:23:56.265012+00:00
1131,601169,-0.581395,excel_import,2026-06-05 19:23:56.265898+00:00
1132,601177,-9.988649,excel_import,2026-06-05 19:23:56.266862+00:00
1133,601179,-0.725514,excel_import,2026-06-05 19:23:56.267999+00:00
1134,601186,-0.776398,excel_import,2026-06-05 19:23:56.269070+00:00
1135,601187,-2.677376,excel_import,2026-06-05 19:23:56.270305+00:00
1136,601188,-0.632911,excel_import,2026-06-05 19:23:56.271595+00:00
1137,601198,-1.427498,excel_import,2026-06-05 19:23:56.272957+00:00
1138,601199,-0.875657,excel_import,2026-06-05 19:23:56.273845+00:00
1139,601200,-1.675258,excel_import,2026-06-05 19:23:56.274904+00:00
1141,601211,0.616523,excel_import,2026-06-05 19:23:56.277214+00:00
1142,601212,-0.468019,excel_import,2026-06-05 19:23:56.278525+00:00
1143,601216,-0.770713,excel_import,2026-06-05 19:23:56.280334+00:00
1144,601218,-0.380228,excel_import,2026-06-05 19:23:56.281558+00:00
1145,601222,-3.400309,excel_import,2026-06-05 19:23:56.282483+00:00
1146,601225,2.844141,excel_import,2026-06-05 19:23:56.283382+00:00
1147,601226,-1.044386,excel_import,2026-06-05 19:23:56.284574+00:00
1148,601228,0.320513,excel_import,2026-06-05 19:23:56.285681+00:00
1149,601229,-0.430108,excel_import,2026-06-05 19:23:56.286800+00:00
1150,601231,10.012610,excel_import,2026-06-05 19:23:56.288159+00:00
1151,601233,2.973790,excel_import,2026-06-05 19:23:56.289336+00:00
1152,601236,1.598837,excel_import,2026-06-05 19:23:56.290383+00:00
1153,601238,-1.449275,excel_import,2026-06-05 19:23:56.291381+00:00
1154,601279,-1.949861,excel_import,2026-06-05 19:23:56.292567+00:00
1155,601288,-1.395349,excel_import,2026-06-05 19:23:56.293744+00:00
1156,601298,1.068376,excel_import,2026-06-05 19:23:56.294762+00:00
1157,601311,-0.573394,excel_import,2026-06-05 19:23:56.295851+00:00
1158,601318,-0.702663,excel_import,2026-06-05 19:23:56.297168+00:00
1160,601326,0.895522,excel_import,2026-06-05 19:23:56.299091+00:00
1161,601328,-1.021898,excel_import,2026-06-05 19:23:56.300007+00:00
1162,601330,-2.164948,excel_import,2026-06-05 19:23:56.300962+00:00
1163,601333,-1.587302,excel_import,2026-06-05 19:23:56.301953+00:00
1164,601336,-0.207936,excel_import,2026-06-05 19:23:56.302919+00:00
1165,601339,1.111111,excel_import,2026-06-05 19:23:56.304023+00:00
1166,601360,-1.256039,excel_import,2026-06-05 19:23:56.305594+00:00
1167,601366,-3.092784,excel_import,2026-06-05 19:23:56.306639+00:00
1168,601368,-1.709402,excel_import,2026-06-05 19:23:56.307444+00:00
1169,601369,-0.995575,excel_import,2026-06-05 19:23:56.308380+00:00
1170,601375,1.485149,excel_import,2026-06-05 19:23:56.309341+00:00
1171,601377,-0.688468,excel_import,2026-06-05 19:23:56.310316+00:00
1172,601388,0.000000,excel_import,2026-06-05 19:23:56.311426+00:00
1173,601390,-1.252610,excel_import,2026-06-05 19:23:56.312955+00:00
1174,601398,-0.817439,excel_import,2026-06-05 19:23:56.314206+00:00
1175,601399,0.259740,excel_import,2026-06-05 19:23:56.315057+00:00
1176,601456,-0.904977,excel_import,2026-06-05 19:23:56.315915+00:00
1177,601500,-0.710900,excel_import,2026-06-05 19:23:56.316757+00:00
1180,601518,0.645161,excel_import,2026-06-05 19:23:56.319847+00:00
1181,601519,-0.101626,excel_import,2026-06-05 19:23:56.321179+00:00
1182,601528,-1.855670,excel_import,2026-06-05 19:23:56.322467+00:00
1183,601555,-4.035309,excel_import,2026-06-05 19:23:56.323524+00:00
1184,601566,-0.977199,excel_import,2026-06-05 19:23:56.324436+00:00
1185,601567,-1.423267,excel_import,2026-06-05 19:23:56.325413+00:00
1186,601568,-0.261097,excel_import,2026-06-05 19:23:56.326479+00:00
1187,601577,-1.750772,excel_import,2026-06-05 19:23:56.327519+00:00
1188,601579,-1.102266,excel_import,2026-06-05 19:23:56.328615+00:00
1189,601588,0.483092,excel_import,2026-06-05 19:23:56.329955+00:00
1191,601598,-2.103560,excel_import,2026-06-05 19:23:56.332148+00:00
1192,601599,-2.147239,excel_import,2026-06-05 19:23:56.333084+00:00
1193,601600,1.693480,excel_import,2026-06-05 19:23:56.334039+00:00
1194,601601,-1.198738,excel_import,2026-06-05 19:23:56.335084+00:00
1195,601606,-0.722022,excel_import,2026-06-05 19:23:56.336157+00:00
1196,601607,-1.212121,excel_import,2026-06-05 19:23:56.337275+00:00
1197,601608,-0.554529,excel_import,2026-06-05 19:23:56.339215+00:00
1198,601609,7.777778,excel_import,2026-06-05 19:23:56.340413+00:00
1199,601611,-0.086505,excel_import,2026-06-05 19:23:56.341332+00:00
1200,601615,-1.717305,excel_import,2026-06-05 19:23:56.342343+00:00
1201,601616,-0.721154,excel_import,2026-06-05 19:23:56.343448+00:00
1202,601618,-0.714286,excel_import,2026-06-05 19:23:56.344601+00:00
1203,601619,-1.454545,excel_import,2026-06-05 19:23:56.346422+00:00
1204,601628,-1.083032,excel_import,2026-06-05 19:23:56.347785+00:00
1205,601633,-0.293427,excel_import,2026-06-05 19:23:56.348900+00:00
1206,601636,-4.769231,excel_import,2026-06-05 19:23:56.349942+00:00
1207,601658,-0.598802,excel_import,2026-06-05 19:23:56.351055+00:00
1208,601665,-1.771337,excel_import,2026-06-05 19:23:56.352135+00:00
1210,601668,-1.851852,excel_import,2026-06-05 19:23:56.354456+00:00
1211,601669,-0.377358,excel_import,2026-06-05 19:23:56.355811+00:00
1212,601677,0.101626,excel_import,2026-06-05 19:23:56.356825+00:00
1213,601678,0.899281,excel_import,2026-06-05 19:23:56.357839+00:00
1214,601686,-6.239460,excel_import,2026-06-05 19:23:56.358827+00:00
1215,601688,2.740462,excel_import,2026-06-05 19:23:56.359917+00:00
1216,601689,-0.524142,excel_import,2026-06-05 19:23:56.361019+00:00
1217,601696,-0.266430,excel_import,2026-06-05 19:23:56.362142+00:00
1218,601698,2.354524,excel_import,2026-06-05 19:23:56.363560+00:00
1219,601699,6.741573,excel_import,2026-06-05 19:23:56.364650+00:00
1220,601700,0.000000,excel_import,2026-06-05 19:23:56.365700+00:00
1221,601702,3.825405,excel_import,2026-06-05 19:23:56.366727+00:00
1222,601717,-1.095290,excel_import,2026-06-05 19:23:56.367730+00:00
1223,601718,-2.369668,excel_import,2026-06-05 19:23:56.368750+00:00
1224,601727,-0.625782,excel_import,2026-06-05 19:23:56.369719+00:00
1225,601728,-0.649351,excel_import,2026-06-05 19:23:56.370730+00:00
1226,601766,-0.351494,excel_import,2026-06-05 19:23:56.372067+00:00
1227,601777,-0.740741,excel_import,2026-06-05 19:23:56.373069+00:00
1229,601788,-0.904662,excel_import,2026-06-05 19:23:56.375439+00:00
1230,601789,-0.407332,excel_import,2026-06-05 19:23:56.376591+00:00
1231,601798,10.051546,excel_import,2026-06-05 19:23:56.377748+00:00
1232,601799,-2.873337,excel_import,2026-06-05 19:23:56.379002+00:00
1233,601800,-1.088647,excel_import,2026-06-05 19:23:56.380743+00:00
1234,601801,-1.909722,excel_import,2026-06-05 19:23:56.381675+00:00
1235,601808,0.229533,excel_import,2026-06-05 19:23:56.382536+00:00
1236,601811,-0.535168,excel_import,2026-06-05 19:23:56.383402+00:00
1237,601816,-0.784314,excel_import,2026-06-05 19:23:56.384544+00:00
1238,601818,-0.952381,excel_import,2026-06-05 19:23:56.385703+00:00
1239,601825,-1.018100,excel_import,2026-06-05 19:23:56.386719+00:00
1240,601827,-1.173709,excel_import,2026-06-05 19:23:56.388128+00:00
1241,601828,-1.992032,excel_import,2026-06-05 19:23:56.389171+00:00
1242,601838,-0.103573,excel_import,2026-06-05 19:23:56.390697+00:00
1243,601857,1.782364,excel_import,2026-06-05 19:23:56.391555+00:00
1244,601858,-3.951613,excel_import,2026-06-05 19:23:56.392641+00:00
1245,601860,-0.763359,excel_import,2026-06-05 19:23:56.393709+00:00
1246,601865,-1.989619,excel_import,2026-06-05 19:23:56.394736+00:00
1248,601868,-0.349650,excel_import,2026-06-05 19:23:56.397081+00:00
1249,601869,8.868719,excel_import,2026-06-05 19:23:56.398048+00:00
1250,601872,-2.324080,excel_import,2026-06-05 19:23:56.398940+00:00
1251,601877,-1.138324,excel_import,2026-06-05 19:23:56.399769+00:00
1252,601878,-0.959488,excel_import,2026-06-05 19:23:56.400786+00:00
1253,601880,-0.621118,excel_import,2026-06-05 19:23:56.402698+00:00
1254,601881,-0.565428,excel_import,2026-06-05 19:23:56.403939+00:00
1255,601882,-2.824318,excel_import,2026-06-05 19:23:56.405428+00:00
1256,601886,0.345224,excel_import,2026-06-05 19:23:56.406327+00:00
1257,601888,0.193186,excel_import,2026-06-05 19:23:56.407152+00:00
1258,601890,-0.224215,excel_import,2026-06-05 19:23:56.408208+00:00
1259,601898,4.268293,excel_import,2026-06-05 19:23:56.409352+00:00
1260,601899,-0.981634,excel_import,2026-06-05 19:23:56.410652+00:00
1261,601900,-2.394715,excel_import,2026-06-05 19:23:56.411667+00:00
1262,601901,-1.190476,excel_import,2026-06-05 19:23:56.412964+00:00
1263,601908,-2.645503,excel_import,2026-06-05 19:23:56.414188+00:00
1264,601916,-0.325733,excel_import,2026-06-05 19:23:56.415363+00:00
1265,601918,2.643573,excel_import,2026-06-05 19:23:56.416431+00:00
1267,601921,-1.079622,excel_import,2026-06-05 19:23:56.418749+00:00
1268,601928,-1.771872,excel_import,2026-06-05 19:23:56.419922+00:00
1269,601929,-3.533569,excel_import,2026-06-05 19:23:56.421419+00:00
1270,601933,-2.216066,excel_import,2026-06-05 19:23:56.422589+00:00
1271,601939,-1.178782,excel_import,2026-06-05 19:23:56.423576+00:00
1272,601949,-2.277040,excel_import,2026-06-05 19:23:56.424518+00:00
1273,601952,0.453515,excel_import,2026-06-05 19:23:56.425462+00:00
1274,601956,-1.142857,excel_import,2026-06-05 19:23:56.426591+00:00
1275,601958,-0.415628,excel_import,2026-06-05 19:23:56.427612+00:00
1276,601963,1.607445,excel_import,2026-06-05 19:23:56.428681+00:00
1277,601965,-0.439698,excel_import,2026-06-05 19:23:56.430310+00:00
1278,601966,1.149425,excel_import,2026-06-05 19:23:56.431323+00:00
1279,601968,-1.739130,excel_import,2026-06-05 19:23:56.432360+00:00
1280,601969,0.309598,excel_import,2026-06-05 19:23:56.433472+00:00
1281,601975,-5.095541,excel_import,2026-06-05 19:23:56.434600+00:00
1282,601985,-0.215517,excel_import,2026-06-05 19:23:56.435704+00:00
1283,601988,-0.335008,excel_import,2026-06-05 19:23:56.436753+00:00
1284,601990,-1.195815,excel_import,2026-06-05 19:23:56.438234+00:00
1287,601995,-1.020408,excel_import,2026-06-05 19:23:56.441870+00:00
1288,601996,2.631579,excel_import,2026-06-05 19:23:56.443104+00:00
1289,601997,-1.158940,excel_import,2026-06-05 19:23:56.444270+00:00
1290,601998,-0.798935,excel_import,2026-06-05 19:23:56.445130+00:00
1291,601999,-0.993377,excel_import,2026-06-05 19:23:56.446491+00:00
1292,603000,-2.111872,excel_import,2026-06-05 19:23:56.447859+00:00
1293,603001,3.636364,excel_import,2026-06-05 19:23:56.448959+00:00
1294,603002,-5.821545,excel_import,2026-06-05 19:23:56.449911+00:00
1295,603004,2.258065,excel_import,2026-06-05 19:23:56.450956+00:00
1296,603005,4.918457,excel_import,2026-06-05 19:23:56.452059+00:00
1298,603007,-0.805153,excel_import,2026-06-05 19:23:56.454813+00:00
1299,603008,-5.030801,excel_import,2026-06-05 19:23:56.456377+00:00
1300,603009,1.859979,excel_import,2026-06-05 19:23:56.457248+00:00
1301,603010,-1.104972,excel_import,2026-06-05 19:23:56.458037+00:00
1302,603011,6.622973,excel_import,2026-06-05 19:23:56.458963+00:00
1303,603012,-0.985761,excel_import,2026-06-05 19:23:56.460028+00:00
1304,603013,-2.432712,excel_import,2026-06-05 19:23:56.461003+00:00
1305,603014,-4.226190,excel_import,2026-06-05 19:23:56.462049+00:00
1306,603015,-1.187447,excel_import,2026-06-05 19:23:56.463363+00:00
1307,603016,1.844502,excel_import,2026-06-05 19:23:56.464399+00:00
1308,603017,1.114923,excel_import,2026-06-05 19:23:56.465200+00:00
1309,603018,-1.394700,excel_import,2026-06-05 19:23:56.466043+00:00
1310,603019,0.348756,excel_import,2026-06-05 19:23:56.466838+00:00
1311,603020,-1.411290,excel_import,2026-06-05 19:23:56.467802+00:00
1312,603021,5.027174,excel_import,2026-06-05 19:23:56.468876+00:00
1313,603022,-3.081511,excel_import,2026-06-05 19:23:56.469804+00:00
1314,603023,-2.013423,excel_import,2026-06-05 19:23:56.470780+00:00
1315,603025,-2.634881,excel_import,2026-06-05 19:23:56.472152+00:00
1317,603027,0.515464,excel_import,2026-06-05 19:23:56.474097+00:00
1318,603028,-1.641414,excel_import,2026-06-05 19:23:56.474764+00:00
1319,603029,-1.609058,excel_import,2026-06-05 19:23:56.475700+00:00
1320,603030,-1.158301,excel_import,2026-06-05 19:23:56.476880+00:00
1321,603031,2.312793,excel_import,2026-06-05 19:23:56.477883+00:00
1322,603032,2.644426,excel_import,2026-06-05 19:23:56.478785+00:00
1323,603033,-1.400000,excel_import,2026-06-05 19:23:56.480197+00:00
1324,603035,-1.772764,excel_import,2026-06-05 19:23:56.481148+00:00
1325,603036,0.825206,excel_import,2026-06-05 19:23:56.482022+00:00
1326,603037,0.553360,excel_import,2026-06-05 19:23:56.482738+00:00
1327,603038,-0.376648,excel_import,2026-06-05 19:23:56.483575+00:00
1328,603039,-5.394487,excel_import,2026-06-05 19:23:56.484597+00:00
1329,603040,8.001982,excel_import,2026-06-05 19:23:56.485648+00:00
1330,603041,-0.566802,excel_import,2026-06-05 19:23:56.486785+00:00
1331,603042,0.965447,excel_import,2026-06-05 19:23:56.488070+00:00
1332,603043,0.282686,excel_import,2026-06-05 19:23:56.489221+00:00
1333,603045,-3.813447,excel_import,2026-06-05 19:23:56.490201+00:00
1334,603048,-2.663317,excel_import,2026-06-05 19:23:56.490936+00:00
1336,603050,-6.802120,excel_import,2026-06-05 19:23:56.492631+00:00
1337,603051,0.188679,excel_import,2026-06-05 19:23:56.493637+00:00
1338,603052,3.015839,excel_import,2026-06-05 19:23:56.494529+00:00
1339,603053,-0.105597,excel_import,2026-06-05 19:23:56.495446+00:00
1340,603055,-0.350058,excel_import,2026-06-05 19:23:56.496738+00:00
1341,603057,-3.133359,excel_import,2026-06-05 19:23:56.497692+00:00
1342,603058,-0.620476,excel_import,2026-06-05 19:23:56.498542+00:00
1343,603059,-2.340892,excel_import,2026-06-05 19:23:56.499318+00:00
1344,603060,1.294964,excel_import,2026-06-05 19:23:56.500088+00:00
1345,603061,2.065281,excel_import,2026-06-05 19:23:56.501073+00:00
1346,603062,1.192661,excel_import,2026-06-05 19:23:56.502001+00:00
1347,603063,1.291893,excel_import,2026-06-05 19:23:56.502936+00:00
1348,603065,9.960682,excel_import,2026-06-05 19:23:56.503818+00:00
1349,603066,-1.084991,excel_import,2026-06-05 19:23:56.505064+00:00
1350,603067,1.069983,excel_import,2026-06-05 19:23:56.506043+00:00
1351,603068,-0.058997,excel_import,2026-06-05 19:23:56.506835+00:00
1352,603069,2.147040,excel_import,2026-06-05 19:23:56.507664+00:00
1353,603070,-4.194529,excel_import,2026-06-05 19:23:56.508535+00:00
1355,603072,1.497089,excel_import,2026-06-05 19:23:56.510531+00:00
1356,603073,-2.121720,excel_import,2026-06-05 19:23:56.511483+00:00
1357,603075,0.553797,excel_import,2026-06-05 19:23:56.512504+00:00
1358,603076,-1.402806,excel_import,2026-06-05 19:23:56.514028+00:00
1359,603077,0.406504,excel_import,2026-06-05 19:23:56.514917+00:00
1360,603078,-1.135105,excel_import,2026-06-05 19:23:56.515689+00:00
1361,603079,-1.516245,excel_import,2026-06-05 19:23:56.516407+00:00
1362,603080,-4.644809,excel_import,2026-06-05 19:23:56.517282+00:00
1363,603081,-0.578592,excel_import,2026-06-05 19:23:56.518228+00:00
1364,603082,0.057323,excel_import,2026-06-05 19:23:56.519181+00:00
1365,603083,6.715828,excel_import,2026-06-05 19:23:56.520131+00:00
1366,603085,-2.182092,excel_import,2026-06-05 19:23:56.521547+00:00
1367,603086,-1.605136,excel_import,2026-06-05 19:23:56.522544+00:00
1368,603087,-1.527550,excel_import,2026-06-05 19:23:56.523370+00:00
1369,603088,0.096993,excel_import,2026-06-05 19:23:56.524115+00:00
1370,603089,-0.579710,excel_import,2026-06-05 19:23:56.524896+00:00
1371,603090,-0.804899,excel_import,2026-06-05 19:23:56.525869+00:00
1372,603091,-4.083901,excel_import,2026-06-05 19:23:56.526818+00:00
1374,603093,-5.679702,excel_import,2026-06-05 19:23:56.528813+00:00
1375,603095,-0.156169,excel_import,2026-06-05 19:23:56.530124+00:00
1376,603096,-2.493917,excel_import,2026-06-05 19:23:56.530933+00:00
1377,603097,-0.147330,excel_import,2026-06-05 19:23:56.531656+00:00
1378,603098,0.572363,excel_import,2026-06-05 19:23:56.532352+00:00
1379,603099,-1.303258,excel_import,2026-06-05 19:23:56.533082+00:00
1380,603100,-0.672530,excel_import,2026-06-05 19:23:56.533953+00:00
1381,603101,-2.523240,excel_import,2026-06-05 19:23:56.535063+00:00
1382,603102,-1.566795,excel_import,2026-06-05 19:23:56.536124+00:00
1383,603103,0.598527,excel_import,2026-06-05 19:23:56.537158+00:00
1384,603105,0.227273,excel_import,2026-06-05 19:23:56.538520+00:00
1385,603106,-1.439791,excel_import,2026-06-05 19:23:56.539511+00:00
1386,603107,-1.047120,excel_import,2026-06-05 19:23:56.540378+00:00
1387,603108,-4.172989,excel_import,2026-06-05 19:23:56.541288+00:00
1388,603109,10.000000,excel_import,2026-06-05 19:23:56.542072+00:00
1389,603110,-3.079795,excel_import,2026-06-05 19:23:56.542979+00:00
1390,603111,-0.158730,excel_import,2026-06-05 19:23:56.543893+00:00
1391,603112,0.000000,excel_import,2026-06-05 19:23:56.544886+00:00
1394,603116,-1.621622,excel_import,2026-06-05 19:23:56.548623+00:00
1395,603117,-3.440367,excel_import,2026-06-05 19:23:56.549368+00:00
1396,603118,2.365931,excel_import,2026-06-05 19:23:56.550141+00:00
1397,603119,7.035176,excel_import,2026-06-05 19:23:56.551123+00:00
1398,603120,10.002106,excel_import,2026-06-05 19:23:56.552201+00:00
1399,603121,-1.834320,excel_import,2026-06-05 19:23:56.553073+00:00
1400,603122,-0.237342,excel_import,2026-06-05 19:23:56.554226+00:00
1401,603123,-0.912779,excel_import,2026-06-05 19:23:56.555715+00:00
1403,603125,1.760268,excel_import,2026-06-05 19:23:56.557287+00:00
1404,603126,2.503294,excel_import,2026-06-05 19:23:56.558004+00:00
1405,603127,2.244465,excel_import,2026-06-05 19:23:56.558820+00:00
1406,603128,-1.096892,excel_import,2026-06-05 19:23:56.559742+00:00
1407,603129,-1.538065,excel_import,2026-06-05 19:23:56.560700+00:00
1408,603130,3.859223,excel_import,2026-06-05 19:23:56.561638+00:00
1409,603131,2.106969,excel_import,2026-06-05 19:23:56.562643+00:00
1410,603132,3.295455,excel_import,2026-06-05 19:23:56.564012+00:00
1411,603135,9.962049,excel_import,2026-06-05 19:23:56.564901+00:00
1412,603136,-1.814301,excel_import,2026-06-05 19:23:56.565729+00:00
1413,603137,-1.539708,excel_import,2026-06-05 19:23:56.566509+00:00
1414,603138,6.170704,excel_import,2026-06-05 19:23:56.567401+00:00
1415,603139,1.006889,excel_import,2026-06-05 19:23:56.568423+00:00
1416,603150,1.013250,excel_import,2026-06-05 19:23:56.569490+00:00
1417,603151,-2.716981,excel_import,2026-06-05 19:23:56.570528+00:00
1418,603153,-0.554785,excel_import,2026-06-05 19:23:56.571992+00:00
1419,603155,5.869565,excel_import,2026-06-05 19:23:56.573117+00:00
1420,603156,0.194695,excel_import,2026-06-05 19:23:56.573977+00:00
1422,603159,-3.772866,excel_import,2026-06-05 19:23:56.575752+00:00
1423,603160,0.647017,excel_import,2026-06-05 19:23:56.576763+00:00
1424,603161,-3.252595,excel_import,2026-06-05 19:23:56.577809+00:00
1425,603162,-1.501767,excel_import,2026-06-05 19:23:56.578742+00:00
1426,603163,-1.798525,excel_import,2026-06-05 19:23:56.580655+00:00
1427,603165,-2.256532,excel_import,2026-06-05 19:23:56.581839+00:00
1428,603166,-0.161812,excel_import,2026-06-05 19:23:56.582798+00:00
1429,603167,-1.085776,excel_import,2026-06-05 19:23:56.583817+00:00
1430,603168,-1.570681,excel_import,2026-06-05 19:23:56.585237+00:00
1431,603169,0.383142,excel_import,2026-06-05 19:23:56.586625+00:00
1432,603170,-0.404858,excel_import,2026-06-05 19:23:56.588004+00:00
1433,603171,-6.549815,excel_import,2026-06-05 19:23:56.589121+00:00
1434,603172,-1.766784,excel_import,2026-06-05 19:23:56.590022+00:00
1435,603173,0.520231,excel_import,2026-06-05 19:23:56.590867+00:00
1436,603175,-1.527507,excel_import,2026-06-05 19:23:56.591759+00:00
1437,603176,-2.140078,excel_import,2026-06-05 19:23:56.592737+00:00
1438,603177,-3.664417,excel_import,2026-06-05 19:23:56.593886+00:00
1439,603178,0.524170,excel_import,2026-06-05 19:23:56.594961+00:00
1441,603180,-2.255639,excel_import,2026-06-05 19:23:56.597303+00:00
1442,603181,0.217865,excel_import,2026-06-05 19:23:56.598116+00:00
1443,603182,-2.039275,excel_import,2026-06-05 19:23:56.598965+00:00
1444,603183,-2.205882,excel_import,2026-06-05 19:23:56.599792+00:00
1445,603185,0.283930,excel_import,2026-06-05 19:23:56.600723+00:00
1446,603186,-2.517068,excel_import,2026-06-05 19:23:56.601830+00:00
1447,603187,-1.366743,excel_import,2026-06-05 19:23:56.602849+00:00
1448,603188,-1.113586,excel_import,2026-06-05 19:23:56.603905+00:00
1449,603189,-1.152959,excel_import,2026-06-05 19:23:56.605166+00:00
1450,603190,-1.005587,excel_import,2026-06-05 19:23:56.606192+00:00
1451,603191,-4.041845,excel_import,2026-06-05 19:23:56.607049+00:00
1452,603192,-1.440636,excel_import,2026-06-05 19:23:56.607978+00:00
1453,603193,-1.194030,excel_import,2026-06-05 19:23:56.608961+00:00
1454,603194,0.800457,excel_import,2026-06-05 19:23:56.610043+00:00
1455,603195,-0.071891,excel_import,2026-06-05 19:23:56.611064+00:00
1456,603196,0.748441,excel_import,2026-06-05 19:23:56.612084+00:00
1457,603197,-1.740251,excel_import,2026-06-05 19:23:56.613473+00:00
1458,603198,-2.394558,excel_import,2026-06-05 19:23:56.614537+00:00
1460,603200,0.227226,excel_import,2026-06-05 19:23:56.616324+00:00
1461,603201,1.269475,excel_import,2026-06-05 19:23:56.617648+00:00
1462,603202,-1.274465,excel_import,2026-06-05 19:23:56.618866+00:00
1463,603203,-2.773806,excel_import,2026-06-05 19:23:56.620100+00:00
1464,603205,-2.657807,excel_import,2026-06-05 19:23:56.621250+00:00
1465,603206,-2.895872,excel_import,2026-06-05 19:23:56.622445+00:00
1466,603207,-1.843120,excel_import,2026-06-05 19:23:56.623480+00:00
1467,603208,-3.258340,excel_import,2026-06-05 19:23:56.624371+00:00
1468,603209,-2.836364,excel_import,2026-06-05 19:23:56.625456+00:00
1469,603210,-2.712348,excel_import,2026-06-05 19:23:56.626579+00:00
1470,603211,1.320755,excel_import,2026-06-05 19:23:56.627629+00:00
1471,603212,1.875809,excel_import,2026-06-05 19:23:56.628736+00:00
1472,603213,-1.987663,excel_import,2026-06-05 19:23:56.630389+00:00
1473,603214,-3.069577,excel_import,2026-06-05 19:23:56.631692+00:00
1474,603215,-1.427685,excel_import,2026-06-05 19:23:56.632936+00:00
1475,603216,-1.811445,excel_import,2026-06-05 19:23:56.633902+00:00
1476,603217,-2.624363,excel_import,2026-06-05 19:23:56.634897+00:00
1477,603218,-2.140411,excel_import,2026-06-05 19:23:56.636075+00:00
1479,603220,1.322751,excel_import,2026-06-05 19:23:56.638713+00:00
1480,603221,-2.042419,excel_import,2026-06-05 19:23:56.639915+00:00
1481,603222,2.900232,excel_import,2026-06-05 19:23:56.640881+00:00
1482,603223,-1.113360,excel_import,2026-06-05 19:23:56.641862+00:00
1483,603225,5.056482,excel_import,2026-06-05 19:23:56.642815+00:00
1484,603226,-0.672920,excel_import,2026-06-05 19:23:56.644076+00:00
1485,603227,-2.957907,excel_import,2026-06-05 19:23:56.645064+00:00
1486,603228,-1.720032,excel_import,2026-06-05 19:23:56.646169+00:00
1487,603229,-0.316456,excel_import,2026-06-05 19:23:56.647344+00:00
1488,603230,-0.503018,excel_import,2026-06-05 19:23:56.648350+00:00
1489,603231,-1.711491,excel_import,2026-06-05 19:23:56.649440+00:00
1490,603232,-1.778568,excel_import,2026-06-05 19:23:56.650583+00:00
1491,603233,-2.879424,excel_import,2026-06-05 19:23:56.651622+00:00
1492,603235,-1.744186,excel_import,2026-06-05 19:23:56.652807+00:00
1493,603236,10.001905,excel_import,2026-06-05 19:23:56.654011+00:00
1494,603237,-2.692778,excel_import,2026-06-05 19:23:56.655332+00:00
1495,603238,-1.820941,excel_import,2026-06-05 19:23:56.656263+00:00
1496,603239,-0.946372,excel_import,2026-06-05 19:23:56.657128+00:00
1498,603255,1.683270,excel_import,2026-06-05 19:23:56.658864+00:00
1393,603115,-4.000000,excel_import,2026-06-05 19:23:56.547700+00:00
1501,603258,-1.554770,excel_import,2026-06-05 19:23:56.661630+00:00
1502,603259,-0.902256,excel_import,2026-06-05 19:23:56.662730+00:00
1503,603260,0.690608,excel_import,2026-06-05 19:23:56.663812+00:00
1504,603261,-2.018134,excel_import,2026-06-05 19:23:56.664615+00:00
1505,603262,1.264451,excel_import,2026-06-05 19:23:56.665344+00:00
1506,603266,2.076503,excel_import,2026-06-05 19:23:56.666220+00:00
1507,603267,-2.380349,excel_import,2026-06-05 19:23:56.667298+00:00
1508,603268,1.074444,excel_import,2026-06-05 19:23:56.668318+00:00
1510,603270,-1.397349,excel_import,2026-06-05 19:23:56.670112+00:00
1511,603271,-2.488402,excel_import,2026-06-05 19:23:56.671789+00:00
1512,603272,-4.998913,excel_import,2026-06-05 19:23:56.673072+00:00
1513,603273,-1.615074,excel_import,2026-06-05 19:23:56.673914+00:00
1514,603275,-0.550239,excel_import,2026-06-05 19:23:56.674652+00:00
1515,603276,-1.650367,excel_import,2026-06-05 19:23:56.675715+00:00
1516,603277,-1.513877,excel_import,2026-06-05 19:23:56.676650+00:00
1517,603278,-2.623211,excel_import,2026-06-05 19:23:56.677541+00:00
1518,603279,-2.649457,excel_import,2026-06-05 19:23:56.678525+00:00
1519,603280,-0.938478,excel_import,2026-06-05 19:23:56.679871+00:00
1520,603281,1.065089,excel_import,2026-06-05 19:23:56.680865+00:00
1521,603282,-2.476780,excel_import,2026-06-05 19:23:56.681794+00:00
1522,603283,1.369011,excel_import,2026-06-05 19:23:56.682668+00:00
1523,603284,-1.855376,excel_import,2026-06-05 19:23:56.683864+00:00
1524,603285,-0.683723,excel_import,2026-06-05 19:23:56.684882+00:00
1525,603286,-0.477239,excel_import,2026-06-05 19:23:56.685836+00:00
1526,603288,-0.807382,excel_import,2026-06-05 19:23:56.686801+00:00
1527,603289,-1.171875,excel_import,2026-06-05 19:23:56.687829+00:00
1529,603291,1.041667,excel_import,2026-06-05 19:23:56.690001+00:00
1530,603293,-3.078276,excel_import,2026-06-05 19:23:56.690882+00:00
1531,603296,-5.617978,excel_import,2026-06-05 19:23:56.691668+00:00
1532,603297,-0.674699,excel_import,2026-06-05 19:23:56.692634+00:00
1533,603298,-1.527331,excel_import,2026-06-05 19:23:56.693644+00:00
1534,603299,-0.767018,excel_import,2026-06-05 19:23:56.694606+00:00
1535,603300,-3.473492,excel_import,2026-06-05 19:23:56.695771+00:00
1536,603301,0.423878,excel_import,2026-06-05 19:23:56.697084+00:00
1537,603303,6.137608,excel_import,2026-06-05 19:23:56.697878+00:00
1538,603305,-1.151762,excel_import,2026-06-05 19:23:56.698679+00:00
1539,603306,5.078087,excel_import,2026-06-05 19:23:56.699565+00:00
1540,603307,-2.310062,excel_import,2026-06-05 19:23:56.700493+00:00
1541,603308,2.388586,excel_import,2026-06-05 19:23:56.701552+00:00
1542,603309,-4.135649,excel_import,2026-06-05 19:23:56.702609+00:00
1543,603310,-1.122895,excel_import,2026-06-05 19:23:56.703744+00:00
1544,603311,10.000000,excel_import,2026-06-05 19:23:56.704777+00:00
1545,603312,-2.137086,excel_import,2026-06-05 19:23:56.706008+00:00
1546,603313,-2.664298,excel_import,2026-06-05 19:23:56.706898+00:00
1548,603316,-1.773730,excel_import,2026-06-05 19:23:56.708599+00:00
1549,603317,-3.287671,excel_import,2026-06-05 19:23:56.709458+00:00
1550,603318,4.088398,excel_import,2026-06-05 19:23:56.710565+00:00
1551,603319,9.992254,excel_import,2026-06-05 19:23:56.711386+00:00
1552,603320,-1.264679,excel_import,2026-06-05 19:23:56.712173+00:00
1553,603321,-1.359517,excel_import,2026-06-05 19:23:56.713170+00:00
1554,603322,0.635122,excel_import,2026-06-05 19:23:56.714521+00:00
1555,603323,-0.828157,excel_import,2026-06-05 19:23:56.715355+00:00
1556,603324,-4.329897,excel_import,2026-06-05 19:23:56.716272+00:00
1557,603325,0.646320,excel_import,2026-06-05 19:23:56.717634+00:00
1558,603326,-2.409639,excel_import,2026-06-05 19:23:56.718666+00:00
1559,603327,-2.795899,excel_import,2026-06-05 19:23:56.719617+00:00
1560,603328,0.559105,excel_import,2026-06-05 19:23:56.720529+00:00
1561,603329,-1.804368,excel_import,2026-06-05 19:23:56.721932+00:00
1562,603330,10.038610,excel_import,2026-06-05 19:23:56.722784+00:00
1563,603331,-0.720576,excel_import,2026-06-05 19:23:56.723704+00:00
1564,603332,0.993377,excel_import,2026-06-05 19:23:56.724459+00:00
1565,603333,-3.020134,excel_import,2026-06-05 19:23:56.725398+00:00
1567,603335,-0.834492,excel_import,2026-06-05 19:23:56.727426+00:00
1568,603336,-0.213447,excel_import,2026-06-05 19:23:56.728550+00:00
1569,603337,3.966006,excel_import,2026-06-05 19:23:56.730143+00:00
1570,603338,-0.177340,excel_import,2026-06-05 19:23:56.731090+00:00
1571,603339,1.792673,excel_import,2026-06-05 19:23:56.732158+00:00
1572,603341,0.957903,excel_import,2026-06-05 19:23:56.733222+00:00
1573,603344,-9.734513,excel_import,2026-06-05 19:23:56.734477+00:00
1574,603345,-4.458870,excel_import,2026-06-05 19:23:56.735589+00:00
1575,603348,-1.944107,excel_import,2026-06-05 19:23:56.736592+00:00
1576,603350,-1.800064,excel_import,2026-06-05 19:23:56.737878+00:00
1577,603351,-0.311526,excel_import,2026-06-05 19:23:56.739165+00:00
1578,603352,-0.811359,excel_import,2026-06-05 19:23:56.740100+00:00
1579,603353,0.679974,excel_import,2026-06-05 19:23:56.740857+00:00
1580,603355,-1.449828,excel_import,2026-06-05 19:23:56.741789+00:00
1581,603356,-1.827957,excel_import,2026-06-05 19:23:56.742731+00:00
1582,603357,-1.562500,excel_import,2026-06-05 19:23:56.743934+00:00
1583,603358,0.825168,excel_import,2026-06-05 19:23:56.744920+00:00
1584,603359,-3.322259,excel_import,2026-06-05 19:23:56.746050+00:00
1586,603363,-1.880878,excel_import,2026-06-05 19:23:56.748386+00:00
1587,603365,-1.375661,excel_import,2026-06-05 19:23:56.749204+00:00
1588,603366,-1.708279,excel_import,2026-06-05 19:23:56.750220+00:00
1589,603367,-1.308140,excel_import,2026-06-05 19:23:56.751370+00:00
1590,603368,-1.345566,excel_import,2026-06-05 19:23:56.752562+00:00
1591,603369,1.027749,excel_import,2026-06-05 19:23:56.753618+00:00
1592,603370,-1.391889,excel_import,2026-06-05 19:23:56.754908+00:00
1593,603373,4.686536,excel_import,2026-06-05 19:23:56.755793+00:00
1594,603375,2.632124,excel_import,2026-06-05 19:23:56.756671+00:00
1595,603376,-1.971831,excel_import,2026-06-05 19:23:56.757572+00:00
1596,603377,1.069519,excel_import,2026-06-05 19:23:56.758340+00:00
1597,603378,-0.672269,excel_import,2026-06-05 19:23:56.759281+00:00
1598,603379,0.458640,excel_import,2026-06-05 19:23:56.760359+00:00
1599,603380,-4.747933,excel_import,2026-06-05 19:23:56.761507+00:00
1600,603381,-2.039749,excel_import,2026-06-05 19:23:56.763213+00:00
1601,603382,-2.501158,excel_import,2026-06-05 19:23:56.764239+00:00
1602,603383,-2.564905,excel_import,2026-06-05 19:23:56.765058+00:00
1603,603385,-2.749141,excel_import,2026-06-05 19:23:56.765894+00:00
1605,603387,-1.245753,excel_import,2026-06-05 19:23:56.767608+00:00
1500,603257,3.657957,excel_import,2026-06-05 19:23:56.660700+00:00
1608,603391,-2.499156,excel_import,2026-06-05 19:23:56.770703+00:00
1609,603392,-4.252323,excel_import,2026-06-05 19:23:56.772111+00:00
1610,603393,0.507246,excel_import,2026-06-05 19:23:56.772953+00:00
1611,603395,-2.042518,excel_import,2026-06-05 19:23:56.773748+00:00
1612,603396,-1.890482,excel_import,2026-06-05 19:23:56.774544+00:00
1613,603398,-4.118051,excel_import,2026-06-05 19:23:56.775421+00:00
1614,603399,-1.408451,excel_import,2026-06-05 19:23:56.776545+00:00
1615,603400,3.380917,excel_import,2026-06-05 19:23:56.777638+00:00
1616,603402,-0.344382,excel_import,2026-06-05 19:23:56.778692+00:00
1617,603406,-2.352151,excel_import,2026-06-05 19:23:56.780077+00:00
1619,603408,-1.436782,excel_import,2026-06-05 19:23:56.781890+00:00
1620,603409,-0.970874,excel_import,2026-06-05 19:23:56.782734+00:00
1621,603416,2.509547,excel_import,2026-06-05 19:23:56.783736+00:00
1622,603418,-0.518519,excel_import,2026-06-05 19:23:56.784922+00:00
1623,603421,-0.140449,excel_import,2026-06-05 19:23:56.785996+00:00
1624,603429,1.345756,excel_import,2026-06-05 19:23:56.787240+00:00
1625,603435,0.416558,excel_import,2026-06-05 19:23:56.788710+00:00
1626,603439,-1.643335,excel_import,2026-06-05 19:23:56.789726+00:00
1627,603444,-0.641864,excel_import,2026-06-05 19:23:56.790507+00:00
1628,603456,-1.721440,excel_import,2026-06-05 19:23:56.791347+00:00
1629,603458,6.461538,excel_import,2026-06-05 19:23:56.792199+00:00
1630,603459,0.628154,excel_import,2026-06-05 19:23:56.793223+00:00
1631,603466,2.331839,excel_import,2026-06-05 19:23:56.794266+00:00
1632,603477,1.034929,excel_import,2026-06-05 19:23:56.795448+00:00
1633,603486,-1.369863,excel_import,2026-06-05 19:23:56.796860+00:00
1634,603488,4.170364,excel_import,2026-06-05 19:23:56.797798+00:00
1635,603489,0.268176,excel_import,2026-06-05 19:23:56.798566+00:00
1636,603496,-1.128472,excel_import,2026-06-05 19:23:56.799376+00:00
1638,603500,-2.129719,excel_import,2026-06-05 19:23:56.801618+00:00
1639,603501,8.915273,excel_import,2026-06-05 19:23:56.802693+00:00
1640,603505,-2.093398,excel_import,2026-06-05 19:23:56.803712+00:00
1641,603506,-2.284710,excel_import,2026-06-05 19:23:56.805116+00:00
1642,603507,-1.041667,excel_import,2026-06-05 19:23:56.806199+00:00
1643,603508,-0.885740,excel_import,2026-06-05 19:23:56.807060+00:00
1644,603511,-1.454545,excel_import,2026-06-05 19:23:56.807862+00:00
1645,603515,-0.793231,excel_import,2026-06-05 19:23:56.808768+00:00
1646,603516,3.691003,excel_import,2026-06-05 19:23:56.809819+00:00
1647,603517,-4.902668,excel_import,2026-06-05 19:23:56.810989+00:00
1648,603518,-3.884573,excel_import,2026-06-05 19:23:56.812065+00:00
1649,603519,-0.631912,excel_import,2026-06-05 19:23:56.813521+00:00
1650,603520,-1.669941,excel_import,2026-06-05 19:23:56.814443+00:00
1651,603527,5.003734,excel_import,2026-06-05 19:23:56.815286+00:00
1652,603528,-0.437956,excel_import,2026-06-05 19:23:56.816061+00:00
1653,603529,-3.286171,excel_import,2026-06-05 19:23:56.816878+00:00
1654,603530,-3.788809,excel_import,2026-06-05 19:23:56.817852+00:00
1655,603533,-3.885714,excel_import,2026-06-05 19:23:56.819021+00:00
1657,603536,-2.027748,excel_import,2026-06-05 19:23:56.821314+00:00
1658,603538,-1.770715,excel_import,2026-06-05 19:23:56.822669+00:00
1659,603551,-1.278539,excel_import,2026-06-05 19:23:56.823644+00:00
1660,603556,0.118297,excel_import,2026-06-05 19:23:56.824467+00:00
1661,603557,-0.808081,excel_import,2026-06-05 19:23:56.825369+00:00
1662,603558,-0.671704,excel_import,2026-06-05 19:23:56.826437+00:00
1663,603559,-5.035247,excel_import,2026-06-05 19:23:56.827654+00:00
1664,603565,-5.974265,excel_import,2026-06-05 19:23:56.828908+00:00
1665,603566,-1.955307,excel_import,2026-06-05 19:23:56.830405+00:00
1666,603567,-1.881331,excel_import,2026-06-05 19:23:56.831433+00:00
1667,603568,-1.204013,excel_import,2026-06-05 19:23:56.832279+00:00
1668,603569,-1.970443,excel_import,2026-06-05 19:23:56.833091+00:00
1669,603577,-3.015564,excel_import,2026-06-05 19:23:56.834074+00:00
1670,603578,0.069832,excel_import,2026-06-05 19:23:56.835084+00:00
1671,603579,0.259875,excel_import,2026-06-05 19:23:56.836016+00:00
1672,603580,-4.266777,excel_import,2026-06-05 19:23:56.837070+00:00
1673,603583,-0.837321,excel_import,2026-06-05 19:23:56.838440+00:00
1674,603585,-1.369011,excel_import,2026-06-05 19:23:56.839347+00:00
1676,603587,-0.956175,excel_import,2026-06-05 19:23:56.841339+00:00
1677,603588,1.250977,excel_import,2026-06-05 19:23:56.842420+00:00
1678,603589,-1.537745,excel_import,2026-06-05 19:23:56.843505+00:00
1679,603590,-1.249619,excel_import,2026-06-05 19:23:56.844558+00:00
1680,603595,4.980843,excel_import,2026-06-05 19:23:56.845592+00:00
1681,603596,-2.787347,excel_import,2026-06-05 19:23:56.846805+00:00
1682,603598,-3.000000,excel_import,2026-06-05 19:23:56.847793+00:00
1683,603599,-0.805009,excel_import,2026-06-05 19:23:56.848637+00:00
1684,603600,0.675676,excel_import,2026-06-05 19:23:56.849565+00:00
1685,603601,-1.399417,excel_import,2026-06-05 19:23:56.850430+00:00
1686,603602,-0.221239,excel_import,2026-06-05 19:23:56.851342+00:00
1687,603605,-0.893958,excel_import,2026-06-05 19:23:56.852272+00:00
1688,603606,-1.009390,excel_import,2026-06-05 19:23:56.853282+00:00
1689,603607,-0.779102,excel_import,2026-06-05 19:23:56.854446+00:00
1690,603608,3.055412,excel_import,2026-06-05 19:23:56.855882+00:00
1691,603609,-1.557632,excel_import,2026-06-05 19:23:56.856829+00:00
1692,603610,0.000000,excel_import,2026-06-05 19:23:56.857628+00:00
1693,603611,0.388242,excel_import,2026-06-05 19:23:56.858574+00:00
1695,603613,1.646447,excel_import,2026-06-05 19:23:56.860679+00:00
1696,603615,1.553599,excel_import,2026-06-05 19:23:56.861924+00:00
1697,603616,1.036269,excel_import,2026-06-05 19:23:56.863134+00:00
1698,603617,0.949796,excel_import,2026-06-05 19:23:56.864424+00:00
1699,603618,3.574811,excel_import,2026-06-05 19:23:56.865361+00:00
1700,603619,4.923798,excel_import,2026-06-05 19:23:56.866256+00:00
1701,603626,-1.802990,excel_import,2026-06-05 19:23:56.867063+00:00
1702,603628,-0.555556,excel_import,2026-06-05 19:23:56.868014+00:00
1703,603629,6.381454,excel_import,2026-06-05 19:23:56.868909+00:00
1704,603630,-1.135557,excel_import,2026-06-05 19:23:56.869860+00:00
1705,603633,-1.766004,excel_import,2026-06-05 19:23:56.870827+00:00
1706,603636,-2.148228,excel_import,2026-06-05 19:23:56.872044+00:00
1707,603637,-6.720160,excel_import,2026-06-05 19:23:56.872977+00:00
1708,603638,0.045620,excel_import,2026-06-05 19:23:56.873861+00:00
1709,603639,-0.986547,excel_import,2026-06-05 19:23:56.874696+00:00
1710,603648,-0.987925,excel_import,2026-06-05 19:23:56.875543+00:00
1711,603650,0.535168,excel_import,2026-06-05 19:23:56.876608+00:00
1712,603655,1.961311,excel_import,2026-06-05 19:23:56.877526+00:00
1715,603658,-2.514932,excel_import,2026-06-05 19:23:56.880773+00:00
1716,603659,-2.884927,excel_import,2026-06-05 19:23:56.881709+00:00
1717,603660,4.385965,excel_import,2026-06-05 19:23:56.882558+00:00
1718,603661,1.157270,excel_import,2026-06-05 19:23:56.883380+00:00
1719,603662,2.253289,excel_import,2026-06-05 19:23:56.884268+00:00
1720,603663,10.001618,excel_import,2026-06-05 19:23:56.885226+00:00
1721,603665,-2.842105,excel_import,2026-06-05 19:23:56.886169+00:00
1722,603666,0.034868,excel_import,2026-06-05 19:23:56.887025+00:00
1724,603668,-2.200704,excel_import,2026-06-05 19:23:56.889206+00:00
1725,603669,0.947867,excel_import,2026-06-05 19:23:56.890094+00:00
1726,603676,-1.929260,excel_import,2026-06-05 19:23:56.890870+00:00
1727,603677,0.291715,excel_import,2026-06-05 19:23:56.891895+00:00
1728,603678,9.076949,excel_import,2026-06-05 19:23:56.893200+00:00
1729,603679,0.241546,excel_import,2026-06-05 19:23:56.894281+00:00
1730,603680,-0.918197,excel_import,2026-06-05 19:23:56.895276+00:00
1731,603681,4.733253,excel_import,2026-06-05 19:23:56.896582+00:00
1732,603682,-2.393906,excel_import,2026-06-05 19:23:56.897668+00:00
1733,603683,3.631473,excel_import,2026-06-05 19:23:56.898575+00:00
1734,603685,1.215805,excel_import,2026-06-05 19:23:56.899340+00:00
1735,603686,-1.106771,excel_import,2026-06-05 19:23:56.900155+00:00
1736,603687,5.645612,excel_import,2026-06-05 19:23:56.901060+00:00
1737,603688,3.237294,excel_import,2026-06-05 19:23:56.902058+00:00
1738,603689,-1.098901,excel_import,2026-06-05 19:23:56.902957+00:00
1739,603690,1.223362,excel_import,2026-06-05 19:23:56.903816+00:00
1740,603693,2.826855,excel_import,2026-06-05 19:23:56.905079+00:00
1741,603696,-1.192250,excel_import,2026-06-05 19:23:56.906023+00:00
1743,603698,1.529816,excel_import,2026-06-05 19:23:56.907601+00:00
1744,603699,-2.378454,excel_import,2026-06-05 19:23:56.908531+00:00
1745,603700,-0.792254,excel_import,2026-06-05 19:23:56.909533+00:00
1746,603701,2.669405,excel_import,2026-06-05 19:23:56.910456+00:00
1747,603703,-1.277955,excel_import,2026-06-05 19:23:56.911412+00:00
1748,603706,-1.236749,excel_import,2026-06-05 19:23:56.912343+00:00
1749,603707,-0.368098,excel_import,2026-06-05 19:23:56.913589+00:00
1750,603708,-1.016260,excel_import,2026-06-05 19:23:56.914391+00:00
1751,603709,-1.055901,excel_import,2026-06-05 19:23:56.915148+00:00
1752,603711,-1.747030,excel_import,2026-06-05 19:23:56.915861+00:00
1753,603712,-2.390710,excel_import,2026-06-05 19:23:56.916793+00:00
1754,603713,0.781805,excel_import,2026-06-05 19:23:56.917588+00:00
1755,603716,-1.825677,excel_import,2026-06-05 19:23:56.918280+00:00
1756,603717,-1.023392,excel_import,2026-06-05 19:23:56.919107+00:00
1757,603718,-1.704545,excel_import,2026-06-05 19:23:56.919817+00:00
1758,603719,-1.936108,excel_import,2026-06-05 19:23:56.920606+00:00
1759,603721,-10.004151,excel_import,2026-06-05 19:23:56.921955+00:00
1760,603722,-0.990099,excel_import,2026-06-05 19:23:56.923171+00:00
1762,603726,-1.145475,excel_import,2026-06-05 19:23:56.925267+00:00
1763,603727,-0.266312,excel_import,2026-06-05 19:23:56.926360+00:00
1764,603728,-0.367941,excel_import,2026-06-05 19:23:56.927674+00:00
1765,603729,-1.799100,excel_import,2026-06-05 19:23:56.928748+00:00
1766,603730,-0.881410,excel_import,2026-06-05 19:23:56.930167+00:00
1767,603733,3.459503,excel_import,2026-06-05 19:23:56.931175+00:00
1768,603737,-2.909448,excel_import,2026-06-05 19:23:56.932018+00:00
1769,603738,4.949588,excel_import,2026-06-05 19:23:56.932868+00:00
1770,603739,-2.168861,excel_import,2026-06-05 19:23:56.933978+00:00
1771,603755,-3.139535,excel_import,2026-06-05 19:23:56.934812+00:00
1772,603757,-5.556485,excel_import,2026-06-05 19:23:56.935619+00:00
1773,603758,-2.010969,excel_import,2026-06-05 19:23:56.936546+00:00
1774,603759,-1.579587,excel_import,2026-06-05 19:23:56.937398+00:00
1775,603766,-2.952030,excel_import,2026-06-05 19:23:56.938779+00:00
1776,603767,-1.572510,excel_import,2026-06-05 19:23:56.939557+00:00
1777,603768,-1.993068,excel_import,2026-06-05 19:23:56.940969+00:00
1778,603773,-2.606557,excel_import,2026-06-05 19:23:56.941876+00:00
1779,603776,8.087092,excel_import,2026-06-05 19:23:56.942881+00:00
1781,603778,1.312910,excel_import,2026-06-05 19:23:56.944886+00:00
1782,603779,-3.492063,excel_import,2026-06-05 19:23:56.945820+00:00
1783,603786,0.539195,excel_import,2026-06-05 19:23:56.947182+00:00
1784,603787,-1.633045,excel_import,2026-06-05 19:23:56.948098+00:00
1785,603788,-4.788557,excel_import,2026-06-05 19:23:56.948881+00:00
1786,603789,0.871080,excel_import,2026-06-05 19:23:56.949634+00:00
1787,603790,0.601685,excel_import,2026-06-05 19:23:56.950557+00:00
1788,603797,-4.000000,excel_import,2026-06-05 19:23:56.951622+00:00
1789,603798,1.273074,excel_import,2026-06-05 19:23:56.952659+00:00
1790,603799,-0.671892,excel_import,2026-06-05 19:23:56.953604+00:00
1791,603800,6.874208,excel_import,2026-06-05 19:23:56.954815+00:00
1792,603801,-4.435484,excel_import,2026-06-05 19:23:56.955882+00:00
1793,603803,-0.149813,excel_import,2026-06-05 19:23:56.956846+00:00
1794,603806,1.857226,excel_import,2026-06-05 19:23:56.957751+00:00
1795,603808,-1.486200,excel_import,2026-06-05 19:23:56.958897+00:00
1796,603809,-1.175318,excel_import,2026-06-05 19:23:56.959942+00:00
1797,603810,-2.524128,excel_import,2026-06-05 19:23:56.960921+00:00
1798,603811,-2.252252,excel_import,2026-06-05 19:23:56.961973+00:00
1800,603815,-2.500000,excel_import,2026-06-05 19:23:56.964145+00:00
1801,603816,-0.306227,excel_import,2026-06-05 19:23:56.964906+00:00
1802,603817,-1.116427,excel_import,2026-06-05 19:23:56.965659+00:00
1803,603818,-0.628931,excel_import,2026-06-05 19:23:56.966438+00:00
1804,603819,-5.462822,excel_import,2026-06-05 19:23:56.967316+00:00
1805,603822,1.572755,excel_import,2026-06-05 19:23:56.968441+00:00
1806,603823,1.733286,excel_import,2026-06-05 19:23:56.969393+00:00
1807,603825,-1.660735,excel_import,2026-06-05 19:23:56.970401+00:00
1808,603826,-1.151316,excel_import,2026-06-05 19:23:56.971675+00:00
1809,603828,-1.459854,excel_import,2026-06-05 19:23:56.972637+00:00
1810,603829,-2.185315,excel_import,2026-06-05 19:23:56.973421+00:00
1811,603833,-3.175853,excel_import,2026-06-05 19:23:56.974203+00:00
1812,603836,-1.330203,excel_import,2026-06-05 19:23:56.974951+00:00
1813,603838,-3.027027,excel_import,2026-06-05 19:23:56.975837+00:00
1814,603839,-2.031930,excel_import,2026-06-05 19:23:56.977068+00:00
1815,603843,2.157360,excel_import,2026-06-05 19:23:56.978009+00:00
1816,603848,-0.068918,excel_import,2026-06-05 19:23:56.978855+00:00
1817,603855,-1.331853,excel_import,2026-06-05 19:23:56.980321+00:00
1819,603858,-0.914435,excel_import,2026-06-05 19:23:56.982556+00:00
1714,603657,-1.840721,excel_import,2026-06-05 19:23:56.879787+00:00
1822,603861,-4.474143,excel_import,2026-06-05 19:23:56.985956+00:00
1823,603863,1.188243,excel_import,2026-06-05 19:23:56.986983+00:00
1824,603866,-1.720430,excel_import,2026-06-05 19:23:56.988171+00:00
1825,603867,1.033732,excel_import,2026-06-05 19:23:56.989285+00:00
1826,603868,-5.772231,excel_import,2026-06-05 19:23:56.990104+00:00
1827,603869,-2.013423,excel_import,2026-06-05 19:23:56.991237+00:00
1828,603871,-2.827141,excel_import,2026-06-05 19:23:56.992529+00:00
1829,603876,-7.291667,excel_import,2026-06-05 19:23:56.993687+00:00
1830,603877,-1.563663,excel_import,2026-06-05 19:23:56.994845+00:00
1831,603878,-0.898204,excel_import,2026-06-05 19:23:56.996103+00:00
1832,603879,0.000000,excel_import,2026-06-05 19:23:56.997475+00:00
1833,603880,-0.490798,excel_import,2026-06-05 19:23:56.998403+00:00
1835,603882,-4.545455,excel_import,2026-06-05 19:23:57.000145+00:00
1836,603883,-1.782820,excel_import,2026-06-05 19:23:57.001449+00:00
1837,603885,-4.279476,excel_import,2026-06-05 19:23:57.002710+00:00
1838,603886,10.027599,excel_import,2026-06-05 19:23:57.004210+00:00
1839,603887,-0.744417,excel_import,2026-06-05 19:23:57.005866+00:00
1840,603888,-2.078775,excel_import,2026-06-05 19:23:57.007057+00:00
1841,603889,-0.996678,excel_import,2026-06-05 19:23:57.008489+00:00
1842,603890,4.363757,excel_import,2026-06-05 19:23:57.009935+00:00
1843,603893,0.370370,excel_import,2026-06-05 19:23:57.011006+00:00
1844,603895,-6.883770,excel_import,2026-06-05 19:23:57.012337+00:00
1845,603896,0.769231,excel_import,2026-06-05 19:23:57.013823+00:00
1846,603897,0.673854,excel_import,2026-06-05 19:23:57.014841+00:00
1847,603898,-0.779423,excel_import,2026-06-05 19:23:57.015857+00:00
1848,603899,-2.507566,excel_import,2026-06-05 19:23:57.016913+00:00
1849,603900,-2.089552,excel_import,2026-06-05 19:23:57.018260+00:00
1850,603901,0.000000,excel_import,2026-06-05 19:23:57.019342+00:00
1851,603903,-0.797166,excel_import,2026-06-05 19:23:57.020508+00:00
1852,603906,-0.884600,excel_import,2026-06-05 19:23:57.022028+00:00
1854,603909,-2.629017,excel_import,2026-06-05 19:23:57.023985+00:00
1855,603912,0.445931,excel_import,2026-06-05 19:23:57.025026+00:00
1856,603915,0.319693,excel_import,2026-06-05 19:23:57.026283+00:00
1857,603916,-0.222883,excel_import,2026-06-05 19:23:57.027586+00:00
1858,603917,-1.804758,excel_import,2026-06-05 19:23:57.028829+00:00
1859,603918,-2.012248,excel_import,2026-06-05 19:23:57.030275+00:00
1860,603919,3.038936,excel_import,2026-06-05 19:23:57.031285+00:00
1861,603920,-1.024661,excel_import,2026-06-05 19:23:57.032272+00:00
1862,603922,-0.527704,excel_import,2026-06-05 19:23:57.033185+00:00
1863,603926,0.927282,excel_import,2026-06-05 19:23:57.034225+00:00
1864,603927,-0.724638,excel_import,2026-06-05 19:23:57.035337+00:00
1865,603928,0.264201,excel_import,2026-06-05 19:23:57.036564+00:00
1866,603929,0.661544,excel_import,2026-06-05 19:23:57.038007+00:00
1867,603931,-1.821138,excel_import,2026-06-05 19:23:57.039276+00:00
1868,603933,0.254885,excel_import,2026-06-05 19:23:57.040220+00:00
1869,603936,-1.897876,excel_import,2026-06-05 19:23:57.041127+00:00
1870,603937,-0.066800,excel_import,2026-06-05 19:23:57.041995+00:00
1871,603938,10.006965,excel_import,2026-06-05 19:23:57.043095+00:00
1873,603948,0.612557,excel_import,2026-06-05 19:23:57.045284+00:00
1874,603949,-0.385852,excel_import,2026-06-05 19:23:57.046777+00:00
1875,603950,-4.855820,excel_import,2026-06-05 19:23:57.047739+00:00
1876,603955,-3.571429,excel_import,2026-06-05 19:23:57.048585+00:00
1877,603956,-1.890359,excel_import,2026-06-05 19:23:57.049423+00:00
1878,603958,0.047483,excel_import,2026-06-05 19:23:57.050418+00:00
1879,603959,-5.099778,excel_import,2026-06-05 19:23:57.051561+00:00
1880,603960,7.072692,excel_import,2026-06-05 19:23:57.052675+00:00
1881,603966,-0.643087,excel_import,2026-06-05 19:23:57.053829+00:00
1882,603967,-1.767068,excel_import,2026-06-05 19:23:57.055297+00:00
1883,603968,-2.761001,excel_import,2026-06-05 19:23:57.056299+00:00
1884,603969,2.709360,excel_import,2026-06-05 19:23:57.057128+00:00
1885,603970,-1.630901,excel_import,2026-06-05 19:23:57.057930+00:00
1886,603976,-0.795508,excel_import,2026-06-05 19:23:57.059049+00:00
1887,603977,0.064935,excel_import,2026-06-05 19:23:57.060169+00:00
1888,603978,2.243938,excel_import,2026-06-05 19:23:57.061577+00:00
1889,603979,-2.423052,excel_import,2026-06-05 19:23:57.063045+00:00
1890,603980,1.415929,excel_import,2026-06-05 19:23:57.064151+00:00
1892,603983,-1.818182,excel_import,2026-06-05 19:23:57.065868+00:00
1893,603985,0.528634,excel_import,2026-06-05 19:23:57.066871+00:00
1894,603986,3.695043,excel_import,2026-06-05 19:23:57.067905+00:00
1895,603987,-2.929427,excel_import,2026-06-05 19:23:57.069112+00:00
1896,603988,-2.459792,excel_import,2026-06-05 19:23:57.070391+00:00
1897,603989,-1.890359,excel_import,2026-06-05 19:23:57.071989+00:00
1898,603990,2.953203,excel_import,2026-06-05 19:23:57.073179+00:00
1899,603991,-0.572051,excel_import,2026-06-05 19:23:57.074036+00:00
1900,603992,2.462712,excel_import,2026-06-05 19:23:57.074880+00:00
1901,603993,0.759878,excel_import,2026-06-05 19:23:57.075926+00:00
1902,603995,-3.117269,excel_import,2026-06-05 19:23:57.077011+00:00
1903,603997,1.259947,excel_import,2026-06-05 19:23:57.078262+00:00
1904,603998,-1.006036,excel_import,2026-06-05 19:23:57.079870+00:00
1905,603999,-1.706485,excel_import,2026-06-05 19:23:57.081003+00:00
1906,605001,-0.784929,excel_import,2026-06-05 19:23:57.081873+00:00
1907,605003,-1.229508,excel_import,2026-06-05 19:23:57.082731+00:00
1908,605005,-2.107164,excel_import,2026-06-05 19:23:57.083692+00:00
1909,605006,2.017804,excel_import,2026-06-05 19:23:57.084637+00:00
1911,605008,-1.078167,excel_import,2026-06-05 19:23:57.086838+00:00
1912,605009,-2.194357,excel_import,2026-06-05 19:23:57.088372+00:00
1913,605011,-2.336861,excel_import,2026-06-05 19:23:57.089499+00:00
1914,605016,-3.331995,excel_import,2026-06-05 19:23:57.090503+00:00
1915,605018,10.020877,excel_import,2026-06-05 19:23:57.091538+00:00
1916,605020,-2.022472,excel_import,2026-06-05 19:23:57.092642+00:00
1917,605028,-1.052632,excel_import,2026-06-05 19:23:57.093956+00:00
1918,605033,-2.042850,excel_import,2026-06-05 19:23:57.095607+00:00
1919,605050,-1.895307,excel_import,2026-06-05 19:23:57.097272+00:00
1920,605055,-1.830283,excel_import,2026-06-05 19:23:57.098334+00:00
1921,605056,4.423381,excel_import,2026-06-05 19:23:57.099320+00:00
1922,605058,-3.756934,excel_import,2026-06-05 19:23:57.100330+00:00
1923,605060,-0.996885,excel_import,2026-06-05 19:23:57.101503+00:00
1924,605066,-2.038043,excel_import,2026-06-05 19:23:57.102613+00:00
1925,605068,-0.451671,excel_import,2026-06-05 19:23:57.103923+00:00
1926,605069,-2.149613,excel_import,2026-06-05 19:23:57.105561+00:00
1821,603860,-1.795143,excel_import,2026-06-05 19:23:56.984925+00:00
1929,605086,-3.493172,excel_import,2026-06-05 19:23:57.108593+00:00
1930,605088,0.635654,excel_import,2026-06-05 19:23:57.109755+00:00
1931,605089,-2.780229,excel_import,2026-06-05 19:23:57.110838+00:00
1932,605090,0.409389,excel_import,2026-06-05 19:23:57.111901+00:00
1933,605098,-0.480855,excel_import,2026-06-05 19:23:57.113307+00:00
1934,605099,-2.546354,excel_import,2026-06-05 19:23:57.114309+00:00
1935,605100,0.226116,excel_import,2026-06-05 19:23:57.115170+00:00
1936,605108,-2.346041,excel_import,2026-06-05 19:23:57.116048+00:00
1937,605111,4.273504,excel_import,2026-06-05 19:23:57.117102+00:00
1938,605116,-1.336074,excel_import,2026-06-05 19:23:57.118147+00:00
1939,605117,3.807381,excel_import,2026-06-05 19:23:57.119253+00:00
1940,605118,-0.995166,excel_import,2026-06-05 19:23:57.120380+00:00
1942,605123,0.583001,excel_import,2026-06-05 19:23:57.122844+00:00
1943,605128,-5.555556,excel_import,2026-06-05 19:23:57.123853+00:00
1944,605133,-0.915649,excel_import,2026-06-05 19:23:57.124901+00:00
1945,605136,-2.742616,excel_import,2026-06-05 19:23:57.125897+00:00
1946,605138,-2.797203,excel_import,2026-06-05 19:23:57.126923+00:00
1947,605151,-0.980850,excel_import,2026-06-05 19:23:57.128000+00:00
1948,605155,-4.637097,excel_import,2026-06-05 19:23:57.129189+00:00
1949,605158,-2.199413,excel_import,2026-06-05 19:23:57.130678+00:00
1950,605162,10.000000,excel_import,2026-06-05 19:23:57.131590+00:00
1951,605166,7.212476,excel_import,2026-06-05 19:23:57.132570+00:00
1952,605167,-2.388638,excel_import,2026-06-05 19:23:57.133453+00:00
1953,605168,1.331967,excel_import,2026-06-05 19:23:57.134427+00:00
1954,605169,-3.321976,excel_import,2026-06-05 19:23:57.135507+00:00
1955,605177,3.451327,excel_import,2026-06-05 19:23:57.136554+00:00
1956,605178,6.395939,excel_import,2026-06-05 19:23:57.138193+00:00
1957,605179,-2.195609,excel_import,2026-06-05 19:23:57.139161+00:00
1958,605180,-0.955180,excel_import,2026-06-05 19:23:57.139927+00:00
1959,605183,-1.229773,excel_import,2026-06-05 19:23:57.140854+00:00
1961,605188,-1.118099,excel_import,2026-06-05 19:23:57.142759+00:00
1962,605189,-2.220680,excel_import,2026-06-05 19:23:57.143761+00:00
1963,605196,3.111327,excel_import,2026-06-05 19:23:57.144690+00:00
1964,605198,-1.911397,excel_import,2026-06-05 19:23:57.145599+00:00
1965,605199,-1.490313,excel_import,2026-06-05 19:23:57.146601+00:00
1966,605208,0.490196,excel_import,2026-06-05 19:23:57.147833+00:00
1967,605218,-0.422195,excel_import,2026-06-05 19:23:57.148685+00:00
1968,605222,1.021486,excel_import,2026-06-05 19:23:57.149627+00:00
1969,605228,0.238663,excel_import,2026-06-05 19:23:57.150574+00:00
1970,605255,0.964785,excel_import,2026-06-05 19:23:57.151546+00:00
1971,605258,0.055741,excel_import,2026-06-05 19:23:57.152507+00:00
1972,605259,-1.171676,excel_import,2026-06-05 19:23:57.153457+00:00
1973,605266,-1.533406,excel_import,2026-06-05 19:23:57.154702+00:00
1974,605268,-0.667302,excel_import,2026-06-05 19:23:57.155757+00:00
1975,605277,-1.425662,excel_import,2026-06-05 19:23:57.156571+00:00
1976,605286,-1.879699,excel_import,2026-06-05 19:23:57.157523+00:00
1977,605287,2.291169,excel_import,2026-06-05 19:23:57.158477+00:00
1978,605288,3.201348,excel_import,2026-06-05 19:23:57.159463+00:00
1980,605296,0.226757,excel_import,2026-06-05 19:23:57.161544+00:00
1981,605298,-2.090909,excel_import,2026-06-05 19:23:57.162643+00:00
1982,605299,-0.859951,excel_import,2026-06-05 19:23:57.163946+00:00
1983,605300,-2.549020,excel_import,2026-06-05 19:23:57.165079+00:00
1984,605303,9.996284,excel_import,2026-06-05 19:23:57.166005+00:00
1985,605305,-1.736973,excel_import,2026-06-05 19:23:57.166889+00:00
1986,605318,-1.033036,excel_import,2026-06-05 19:23:57.168390+00:00
1987,605319,7.277845,excel_import,2026-06-05 19:23:57.169655+00:00
1988,605333,-1.603499,excel_import,2026-06-05 19:23:57.170782+00:00
1989,605336,-1.632653,excel_import,2026-06-05 19:23:57.172125+00:00
1990,605337,-1.725888,excel_import,2026-06-05 19:23:57.172989+00:00
1991,605338,-0.874367,excel_import,2026-06-05 19:23:57.173783+00:00
1992,605339,-1.705757,excel_import,2026-06-05 19:23:57.174902+00:00
1993,605358,7.893759,excel_import,2026-06-05 19:23:57.175938+00:00
1994,605365,0.000000,excel_import,2026-06-05 19:23:57.177009+00:00
1995,605366,0.469043,excel_import,2026-06-05 19:23:57.177958+00:00
1996,605368,0.000000,excel_import,2026-06-05 19:23:57.178863+00:00
1997,605369,-2.753304,excel_import,2026-06-05 19:23:57.180126+00:00
1999,605377,-1.226310,excel_import,2026-06-05 19:23:57.182063+00:00
2000,605378,-1.439712,excel_import,2026-06-05 19:23:57.182934+00:00
2001,605388,-1.712329,excel_import,2026-06-05 19:23:57.183981+00:00
2002,605389,2.315609,excel_import,2026-06-05 19:23:57.185062+00:00
2003,605398,-2.410148,excel_import,2026-06-05 19:23:57.186064+00:00
2004,605399,-0.150150,excel_import,2026-06-05 19:23:57.187084+00:00
2005,605488,-0.262238,excel_import,2026-06-05 19:23:57.188219+00:00
2006,605499,-3.770053,excel_import,2026-06-05 19:23:57.189413+00:00
2007,605500,-2.723735,excel_import,2026-06-05 19:23:57.190328+00:00
2008,605507,0.511509,excel_import,2026-06-05 19:23:57.191208+00:00
2009,605555,10.013532,excel_import,2026-06-05 19:23:57.192136+00:00
2010,605566,-2.380952,excel_import,2026-06-05 19:23:57.193217+00:00
2011,605567,-2.203568,excel_import,2026-06-05 19:23:57.194211+00:00
2012,605577,-3.399433,excel_import,2026-06-05 19:23:57.195273+00:00
2013,605580,9.996110,excel_import,2026-06-05 19:23:57.196709+00:00
2014,605588,-2.373505,excel_import,2026-06-05 19:23:57.197938+00:00
2015,605589,0.979305,excel_import,2026-06-05 19:23:57.198895+00:00
2016,605598,0.045924,excel_import,2026-06-05 19:23:57.199786+00:00
2018,688001,-0.578606,excel_import,2026-06-05 19:23:57.202060+00:00
2019,688002,-1.455016,excel_import,2026-06-05 19:23:57.203151+00:00
2020,688003,13.802270,excel_import,2026-06-05 19:23:57.204106+00:00
2021,688004,-1.421801,excel_import,2026-06-05 19:23:57.205507+00:00
2022,688005,-1.323251,excel_import,2026-06-05 19:23:57.206432+00:00
2023,688006,-2.217910,excel_import,2026-06-05 19:23:57.207336+00:00
2024,688007,0.431344,excel_import,2026-06-05 19:23:57.208249+00:00
2025,688008,7.130802,excel_import,2026-06-05 19:23:57.209302+00:00
2026,688009,2.217742,excel_import,2026-06-05 19:23:57.210355+00:00
2027,688010,0.772840,excel_import,2026-06-05 19:23:57.211405+00:00
2028,688011,0.810144,excel_import,2026-06-05 19:23:57.212377+00:00
2029,688012,1.103253,excel_import,2026-06-05 19:23:57.213570+00:00
2030,688013,-1.117709,excel_import,2026-06-05 19:23:57.214641+00:00
2031,688015,-1.460674,excel_import,2026-06-05 19:23:57.215511+00:00
2032,688016,-1.914792,excel_import,2026-06-05 19:23:57.216330+00:00
2033,688017,2.901961,excel_import,2026-06-05 19:23:57.217250+00:00
1928,605080,-3.508772,excel_import,2026-06-05 19:23:57.107556+00:00
2036,688020,-3.282123,excel_import,2026-06-05 19:23:57.220568+00:00
2037,688021,-1.285240,excel_import,2026-06-05 19:23:57.221997+00:00
2038,688022,-2.575107,excel_import,2026-06-05 19:23:57.222963+00:00
2039,688023,-0.511696,excel_import,2026-06-05 19:23:57.223815+00:00
2040,688025,5.567227,excel_import,2026-06-05 19:23:57.224725+00:00
2041,688026,-3.304598,excel_import,2026-06-05 19:23:57.225652+00:00
2042,688027,6.276981,excel_import,2026-06-05 19:23:57.226730+00:00
2043,688028,-0.483843,excel_import,2026-06-05 19:23:57.227747+00:00
2045,688030,3.352601,excel_import,2026-06-05 19:23:57.230138+00:00
2046,688031,-7.370649,excel_import,2026-06-05 19:23:57.231148+00:00
2047,688032,-0.993308,excel_import,2026-06-05 19:23:57.232120+00:00
2048,688033,-2.281369,excel_import,2026-06-05 19:23:57.233284+00:00
2049,688035,2.363782,excel_import,2026-06-05 19:23:57.234531+00:00
2050,688036,0.995824,excel_import,2026-06-05 19:23:57.235919+00:00
2051,688037,5.832201,excel_import,2026-06-05 19:23:57.237116+00:00
2052,688038,-0.865801,excel_import,2026-06-05 19:23:57.238489+00:00
2053,688039,-3.203661,excel_import,2026-06-05 19:23:57.239457+00:00
2054,688041,0.864228,excel_import,2026-06-05 19:23:57.240361+00:00
2055,688045,4.225352,excel_import,2026-06-05 19:23:57.241273+00:00
2056,688046,-1.150685,excel_import,2026-06-05 19:23:57.242195+00:00
2057,688047,0.563923,excel_import,2026-06-05 19:23:57.243370+00:00
2058,688048,7.721233,excel_import,2026-06-05 19:23:57.244418+00:00
2059,688049,1.037823,excel_import,2026-06-05 19:23:57.245555+00:00
2060,688050,-1.972025,excel_import,2026-06-05 19:23:57.246884+00:00
2061,688051,4.205457,excel_import,2026-06-05 19:23:57.247787+00:00
2062,688052,1.515152,excel_import,2026-06-05 19:23:57.248693+00:00
2064,688055,2.459016,excel_import,2026-06-05 19:23:57.250603+00:00
2065,688056,2.642396,excel_import,2026-06-05 19:23:57.251675+00:00
2066,688057,0.579897,excel_import,2026-06-05 19:23:57.252681+00:00
2067,688058,-1.686747,excel_import,2026-06-05 19:23:57.253829+00:00
2068,688059,3.830331,excel_import,2026-06-05 19:23:57.255198+00:00
2069,688060,-1.450013,excel_import,2026-06-05 19:23:57.256184+00:00
2070,688061,-0.027541,excel_import,2026-06-05 19:23:57.257081+00:00
2071,688062,-3.928446,excel_import,2026-06-05 19:23:57.257856+00:00
2072,688063,-2.646503,excel_import,2026-06-05 19:23:57.258712+00:00
2073,688065,0.024588,excel_import,2026-06-05 19:23:57.259745+00:00
2074,688066,0.422238,excel_import,2026-06-05 19:23:57.260780+00:00
2075,688067,-2.013147,excel_import,2026-06-05 19:23:57.261803+00:00
2076,688068,2.222222,excel_import,2026-06-05 19:23:57.263224+00:00
2077,688069,-4.315886,excel_import,2026-06-05 19:23:57.264191+00:00
2078,688070,-1.547763,excel_import,2026-06-05 19:23:57.265078+00:00
2079,688071,1.931949,excel_import,2026-06-05 19:23:57.266215+00:00
2080,688072,3.270134,excel_import,2026-06-05 19:23:57.267273+00:00
2081,688073,-1.131085,excel_import,2026-06-05 19:23:57.268530+00:00
2083,688076,-1.353180,excel_import,2026-06-05 19:23:57.270647+00:00
2084,688077,0.948905,excel_import,2026-06-05 19:23:57.271911+00:00
2085,688078,-1.526070,excel_import,2026-06-05 19:23:57.272744+00:00
2086,688079,12.855007,excel_import,2026-06-05 19:23:57.273541+00:00
2087,688080,-1.932367,excel_import,2026-06-05 19:23:57.274337+00:00
2088,688081,-2.659069,excel_import,2026-06-05 19:23:57.275198+00:00
2089,688082,12.392802,excel_import,2026-06-05 19:23:57.276159+00:00
2090,688083,-1.044480,excel_import,2026-06-05 19:23:57.277269+00:00
2091,688084,-0.810967,excel_import,2026-06-05 19:23:57.278216+00:00
2092,688085,-3.406814,excel_import,2026-06-05 19:23:57.279464+00:00
2093,688087,-1.981707,excel_import,2026-06-05 19:23:57.280704+00:00
2094,688088,-2.562801,excel_import,2026-06-05 19:23:57.281719+00:00
2095,688089,-2.251553,excel_import,2026-06-05 19:23:57.282620+00:00
2096,688090,14.131656,excel_import,2026-06-05 19:23:57.283491+00:00
2097,688091,-3.946795,excel_import,2026-06-05 19:23:57.284475+00:00
2098,688092,-0.221648,excel_import,2026-06-05 19:23:57.285499+00:00
2099,688093,-4.939877,excel_import,2026-06-05 19:23:57.286644+00:00
2100,688095,-3.012451,excel_import,2026-06-05 19:23:57.287848+00:00
2102,688097,11.937770,excel_import,2026-06-05 19:23:57.289696+00:00
2103,688098,-2.922490,excel_import,2026-06-05 19:23:57.290526+00:00
2104,688099,-0.688299,excel_import,2026-06-05 19:23:57.291295+00:00
2105,688100,-2.244039,excel_import,2026-06-05 19:23:57.292416+00:00
2106,688101,-2.281803,excel_import,2026-06-05 19:23:57.293518+00:00
2107,688102,5.414747,excel_import,2026-06-05 19:23:57.294484+00:00
2108,688103,-0.562339,excel_import,2026-06-05 19:23:57.295670+00:00
2109,688105,-1.849218,excel_import,2026-06-05 19:23:57.297041+00:00
2110,688106,5.577376,excel_import,2026-06-05 19:23:57.297905+00:00
2111,688107,0.115234,excel_import,2026-06-05 19:23:57.298944+00:00
2112,688108,-3.911404,excel_import,2026-06-05 19:23:57.299910+00:00
2113,688109,-1.885856,excel_import,2026-06-05 19:23:57.301168+00:00
2114,688110,2.901186,excel_import,2026-06-05 19:23:57.302219+00:00
2115,688111,-4.461392,excel_import,2026-06-05 19:23:57.303220+00:00
2116,688112,13.256173,excel_import,2026-06-05 19:23:57.304616+00:00
2117,688113,-0.255167,excel_import,2026-06-05 19:23:57.305710+00:00
2118,688114,-1.693878,excel_import,2026-06-05 19:23:57.306573+00:00
2119,688115,1.210840,excel_import,2026-06-05 19:23:57.307403+00:00
2121,688117,0.543807,excel_import,2026-06-05 19:23:57.309374+00:00
2122,688118,-1.451751,excel_import,2026-06-05 19:23:57.310125+00:00
2123,688119,1.118568,excel_import,2026-06-05 19:23:57.311047+00:00
2124,688120,1.266547,excel_import,2026-06-05 19:23:57.312352+00:00
2125,688122,-0.482791,excel_import,2026-06-05 19:23:57.313874+00:00
2126,688123,7.138365,excel_import,2026-06-05 19:23:57.314747+00:00
2127,688125,0.011069,excel_import,2026-06-05 19:23:57.315545+00:00
2128,688126,2.306758,excel_import,2026-06-05 19:23:57.316443+00:00
2129,688127,3.103700,excel_import,2026-06-05 19:23:57.317441+00:00
2130,688128,4.998017,excel_import,2026-06-05 19:23:57.318470+00:00
2131,688129,-3.424153,excel_import,2026-06-05 19:23:57.319470+00:00
2132,688130,1.169355,excel_import,2026-06-05 19:23:57.320533+00:00
2133,688131,1.271901,excel_import,2026-06-05 19:23:57.321895+00:00
2134,688132,-2.479893,excel_import,2026-06-05 19:23:57.322848+00:00
2135,688133,0.938967,excel_import,2026-06-05 19:23:57.323671+00:00
2136,688135,4.814067,excel_import,2026-06-05 19:23:57.324600+00:00
2137,688136,-1.090188,excel_import,2026-06-05 19:23:57.325471+00:00
2138,688137,-1.913296,excel_import,2026-06-05 19:23:57.326558+00:00
2140,688139,-1.325145,excel_import,2026-06-05 19:23:57.328737+00:00
2035,688019,1.757969,excel_import,2026-06-05 19:23:57.219482+00:00
2143,688146,-4.864583,excel_import,2026-06-05 19:23:57.331905+00:00
2144,688147,3.582444,excel_import,2026-06-05 19:23:57.332781+00:00
2145,688148,-1.562500,excel_import,2026-06-05 19:23:57.333657+00:00
2146,688150,-3.172783,excel_import,2026-06-05 19:23:57.334670+00:00
2147,688151,-0.175439,excel_import,2026-06-05 19:23:57.335722+00:00
2148,688152,-1.834862,excel_import,2026-06-05 19:23:57.336781+00:00
2149,688153,0.143062,excel_import,2026-06-05 19:23:57.338312+00:00
2150,688155,0.170213,excel_import,2026-06-05 19:23:57.339472+00:00
2151,688156,-3.620274,excel_import,2026-06-05 19:23:57.340625+00:00
2152,688157,-5.149051,excel_import,2026-06-05 19:23:57.341738+00:00
2154,688159,-1.362751,excel_import,2026-06-05 19:23:57.343828+00:00
2155,688160,0.122272,excel_import,2026-06-05 19:23:57.344804+00:00
2156,688161,-2.647175,excel_import,2026-06-05 19:23:57.345769+00:00
2157,688162,-1.946057,excel_import,2026-06-05 19:23:57.347211+00:00
2158,688163,1.192457,excel_import,2026-06-05 19:23:57.348187+00:00
2159,688165,1.288937,excel_import,2026-06-05 19:23:57.349010+00:00
2160,688166,-1.462340,excel_import,2026-06-05 19:23:57.349957+00:00
2161,688167,8.228766,excel_import,2026-06-05 19:23:57.351025+00:00
2162,688168,3.228591,excel_import,2026-06-05 19:23:57.352152+00:00
2163,688169,-1.094030,excel_import,2026-06-05 19:23:57.353170+00:00
2164,688170,1.232493,excel_import,2026-06-05 19:23:57.354297+00:00
2165,688171,-4.808923,excel_import,2026-06-05 19:23:57.355704+00:00
2166,688172,2.428085,excel_import,2026-06-05 19:23:57.356774+00:00
2167,688173,-0.495663,excel_import,2026-06-05 19:23:57.358025+00:00
2168,688175,-3.194554,excel_import,2026-06-05 19:23:57.359164+00:00
2169,688176,-2.733270,excel_import,2026-06-05 19:23:57.360389+00:00
2170,688177,-2.610114,excel_import,2026-06-05 19:23:57.361650+00:00
2171,688178,-4.245524,excel_import,2026-06-05 19:23:57.363107+00:00
2173,688180,-0.900901,excel_import,2026-06-05 19:23:57.365094+00:00
2174,688181,-3.065039,excel_import,2026-06-05 19:23:57.366118+00:00
2175,688182,0.355030,excel_import,2026-06-05 19:23:57.367025+00:00
2176,688183,-2.402128,excel_import,2026-06-05 19:23:57.368129+00:00
2177,688184,-0.616333,excel_import,2026-06-05 19:23:57.369175+00:00
2178,688185,-1.788974,excel_import,2026-06-05 19:23:57.370244+00:00
2179,688186,-3.429952,excel_import,2026-06-05 19:23:57.371245+00:00
2180,688187,0.457103,excel_import,2026-06-05 19:23:57.372609+00:00
2181,688188,0.162973,excel_import,2026-06-05 19:23:57.373711+00:00
2182,688189,-1.270648,excel_import,2026-06-05 19:23:57.374861+00:00
2183,688190,-2.651414,excel_import,2026-06-05 19:23:57.375944+00:00
2184,688191,8.722871,excel_import,2026-06-05 19:23:57.376987+00:00
2185,688192,-2.433372,excel_import,2026-06-05 19:23:57.377918+00:00
2186,688193,-1.304435,excel_import,2026-06-05 19:23:57.378925+00:00
2187,688195,6.116815,excel_import,2026-06-05 19:23:57.380316+00:00
2188,688196,-2.512212,excel_import,2026-06-05 19:23:57.381262+00:00
2189,688197,-0.774749,excel_import,2026-06-05 19:23:57.382244+00:00
2190,688198,-2.982920,excel_import,2026-06-05 19:23:57.383241+00:00
2192,688200,4.455631,excel_import,2026-06-05 19:23:57.385543+00:00
2193,688201,-3.634232,excel_import,2026-06-05 19:23:57.386522+00:00
2194,688202,-0.249599,excel_import,2026-06-05 19:23:57.387725+00:00
2195,688203,-4.000000,excel_import,2026-06-05 19:23:57.388999+00:00
2196,688205,3.615805,excel_import,2026-06-05 19:23:57.389936+00:00
2197,688206,1.574586,excel_import,2026-06-05 19:23:57.390838+00:00
2198,688207,-1.589404,excel_import,2026-06-05 19:23:57.391795+00:00
2199,688208,-0.356333,excel_import,2026-06-05 19:23:57.392835+00:00
2200,688209,-1.180745,excel_import,2026-06-05 19:23:57.393966+00:00
2201,688210,-1.900041,excel_import,2026-06-05 19:23:57.395081+00:00
2202,688211,0.149120,excel_import,2026-06-05 19:23:57.396616+00:00
2203,688212,-2.849741,excel_import,2026-06-05 19:23:57.397812+00:00
2204,688213,0.685074,excel_import,2026-06-05 19:23:57.398797+00:00
2205,688215,3.168024,excel_import,2026-06-05 19:23:57.399650+00:00
2206,688216,0.808458,excel_import,2026-06-05 19:23:57.400677+00:00
2207,688217,-1.927711,excel_import,2026-06-05 19:23:57.401754+00:00
2208,688218,-2.800926,excel_import,2026-06-05 19:23:57.402723+00:00
2209,688219,-1.785714,excel_import,2026-06-05 19:23:57.403753+00:00
2211,688221,0.782473,excel_import,2026-06-05 19:23:57.406273+00:00
2212,688222,-2.276900,excel_import,2026-06-05 19:23:57.407196+00:00
2213,688223,-1.604278,excel_import,2026-06-05 19:23:57.408082+00:00
2214,688225,-1.350439,excel_import,2026-06-05 19:23:57.409112+00:00
2215,688226,-2.236287,excel_import,2026-06-05 19:23:57.410391+00:00
2216,688227,0.035787,excel_import,2026-06-05 19:23:57.411452+00:00
2217,688228,-0.425151,excel_import,2026-06-05 19:23:57.412464+00:00
2218,688229,-1.591619,excel_import,2026-06-05 19:23:57.413783+00:00
2219,688230,0.108628,excel_import,2026-06-05 19:23:57.414869+00:00
2220,688231,1.368941,excel_import,2026-06-05 19:23:57.415880+00:00
2221,688232,-3.208292,excel_import,2026-06-05 19:23:57.416935+00:00
2222,688233,8.397331,excel_import,2026-06-05 19:23:57.418129+00:00
2223,688234,1.051852,excel_import,2026-06-05 19:23:57.419210+00:00
2224,688235,0.720043,excel_import,2026-06-05 19:23:57.420425+00:00
2225,688236,-1.316614,excel_import,2026-06-05 19:23:57.421935+00:00
2226,688237,-1.377295,excel_import,2026-06-05 19:23:57.422946+00:00
2227,688238,-3.436989,excel_import,2026-06-05 19:23:57.423804+00:00
2228,688239,-0.470465,excel_import,2026-06-05 19:23:57.424703+00:00
2230,688246,-0.794393,excel_import,2026-06-05 19:23:57.426703+00:00
2231,688247,-3.297998,excel_import,2026-06-05 19:23:57.427714+00:00
2232,688248,-0.471955,excel_import,2026-06-05 19:23:57.428906+00:00
2233,688249,-2.232779,excel_import,2026-06-05 19:23:57.430502+00:00
2234,688251,-1.027262,excel_import,2026-06-05 19:23:57.431620+00:00
2235,688252,-1.694915,excel_import,2026-06-05 19:23:57.432559+00:00
2236,688253,1.027696,excel_import,2026-06-05 19:23:57.433467+00:00
2237,688255,-1.712439,excel_import,2026-06-05 19:23:57.434517+00:00
2238,688256,6.007692,excel_import,2026-06-05 19:23:57.435613+00:00
2239,688257,2.087364,excel_import,2026-06-05 19:23:57.436661+00:00
2240,688258,-3.453112,excel_import,2026-06-05 19:23:57.438049+00:00
2241,688259,2.544460,excel_import,2026-06-05 19:23:57.439331+00:00
2242,688260,0.162866,excel_import,2026-06-05 19:23:57.440202+00:00
2243,688261,8.422983,excel_import,2026-06-05 19:23:57.441135+00:00
2244,688262,2.974387,excel_import,2026-06-05 19:23:57.442221+00:00
2245,688265,-1.869428,excel_import,2026-06-05 19:23:57.443193+00:00
2246,688266,-2.867235,excel_import,2026-06-05 19:23:57.444046+00:00
2247,688267,0.000000,excel_import,2026-06-05 19:23:57.444983+00:00
2250,688270,3.988604,excel_import,2026-06-05 19:23:57.448468+00:00
2251,688271,-3.298934,excel_import,2026-06-05 19:23:57.449252+00:00
2252,688272,1.321586,excel_import,2026-06-05 19:23:57.450190+00:00
2253,688273,-0.473821,excel_import,2026-06-05 19:23:57.451156+00:00
2254,688275,-0.558951,excel_import,2026-06-05 19:23:57.452219+00:00
2255,688276,-2.315113,excel_import,2026-06-05 19:23:57.453508+00:00
2256,688277,-0.765607,excel_import,2026-06-05 19:23:57.454821+00:00
2257,688278,-0.072529,excel_import,2026-06-05 19:23:57.456048+00:00
2259,688280,-1.388889,excel_import,2026-06-05 19:23:57.457693+00:00
2260,688281,-2.086466,excel_import,2026-06-05 19:23:57.458473+00:00
2261,688282,-0.671233,excel_import,2026-06-05 19:23:57.459419+00:00
2262,688283,0.296336,excel_import,2026-06-05 19:23:57.460345+00:00
2263,688285,-1.492537,excel_import,2026-06-05 19:23:57.461099+00:00
2264,688286,-0.706260,excel_import,2026-06-05 19:23:57.461985+00:00
2265,688287,-5.555556,excel_import,2026-06-05 19:23:57.463462+00:00
2266,688288,-0.886194,excel_import,2026-06-05 19:23:57.464248+00:00
2267,688289,-3.205919,excel_import,2026-06-05 19:23:57.465067+00:00
2268,688290,-0.646766,excel_import,2026-06-05 19:23:57.465919+00:00
2269,688291,4.241645,excel_import,2026-06-05 19:23:57.466693+00:00
2270,688292,-2.498884,excel_import,2026-06-05 19:23:57.467612+00:00
2271,688293,-2.402330,excel_import,2026-06-05 19:23:57.468497+00:00
2272,688295,8.707627,excel_import,2026-06-05 19:23:57.469412+00:00
2273,688296,-0.874832,excel_import,2026-06-05 19:23:57.470392+00:00
2274,688297,0.742034,excel_import,2026-06-05 19:23:57.471720+00:00
2275,688298,-1.861575,excel_import,2026-06-05 19:23:57.472741+00:00
2276,688299,-0.787879,excel_import,2026-06-05 19:23:57.473509+00:00
2278,688301,-0.871281,excel_import,2026-06-05 19:23:57.475090+00:00
2279,688302,-2.122347,excel_import,2026-06-05 19:23:57.475934+00:00
2280,688303,-0.319489,excel_import,2026-06-05 19:23:57.476846+00:00
2281,688305,0.065963,excel_import,2026-06-05 19:23:57.477946+00:00
2282,688306,-1.107420,excel_import,2026-06-05 19:23:57.478945+00:00
2283,688307,5.468750,excel_import,2026-06-05 19:23:57.479943+00:00
2284,688308,6.797518,excel_import,2026-06-05 19:23:57.480956+00:00
2285,688309,0.093038,excel_import,2026-06-05 19:23:57.481804+00:00
2286,688310,0.819672,excel_import,2026-06-05 19:23:57.482558+00:00
2287,688311,0.669014,excel_import,2026-06-05 19:23:57.483440+00:00
2288,688312,2.232088,excel_import,2026-06-05 19:23:57.484273+00:00
2289,688313,9.294498,excel_import,2026-06-05 19:23:57.485912+00:00
2290,688314,-1.911279,excel_import,2026-06-05 19:23:57.487033+00:00
2291,688315,-2.129170,excel_import,2026-06-05 19:23:57.488190+00:00
2292,688316,-1.594716,excel_import,2026-06-05 19:23:57.489146+00:00
2293,688317,-1.044932,excel_import,2026-06-05 19:23:57.489896+00:00
2294,688318,3.785901,excel_import,2026-06-05 19:23:57.490742+00:00
2295,688319,-3.205531,excel_import,2026-06-05 19:23:57.491701+00:00
2297,688321,-0.075160,excel_import,2026-06-05 19:23:57.493499+00:00
2298,688322,8.747457,excel_import,2026-06-05 19:23:57.494483+00:00
2299,688323,1.358066,excel_import,2026-06-05 19:23:57.495388+00:00
2300,688325,1.347458,excel_import,2026-06-05 19:23:57.496880+00:00
2301,688326,-0.396629,excel_import,2026-06-05 19:23:57.497830+00:00
2302,688327,-3.823088,excel_import,2026-06-05 19:23:57.498772+00:00
2303,688328,0.446670,excel_import,2026-06-05 19:23:57.499733+00:00
2304,688329,-2.707276,excel_import,2026-06-05 19:23:57.500593+00:00
2305,688330,-2.171610,excel_import,2026-06-05 19:23:57.501503+00:00
2306,688331,-2.926606,excel_import,2026-06-05 19:23:57.502584+00:00
2307,688332,-3.664478,excel_import,2026-06-05 19:23:57.503511+00:00
2308,688333,1.330308,excel_import,2026-06-05 19:23:57.504710+00:00
2309,688334,-2.024922,excel_import,2026-06-05 19:23:57.505797+00:00
2310,688335,4.065621,excel_import,2026-06-05 19:23:57.506619+00:00
2311,688336,-3.613861,excel_import,2026-06-05 19:23:57.507390+00:00
2312,688337,9.078237,excel_import,2026-06-05 19:23:57.508282+00:00
2313,688338,-1.050175,excel_import,2026-06-05 19:23:57.509262+00:00
2314,688339,-1.369863,excel_import,2026-06-05 19:23:57.510305+00:00
2316,688345,-1.169135,excel_import,2026-06-05 19:23:57.512318+00:00
2317,688347,2.975717,excel_import,2026-06-05 19:23:57.513785+00:00
2318,688348,-2.069825,excel_import,2026-06-05 19:23:57.514639+00:00
2319,688349,-0.820092,excel_import,2026-06-05 19:23:57.515332+00:00
2320,688350,-1.473088,excel_import,2026-06-05 19:23:57.516143+00:00
2321,688351,-1.297122,excel_import,2026-06-05 19:23:57.516929+00:00
2322,688352,-2.794242,excel_import,2026-06-05 19:23:57.517980+00:00
2323,688353,-0.938019,excel_import,2026-06-05 19:23:57.518917+00:00
2324,688355,0.052521,excel_import,2026-06-05 19:23:57.519827+00:00
2325,688356,-0.164361,excel_import,2026-06-05 19:23:57.520809+00:00
2326,688357,0.242215,excel_import,2026-06-05 19:23:57.522046+00:00
2327,688358,1.035782,excel_import,2026-06-05 19:23:57.522905+00:00
2328,688359,-6.319703,excel_import,2026-06-05 19:23:57.523674+00:00
2329,688360,2.131603,excel_import,2026-06-05 19:23:57.524460+00:00
2330,688361,0.361293,excel_import,2026-06-05 19:23:57.525213+00:00
2331,688362,1.464226,excel_import,2026-06-05 19:23:57.526202+00:00
2332,688363,-2.561983,excel_import,2026-06-05 19:23:57.527112+00:00
2333,688365,-2.165544,excel_import,2026-06-05 19:23:57.528127+00:00
2335,688367,2.338181,excel_import,2026-06-05 19:23:57.530540+00:00
2336,688368,-1.820450,excel_import,2026-06-05 19:23:57.531340+00:00
2337,688369,-4.200913,excel_import,2026-06-05 19:23:57.532250+00:00
2338,688370,-1.485365,excel_import,2026-06-05 19:23:57.533285+00:00
2339,688371,6.267806,excel_import,2026-06-05 19:23:57.534326+00:00
2340,688372,0.478533,excel_import,2026-06-05 19:23:57.535207+00:00
2341,688373,-1.063830,excel_import,2026-06-05 19:23:57.536125+00:00
2342,688375,2.238388,excel_import,2026-06-05 19:23:57.537134+00:00
2343,688376,-0.295377,excel_import,2026-06-05 19:23:57.538519+00:00
2344,688377,5.703803,excel_import,2026-06-05 19:23:57.539747+00:00
2345,688378,5.795314,excel_import,2026-06-05 19:23:57.540534+00:00
2346,688379,1.560390,excel_import,2026-06-05 19:23:57.541332+00:00
2347,688380,6.084533,excel_import,2026-06-05 19:23:57.542197+00:00
2348,688381,6.391073,excel_import,2026-06-05 19:23:57.543100+00:00
2349,688382,-1.337047,excel_import,2026-06-05 19:23:57.544064+00:00
2350,688383,1.449677,excel_import,2026-06-05 19:23:57.545220+00:00
2351,688385,0.574813,excel_import,2026-06-05 19:23:57.546733+00:00
2352,688386,-2.266783,excel_import,2026-06-05 19:23:57.547760+00:00
2354,688388,1.556584,excel_import,2026-06-05 19:23:57.549606+00:00
2249,688269,-1.874311,excel_import,2026-06-05 19:23:57.447438+00:00
2357,688391,1.488587,excel_import,2026-06-05 19:23:57.552794+00:00
2358,688392,1.290075,excel_import,2026-06-05 19:23:57.553854+00:00
2359,688393,-2.930057,excel_import,2026-06-05 19:23:57.555126+00:00
2360,688395,-2.242152,excel_import,2026-06-05 19:23:57.556126+00:00
2361,688396,5.691057,excel_import,2026-06-05 19:23:57.557033+00:00
2362,688398,-0.170068,excel_import,2026-06-05 19:23:57.557843+00:00
2363,688399,-3.287829,excel_import,2026-06-05 19:23:57.558731+00:00
2364,688400,1.076642,excel_import,2026-06-05 19:23:57.559828+00:00
2365,688401,-6.494523,excel_import,2026-06-05 19:23:57.560810+00:00
2366,688403,-1.072523,excel_import,2026-06-05 19:23:57.561847+00:00
2368,688409,2.400000,excel_import,2026-06-05 19:23:57.564486+00:00
2369,688410,-7.220874,excel_import,2026-06-05 19:23:57.565410+00:00
2370,688411,-4.906909,excel_import,2026-06-05 19:23:57.566263+00:00
2371,688416,0.087336,excel_import,2026-06-05 19:23:57.567253+00:00
2372,688418,3.490991,excel_import,2026-06-05 19:23:57.568309+00:00
2373,688419,1.937904,excel_import,2026-06-05 19:23:57.569260+00:00
2374,688420,-1.496764,excel_import,2026-06-05 19:23:57.570240+00:00
2375,688425,-1.587302,excel_import,2026-06-05 19:23:57.571297+00:00
2376,688426,-2.365237,excel_import,2026-06-05 19:23:57.572693+00:00
2377,688428,-1.236203,excel_import,2026-06-05 19:23:57.573957+00:00
2378,688429,-0.423729,excel_import,2026-06-05 19:23:57.575012+00:00
2379,688432,5.817175,excel_import,2026-06-05 19:23:57.576295+00:00
2380,688433,1.263180,excel_import,2026-06-05 19:23:57.577424+00:00
2381,688435,-1.424777,excel_import,2026-06-05 19:23:57.578670+00:00
2382,688439,-2.327448,excel_import,2026-06-05 19:23:57.580442+00:00
2383,688443,-1.039501,excel_import,2026-06-05 19:23:57.581762+00:00
2384,688448,-3.996432,excel_import,2026-06-05 19:23:57.582765+00:00
2385,688449,1.320616,excel_import,2026-06-05 19:23:57.583759+00:00
2387,688455,0.254453,excel_import,2026-06-05 19:23:57.586066+00:00
2388,688456,5.091223,excel_import,2026-06-05 19:23:57.587064+00:00
2389,688458,-0.162250,excel_import,2026-06-05 19:23:57.588614+00:00
2390,688459,-0.234192,excel_import,2026-06-05 19:23:57.589670+00:00
2391,688466,-3.490508,excel_import,2026-06-05 19:23:57.590609+00:00
2392,688468,-4.248862,excel_import,2026-06-05 19:23:57.591541+00:00
2393,688469,0.778210,excel_import,2026-06-05 19:23:57.592753+00:00
2394,688472,-0.986842,excel_import,2026-06-05 19:23:57.593974+00:00
2395,688475,-0.108696,excel_import,2026-06-05 19:23:57.595124+00:00
2396,688478,0.572873,excel_import,2026-06-05 19:23:57.596437+00:00
2397,688479,9.661017,excel_import,2026-06-05 19:23:57.597668+00:00
2398,688480,-0.053920,excel_import,2026-06-05 19:23:57.598785+00:00
2399,688484,5.368791,excel_import,2026-06-05 19:23:57.603219+00:00
2400,688485,4.267021,excel_import,2026-06-05 19:23:57.606041+00:00
2401,688486,4.020029,excel_import,2026-06-05 19:23:57.607114+00:00
2402,688488,-2.430556,excel_import,2026-06-05 19:23:57.608162+00:00
2403,688489,-0.274833,excel_import,2026-06-05 19:23:57.609210+00:00
2404,688496,19.531250,excel_import,2026-06-05 19:23:57.610330+00:00
2406,688499,-3.791822,excel_import,2026-06-05 19:23:57.613071+00:00
2407,688500,0.745555,excel_import,2026-06-05 19:23:57.614416+00:00
2408,688501,2.191520,excel_import,2026-06-05 19:23:57.615439+00:00
2409,688502,2.254329,excel_import,2026-06-05 19:23:57.616350+00:00
2410,688503,-0.353478,excel_import,2026-06-05 19:23:57.617455+00:00
2411,688505,-0.710227,excel_import,2026-06-05 19:23:57.618602+00:00
2412,688506,-0.084782,excel_import,2026-06-05 19:23:57.619709+00:00
2413,688507,-3.114591,excel_import,2026-06-05 19:23:57.621034+00:00
2414,688508,-5.172414,excel_import,2026-06-05 19:23:57.622554+00:00
2415,688509,-0.209205,excel_import,2026-06-05 19:23:57.623811+00:00
2416,688510,0.077851,excel_import,2026-06-05 19:23:57.624676+00:00
2417,688511,0.536304,excel_import,2026-06-05 19:23:57.625786+00:00
2418,688512,1.741105,excel_import,2026-06-05 19:23:57.626920+00:00
2419,688513,2.206512,excel_import,2026-06-05 19:23:57.628037+00:00
2420,688515,13.594470,excel_import,2026-06-05 19:23:57.629192+00:00
2421,688516,-0.102564,excel_import,2026-06-05 19:23:57.630730+00:00
2422,688517,-1.471985,excel_import,2026-06-05 19:23:57.632013+00:00
2423,688518,1.566784,excel_import,2026-06-05 19:23:57.633162+00:00
2425,688520,-3.182309,excel_import,2026-06-05 19:23:57.635289+00:00
2426,688521,2.145285,excel_import,2026-06-05 19:23:57.636277+00:00
2427,688522,-2.647754,excel_import,2026-06-05 19:23:57.637692+00:00
2428,688523,3.578984,excel_import,2026-06-05 19:23:57.639340+00:00
2429,688525,3.493738,excel_import,2026-06-05 19:23:57.640492+00:00
2430,688526,-1.761103,excel_import,2026-06-05 19:23:57.641492+00:00
2431,688528,-2.393617,excel_import,2026-06-05 19:23:57.642810+00:00
2432,688529,-1.567749,excel_import,2026-06-05 19:23:57.643860+00:00
2433,688530,-2.077762,excel_import,2026-06-05 19:23:57.644927+00:00
2434,688531,2.716789,excel_import,2026-06-05 19:23:57.645798+00:00
2435,688533,-0.676752,excel_import,2026-06-05 19:23:57.647134+00:00
2436,688535,2.367651,excel_import,2026-06-05 19:23:57.648375+00:00
2437,688536,7.408845,excel_import,2026-06-05 19:23:57.649550+00:00
2438,688538,0.000000,excel_import,2026-06-05 19:23:57.650707+00:00
2439,688539,0.127389,excel_import,2026-06-05 19:23:57.651876+00:00
2440,688543,0.070655,excel_import,2026-06-05 19:23:57.652962+00:00
2441,688545,5.051313,excel_import,2026-06-05 19:23:57.654049+00:00
2442,688548,1.520637,excel_import,2026-06-05 19:23:57.655463+00:00
2444,688550,-2.031761,excel_import,2026-06-05 19:23:57.657660+00:00
2445,688551,2.719033,excel_import,2026-06-05 19:23:57.658636+00:00
2446,688552,0.780720,excel_import,2026-06-05 19:23:57.659789+00:00
2447,688553,-1.924198,excel_import,2026-06-05 19:23:57.660809+00:00
2448,688556,-0.182983,excel_import,2026-06-05 19:23:57.661813+00:00
2449,688557,1.283317,excel_import,2026-06-05 19:23:57.663270+00:00
2450,688558,0.120482,excel_import,2026-06-05 19:23:57.664270+00:00
2451,688559,-0.498008,excel_import,2026-06-05 19:23:57.665103+00:00
2452,688560,-1.046755,excel_import,2026-06-05 19:23:57.665907+00:00
2453,688561,-2.194940,excel_import,2026-06-05 19:23:57.666753+00:00
2454,688562,-0.814901,excel_import,2026-06-05 19:23:57.667757+00:00
2455,688563,-0.646425,excel_import,2026-06-05 19:23:57.668884+00:00
2456,688565,-1.642336,excel_import,2026-06-05 19:23:57.669836+00:00
2457,688566,-1.643287,excel_import,2026-06-05 19:23:57.670851+00:00
2458,688567,-4.834996,excel_import,2026-06-05 19:23:57.672229+00:00
2459,688568,0.458415,excel_import,2026-06-05 19:23:57.673339+00:00
2460,688569,-2.790943,excel_import,2026-06-05 19:23:57.674276+00:00
2461,688570,-0.619195,excel_import,2026-06-05 19:23:57.675111+00:00
2464,688575,-1.644101,excel_import,2026-06-05 19:23:57.678330+00:00
2465,688576,-3.544128,excel_import,2026-06-05 19:23:57.679536+00:00
2466,688577,0.256849,excel_import,2026-06-05 19:23:57.680772+00:00
2467,688578,-2.670350,excel_import,2026-06-05 19:23:57.681623+00:00
2468,688579,-1.127396,excel_import,2026-06-05 19:23:57.682423+00:00
2469,688580,-1.474813,excel_import,2026-06-05 19:23:57.683225+00:00
2470,688581,-0.813155,excel_import,2026-06-05 19:23:57.684479+00:00
2471,688582,-2.231853,excel_import,2026-06-05 19:23:57.689994+00:00
2473,688584,2.868852,excel_import,2026-06-05 19:23:57.692767+00:00
2474,688585,3.575832,excel_import,2026-06-05 19:23:57.694211+00:00
2475,688586,-3.074671,excel_import,2026-06-05 19:23:57.695581+00:00
2476,688588,-1.720841,excel_import,2026-06-05 19:23:57.697262+00:00
2477,688589,-1.295585,excel_import,2026-06-05 19:23:57.698459+00:00
2478,688590,-1.578192,excel_import,2026-06-05 19:23:57.699489+00:00
2479,688591,-2.928212,excel_import,2026-06-05 19:23:57.700792+00:00
2480,688592,-0.079830,excel_import,2026-06-05 19:23:57.702147+00:00
2481,688593,1.456175,excel_import,2026-06-05 19:23:57.703371+00:00
2482,688595,6.762240,excel_import,2026-06-05 19:23:57.705134+00:00
2483,688596,-0.935794,excel_import,2026-06-05 19:23:57.706344+00:00
2484,688597,6.363636,excel_import,2026-06-05 19:23:57.707711+00:00
2485,688598,-0.131105,excel_import,2026-06-05 19:23:57.708990+00:00
2486,688599,-2.096011,excel_import,2026-06-05 19:23:57.710055+00:00
2487,688600,-6.234502,excel_import,2026-06-05 19:23:57.711064+00:00
2488,688601,2.593819,excel_import,2026-06-05 19:23:57.712551+00:00
2489,688602,0.143266,excel_import,2026-06-05 19:23:57.714268+00:00
2490,688603,-2.330887,excel_import,2026-06-05 19:23:57.715321+00:00
2492,688606,-1.909793,excel_import,2026-06-05 19:23:57.717773+00:00
2493,688607,3.790192,excel_import,2026-06-05 19:23:57.719289+00:00
2494,688608,-0.331451,excel_import,2026-06-05 19:23:57.721049+00:00
2495,688609,0.950735,excel_import,2026-06-05 19:23:57.722736+00:00
2496,688610,3.838090,excel_import,2026-06-05 19:23:57.723878+00:00
2497,688611,0.935441,excel_import,2026-06-05 19:23:57.724828+00:00
2498,688612,1.765517,excel_import,2026-06-05 19:23:57.726012+00:00
2499,688613,-0.597729,excel_import,2026-06-05 19:23:57.727358+00:00
2500,688615,-3.443989,excel_import,2026-06-05 19:23:57.728610+00:00
2501,688616,-0.413223,excel_import,2026-06-05 19:23:57.730343+00:00
2502,688617,-3.454885,excel_import,2026-06-05 19:23:57.731757+00:00
2503,688618,1.180638,excel_import,2026-06-05 19:23:57.733173+00:00
2504,688619,-4.681546,excel_import,2026-06-05 19:23:57.734775+00:00
2505,688620,0.424809,excel_import,2026-06-05 19:23:57.739056+00:00
2506,688621,3.906100,excel_import,2026-06-05 19:23:57.740534+00:00
2507,688622,4.715296,excel_import,2026-06-05 19:23:57.741717+00:00
2508,688623,-4.882890,excel_import,2026-06-05 19:23:57.743267+00:00
2509,688625,9.409539,excel_import,2026-06-05 19:23:57.744455+00:00
2511,688627,2.099428,excel_import,2026-06-05 19:23:57.746937+00:00
2512,688628,1.850084,excel_import,2026-06-05 19:23:57.747988+00:00
2513,688629,-1.493836,excel_import,2026-06-05 19:23:57.748882+00:00
2514,688630,3.736202,excel_import,2026-06-05 19:23:57.749765+00:00
2515,688631,0.064103,excel_import,2026-06-05 19:23:57.750797+00:00
2516,688633,-1.653171,excel_import,2026-06-05 19:23:57.752047+00:00
2517,688635,10.145663,excel_import,2026-06-05 19:23:57.753368+00:00
2518,688636,-1.604278,excel_import,2026-06-05 19:23:57.754670+00:00
2519,688638,-2.383592,excel_import,2026-06-05 19:23:57.756157+00:00
2520,688639,-3.287428,excel_import,2026-06-05 19:23:57.757280+00:00
2521,688646,1.129032,excel_import,2026-06-05 19:23:57.758403+00:00
2522,688648,-1.044054,excel_import,2026-06-05 19:23:57.759505+00:00
2523,688651,-1.837716,excel_import,2026-06-05 19:23:57.760907+00:00
2524,688652,0.657744,excel_import,2026-06-05 19:23:57.762129+00:00
2525,688653,0.998573,excel_import,2026-06-05 19:23:57.763742+00:00
2526,688655,20.008183,excel_import,2026-06-05 19:23:57.765037+00:00
2527,688656,-3.641769,excel_import,2026-06-05 19:23:57.766436+00:00
2528,688657,0.328947,excel_import,2026-06-05 19:23:57.767750+00:00
2530,688659,-1.363194,excel_import,2026-06-05 19:23:57.770531+00:00
2531,688660,-0.988142,excel_import,2026-06-05 19:23:57.771958+00:00
2532,688661,15.206964,excel_import,2026-06-05 19:23:57.772993+00:00
2533,688662,-2.352941,excel_import,2026-06-05 19:23:57.773935+00:00
2534,688663,5.211252,excel_import,2026-06-05 19:23:57.774960+00:00
2535,688665,-0.710760,excel_import,2026-06-05 19:23:57.776194+00:00
2536,688667,-3.446790,excel_import,2026-06-05 19:23:57.777482+00:00
2537,688668,4.231380,excel_import,2026-06-05 19:23:57.778821+00:00
2538,688669,5.226994,excel_import,2026-06-05 19:23:57.780250+00:00
2539,688670,-2.706027,excel_import,2026-06-05 19:23:57.781346+00:00
2540,688671,3.194765,excel_import,2026-06-05 19:23:57.782307+00:00
2541,688676,-0.270130,excel_import,2026-06-05 19:23:57.783238+00:00
2542,688677,-1.599677,excel_import,2026-06-05 19:23:57.784291+00:00
2543,688678,2.597403,excel_import,2026-06-05 19:23:57.785301+00:00
2544,688679,0.473020,excel_import,2026-06-05 19:23:57.786530+00:00
2545,688680,-0.212314,excel_import,2026-06-05 19:23:57.787939+00:00
2546,688681,-1.186240,excel_import,2026-06-05 19:23:57.789234+00:00
2547,688682,0.277778,excel_import,2026-06-05 19:23:57.790293+00:00
2549,688685,-1.657017,excel_import,2026-06-05 19:23:57.792542+00:00
2550,688686,1.745276,excel_import,2026-06-05 19:23:57.793806+00:00
2551,688687,-1.191185,excel_import,2026-06-05 19:23:57.794933+00:00
2552,688689,2.536888,excel_import,2026-06-05 19:23:57.796291+00:00
2553,688690,3.291457,excel_import,2026-06-05 19:23:57.797512+00:00
2554,688691,1.077476,excel_import,2026-06-05 19:23:57.798552+00:00
2555,688692,-6.779717,excel_import,2026-06-05 19:23:57.799545+00:00
2556,688693,3.123498,excel_import,2026-06-05 19:23:57.800520+00:00
2557,688695,-2.248738,excel_import,2026-06-05 19:23:57.801647+00:00
2558,688696,-0.560972,excel_import,2026-06-05 19:23:57.802795+00:00
2559,688697,0.096479,excel_import,2026-06-05 19:23:57.803917+00:00
2560,688698,-0.570020,excel_import,2026-06-05 19:23:57.805417+00:00
2561,688699,-0.942761,excel_import,2026-06-05 19:23:57.806545+00:00
2562,688700,0.846181,excel_import,2026-06-05 19:23:57.807593+00:00
2563,688701,-2.176166,excel_import,2026-06-05 19:23:57.808831+00:00
2564,688702,4.662549,excel_import,2026-06-05 19:23:57.810464+00:00
2565,688707,-2.130407,excel_import,2026-06-05 19:23:57.812006+00:00
2566,688708,2.373887,excel_import,2026-06-05 19:23:57.814283+00:00
2568,688710,1.869482,excel_import,2026-06-05 19:23:57.816971+00:00
2463,688573,-2.692308,excel_import,2026-06-05 19:23:57.677395+00:00
2571,688716,-0.658307,excel_import,2026-06-05 19:23:57.820945+00:00
2572,688717,-1.738318,excel_import,2026-06-05 19:23:57.822413+00:00
2573,688718,-2.423052,excel_import,2026-06-05 19:23:57.823539+00:00
2574,688719,11.567217,excel_import,2026-06-05 19:23:57.824424+00:00
2575,688720,3.792070,excel_import,2026-06-05 19:23:57.825325+00:00
2576,688721,0.314161,excel_import,2026-06-05 19:23:57.826422+00:00
2577,688722,-0.253004,excel_import,2026-06-05 19:23:57.827455+00:00
2578,688726,0.439445,excel_import,2026-06-05 19:23:57.828750+00:00
2579,688727,0.786290,excel_import,2026-06-05 19:23:57.830265+00:00
2580,688728,0.440852,excel_import,2026-06-05 19:23:57.831171+00:00
2582,688733,-3.440188,excel_import,2026-06-05 19:23:57.832820+00:00
2583,688737,-1.227723,excel_import,2026-06-05 19:23:57.833785+00:00
2584,688739,-1.363423,excel_import,2026-06-05 19:23:57.834865+00:00
2585,688750,-1.452644,excel_import,2026-06-05 19:23:57.835978+00:00
2586,688755,-2.592890,excel_import,2026-06-05 19:23:57.837079+00:00
2587,688757,-1.879896,excel_import,2026-06-05 19:23:57.838533+00:00
2588,688758,-2.735230,excel_import,2026-06-05 19:23:57.839403+00:00
2589,688759,-1.563858,excel_import,2026-06-05 19:23:57.840254+00:00
2590,688765,-1.984763,excel_import,2026-06-05 19:23:57.841108+00:00
2591,688766,0.529527,excel_import,2026-06-05 19:23:57.842055+00:00
2592,688767,-2.753247,excel_import,2026-06-05 19:23:57.843269+00:00
2593,688768,3.163550,excel_import,2026-06-05 19:23:57.844427+00:00
2594,688772,0.000000,excel_import,2026-06-05 19:23:57.845660+00:00
2595,688775,4.582210,excel_import,2026-06-05 19:23:57.847348+00:00
2596,688776,1.073571,excel_import,2026-06-05 19:23:57.848220+00:00
2597,688777,-1.849293,excel_import,2026-06-05 19:23:57.849048+00:00
2598,688778,-1.432806,excel_import,2026-06-05 19:23:57.849911+00:00
2599,688779,-0.694444,excel_import,2026-06-05 19:23:57.850879+00:00
2601,688783,3.850676,excel_import,2026-06-05 19:23:57.853197+00:00
2602,688785,1.489073,excel_import,2026-06-05 19:23:57.854398+00:00
2603,688786,0.550000,excel_import,2026-06-05 19:23:57.855754+00:00
2604,688787,0.083460,excel_import,2026-06-05 19:23:57.856927+00:00
2605,688788,0.706311,excel_import,2026-06-05 19:23:57.857929+00:00
2606,688789,-2.347596,excel_import,2026-06-05 19:23:57.858898+00:00
2607,688790,2.737520,excel_import,2026-06-05 19:23:57.860235+00:00
2608,688793,-1.932367,excel_import,2026-06-05 19:23:57.861189+00:00
2609,688795,8.346853,excel_import,2026-06-05 19:23:57.862275+00:00
2610,688796,-0.330033,excel_import,2026-06-05 19:23:57.863720+00:00
2611,688798,-0.068353,excel_import,2026-06-05 19:23:57.864605+00:00
2612,688799,0.811966,excel_import,2026-06-05 19:23:57.865503+00:00
2613,688800,4.778271,excel_import,2026-06-05 19:23:57.866380+00:00
2614,688802,14.006662,excel_import,2026-06-05 19:23:57.867381+00:00
2615,688805,3.396790,excel_import,2026-06-05 19:23:57.868461+00:00
2616,688807,9.968335,excel_import,2026-06-05 19:23:57.869595+00:00
2617,688808,7.741935,excel_import,2026-06-05 19:23:57.870787+00:00
2618,688809,3.308086,excel_import,2026-06-05 19:23:57.872197+00:00
2620,688813,1.267692,excel_import,2026-06-05 19:23:57.874340+00:00
2621,688816,-0.979618,excel_import,2026-06-05 19:23:57.875349+00:00
2622,688818,4.955779,excel_import,2026-06-05 19:23:57.876501+00:00
2623,688819,-0.813008,excel_import,2026-06-05 19:23:57.877581+00:00
2624,688820,3.563906,excel_import,2026-06-05 19:23:57.878847+00:00
2625,688981,1.147343,excel_import,2026-06-05 19:23:57.880105+00:00
2626,689009,-2.484144,excel_import,2026-06-05 19:23:57.881510+00:00
2627,000001,-0.812274,excel_import,2026-06-05 19:23:57.882430+00:00
2628,000002,-3.244838,excel_import,2026-06-05 19:23:57.883468+00:00
2629,000006,-4.067797,excel_import,2026-06-05 19:23:57.884541+00:00
2630,000007,-0.909091,excel_import,2026-06-05 19:23:57.885722+00:00
2631,000008,1.162791,excel_import,2026-06-05 19:23:57.886870+00:00
2632,000009,-1.771117,excel_import,2026-06-05 19:23:57.888250+00:00
2633,000010,-5.172414,excel_import,2026-06-05 19:23:57.889374+00:00
2634,000011,-1.747312,excel_import,2026-06-05 19:23:57.890418+00:00
2635,000012,0.243902,excel_import,2026-06-05 19:23:57.891662+00:00
2636,000014,-1.553931,excel_import,2026-06-05 19:23:57.892957+00:00
2637,000016,-0.890208,excel_import,2026-06-05 19:23:57.894091+00:00
2639,000019,-0.304878,excel_import,2026-06-05 19:23:57.896646+00:00
2640,000020,-1.270850,excel_import,2026-06-05 19:23:57.897787+00:00
2641,000021,3.012372,excel_import,2026-06-05 19:23:57.898723+00:00
2642,000025,0.331785,excel_import,2026-06-05 19:23:57.899615+00:00
2643,000026,-0.044663,excel_import,2026-06-05 19:23:57.900547+00:00
2644,000027,-0.748130,excel_import,2026-06-05 19:23:57.901701+00:00
2645,000028,-1.068833,excel_import,2026-06-05 19:23:57.902764+00:00
2646,000029,-0.170213,excel_import,2026-06-05 19:23:57.903846+00:00
2647,000030,-1.498929,excel_import,2026-06-05 19:23:57.905180+00:00
2648,000031,-3.260870,excel_import,2026-06-05 19:23:57.906254+00:00
2649,000032,-0.499376,excel_import,2026-06-05 19:23:57.907130+00:00
2650,000034,-1.804223,excel_import,2026-06-05 19:23:57.908116+00:00
2651,000035,1.721170,excel_import,2026-06-05 19:23:57.909186+00:00
2652,000036,-0.978474,excel_import,2026-06-05 19:23:57.910299+00:00
2653,000037,-1.082431,excel_import,2026-06-05 19:23:57.911387+00:00
2654,000039,0.763359,excel_import,2026-06-05 19:23:57.912632+00:00
2655,000042,1.330604,excel_import,2026-06-05 19:23:57.914063+00:00
2656,000045,0.355556,excel_import,2026-06-05 19:23:57.915212+00:00
2658,000049,-0.433583,excel_import,2026-06-05 19:23:57.917101+00:00
2659,000050,0.755668,excel_import,2026-06-05 19:23:57.918218+00:00
2660,000055,-6.205251,excel_import,2026-06-05 19:23:57.919333+00:00
2661,000056,1.829268,excel_import,2026-06-05 19:23:57.920517+00:00
2662,000058,1.402525,excel_import,2026-06-05 19:23:57.922027+00:00
2663,000059,1.461378,excel_import,2026-06-05 19:23:57.923073+00:00
2664,000060,4.209184,excel_import,2026-06-05 19:23:57.924043+00:00
2665,000061,-0.315457,excel_import,2026-06-05 19:23:57.925053+00:00
2666,000062,-2.028640,excel_import,2026-06-05 19:23:57.926177+00:00
2667,000063,0.385675,excel_import,2026-06-05 19:23:57.927357+00:00
2668,000065,2.784810,excel_import,2026-06-05 19:23:57.928450+00:00
2669,000066,-0.276396,excel_import,2026-06-05 19:23:57.929938+00:00
2670,000068,-0.923077,excel_import,2026-06-05 19:23:57.931439+00:00
2671,000069,-2.000000,excel_import,2026-06-05 19:23:57.932655+00:00
2672,000070,1.803833,excel_import,2026-06-05 19:23:57.934010+00:00
2673,000078,-3.783784,excel_import,2026-06-05 19:23:57.935243+00:00
2674,000088,-0.892857,excel_import,2026-06-05 19:23:57.936527+00:00
2675,000089,-2.932551,excel_import,2026-06-05 19:23:57.938289+00:00
2678,000099,-1.403957,excel_import,2026-06-05 19:23:57.942093+00:00
2679,000100,6.997743,excel_import,2026-06-05 19:23:57.943295+00:00
2680,000151,2.137067,excel_import,2026-06-05 19:23:57.944500+00:00
2681,000153,-1.225919,excel_import,2026-06-05 19:23:57.945662+00:00
2682,000155,-0.142653,excel_import,2026-06-05 19:23:57.947033+00:00
2683,000156,-1.867816,excel_import,2026-06-05 19:23:57.948182+00:00
2684,000157,1.825843,excel_import,2026-06-05 19:23:57.949468+00:00
2685,000158,-1.426719,excel_import,2026-06-05 19:23:57.950640+00:00
2686,000159,2.235469,excel_import,2026-06-05 19:23:57.951823+00:00
2687,000166,-1.121076,excel_import,2026-06-05 19:23:57.952910+00:00
2688,000301,-2.302632,excel_import,2026-06-05 19:23:57.954058+00:00
2689,000333,0.012107,excel_import,2026-06-05 19:23:57.955393+00:00
2690,000338,0.155183,excel_import,2026-06-05 19:23:57.956351+00:00
2691,000400,-2.373775,excel_import,2026-06-05 19:23:57.957346+00:00
2693,000402,-2.295082,excel_import,2026-06-05 19:23:57.959501+00:00
2694,000403,4.600484,excel_import,2026-06-05 19:23:57.961050+00:00
2695,000404,-2.060606,excel_import,2026-06-05 19:23:57.962197+00:00
2696,000407,-0.697674,excel_import,2026-06-05 19:23:57.963567+00:00
2697,000408,0.832913,excel_import,2026-06-05 19:23:57.964575+00:00
2698,000409,-0.414079,excel_import,2026-06-05 19:23:57.965472+00:00
2699,000410,-0.566038,excel_import,2026-06-05 19:23:57.966392+00:00
2700,000411,-2.154101,excel_import,2026-06-05 19:23:57.967476+00:00
2701,000415,-1.990050,excel_import,2026-06-05 19:23:57.968495+00:00
2702,000417,1.432292,excel_import,2026-06-05 19:23:57.969602+00:00
2703,000419,-2.111324,excel_import,2026-06-05 19:23:57.970638+00:00
2704,000420,3.211009,excel_import,2026-06-05 19:23:57.972054+00:00
2705,000421,-1.011804,excel_import,2026-06-05 19:23:57.973182+00:00
2706,000422,-2.347084,excel_import,2026-06-05 19:23:57.974223+00:00
2707,000423,-2.084574,excel_import,2026-06-05 19:23:57.975191+00:00
2708,000425,-3.102378,excel_import,2026-06-05 19:23:57.976302+00:00
2709,000426,-2.071212,excel_import,2026-06-05 19:23:57.977351+00:00
2710,000428,-2.203857,excel_import,2026-06-05 19:23:57.978477+00:00
2712,000430,1.715686,excel_import,2026-06-05 19:23:57.981416+00:00
2713,000488,-2.631579,excel_import,2026-06-05 19:23:57.982419+00:00
2714,000498,-1.506591,excel_import,2026-06-05 19:23:57.983546+00:00
2715,000501,-2.748691,excel_import,2026-06-05 19:23:57.984885+00:00
2716,000503,-1.815642,excel_import,2026-06-05 19:23:57.986091+00:00
2717,000504,-1.973001,excel_import,2026-06-05 19:23:57.987176+00:00
2718,000505,-0.674536,excel_import,2026-06-05 19:23:57.988602+00:00
2719,000506,-1.936376,excel_import,2026-06-05 19:23:57.989687+00:00
2720,000507,0.379507,excel_import,2026-06-05 19:23:57.990584+00:00
2721,000509,-5.048544,excel_import,2026-06-05 19:23:57.991472+00:00
2722,000510,-2.042901,excel_import,2026-06-05 19:23:57.992522+00:00
2723,000513,-1.163919,excel_import,2026-06-05 19:23:57.993813+00:00
2724,000514,-0.666667,excel_import,2026-06-05 19:23:57.995127+00:00
2725,000516,-1.179245,excel_import,2026-06-05 19:23:57.996986+00:00
2726,000517,-2.604167,excel_import,2026-06-05 19:23:57.998007+00:00
2727,000518,10.084034,excel_import,2026-06-05 19:23:57.998962+00:00
2728,000519,4.065878,excel_import,2026-06-05 19:23:57.999869+00:00
2729,000520,0.000000,excel_import,2026-06-05 19:23:58.000979+00:00
2731,000523,-1.851852,excel_import,2026-06-05 19:23:58.003137+00:00
2732,000524,-0.431499,excel_import,2026-06-05 19:23:58.004533+00:00
2733,000525,-2.845528,excel_import,2026-06-05 19:23:58.005796+00:00
2734,000526,-4.084458,excel_import,2026-06-05 19:23:58.006786+00:00
2735,000528,-1.224944,excel_import,2026-06-05 19:23:58.007750+00:00
2736,000529,-1.562500,excel_import,2026-06-05 19:23:58.008837+00:00
2737,000530,1.120000,excel_import,2026-06-05 19:23:58.010229+00:00
2738,000531,1.155327,excel_import,2026-06-05 19:23:58.011395+00:00
2739,000532,-3.634895,excel_import,2026-06-05 19:23:58.012478+00:00
2740,000533,-2.955665,excel_import,2026-06-05 19:23:58.014003+00:00
2741,000534,-1.752150,excel_import,2026-06-05 19:23:58.015158+00:00
2742,000536,-2.088773,excel_import,2026-06-05 19:23:58.016171+00:00
2743,000537,1.561065,excel_import,2026-06-05 19:23:58.017317+00:00
2744,000538,-0.626769,excel_import,2026-06-05 19:23:58.018613+00:00
2745,000539,2.957284,excel_import,2026-06-05 19:23:58.019972+00:00
2746,000541,0.000000,excel_import,2026-06-05 19:23:58.021316+00:00
2747,000543,0.732984,excel_import,2026-06-05 19:23:58.022682+00:00
2748,000544,-0.617284,excel_import,2026-06-05 19:23:58.023645+00:00
2750,000546,-0.922509,excel_import,2026-06-05 19:23:58.025730+00:00
2751,000547,0.599101,excel_import,2026-06-05 19:23:58.027141+00:00
2752,000548,-1.859504,excel_import,2026-06-05 19:23:58.028587+00:00
2753,000550,2.585194,excel_import,2026-06-05 19:23:58.030433+00:00
2754,000551,-0.841424,excel_import,2026-06-05 19:23:58.031312+00:00
2755,000552,1.398601,excel_import,2026-06-05 19:23:58.032344+00:00
2756,000553,0.159744,excel_import,2026-06-05 19:23:58.033297+00:00
2757,000554,2.773723,excel_import,2026-06-05 19:23:58.034429+00:00
2758,000555,0.465839,excel_import,2026-06-05 19:23:58.035487+00:00
2759,000557,-0.947867,excel_import,2026-06-05 19:23:58.036530+00:00
2760,000558,-2.412869,excel_import,2026-06-05 19:23:58.038073+00:00
2761,000559,-1.540522,excel_import,2026-06-05 19:23:58.039280+00:00
2762,000560,-1.470588,excel_import,2026-06-05 19:23:58.040174+00:00
2763,000561,-0.858896,excel_import,2026-06-05 19:23:58.040990+00:00
2764,000563,-1.000000,excel_import,2026-06-05 19:23:58.041866+00:00
2765,000564,-1.775148,excel_import,2026-06-05 19:23:58.043264+00:00
2766,000565,0.294551,excel_import,2026-06-05 19:23:58.044461+00:00
2767,000566,0.000000,excel_import,2026-06-05 19:23:58.045565+00:00
2769,000568,-1.073446,excel_import,2026-06-05 19:23:58.048312+00:00
2770,000570,0.719424,excel_import,2026-06-05 19:23:58.049188+00:00
2771,000571,3.750000,excel_import,2026-06-05 19:23:58.050138+00:00
2772,000572,-1.106195,excel_import,2026-06-05 19:23:58.051232+00:00
2773,000573,-1.401869,excel_import,2026-06-05 19:23:58.052658+00:00
2774,000576,-0.531208,excel_import,2026-06-05 19:23:58.053984+00:00
2775,000581,-1.298701,excel_import,2026-06-05 19:23:58.055453+00:00
2776,000582,6.120996,excel_import,2026-06-05 19:23:58.056499+00:00
2777,000586,-1.135006,excel_import,2026-06-05 19:23:58.057580+00:00
2778,000589,-1.470588,excel_import,2026-06-05 19:23:58.058630+00:00
2779,000590,-1.483680,excel_import,2026-06-05 19:23:58.059784+00:00
2780,000591,-2.284710,excel_import,2026-06-05 19:23:58.060976+00:00
2781,000592,-1.792115,excel_import,2026-06-05 19:23:58.062025+00:00
2782,000593,-0.240848,excel_import,2026-06-05 19:23:58.064316+00:00
2677,000096,-0.239521,excel_import,2026-06-05 19:23:57.940978+00:00
2786,000598,-1.255230,excel_import,2026-06-05 19:23:58.068812+00:00
2787,000599,0.584795,excel_import,2026-06-05 19:23:58.070056+00:00
2788,000600,7.512953,excel_import,2026-06-05 19:23:58.071569+00:00
2789,000601,3.448276,excel_import,2026-06-05 19:23:58.072622+00:00
2790,000603,-1.605288,excel_import,2026-06-05 19:23:58.073549+00:00
2791,000605,-1.721440,excel_import,2026-06-05 19:23:58.074370+00:00
2792,000607,-1.111111,excel_import,2026-06-05 19:23:58.075265+00:00
2793,000608,-3.734440,excel_import,2026-06-05 19:23:58.076137+00:00
2794,000609,-3.364632,excel_import,2026-06-05 19:23:58.077111+00:00
2795,000610,-0.393185,excel_import,2026-06-05 19:23:58.077989+00:00
2796,000612,-0.981997,excel_import,2026-06-05 19:23:58.078849+00:00
2797,000615,-2.406417,excel_import,2026-06-05 19:23:58.080322+00:00
2798,000617,-1.540436,excel_import,2026-06-05 19:23:58.081177+00:00
2799,000619,-1.960784,excel_import,2026-06-05 19:23:58.082067+00:00
2800,000620,1.056338,excel_import,2026-06-05 19:23:58.082894+00:00
2801,000623,-0.461627,excel_import,2026-06-05 19:23:58.084070+00:00
2802,000625,-3.546099,excel_import,2026-06-05 19:23:58.085173+00:00
2804,000628,0.799851,excel_import,2026-06-05 19:23:58.087417+00:00
2805,000629,0.291545,excel_import,2026-06-05 19:23:58.089136+00:00
2806,000630,-0.141243,excel_import,2026-06-05 19:23:58.090072+00:00
2807,000631,-1.173021,excel_import,2026-06-05 19:23:58.090897+00:00
2808,000632,-4.186047,excel_import,2026-06-05 19:23:58.091767+00:00
2809,000633,-1.757469,excel_import,2026-06-05 19:23:58.092740+00:00
2810,000635,-0.842697,excel_import,2026-06-05 19:23:58.093793+00:00
2811,000636,1.051577,excel_import,2026-06-05 19:23:58.094817+00:00
2812,000637,1.635514,excel_import,2026-06-05 19:23:58.096119+00:00
2813,000639,-4.320988,excel_import,2026-06-05 19:23:58.097373+00:00
2814,000650,-0.929368,excel_import,2026-06-05 19:23:58.098316+00:00
2815,000651,-0.050607,excel_import,2026-06-05 19:23:58.099905+00:00
2816,000652,-1.866667,excel_import,2026-06-05 19:23:58.101060+00:00
2817,000655,0.000000,excel_import,2026-06-05 19:23:58.102257+00:00
2818,000656,-1.369863,excel_import,2026-06-05 19:23:58.103290+00:00
2819,000657,7.818373,excel_import,2026-06-05 19:23:58.104480+00:00
2820,000659,-1.023018,excel_import,2026-06-05 19:23:58.105614+00:00
2821,000661,-2.804912,excel_import,2026-06-05 19:23:58.106474+00:00
2823,000665,-2.325581,excel_import,2026-06-05 19:23:58.108240+00:00
2824,000668,2.023871,excel_import,2026-06-05 19:23:58.109193+00:00
2825,000669,-3.890160,excel_import,2026-06-05 19:23:58.110269+00:00
2826,000670,1.034483,excel_import,2026-06-05 19:23:58.111401+00:00
2827,000672,1.675978,excel_import,2026-06-05 19:23:58.112415+00:00
2828,000676,-2.529511,excel_import,2026-06-05 19:23:58.113752+00:00
2829,000677,-3.619910,excel_import,2026-06-05 19:23:58.114546+00:00
2830,000678,-1.973684,excel_import,2026-06-05 19:23:58.115371+00:00
2831,000679,-2.157165,excel_import,2026-06-05 19:23:58.116354+00:00
2832,000680,-1.546861,excel_import,2026-06-05 19:23:58.117425+00:00
2833,000681,-1.207417,excel_import,2026-06-05 19:23:58.118576+00:00
2834,000682,-1.244510,excel_import,2026-06-05 19:23:58.119665+00:00
2835,000683,0.000000,excel_import,2026-06-05 19:23:58.120729+00:00
2836,000685,-0.793651,excel_import,2026-06-05 19:23:58.121964+00:00
2837,000686,0.000000,excel_import,2026-06-05 19:23:58.123216+00:00
2838,000688,1.833678,excel_import,2026-06-05 19:23:58.124046+00:00
2839,000690,-1.358234,excel_import,2026-06-05 19:23:58.124891+00:00
2840,000691,2.870264,excel_import,2026-06-05 19:23:58.125948+00:00
2842,000695,-1.623816,excel_import,2026-06-05 19:23:58.128133+00:00
2843,000697,-2.605042,excel_import,2026-06-05 19:23:58.129117+00:00
2844,000698,-0.852273,excel_import,2026-06-05 19:23:58.130486+00:00
2845,000700,10.019907,excel_import,2026-06-05 19:23:58.131460+00:00
2846,000701,-1.745201,excel_import,2026-06-05 19:23:58.132492+00:00
2847,000702,-2.317881,excel_import,2026-06-05 19:23:58.133443+00:00
2848,000703,2.583587,excel_import,2026-06-05 19:23:58.134357+00:00
2849,000705,-1.994302,excel_import,2026-06-05 19:23:58.135142+00:00
2850,000707,0.201613,excel_import,2026-06-05 19:23:58.135913+00:00
2851,000708,-1.721664,excel_import,2026-06-05 19:23:58.136928+00:00
2852,000709,-1.339286,excel_import,2026-06-05 19:23:58.138274+00:00
2853,000710,-1.949541,excel_import,2026-06-05 19:23:58.139323+00:00
2854,000711,2.272727,excel_import,2026-06-05 19:23:58.140159+00:00
2855,000712,-10.009099,excel_import,2026-06-05 19:23:58.140976+00:00
2856,000713,0.168067,excel_import,2026-06-05 19:23:58.141822+00:00
2857,000715,-1.156069,excel_import,2026-06-05 19:23:58.142877+00:00
2858,000716,-7.095710,excel_import,2026-06-05 19:23:58.143958+00:00
2859,000717,-2.212389,excel_import,2026-06-05 19:23:58.145033+00:00
2861,000719,2.811550,excel_import,2026-06-05 19:23:58.147523+00:00
2862,000720,1.478743,excel_import,2026-06-05 19:23:58.148385+00:00
2863,000721,-1.834862,excel_import,2026-06-05 19:23:58.149212+00:00
2864,000722,3.544776,excel_import,2026-06-05 19:23:58.150062+00:00
2865,000723,0.913242,excel_import,2026-06-05 19:23:58.151102+00:00
2866,000725,2.193784,excel_import,2026-06-05 19:23:58.152037+00:00
2867,000726,-1.639344,excel_import,2026-06-05 19:23:58.153007+00:00
2868,000727,-2.013423,excel_import,2026-06-05 19:23:58.154053+00:00
2869,000728,-0.835655,excel_import,2026-06-05 19:23:58.155418+00:00
2870,000729,-3.733122,excel_import,2026-06-05 19:23:58.156740+00:00
2871,000731,0.000000,excel_import,2026-06-05 19:23:58.158135+00:00
2872,000733,-0.332717,excel_import,2026-06-05 19:23:58.159039+00:00
2873,000735,-0.920810,excel_import,2026-06-05 19:23:58.160087+00:00
2874,000736,0.186220,excel_import,2026-06-05 19:23:58.161121+00:00
2875,000737,-1.324503,excel_import,2026-06-05 19:23:58.162142+00:00
2876,000738,-0.320000,excel_import,2026-06-05 19:23:58.164816+00:00
2877,000739,0.000000,excel_import,2026-06-05 19:23:58.167604+00:00
2878,000750,-1.078167,excel_import,2026-06-05 19:23:58.169783+00:00
2880,000752,-0.869565,excel_import,2026-06-05 19:23:58.174133+00:00
2881,000753,-1.298701,excel_import,2026-06-05 19:23:58.175970+00:00
2882,000755,1.121495,excel_import,2026-06-05 19:23:58.177852+00:00
2883,000756,-2.230483,excel_import,2026-06-05 19:23:58.180120+00:00
2884,000757,-0.248756,excel_import,2026-06-05 19:23:58.181834+00:00
2885,000758,2.919708,excel_import,2026-06-05 19:23:58.183598+00:00
2886,000759,-1.877133,excel_import,2026-06-05 19:23:58.185013+00:00
2887,000761,-0.784314,excel_import,2026-06-05 19:23:58.186196+00:00
2888,000762,0.617920,excel_import,2026-06-05 19:23:58.187264+00:00
2889,000766,-2.818069,excel_import,2026-06-05 19:23:58.188628+00:00
2890,000767,-0.654664,excel_import,2026-06-05 19:23:58.189607+00:00
2785,000597,-1.960784,excel_import,2026-06-05 19:23:58.067691+00:00
2893,000777,0.519931,excel_import,2026-06-05 19:23:58.193652+00:00
2894,000778,-1.834862,excel_import,2026-06-05 19:23:58.194839+00:00
2895,000779,-0.402685,excel_import,2026-06-05 19:23:58.196213+00:00
2896,000782,0.269179,excel_import,2026-06-05 19:23:58.198724+00:00
2897,000783,0.382653,excel_import,2026-06-05 19:23:58.201797+00:00
2898,000785,-3.292181,excel_import,2026-06-05 19:23:58.204459+00:00
2899,000786,0.000000,excel_import,2026-06-05 19:23:58.207257+00:00
2900,000788,-2.782931,excel_import,2026-06-05 19:23:58.208779+00:00
2901,000789,-1.739130,excel_import,2026-06-05 19:23:58.209987+00:00
2902,000790,-2.072539,excel_import,2026-06-05 19:23:58.211038+00:00
2904,000792,-0.362438,excel_import,2026-06-05 19:23:58.213701+00:00
2905,000793,-2.343750,excel_import,2026-06-05 19:23:58.214675+00:00
2906,000795,2.491506,excel_import,2026-06-05 19:23:58.215681+00:00
2907,000796,0.219780,excel_import,2026-06-05 19:23:58.216826+00:00
2908,000797,-2.692308,excel_import,2026-06-05 19:23:58.218062+00:00
2909,000798,-1.440576,excel_import,2026-06-05 19:23:58.219250+00:00
2910,000799,1.291028,excel_import,2026-06-05 19:23:58.220335+00:00
2911,000800,-0.325733,excel_import,2026-06-05 19:23:58.221737+00:00
2912,000801,1.875000,excel_import,2026-06-05 19:23:58.222755+00:00
2913,000802,-6.981132,excel_import,2026-06-05 19:23:58.223889+00:00
2914,000803,-1.647655,excel_import,2026-06-05 19:23:58.224958+00:00
2915,000807,0.660284,excel_import,2026-06-05 19:23:58.225943+00:00
2916,000809,-2.184466,excel_import,2026-06-05 19:23:58.226890+00:00
2917,000810,-0.877963,excel_import,2026-06-05 19:23:58.227769+00:00
2918,000811,2.418575,excel_import,2026-06-05 19:23:58.228738+00:00
2919,000812,-0.806452,excel_import,2026-06-05 19:23:58.230266+00:00
2920,000813,-2.760736,excel_import,2026-06-05 19:23:58.231200+00:00
2921,000815,0.311139,excel_import,2026-06-05 19:23:58.232071+00:00
2923,000818,-0.777935,excel_import,2026-06-05 19:23:58.234025+00:00
2924,000819,-1.010782,excel_import,2026-06-05 19:23:58.235241+00:00
2925,000820,-5.121294,excel_import,2026-06-05 19:23:58.236575+00:00
2926,000821,-2.869757,excel_import,2026-06-05 19:23:58.238166+00:00
2927,000822,-0.813008,excel_import,2026-06-05 19:23:58.239232+00:00
2928,000823,4.685573,excel_import,2026-06-05 19:23:58.240117+00:00
2929,000825,0.775194,excel_import,2026-06-05 19:23:58.241018+00:00
2930,000826,-3.030303,excel_import,2026-06-05 19:23:58.241971+00:00
2931,000828,-0.395648,excel_import,2026-06-05 19:23:58.243186+00:00
2932,000829,5.380117,excel_import,2026-06-05 19:23:58.245282+00:00
2933,000830,-1.361573,excel_import,2026-06-05 19:23:58.249472+00:00
2934,000831,6.088524,excel_import,2026-06-05 19:23:58.254922+00:00
2935,000833,-1.721170,excel_import,2026-06-05 19:23:58.256567+00:00
2936,000837,0.704846,excel_import,2026-06-05 19:23:58.257919+00:00
2937,000838,-5.208333,excel_import,2026-06-05 19:23:58.259662+00:00
2938,000839,-0.675676,excel_import,2026-06-05 19:23:58.261829+00:00
2939,000848,-1.468788,excel_import,2026-06-05 19:23:58.264739+00:00
2940,000850,-1.732673,excel_import,2026-06-05 19:23:58.266179+00:00
2942,000856,-2.234637,excel_import,2026-06-05 19:23:58.268297+00:00
2943,000858,-0.435256,excel_import,2026-06-05 19:23:58.269542+00:00
2944,000859,-2.519380,excel_import,2026-06-05 19:23:58.270858+00:00
2945,000860,-1.515152,excel_import,2026-06-05 19:23:58.272492+00:00
2946,000862,3.770950,excel_import,2026-06-05 19:23:58.273445+00:00
2947,000863,-1.417004,excel_import,2026-06-05 19:23:58.274398+00:00
2948,000868,-0.518135,excel_import,2026-06-05 19:23:58.275392+00:00
2949,000869,-1.417666,excel_import,2026-06-05 19:23:58.276535+00:00
2950,000875,-2.161383,excel_import,2026-06-05 19:23:58.277628+00:00
2951,000876,-2.564103,excel_import,2026-06-05 19:23:58.278756+00:00
2952,000877,-0.692841,excel_import,2026-06-05 19:23:58.280035+00:00
2953,000878,-0.842105,excel_import,2026-06-05 19:23:58.281058+00:00
2954,000880,-0.886211,excel_import,2026-06-05 19:23:58.281948+00:00
2955,000881,10.068027,excel_import,2026-06-05 19:23:58.282800+00:00
2956,000882,-3.267974,excel_import,2026-06-05 19:23:58.283783+00:00
2957,000883,-0.187970,excel_import,2026-06-05 19:23:58.285110+00:00
2958,000885,-1.345291,excel_import,2026-06-05 19:23:58.286131+00:00
2959,000886,-1.271186,excel_import,2026-06-05 19:23:58.287173+00:00
2961,000888,-1.257253,excel_import,2026-06-05 19:23:58.289517+00:00
2962,000889,1.023018,excel_import,2026-06-05 19:23:58.290503+00:00
2963,000890,0.448029,excel_import,2026-06-05 19:23:58.291549+00:00
2964,000892,-2.457002,excel_import,2026-06-05 19:23:58.292590+00:00
2965,000893,-2.312634,excel_import,2026-06-05 19:23:58.293718+00:00
2966,000895,-1.203369,excel_import,2026-06-05 19:23:58.294708+00:00
2967,000897,-2.040816,excel_import,2026-06-05 19:23:58.295595+00:00
2968,000898,-0.970874,excel_import,2026-06-05 19:23:58.296590+00:00
2969,000899,4.599303,excel_import,2026-06-05 19:23:58.297770+00:00
2970,000900,-0.518135,excel_import,2026-06-05 19:23:58.298669+00:00
2971,000901,1.074691,excel_import,2026-06-05 19:23:58.299543+00:00
2972,000902,-1.305684,excel_import,2026-06-05 19:23:58.300487+00:00
2973,000903,-1.047120,excel_import,2026-06-05 19:23:58.301539+00:00
2974,000905,-0.436681,excel_import,2026-06-05 19:23:58.302557+00:00
2975,000906,-2.839117,excel_import,2026-06-05 19:23:58.303542+00:00
2977,000909,-0.819672,excel_import,2026-06-05 19:23:58.306175+00:00
2978,000910,-2.086677,excel_import,2026-06-05 19:23:58.307654+00:00
2983,000917,-5.602923,excel_import,2026-06-05 19:23:58.314295+00:00
2984,000919,-1.259843,excel_import,2026-06-05 19:23:58.315484+00:00
2985,000920,0.407166,excel_import,2026-06-05 19:23:58.316398+00:00
2986,000921,-0.412603,excel_import,2026-06-05 19:23:58.317403+00:00
2987,000922,0.309119,excel_import,2026-06-05 19:23:58.318477+00:00
2989,000925,1.923077,excel_import,2026-06-05 19:23:58.320852+00:00
2990,000926,-2.928870,excel_import,2026-06-05 19:23:58.322526+00:00
2991,000927,-1.851852,excel_import,2026-06-05 19:23:58.323586+00:00
2992,000928,0.166389,excel_import,2026-06-05 19:23:58.324590+00:00
2993,000929,-4.743833,excel_import,2026-06-05 19:23:58.325785+00:00
2994,000930,-0.580271,excel_import,2026-06-05 19:23:58.327348+00:00
2996,000932,-1.990050,excel_import,2026-06-05 19:23:58.330575+00:00
2997,000933,-0.518135,excel_import,2026-06-05 19:23:58.332397+00:00
3000,000937,1.610018,excel_import,2026-06-05 19:23:58.335839+00:00
3001,000938,0.035448,excel_import,2026-06-05 19:23:58.337022+00:00
3002,000948,-1.725431,excel_import,2026-06-05 19:23:58.338441+00:00
3003,000949,-1.044776,excel_import,2026-06-05 19:23:58.339580+00:00
3004,000950,-2.456140,excel_import,2026-06-05 19:23:58.340787+00:00
3005,000951,0.175979,excel_import,2026-06-05 19:23:58.341698+00:00
3006,000952,-1.199400,excel_import,2026-06-05 19:23:58.342716+00:00
3007,000953,-4.100946,excel_import,2026-06-05 19:23:58.343798+00:00
3009,000957,0.097087,excel_import,2026-06-05 19:23:58.345880+00:00
3010,000958,-1.743265,excel_import,2026-06-05 19:23:58.347268+00:00
3011,000959,-1.392758,excel_import,2026-06-05 19:23:58.348161+00:00
3012,000960,1.296596,excel_import,2026-06-05 19:23:58.349103+00:00
3013,000962,1.256860,excel_import,2026-06-05 19:23:58.349975+00:00
3014,000963,-2.689655,excel_import,2026-06-05 19:23:58.351150+00:00
3015,000965,-1.479290,excel_import,2026-06-05 19:23:58.352228+00:00
3016,000966,4.030710,excel_import,2026-06-05 19:23:58.353222+00:00
3017,000967,2.400739,excel_import,2026-06-05 19:23:58.354510+00:00
3018,000968,2.225131,excel_import,2026-06-05 19:23:58.355707+00:00
3019,000969,0.728597,excel_import,2026-06-05 19:23:58.356667+00:00
3020,000970,1.542650,excel_import,2026-06-05 19:23:58.357586+00:00
3021,000972,-3.457447,excel_import,2026-06-05 19:23:58.358480+00:00
3022,000973,-0.205761,excel_import,2026-06-05 19:23:58.359590+00:00
3023,000975,-0.954861,excel_import,2026-06-05 19:23:58.360735+00:00
3024,000977,-1.200000,excel_import,2026-06-05 19:23:58.362089+00:00
3025,000978,1.223242,excel_import,2026-06-05 19:23:58.363633+00:00
3026,000980,-1.520913,excel_import,2026-06-05 19:23:58.364594+00:00
3028,000983,2.581522,excel_import,2026-06-05 19:23:58.366344+00:00
3029,000985,-1.334107,excel_import,2026-06-05 19:23:58.367284+00:00
3030,000987,0.381679,excel_import,2026-06-05 19:23:58.368392+00:00
3031,000988,3.443886,excel_import,2026-06-05 19:23:58.369465+00:00
3032,000989,-1.102941,excel_import,2026-06-05 19:23:58.370571+00:00
3033,000990,0.730689,excel_import,2026-06-05 19:23:58.371907+00:00
3034,000993,2.921196,excel_import,2026-06-05 19:23:58.372958+00:00
3035,000995,-1.014832,excel_import,2026-06-05 19:23:58.373923+00:00
3036,000997,-1.238850,excel_import,2026-06-05 19:23:58.374951+00:00
3037,000998,-0.696056,excel_import,2026-06-05 19:23:58.375992+00:00
3038,000999,-1.342555,excel_import,2026-06-05 19:23:58.377038+00:00
3039,001201,-0.861326,excel_import,2026-06-05 19:23:58.378093+00:00
3040,001202,-1.605652,excel_import,2026-06-05 19:23:58.379180+00:00
3041,001203,-0.053390,excel_import,2026-06-05 19:23:58.380568+00:00
3042,001205,-1.394700,excel_import,2026-06-05 19:23:58.381496+00:00
3043,001206,-2.385212,excel_import,2026-06-05 19:23:58.382424+00:00
3044,001207,1.449275,excel_import,2026-06-05 19:23:58.383331+00:00
3045,001208,0.743955,excel_import,2026-06-05 19:23:58.384374+00:00
3047,001210,-2.604449,excel_import,2026-06-05 19:23:58.386696+00:00
3048,001211,-1.526032,excel_import,2026-06-05 19:23:58.388222+00:00
3049,001212,10.000000,excel_import,2026-06-05 19:23:58.389221+00:00
3050,001213,-1.044386,excel_import,2026-06-05 19:23:58.390227+00:00
3051,001215,-0.383142,excel_import,2026-06-05 19:23:58.391213+00:00
3052,001216,-0.243013,excel_import,2026-06-05 19:23:58.392282+00:00
3053,001217,-0.702106,excel_import,2026-06-05 19:23:58.393551+00:00
3054,001218,-2.522665,excel_import,2026-06-05 19:23:58.394676+00:00
3055,001219,-0.367107,excel_import,2026-06-05 19:23:58.395908+00:00
3056,001220,-2.728387,excel_import,2026-06-05 19:23:58.397295+00:00
3057,001221,-3.334015,excel_import,2026-06-05 19:23:58.398394+00:00
3058,001222,-3.065134,excel_import,2026-06-05 19:23:58.399253+00:00
3059,001223,10.000000,excel_import,2026-06-05 19:23:58.400138+00:00
3060,001225,-3.195876,excel_import,2026-06-05 19:23:58.401195+00:00
3061,001226,-1.565217,excel_import,2026-06-05 19:23:58.402248+00:00
3062,001227,-0.934579,excel_import,2026-06-05 19:23:58.403298+00:00
3063,001228,-9.989943,excel_import,2026-06-05 19:23:58.404458+00:00
3064,001229,1.349528,excel_import,2026-06-05 19:23:58.405737+00:00
3066,001231,-1.802218,excel_import,2026-06-05 19:23:58.407618+00:00
3067,001233,-2.511107,excel_import,2026-06-05 19:23:58.408611+00:00
3068,001234,-1.250521,excel_import,2026-06-05 19:23:58.409677+00:00
3069,001236,-1.960784,excel_import,2026-06-05 19:23:58.410699+00:00
3070,001237,-4.381625,excel_import,2026-06-05 19:23:58.411760+00:00
3071,001238,-2.258386,excel_import,2026-06-05 19:23:58.413078+00:00
3072,001239,-1.651652,excel_import,2026-06-05 19:23:58.414370+00:00
3073,001255,-2.421698,excel_import,2026-06-05 19:23:58.415428+00:00
3074,001256,-3.225806,excel_import,2026-06-05 19:23:58.416384+00:00
3075,001257,0.835322,excel_import,2026-06-05 19:23:58.417416+00:00
3076,001258,4.622642,excel_import,2026-06-05 19:23:58.418480+00:00
3077,001259,9.995524,excel_import,2026-06-05 19:23:58.419515+00:00
3078,001260,-1.260504,excel_import,2026-06-05 19:23:58.420561+00:00
3079,001266,0.488012,excel_import,2026-06-05 19:23:58.422017+00:00
3080,001267,5.459459,excel_import,2026-06-05 19:23:58.423000+00:00
3081,001268,-0.289366,excel_import,2026-06-05 19:23:58.423936+00:00
3082,001269,6.015596,excel_import,2026-06-05 19:23:58.424838+00:00
3083,001270,8.452824,excel_import,2026-06-05 19:23:58.425856+00:00
3085,001278,9.994539,excel_import,2026-06-05 19:23:58.427935+00:00
3086,001279,-3.653912,excel_import,2026-06-05 19:23:58.429027+00:00
3087,001280,3.146951,excel_import,2026-06-05 19:23:58.435623+00:00
3088,001282,-1.943365,excel_import,2026-06-05 19:23:58.438258+00:00
3089,001283,6.656993,excel_import,2026-06-05 19:23:58.439678+00:00
3090,001285,-2.844501,excel_import,2026-06-05 19:23:58.440593+00:00
3091,001286,-1.067073,excel_import,2026-06-05 19:23:58.441571+00:00
3092,001287,-0.149533,excel_import,2026-06-05 19:23:58.442750+00:00
3093,001288,-1.546602,excel_import,2026-06-05 19:23:58.444115+00:00
3094,001289,0.159574,excel_import,2026-06-05 19:23:58.445240+00:00
3095,001296,-2.014742,excel_import,2026-06-05 19:23:58.446656+00:00
3096,001298,0.231054,excel_import,2026-06-05 19:23:58.447787+00:00
3097,001299,-1.306241,excel_import,2026-06-05 19:23:58.448741+00:00
3098,001300,-1.452020,excel_import,2026-06-05 19:23:58.449643+00:00
3099,001301,1.829205,excel_import,2026-06-05 19:23:58.450655+00:00
3100,001306,-2.891761,excel_import,2026-06-05 19:23:58.451734+00:00
3101,001308,-1.766304,excel_import,2026-06-05 19:23:58.452741+00:00
3102,001309,2.153821,excel_import,2026-06-05 19:23:58.453770+00:00
3104,001312,-3.182898,excel_import,2026-06-05 19:23:58.456140+00:00
2999,000936,1.737757,excel_import,2026-06-05 19:23:58.334723+00:00
3107,001316,-0.304540,excel_import,2026-06-05 19:23:58.458867+00:00
3108,001317,-1.558442,excel_import,2026-06-05 19:23:58.459953+00:00
3109,001318,-2.003339,excel_import,2026-06-05 19:23:58.460973+00:00
3110,001319,1.996528,excel_import,2026-06-05 19:23:58.462112+00:00
3111,001322,-2.446483,excel_import,2026-06-05 19:23:58.463552+00:00
3112,001323,-0.334129,excel_import,2026-06-05 19:23:58.464461+00:00
3113,001324,-0.159659,excel_import,2026-06-05 19:23:58.465467+00:00
3114,001325,-1.382034,excel_import,2026-06-05 19:23:58.466696+00:00
3115,001326,10.000000,excel_import,2026-06-05 19:23:58.467722+00:00
3116,001328,-0.983929,excel_import,2026-06-05 19:23:58.468765+00:00
3118,001332,7.186235,excel_import,2026-06-05 19:23:58.470825+00:00
3119,001333,-2.257336,excel_import,2026-06-05 19:23:58.472171+00:00
3120,001335,0.000000,excel_import,2026-06-05 19:23:58.473110+00:00
3121,001336,-1.882530,excel_import,2026-06-05 19:23:58.474196+00:00
3122,001337,-2.077151,excel_import,2026-06-05 19:23:58.475133+00:00
3123,001338,-3.670546,excel_import,2026-06-05 19:23:58.476204+00:00
3124,001339,0.652819,excel_import,2026-06-05 19:23:58.477542+00:00
3125,001356,-3.103103,excel_import,2026-06-05 19:23:58.478743+00:00
3126,001358,-1.071004,excel_import,2026-06-05 19:23:58.480160+00:00
3127,001359,0.043649,excel_import,2026-06-05 19:23:58.481132+00:00
3128,001360,-0.701403,excel_import,2026-06-05 19:23:58.481963+00:00
3129,001365,-1.056180,excel_import,2026-06-05 19:23:58.482855+00:00
3130,001366,-1.598332,excel_import,2026-06-05 19:23:58.483795+00:00
3131,001367,-0.297471,excel_import,2026-06-05 19:23:58.484821+00:00
3132,001368,-2.095085,excel_import,2026-06-05 19:23:58.485850+00:00
3133,001369,-2.356202,excel_import,2026-06-05 19:23:58.487048+00:00
3134,001373,0.163577,excel_import,2026-06-05 19:23:58.488412+00:00
3135,001376,-7.632509,excel_import,2026-06-05 19:23:58.489479+00:00
3137,001379,-1.015500,excel_import,2026-06-05 19:23:58.491602+00:00
3138,001380,-0.980958,excel_import,2026-06-05 19:23:58.492587+00:00
3139,001382,0.971323,excel_import,2026-06-05 19:23:58.493881+00:00
3140,001386,-2.093596,excel_import,2026-06-05 19:23:58.494961+00:00
3141,001387,-1.828299,excel_import,2026-06-05 19:23:58.496247+00:00
3142,001388,-2.488010,excel_import,2026-06-05 19:23:58.497487+00:00
3143,001389,-1.938584,excel_import,2026-06-05 19:23:58.498629+00:00
3144,001390,-2.444571,excel_import,2026-06-05 19:23:58.499760+00:00
3145,001391,-0.769231,excel_import,2026-06-05 19:23:58.500870+00:00
3146,001393,3.674988,excel_import,2026-06-05 19:23:58.501969+00:00
3147,001395,-1.062046,excel_import,2026-06-05 19:23:58.502954+00:00
3148,001396,-2.866170,excel_import,2026-06-05 19:23:58.503957+00:00
3149,001400,1.272289,excel_import,2026-06-05 19:23:58.505303+00:00
3150,001696,-0.273973,excel_import,2026-06-05 19:23:58.506263+00:00
3151,001872,-0.493495,excel_import,2026-06-05 19:23:58.507166+00:00
3152,001896,10.027397,excel_import,2026-06-05 19:23:58.508081+00:00
3153,001914,-1.810865,excel_import,2026-06-05 19:23:58.509223+00:00
3154,001965,-2.515091,excel_import,2026-06-05 19:23:58.510267+00:00
3156,002001,-0.595041,excel_import,2026-06-05 19:23:58.513030+00:00
3157,002003,1.597444,excel_import,2026-06-05 19:23:58.514107+00:00
3158,002004,-0.655022,excel_import,2026-06-05 19:23:58.514998+00:00
3159,002005,-1.993355,excel_import,2026-06-05 19:23:58.515902+00:00
3160,002006,-0.188679,excel_import,2026-06-05 19:23:58.516854+00:00
3161,002007,-2.090844,excel_import,2026-06-05 19:23:58.517886+00:00
3162,002008,2.834646,excel_import,2026-06-05 19:23:58.519012+00:00
3163,002009,-0.656660,excel_import,2026-06-05 19:23:58.520031+00:00
3164,002010,-2.067669,excel_import,2026-06-05 19:23:58.521484+00:00
3165,002011,-2.331391,excel_import,2026-06-05 19:23:58.522652+00:00
3166,002012,-3.062583,excel_import,2026-06-05 19:23:58.523572+00:00
3167,002014,-1.428571,excel_import,2026-06-05 19:23:58.524566+00:00
3168,002015,4.592275,excel_import,2026-06-05 19:23:58.525638+00:00
3169,002016,-2.277433,excel_import,2026-06-05 19:23:58.526725+00:00
3170,002017,0.861009,excel_import,2026-06-05 19:23:58.527788+00:00
3171,002019,-2.129719,excel_import,2026-06-05 19:23:58.528847+00:00
3172,002020,-1.753049,excel_import,2026-06-05 19:23:58.530177+00:00
3173,002021,-1.459854,excel_import,2026-06-05 19:23:58.531713+00:00
3175,002023,10.009183,excel_import,2026-06-05 19:23:58.533770+00:00
3176,002024,4.800000,excel_import,2026-06-05 19:23:58.535013+00:00
3177,002025,7.390947,excel_import,2026-06-05 19:23:58.536202+00:00
3178,002026,0.159872,excel_import,2026-06-05 19:23:58.537345+00:00
3179,002027,-0.900901,excel_import,2026-06-05 19:23:58.538713+00:00
3180,002028,-5.885490,excel_import,2026-06-05 19:23:58.539794+00:00
3181,002029,-1.158749,excel_import,2026-06-05 19:23:58.540692+00:00
3182,002030,2.384738,excel_import,2026-06-05 19:23:58.541590+00:00
3183,002031,-1.280000,excel_import,2026-06-05 19:23:58.542642+00:00
3184,002032,-0.346545,excel_import,2026-06-05 19:23:58.543737+00:00
3185,002033,-0.572738,excel_import,2026-06-05 19:23:58.544726+00:00
3186,002034,0.800000,excel_import,2026-06-05 19:23:58.545927+00:00
3187,002035,-0.782779,excel_import,2026-06-05 19:23:58.547264+00:00
3188,002036,-3.257329,excel_import,2026-06-05 19:23:58.548332+00:00
3189,002037,-2.049180,excel_import,2026-06-05 19:23:58.549177+00:00
3190,002038,-0.349040,excel_import,2026-06-05 19:23:58.550042+00:00
3191,002039,-1.019956,excel_import,2026-06-05 19:23:58.551118+00:00
3192,002040,-1.204819,excel_import,2026-06-05 19:23:58.552185+00:00
3194,002042,-1.237624,excel_import,2026-06-05 19:23:58.554221+00:00
3195,002043,-5.434783,excel_import,2026-06-05 19:23:58.555642+00:00
3196,002044,-3.272727,excel_import,2026-06-05 19:23:58.556627+00:00
3197,002045,-0.965665,excel_import,2026-06-05 19:23:58.557518+00:00
3198,002046,10.000000,excel_import,2026-06-05 19:23:58.558487+00:00
3199,002047,-2.904564,excel_import,2026-06-05 19:23:58.559576+00:00
3200,002048,-0.963082,excel_import,2026-06-05 19:23:58.560607+00:00
3201,002049,1.181257,excel_import,2026-06-05 19:23:58.561645+00:00
3202,002050,-0.199247,excel_import,2026-06-05 19:23:58.562892+00:00
3203,002051,0.737327,excel_import,2026-06-05 19:23:58.564028+00:00
3204,002052,-0.729927,excel_import,2026-06-05 19:23:58.564949+00:00
3205,002053,-0.572363,excel_import,2026-06-05 19:23:58.565827+00:00
3206,002054,2.349869,excel_import,2026-06-05 19:23:58.566794+00:00
3207,002055,-5.013550,excel_import,2026-06-05 19:23:58.568127+00:00
3208,002056,7.170694,excel_import,2026-06-05 19:23:58.569712+00:00
3209,002057,7.343413,excel_import,2026-06-05 19:23:58.571187+00:00
3210,002058,-1.243482,excel_import,2026-06-05 19:23:58.572472+00:00
3211,002059,-0.439560,excel_import,2026-06-05 19:23:58.573406+00:00
3214,002062,-4.098361,excel_import,2026-06-05 19:23:58.576412+00:00
3215,002063,-1.170569,excel_import,2026-06-05 19:23:58.577414+00:00
3216,002064,3.386454,excel_import,2026-06-05 19:23:58.578417+00:00
3217,002065,-1.062417,excel_import,2026-06-05 19:23:58.579829+00:00
3218,002066,-2.408163,excel_import,2026-06-05 19:23:58.580974+00:00
3219,002067,-1.408451,excel_import,2026-06-05 19:23:58.581968+00:00
3220,002068,6.066734,excel_import,2026-06-05 19:23:58.582972+00:00
3221,002069,-1.449275,excel_import,2026-06-05 19:23:58.583935+00:00
3222,002072,2.125000,excel_import,2026-06-05 19:23:58.585059+00:00
3223,002073,0.175439,excel_import,2026-06-05 19:23:58.586287+00:00
3224,002074,-1.056885,excel_import,2026-06-05 19:23:58.587448+00:00
3225,002075,-2.343750,excel_import,2026-06-05 19:23:58.588922+00:00
3227,002077,1.366607,excel_import,2026-06-05 19:23:58.590750+00:00
3228,002078,-2.478134,excel_import,2026-06-05 19:23:58.591616+00:00
3229,002079,1.410788,excel_import,2026-06-05 19:23:58.592652+00:00
3230,002080,-2.766315,excel_import,2026-06-05 19:23:58.593737+00:00
3231,002081,-2.919708,excel_import,2026-06-05 19:23:58.594744+00:00
3232,002082,-4.980595,excel_import,2026-06-05 19:23:58.595781+00:00
3233,002083,0.722394,excel_import,2026-06-05 19:23:58.597112+00:00
3234,002084,-1.812689,excel_import,2026-06-05 19:23:58.598089+00:00
3235,002085,-0.684932,excel_import,2026-06-05 19:23:58.598939+00:00
3236,002086,-1.587302,excel_import,2026-06-05 19:23:58.599922+00:00
3237,002088,-1.462317,excel_import,2026-06-05 19:23:58.601095+00:00
3238,002090,-2.171860,excel_import,2026-06-05 19:23:58.602348+00:00
3239,002091,-3.777778,excel_import,2026-06-05 19:23:58.603410+00:00
3240,002092,-0.426439,excel_import,2026-06-05 19:23:58.604770+00:00
3241,002093,-0.682128,excel_import,2026-06-05 19:23:58.605829+00:00
3242,002094,-1.886792,excel_import,2026-06-05 19:23:58.606811+00:00
3243,002095,-1.610644,excel_import,2026-06-05 19:23:58.607729+00:00
3244,002096,0.694444,excel_import,2026-06-05 19:23:58.608710+00:00
3246,002098,-2.141901,excel_import,2026-06-05 19:23:58.611054+00:00
3247,002099,-3.350084,excel_import,2026-06-05 19:23:58.612199+00:00
3248,002100,-0.940439,excel_import,2026-06-05 19:23:58.613689+00:00
3249,002101,-1.543550,excel_import,2026-06-05 19:23:58.614662+00:00
3250,002102,-3.750000,excel_import,2026-06-05 19:23:58.615882+00:00
3251,002103,-2.295552,excel_import,2026-06-05 19:23:58.617192+00:00
3252,002104,0.000000,excel_import,2026-06-05 19:23:58.618348+00:00
3253,002105,-0.854701,excel_import,2026-06-05 19:23:58.619371+00:00
3254,002106,2.812242,excel_import,2026-06-05 19:23:58.620474+00:00
3255,002107,-0.470219,excel_import,2026-06-05 19:23:58.621762+00:00
3256,002108,-0.817996,excel_import,2026-06-05 19:23:58.623148+00:00
3257,002109,-2.649007,excel_import,2026-06-05 19:23:58.624268+00:00
3258,002110,-1.582278,excel_import,2026-06-05 19:23:58.625328+00:00
3259,002111,-0.689655,excel_import,2026-06-05 19:23:58.626480+00:00
3260,002112,-0.495595,excel_import,2026-06-05 19:23:58.627523+00:00
3261,002114,0.376412,excel_import,2026-06-05 19:23:58.628544+00:00
3262,002115,0.248344,excel_import,2026-06-05 19:23:58.629921+00:00
3263,002116,-0.659341,excel_import,2026-06-05 19:23:58.631052+00:00
3265,002119,9.940720,excel_import,2026-06-05 19:23:58.632877+00:00
3266,002120,-1.601164,excel_import,2026-06-05 19:23:58.633797+00:00
3267,002121,-2.968961,excel_import,2026-06-05 19:23:58.634946+00:00
3268,002122,-2.888087,excel_import,2026-06-05 19:23:58.636401+00:00
3269,002123,-3.605769,excel_import,2026-06-05 19:23:58.637893+00:00
3270,002124,0.000000,excel_import,2026-06-05 19:23:58.639179+00:00
3271,002125,9.973580,excel_import,2026-06-05 19:23:58.640102+00:00
3272,002126,-2.669855,excel_import,2026-06-05 19:23:58.640985+00:00
3273,002127,-1.973684,excel_import,2026-06-05 19:23:58.641987+00:00
3274,002128,-2.452229,excel_import,2026-06-05 19:23:58.643063+00:00
3275,002129,0.109649,excel_import,2026-06-05 19:23:58.644114+00:00
3276,002130,0.838770,excel_import,2026-06-05 19:23:58.645105+00:00
3277,002131,0.172414,excel_import,2026-06-05 19:23:58.646416+00:00
3278,002132,10.103093,excel_import,2026-06-05 19:23:58.647636+00:00
3279,002133,-2.076125,excel_import,2026-06-05 19:23:58.648617+00:00
3280,002134,-1.727862,excel_import,2026-06-05 19:23:58.649473+00:00
3281,002135,-1.630435,excel_import,2026-06-05 19:23:58.650385+00:00
3282,002136,-1.803156,excel_import,2026-06-05 19:23:58.651825+00:00
3284,002138,-2.149437,excel_import,2026-06-05 19:23:58.654476+00:00
3285,002139,-3.571429,excel_import,2026-06-05 19:23:58.655681+00:00
3286,002140,-0.774443,excel_import,2026-06-05 19:23:58.656594+00:00
3287,002141,1.529052,excel_import,2026-06-05 19:23:58.657470+00:00
3288,002142,-1.139241,excel_import,2026-06-05 19:23:58.658306+00:00
3289,002144,-1.014370,excel_import,2026-06-05 19:23:58.659327+00:00
3290,002145,0.228833,excel_import,2026-06-05 19:23:58.660465+00:00
3291,002146,-2.290076,excel_import,2026-06-05 19:23:58.661495+00:00
3292,002148,0.302115,excel_import,2026-06-05 19:23:58.662579+00:00
3293,002149,5.110733,excel_import,2026-06-05 19:23:58.664064+00:00
3294,002150,-6.645367,excel_import,2026-06-05 19:23:58.665002+00:00
3295,002151,2.078385,excel_import,2026-06-05 19:23:58.665879+00:00
3296,002152,-0.290980,excel_import,2026-06-05 19:23:58.666813+00:00
3297,002153,-2.021403,excel_import,2026-06-05 19:23:58.667825+00:00
3298,002154,-3.373494,excel_import,2026-06-05 19:23:58.668871+00:00
3299,002155,-0.624025,excel_import,2026-06-05 19:23:58.669923+00:00
3300,002156,9.993734,excel_import,2026-06-05 19:23:58.671787+00:00
3301,002157,0.321543,excel_import,2026-06-05 19:23:58.672874+00:00
3303,002159,-2.226721,excel_import,2026-06-05 19:23:58.674771+00:00
3304,002160,-1.079914,excel_import,2026-06-05 19:23:58.675760+00:00
3305,002161,-0.983607,excel_import,2026-06-05 19:23:58.676844+00:00
3306,002162,-2.331606,excel_import,2026-06-05 19:23:58.677981+00:00
3307,002163,-0.600000,excel_import,2026-06-05 19:23:58.679072+00:00
3308,002164,-3.933910,excel_import,2026-06-05 19:23:58.680435+00:00
3309,002165,-1.030928,excel_import,2026-06-05 19:23:58.681436+00:00
3310,002166,-3.086420,excel_import,2026-06-05 19:23:58.682252+00:00
3311,002167,10.007468,excel_import,2026-06-05 19:23:58.683231+00:00
3312,002168,5.042017,excel_import,2026-06-05 19:23:58.684720+00:00
3313,002169,2.804334,excel_import,2026-06-05 19:23:58.685862+00:00
3314,002170,-0.675105,excel_import,2026-06-05 19:23:58.686943+00:00
3315,002171,7.602339,excel_import,2026-06-05 19:23:58.688375+00:00
3316,002172,-1.208459,excel_import,2026-06-05 19:23:58.689554+00:00
3317,002173,0.955593,excel_import,2026-06-05 19:23:58.690547+00:00
3318,002174,1.383764,excel_import,2026-06-05 19:23:58.691443+00:00
3213,002061,-0.821918,excel_import,2026-06-05 19:23:58.575257+00:00
3321,002177,-0.750751,excel_import,2026-06-05 19:23:58.694500+00:00
3322,002178,-1.604278,excel_import,2026-06-05 19:23:58.695583+00:00
3323,002179,3.620544,excel_import,2026-06-05 19:23:58.696902+00:00
3324,002180,-0.626959,excel_import,2026-06-05 19:23:58.697979+00:00
3325,002181,-3.365973,excel_import,2026-06-05 19:23:58.698838+00:00
3326,002182,0.417827,excel_import,2026-06-05 19:23:58.699763+00:00
3327,002183,1.628664,excel_import,2026-06-05 19:23:58.700718+00:00
3328,002184,-1.195559,excel_import,2026-06-05 19:23:58.701802+00:00
3330,002186,-1.767152,excel_import,2026-06-05 19:23:58.704048+00:00
3331,002187,-1.909722,excel_import,2026-06-05 19:23:58.705786+00:00
3332,002188,-2.181208,excel_import,2026-06-05 19:23:58.706940+00:00
3333,002189,1.153292,excel_import,2026-06-05 19:23:58.707856+00:00
3334,002190,-0.442804,excel_import,2026-06-05 19:23:58.708809+00:00
3335,002191,1.336898,excel_import,2026-06-05 19:23:58.709790+00:00
3336,002192,-1.593229,excel_import,2026-06-05 19:23:58.710767+00:00
3337,002193,-2.620968,excel_import,2026-06-05 19:23:58.711736+00:00
3338,002194,-1.129453,excel_import,2026-06-05 19:23:58.712813+00:00
3339,002195,-1.176471,excel_import,2026-06-05 19:23:58.714034+00:00
3340,002196,-3.340595,excel_import,2026-06-05 19:23:58.714978+00:00
3341,002197,-3.083700,excel_import,2026-06-05 19:23:58.715873+00:00
3342,002198,-1.694915,excel_import,2026-06-05 19:23:58.716810+00:00
3343,002199,-2.269504,excel_import,2026-06-05 19:23:58.717858+00:00
3344,002200,1.482480,excel_import,2026-06-05 19:23:58.719109+00:00
3345,002201,-1.381215,excel_import,2026-06-05 19:23:58.720504+00:00
3346,002202,1.592083,excel_import,2026-06-05 19:23:58.722018+00:00
3347,002203,4.185809,excel_import,2026-06-05 19:23:58.723029+00:00
3349,002205,-2.343750,excel_import,2026-06-05 19:23:58.725209+00:00
3350,002206,-0.544465,excel_import,2026-06-05 19:23:58.726321+00:00
3351,002207,1.703940,excel_import,2026-06-05 19:23:58.727375+00:00
3352,002208,1.017964,excel_import,2026-06-05 19:23:58.729303+00:00
3353,002209,-1.197127,excel_import,2026-06-05 19:23:58.730686+00:00
3354,002210,-1.449275,excel_import,2026-06-05 19:23:58.731667+00:00
3355,002211,-1.072386,excel_import,2026-06-05 19:23:58.732581+00:00
3356,002212,-1.190476,excel_import,2026-06-05 19:23:58.733492+00:00
3357,002213,2.036067,excel_import,2026-06-05 19:23:58.734647+00:00
3358,002214,-1.415094,excel_import,2026-06-05 19:23:58.735722+00:00
3359,002215,2.315325,excel_import,2026-06-05 19:23:58.736914+00:00
3360,002216,-2.140673,excel_import,2026-06-05 19:23:58.738222+00:00
3361,002217,0.398406,excel_import,2026-06-05 19:23:58.739448+00:00
3362,002218,-0.881057,excel_import,2026-06-05 19:23:58.740597+00:00
3363,002219,0.938967,excel_import,2026-06-05 19:23:58.741528+00:00
3364,002221,3.522205,excel_import,2026-06-05 19:23:58.742606+00:00
3365,002222,5.712760,excel_import,2026-06-05 19:23:58.743865+00:00
3366,002223,-1.490313,excel_import,2026-06-05 19:23:58.744957+00:00
3368,002225,-0.266667,excel_import,2026-06-05 19:23:58.747472+00:00
3369,002226,0.196464,excel_import,2026-06-05 19:23:58.748335+00:00
3370,002227,-1.513388,excel_import,2026-06-05 19:23:58.749188+00:00
3371,002228,-1.176471,excel_import,2026-06-05 19:23:58.750093+00:00
3372,002229,1.785714,excel_import,2026-06-05 19:23:58.751303+00:00
3373,002230,-1.554082,excel_import,2026-06-05 19:23:58.752466+00:00
3374,002232,-2.055234,excel_import,2026-06-05 19:23:58.753730+00:00
3375,002233,-1.722017,excel_import,2026-06-05 19:23:58.755070+00:00
3376,002234,-1.059603,excel_import,2026-06-05 19:23:58.756315+00:00
3377,002235,0.682261,excel_import,2026-06-05 19:23:58.757237+00:00
3378,002236,0.591716,excel_import,2026-06-05 19:23:58.758140+00:00
3379,002237,0.506146,excel_import,2026-06-05 19:23:58.759071+00:00
3380,002238,-0.616333,excel_import,2026-06-05 19:23:58.759953+00:00
3381,002239,-1.498127,excel_import,2026-06-05 19:23:58.760975+00:00
3382,002240,1.506024,excel_import,2026-06-05 19:23:58.762056+00:00
3383,002241,0.411985,excel_import,2026-06-05 19:23:58.763465+00:00
3384,002242,-1.111111,excel_import,2026-06-05 19:23:58.764354+00:00
3385,002243,3.444444,excel_import,2026-06-05 19:23:58.765204+00:00
3387,002245,-3.111327,excel_import,2026-06-05 19:23:58.766947+00:00
3388,002246,-1.515152,excel_import,2026-06-05 19:23:58.768039+00:00
3389,002247,-2.745098,excel_import,2026-06-05 19:23:58.769173+00:00
3390,002248,-1.593625,excel_import,2026-06-05 19:23:58.770207+00:00
3391,002249,-3.286385,excel_import,2026-06-05 19:23:58.771544+00:00
3392,002250,-0.774648,excel_import,2026-06-05 19:23:58.772722+00:00
3393,002251,-0.819672,excel_import,2026-06-05 19:23:58.773841+00:00
3394,002252,-0.190476,excel_import,2026-06-05 19:23:58.775118+00:00
3395,002253,-3.166667,excel_import,2026-06-05 19:23:58.776177+00:00
3396,002254,1.710037,excel_import,2026-06-05 19:23:58.777157+00:00
3397,002255,0.103950,excel_import,2026-06-05 19:23:58.778167+00:00
3398,002256,-1.084599,excel_import,2026-06-05 19:23:58.779259+00:00
3399,002258,3.385827,excel_import,2026-06-05 19:23:58.780551+00:00
3400,002259,-0.408998,excel_import,2026-06-05 19:23:58.781505+00:00
3401,002261,-0.565912,excel_import,2026-06-05 19:23:58.782646+00:00
3402,002262,-1.678184,excel_import,2026-06-05 19:23:58.783518+00:00
3403,002263,-1.305483,excel_import,2026-06-05 19:23:58.784633+00:00
3404,002264,-2.886003,excel_import,2026-06-05 19:23:58.785867+00:00
3406,002266,0.591716,excel_import,2026-06-05 19:23:58.788280+00:00
3407,002267,0.263852,excel_import,2026-06-05 19:23:58.789559+00:00
3408,002268,-1.063076,excel_import,2026-06-05 19:23:58.790518+00:00
3409,002269,-0.636943,excel_import,2026-06-05 19:23:58.791391+00:00
3410,002270,-2.783019,excel_import,2026-06-05 19:23:58.792434+00:00
3411,002271,-2.692595,excel_import,2026-06-05 19:23:58.793499+00:00
3412,002272,-0.451807,excel_import,2026-06-05 19:23:58.794583+00:00
3413,002273,-0.593472,excel_import,2026-06-05 19:23:58.795669+00:00
3414,002274,-0.522648,excel_import,2026-06-05 19:23:58.797040+00:00
3415,002275,-1.473839,excel_import,2026-06-05 19:23:58.798128+00:00
3416,002276,-1.190476,excel_import,2026-06-05 19:23:58.799026+00:00
3417,002277,0.153610,excel_import,2026-06-05 19:23:58.800015+00:00
3418,002278,0.895857,excel_import,2026-06-05 19:23:58.801063+00:00
3419,002279,-2.649930,excel_import,2026-06-05 19:23:58.802112+00:00
3420,002281,4.132769,excel_import,2026-06-05 19:23:58.803094+00:00
3421,002282,1.118211,excel_import,2026-06-05 19:23:58.804144+00:00
3422,002283,-3.448276,excel_import,2026-06-05 19:23:58.805496+00:00
3423,002284,-0.174368,excel_import,2026-06-05 19:23:58.806486+00:00
3425,002286,-1.950163,excel_import,2026-06-05 19:23:58.808602+00:00
3320,002176,0.177936,excel_import,2026-06-05 19:23:58.693481+00:00
3428,002290,-0.634461,excel_import,2026-06-05 19:23:58.811921+00:00
3429,002291,-3.577513,excel_import,2026-06-05 19:23:58.813261+00:00
3430,002292,-2.964960,excel_import,2026-06-05 19:23:58.814291+00:00
3431,002293,-0.909091,excel_import,2026-06-05 19:23:58.815194+00:00
3432,002294,-2.000606,excel_import,2026-06-05 19:23:58.816040+00:00
3433,002295,0.194932,excel_import,2026-06-05 19:23:58.816955+00:00
3434,002296,1.473477,excel_import,2026-06-05 19:23:58.818054+00:00
3435,002297,6.165414,excel_import,2026-06-05 19:23:58.819074+00:00
3437,002299,-2.042007,excel_import,2026-06-05 19:23:58.821415+00:00
3438,002300,1.294118,excel_import,2026-06-05 19:23:58.822765+00:00
3439,002301,0.508259,excel_import,2026-06-05 19:23:58.823849+00:00
3440,002302,-1.367188,excel_import,2026-06-05 19:23:58.824842+00:00
3441,002303,-1.204819,excel_import,2026-06-05 19:23:58.825794+00:00
3442,002304,-1.499217,excel_import,2026-06-05 19:23:58.826925+00:00
3443,002305,-2.459016,excel_import,2026-06-05 19:23:58.827964+00:00
3444,002306,1.357466,excel_import,2026-06-05 19:23:58.829190+00:00
3445,002307,-1.558442,excel_import,2026-06-05 19:23:58.830542+00:00
3446,002309,1.139601,excel_import,2026-06-05 19:23:58.831672+00:00
3447,002310,-1.748252,excel_import,2026-06-05 19:23:58.832612+00:00
3448,002311,-1.970339,excel_import,2026-06-05 19:23:58.833610+00:00
3449,002312,-0.782998,excel_import,2026-06-05 19:23:58.834792+00:00
3450,002313,-0.548847,excel_import,2026-06-05 19:23:58.835919+00:00
3451,002314,-4.580153,excel_import,2026-06-05 19:23:58.837092+00:00
3452,002315,-3.370787,excel_import,2026-06-05 19:23:58.838488+00:00
3453,002316,-2.761341,excel_import,2026-06-05 19:23:58.839456+00:00
3454,002317,-2.267771,excel_import,2026-06-05 19:23:58.840356+00:00
3456,002319,-3.186275,excel_import,2026-06-05 19:23:58.842378+00:00
3457,002320,-0.268817,excel_import,2026-06-05 19:23:58.843748+00:00
3458,002321,-1.047120,excel_import,2026-06-05 19:23:58.844884+00:00
3459,002322,-1.896552,excel_import,2026-06-05 19:23:58.846115+00:00
3460,002323,5.298013,excel_import,2026-06-05 19:23:58.847265+00:00
3461,002324,-0.816327,excel_import,2026-06-05 19:23:58.848150+00:00
3462,002326,4.923518,excel_import,2026-06-05 19:23:58.849053+00:00
3463,002327,-0.557880,excel_import,2026-06-05 19:23:58.850120+00:00
3464,002328,-4.508197,excel_import,2026-06-05 19:23:58.851186+00:00
3465,002329,-3.271028,excel_import,2026-06-05 19:23:58.852260+00:00
3466,002330,-1.732673,excel_import,2026-06-05 19:23:58.853310+00:00
3467,002331,-0.800915,excel_import,2026-06-05 19:23:58.854462+00:00
3468,002332,-1.408451,excel_import,2026-06-05 19:23:58.855809+00:00
3469,002333,-1.775148,excel_import,2026-06-05 19:23:58.856994+00:00
3470,002334,4.287370,excel_import,2026-06-05 19:23:58.858004+00:00
3471,002335,-1.003426,excel_import,2026-06-05 19:23:58.859027+00:00
3472,002337,-2.071563,excel_import,2026-06-05 19:23:58.860115+00:00
3473,002338,2.340183,excel_import,2026-06-05 19:23:58.861223+00:00
3475,002340,-1.285347,excel_import,2026-06-05 19:23:58.863631+00:00
3476,002342,0.984781,excel_import,2026-06-05 19:23:58.864590+00:00
3477,002343,-2.316602,excel_import,2026-06-05 19:23:58.865513+00:00
3478,002344,-1.007557,excel_import,2026-06-05 19:23:58.866400+00:00
3479,002345,0.217865,excel_import,2026-06-05 19:23:58.867460+00:00
3480,002346,-2.827763,excel_import,2026-06-05 19:23:58.868437+00:00
3481,002347,-2.428571,excel_import,2026-06-05 19:23:58.869416+00:00
3482,002348,2.548625,excel_import,2026-06-05 19:23:58.870458+00:00
3483,002349,-2.167630,excel_import,2026-06-05 19:23:58.871853+00:00
3484,002350,-2.038133,excel_import,2026-06-05 19:23:58.872875+00:00
3485,002351,-0.439754,excel_import,2026-06-05 19:23:58.873929+00:00
3486,002352,-0.945559,excel_import,2026-06-05 19:23:58.875050+00:00
3487,002353,-3.410088,excel_import,2026-06-05 19:23:58.876513+00:00
3488,002354,-7.761194,excel_import,2026-06-05 19:23:58.877778+00:00
3489,002355,-0.558659,excel_import,2026-06-05 19:23:58.879214+00:00
3490,002356,3.343465,excel_import,2026-06-05 19:23:58.880784+00:00
3491,002357,-0.680934,excel_import,2026-06-05 19:23:58.881723+00:00
3492,002358,-1.248050,excel_import,2026-06-05 19:23:58.882586+00:00
3494,002361,1.725282,excel_import,2026-06-05 19:23:58.884555+00:00
3495,002362,-2.469880,excel_import,2026-06-05 19:23:58.885582+00:00
3496,002363,-1.255230,excel_import,2026-06-05 19:23:58.886675+00:00
3497,002364,4.801990,excel_import,2026-06-05 19:23:58.887876+00:00
3498,002365,-1.776650,excel_import,2026-06-05 19:23:58.889110+00:00
3499,002366,-1.972686,excel_import,2026-06-05 19:23:58.890016+00:00
3500,002367,-2.068966,excel_import,2026-06-05 19:23:58.891097+00:00
3501,002368,-0.442758,excel_import,2026-06-05 19:23:58.892046+00:00
3502,002369,-1.993865,excel_import,2026-06-05 19:23:58.893229+00:00
3503,002370,-2.876481,excel_import,2026-06-05 19:23:58.894296+00:00
3504,002371,1.997346,excel_import,2026-06-05 19:23:58.895396+00:00
3505,002372,-3.535354,excel_import,2026-06-05 19:23:58.896735+00:00
3506,002373,-1.518987,excel_import,2026-06-05 19:23:58.897747+00:00
3507,002374,2.359882,excel_import,2026-06-05 19:23:58.898725+00:00
3508,002375,-1.877934,excel_import,2026-06-05 19:23:58.899620+00:00
3509,002376,-0.916031,excel_import,2026-06-05 19:23:58.900557+00:00
3510,002377,-0.687285,excel_import,2026-06-05 19:23:58.901586+00:00
3511,002378,4.648795,excel_import,2026-06-05 19:23:58.902541+00:00
3513,002380,-0.279898,excel_import,2026-06-05 19:23:58.904909+00:00
3514,002381,-1.198630,excel_import,2026-06-05 19:23:58.906050+00:00
3515,002382,1.244168,excel_import,2026-06-05 19:23:58.906905+00:00
3516,002383,0.647668,excel_import,2026-06-05 19:23:58.907764+00:00
3517,002384,6.191628,excel_import,2026-06-05 19:23:58.908711+00:00
3518,002385,-0.895522,excel_import,2026-06-05 19:23:58.909968+00:00
3519,002386,0.338983,excel_import,2026-06-05 19:23:58.911217+00:00
3520,002387,0.369004,excel_import,2026-06-05 19:23:58.912332+00:00
3521,002388,-3.202847,excel_import,2026-06-05 19:23:58.913616+00:00
3522,002389,0.468506,excel_import,2026-06-05 19:23:58.914854+00:00
3523,002390,-1.320132,excel_import,2026-06-05 19:23:58.915770+00:00
3524,002391,-1.413428,excel_import,2026-06-05 19:23:58.916786+00:00
3525,002392,-1.000000,excel_import,2026-06-05 19:23:58.917798+00:00
3526,002393,-1.417961,excel_import,2026-06-05 19:23:58.918924+00:00
3527,002394,-1.994302,excel_import,2026-06-05 19:23:58.920047+00:00
3528,002395,1.966497,excel_import,2026-06-05 19:23:58.921243+00:00
3529,002396,-1.455026,excel_import,2026-06-05 19:23:58.922471+00:00
3530,002397,-2.575107,excel_import,2026-06-05 19:23:58.923385+00:00
3532,002399,-1.124744,excel_import,2026-06-05 19:23:58.925315+00:00
3427,002289,-0.023981,excel_import,2026-06-05 19:23:58.810878+00:00
3535,002402,-0.538048,excel_import,2026-06-05 19:23:58.929059+00:00
3536,002403,-1.915709,excel_import,2026-06-05 19:23:58.930571+00:00
3537,002404,2.027027,excel_import,2026-06-05 19:23:58.931603+00:00
3538,002405,-2.628435,excel_import,2026-06-05 19:23:58.932456+00:00
3539,002406,-4.637337,excel_import,2026-06-05 19:23:58.933418+00:00
3540,002407,0.513595,excel_import,2026-06-05 19:23:58.934428+00:00
3541,002408,1.162791,excel_import,2026-06-05 19:23:58.935429+00:00
3542,002409,3.803703,excel_import,2026-06-05 19:23:58.936407+00:00
3543,002410,-3.762376,excel_import,2026-06-05 19:23:58.937477+00:00
3544,002412,-3.941606,excel_import,2026-06-05 19:23:58.938938+00:00
3546,002414,-1.544402,excel_import,2026-06-05 19:23:58.941066+00:00
3547,002415,0.065041,excel_import,2026-06-05 19:23:58.942042+00:00
3548,002416,2.436647,excel_import,2026-06-05 19:23:58.943112+00:00
3549,002418,-0.219298,excel_import,2026-06-05 19:23:58.944155+00:00
3550,002419,-2.429150,excel_import,2026-06-05 19:23:58.945417+00:00
3551,002420,-3.801653,excel_import,2026-06-05 19:23:58.946981+00:00
3552,002421,-1.810865,excel_import,2026-06-05 19:23:58.948091+00:00
3553,002422,-4.822695,excel_import,2026-06-05 19:23:58.948924+00:00
3554,002423,-0.650054,excel_import,2026-06-05 19:23:58.949871+00:00
3555,002424,-0.845666,excel_import,2026-06-05 19:23:58.950940+00:00
3556,002425,-3.278689,excel_import,2026-06-05 19:23:58.951956+00:00
3557,002426,-3.504043,excel_import,2026-06-05 19:23:58.952941+00:00
3558,002427,-1.068376,excel_import,2026-06-05 19:23:58.954041+00:00
3559,002428,3.033461,excel_import,2026-06-05 19:23:58.955436+00:00
3560,002429,3.236797,excel_import,2026-06-05 19:23:58.956433+00:00
3561,002430,0.976404,excel_import,2026-06-05 19:23:58.957405+00:00
3562,002431,-3.571429,excel_import,2026-06-05 19:23:58.958319+00:00
3563,002432,1.179554,excel_import,2026-06-05 19:23:58.959499+00:00
3565,002436,-5.684510,excel_import,2026-06-05 19:23:58.961889+00:00
3566,002437,-0.342466,excel_import,2026-06-05 19:23:58.963217+00:00
3567,002438,-3.005780,excel_import,2026-06-05 19:23:58.964341+00:00
3568,002439,-0.762301,excel_import,2026-06-05 19:23:58.965264+00:00
3569,002440,-1.937567,excel_import,2026-06-05 19:23:58.966145+00:00
3570,002441,-2.731092,excel_import,2026-06-05 19:23:58.967109+00:00
3571,002442,-0.888099,excel_import,2026-06-05 19:23:58.968146+00:00
3572,002443,-1.131419,excel_import,2026-06-05 19:23:58.969220+00:00
3573,002444,1.056557,excel_import,2026-06-05 19:23:58.970390+00:00
3574,002445,4.201681,excel_import,2026-06-05 19:23:58.971790+00:00
3575,002446,2.201258,excel_import,2026-06-05 19:23:58.972859+00:00
3576,002448,-3.851852,excel_import,2026-06-05 19:23:58.974113+00:00
3577,002449,-0.120048,excel_import,2026-06-05 19:23:58.975109+00:00
3578,002451,-0.478469,excel_import,2026-06-05 19:23:58.976387+00:00
3579,002452,-1.228070,excel_import,2026-06-05 19:23:58.977600+00:00
3580,002453,-0.350877,excel_import,2026-06-05 19:23:58.978810+00:00
3581,002454,-0.865052,excel_import,2026-06-05 19:23:58.979890+00:00
3582,002455,-0.933489,excel_import,2026-06-05 19:23:58.981039+00:00
3584,002457,-0.501672,excel_import,2026-06-05 19:23:58.982993+00:00
3585,002458,-1.079137,excel_import,2026-06-05 19:23:58.984074+00:00
3586,002459,-0.913242,excel_import,2026-06-05 19:23:58.985333+00:00
3587,002460,-0.275442,excel_import,2026-06-05 19:23:58.986537+00:00
3588,002461,-3.103103,excel_import,2026-06-05 19:23:58.987964+00:00
3589,002462,-1.805054,excel_import,2026-06-05 19:23:58.989070+00:00
3590,002463,-0.916031,excel_import,2026-06-05 19:23:58.990113+00:00
3591,002465,-4.299065,excel_import,2026-06-05 19:23:58.991068+00:00
3592,002466,-0.505792,excel_import,2026-06-05 19:23:58.992043+00:00
3593,002467,-1.782531,excel_import,2026-06-05 19:23:58.993266+00:00
3594,002468,-3.794038,excel_import,2026-06-05 19:23:58.994722+00:00
3595,002469,-0.155280,excel_import,2026-06-05 19:23:58.996481+00:00
3596,002470,0.881057,excel_import,2026-06-05 19:23:58.997850+00:00
3597,002471,-0.425532,excel_import,2026-06-05 19:23:58.998791+00:00
3598,002472,0.650325,excel_import,2026-06-05 19:23:58.999653+00:00
3599,002474,-0.711238,excel_import,2026-06-05 19:23:59.000637+00:00
3600,002475,1.081081,excel_import,2026-06-05 19:23:59.001818+00:00
3601,002476,1.330798,excel_import,2026-06-05 19:23:59.002871+00:00
3603,002479,-0.909091,excel_import,2026-06-05 19:23:59.005380+00:00
3604,002480,0.980392,excel_import,2026-06-05 19:23:59.006393+00:00
3605,002481,-1.435407,excel_import,2026-06-05 19:23:59.007361+00:00
3606,002482,-1.960784,excel_import,2026-06-05 19:23:59.008284+00:00
3607,002483,-2.188552,excel_import,2026-06-05 19:23:59.009502+00:00
3608,002484,4.948478,excel_import,2026-06-05 19:23:59.010494+00:00
3609,002485,-2.526316,excel_import,2026-06-05 19:23:59.011674+00:00
3610,002486,-1.606426,excel_import,2026-06-05 19:23:59.013071+00:00
3611,002487,-2.155353,excel_import,2026-06-05 19:23:59.014205+00:00
3612,002488,1.875617,excel_import,2026-06-05 19:23:59.015195+00:00
3613,002489,-2.307692,excel_import,2026-06-05 19:23:59.016232+00:00
3614,002490,7.298335,excel_import,2026-06-05 19:23:59.017418+00:00
3615,002491,-2.789956,excel_import,2026-06-05 19:23:59.018548+00:00
3616,002492,-1.456311,excel_import,2026-06-05 19:23:59.019745+00:00
3617,002493,-0.952381,excel_import,2026-06-05 19:23:59.021003+00:00
3618,002494,-2.247191,excel_import,2026-06-05 19:23:59.022459+00:00
3619,002495,-0.823045,excel_import,2026-06-05 19:23:59.023440+00:00
3620,002496,-2.713178,excel_import,2026-06-05 19:23:59.024499+00:00
3622,002498,0.752823,excel_import,2026-06-05 19:23:59.027018+00:00
3623,002500,-0.965251,excel_import,2026-06-05 19:23:59.028098+00:00
3624,002501,5.333333,excel_import,2026-06-05 19:23:59.029764+00:00
3625,002506,-0.586510,excel_import,2026-06-05 19:23:59.031277+00:00
3626,002507,-1.448041,excel_import,2026-06-05 19:23:59.032263+00:00
3627,002508,-2.317291,excel_import,2026-06-05 19:23:59.033232+00:00
3628,002510,-2.446483,excel_import,2026-06-05 19:23:59.034276+00:00
3629,002511,-2.170963,excel_import,2026-06-05 19:23:59.035371+00:00
3630,002512,-1.735358,excel_import,2026-06-05 19:23:59.036396+00:00
3631,002513,-2.417962,excel_import,2026-06-05 19:23:59.037477+00:00
3632,002514,-5.000000,excel_import,2026-06-05 19:23:59.038792+00:00
3633,002515,1.605839,excel_import,2026-06-05 19:23:59.039915+00:00
3634,002516,-1.658375,excel_import,2026-06-05 19:23:59.041364+00:00
3635,002517,-1.088348,excel_import,2026-06-05 19:23:59.042556+00:00
3636,002518,-1.289702,excel_import,2026-06-05 19:23:59.043755+00:00
3637,002519,0.000000,excel_import,2026-06-05 19:23:59.044785+00:00
3638,002520,-1.215278,excel_import,2026-06-05 19:23:59.046237+00:00
3639,002521,-1.930502,excel_import,2026-06-05 19:23:59.047516+00:00
3642,002524,-2.319588,excel_import,2026-06-05 19:23:59.050212+00:00
3643,002526,-1.923077,excel_import,2026-06-05 19:23:59.051313+00:00
3644,002527,0.136612,excel_import,2026-06-05 19:23:59.052484+00:00
3645,002528,5.032823,excel_import,2026-06-05 19:23:59.053656+00:00
3646,002529,-2.923264,excel_import,2026-06-05 19:23:59.055084+00:00
3647,002530,-1.178010,excel_import,2026-06-05 19:23:59.056166+00:00
3648,002531,-0.473934,excel_import,2026-06-05 19:23:59.057076+00:00
3649,002532,1.559454,excel_import,2026-06-05 19:23:59.057955+00:00
3650,002533,0.000000,excel_import,2026-06-05 19:23:59.059029+00:00
3651,002534,-1.606426,excel_import,2026-06-05 19:23:59.060236+00:00
3652,002535,-4.059041,excel_import,2026-06-05 19:23:59.061409+00:00
3653,002536,-3.189122,excel_import,2026-06-05 19:23:59.062990+00:00
3654,002537,-1.426307,excel_import,2026-06-05 19:23:59.064234+00:00
3655,002538,-2.090032,excel_import,2026-06-05 19:23:59.065189+00:00
3656,002539,0.880705,excel_import,2026-06-05 19:23:59.066094+00:00
3657,002540,-2.329749,excel_import,2026-06-05 19:23:59.067026+00:00
3659,002542,-2.994012,excel_import,2026-06-05 19:23:59.068705+00:00
3660,002543,-1.604278,excel_import,2026-06-05 19:23:59.069509+00:00
3661,002544,-0.047664,excel_import,2026-06-05 19:23:59.070356+00:00
3662,002545,-2.656894,excel_import,2026-06-05 19:23:59.071635+00:00
3663,002546,-1.347709,excel_import,2026-06-05 19:23:59.072587+00:00
3664,002547,-2.933333,excel_import,2026-06-05 19:23:59.073553+00:00
3665,002548,0.737101,excel_import,2026-06-05 19:23:59.074843+00:00
3666,002549,1.875809,excel_import,2026-06-05 19:23:59.075956+00:00
3667,002550,-1.612903,excel_import,2026-06-05 19:23:59.077017+00:00
3668,002551,-1.607717,excel_import,2026-06-05 19:23:59.077993+00:00
3669,002552,-2.155314,excel_import,2026-06-05 19:23:59.078880+00:00
3670,002553,-1.092896,excel_import,2026-06-05 19:23:59.080038+00:00
3671,002554,1.597444,excel_import,2026-06-05 19:23:59.080960+00:00
3672,002555,-0.459888,excel_import,2026-06-05 19:23:59.081978+00:00
3673,002556,-1.523810,excel_import,2026-06-05 19:23:59.082898+00:00
3674,002557,-3.555556,excel_import,2026-06-05 19:23:59.083887+00:00
3675,002558,-0.156067,excel_import,2026-06-05 19:23:59.084923+00:00
3676,002559,-3.567889,excel_import,2026-06-05 19:23:59.085947+00:00
3678,002561,-1.085482,excel_import,2026-06-05 19:23:59.088474+00:00
3679,002562,0.000000,excel_import,2026-06-05 19:23:59.089478+00:00
3680,002563,-1.624549,excel_import,2026-06-05 19:23:59.090443+00:00
3681,002564,-1.169591,excel_import,2026-06-05 19:23:59.091357+00:00
3682,002565,1.668985,excel_import,2026-06-05 19:23:59.092424+00:00
3683,002566,-1.422475,excel_import,2026-06-05 19:23:59.093419+00:00
3684,002567,-2.191781,excel_import,2026-06-05 19:23:59.094357+00:00
3685,002568,-3.169014,excel_import,2026-06-05 19:23:59.095298+00:00
3686,002569,-0.497203,excel_import,2026-06-05 19:23:59.096652+00:00
3687,002570,1.761252,excel_import,2026-06-05 19:23:59.097910+00:00
3688,002571,2.083333,excel_import,2026-06-05 19:23:59.098775+00:00
3689,002572,-3.614458,excel_import,2026-06-05 19:23:59.099571+00:00
3690,002573,-1.739130,excel_import,2026-06-05 19:23:59.100416+00:00
3691,002574,-1.796407,excel_import,2026-06-05 19:23:59.101573+00:00
3692,002575,-4.815409,excel_import,2026-06-05 19:23:59.102515+00:00
3693,002576,-1.950030,excel_import,2026-06-05 19:23:59.103458+00:00
3694,002577,-0.550964,excel_import,2026-06-05 19:23:59.104730+00:00
3695,002578,-1.196172,excel_import,2026-06-05 19:23:59.105786+00:00
3697,002580,-9.829377,excel_import,2026-06-05 19:23:59.107481+00:00
3698,002581,-3.982301,excel_import,2026-06-05 19:23:59.108367+00:00
3699,002582,-1.192843,excel_import,2026-06-05 19:23:59.109581+00:00
3700,002583,0.483676,excel_import,2026-06-05 19:23:59.110783+00:00
3701,002584,-0.269179,excel_import,2026-06-05 19:23:59.111840+00:00
3702,002585,-4.367201,excel_import,2026-06-05 19:23:59.113092+00:00
3703,002586,-4.906542,excel_import,2026-06-05 19:23:59.114160+00:00
3704,002587,-0.741840,excel_import,2026-06-05 19:23:59.115027+00:00
3705,002588,-1.091703,excel_import,2026-06-05 19:23:59.115840+00:00
3706,002589,-1.712329,excel_import,2026-06-05 19:23:59.116614+00:00
3707,002590,-1.993068,excel_import,2026-06-05 19:23:59.117497+00:00
3708,002591,0.387597,excel_import,2026-06-05 19:23:59.118485+00:00
3709,002592,-1.262272,excel_import,2026-06-05 19:23:59.119479+00:00
3710,002593,-0.421941,excel_import,2026-06-05 19:23:59.120521+00:00
3711,002594,-2.004961,excel_import,2026-06-05 19:23:59.121817+00:00
3712,002595,-1.657563,excel_import,2026-06-05 19:23:59.122877+00:00
3713,002596,3.260870,excel_import,2026-06-05 19:23:59.123760+00:00
3714,002597,-3.801732,excel_import,2026-06-05 19:23:59.124568+00:00
3716,002599,-3.129890,excel_import,2026-06-05 19:23:59.126500+00:00
3717,002600,1.295160,excel_import,2026-06-05 19:23:59.127499+00:00
3718,002601,0.000000,excel_import,2026-06-05 19:23:59.128425+00:00
3719,002602,0.267023,excel_import,2026-06-05 19:23:59.129826+00:00
3720,002603,-2.092581,excel_import,2026-06-05 19:23:59.130979+00:00
3721,002605,-2.383420,excel_import,2026-06-05 19:23:59.131952+00:00
3722,002606,-9.993980,excel_import,2026-06-05 19:23:59.132818+00:00
3723,002607,-5.508475,excel_import,2026-06-05 19:23:59.133703+00:00
3724,002608,-1.151631,excel_import,2026-06-05 19:23:59.134679+00:00
3725,002609,-1.012658,excel_import,2026-06-05 19:23:59.135704+00:00
3726,002611,4.104046,excel_import,2026-06-05 19:23:59.136637+00:00
3727,002612,-2.250563,excel_import,2026-06-05 19:23:59.137788+00:00
3728,002613,-2.928870,excel_import,2026-06-05 19:23:59.139015+00:00
3729,002614,-1.724138,excel_import,2026-06-05 19:23:59.139939+00:00
3730,002615,2.642008,excel_import,2026-06-05 19:23:59.140857+00:00
3731,002616,0.681431,excel_import,2026-06-05 19:23:59.141819+00:00
3732,002617,-4.730473,excel_import,2026-06-05 19:23:59.142806+00:00
3733,002620,-5.021521,excel_import,2026-06-05 19:23:59.144019+00:00
3735,002623,-1.783784,excel_import,2026-06-05 19:23:59.146398+00:00
3736,002624,0.300300,excel_import,2026-06-05 19:23:59.147416+00:00
3737,002625,1.043569,excel_import,2026-06-05 19:23:59.148391+00:00
3738,002626,-2.055703,excel_import,2026-06-05 19:23:59.149187+00:00
3739,002627,0.987306,excel_import,2026-06-05 19:23:59.150085+00:00
3740,002628,1.590457,excel_import,2026-06-05 19:23:59.150975+00:00
3741,002629,-1.814882,excel_import,2026-06-05 19:23:59.151936+00:00
3742,002630,4.761905,excel_import,2026-06-05 19:23:59.152929+00:00
3743,002631,2.725968,excel_import,2026-06-05 19:23:59.154051+00:00
3744,002632,-0.867052,excel_import,2026-06-05 19:23:59.155356+00:00
3745,002633,-1.515152,excel_import,2026-06-05 19:23:59.156411+00:00
3746,002634,-1.988072,excel_import,2026-06-05 19:23:59.157383+00:00
3641,002523,0.000000,excel_import,2026-06-05 19:23:59.049343+00:00
3749,002637,0.078493,excel_import,2026-06-05 19:23:59.160422+00:00
3750,002638,1.133787,excel_import,2026-06-05 19:23:59.161395+00:00
3751,002639,0.826446,excel_import,2026-06-05 19:23:59.162411+00:00
3752,002640,0.268097,excel_import,2026-06-05 19:23:59.163665+00:00
3753,002641,0.000000,excel_import,2026-06-05 19:23:59.164853+00:00
3754,002642,-4.116223,excel_import,2026-06-05 19:23:59.165800+00:00
3755,002643,0.349895,excel_import,2026-06-05 19:23:59.166781+00:00
3756,002644,-0.903226,excel_import,2026-06-05 19:23:59.167698+00:00
3757,002645,8.855721,excel_import,2026-06-05 19:23:59.168800+00:00
3758,002646,-2.225131,excel_import,2026-06-05 19:23:59.169714+00:00
3759,002647,0.309837,excel_import,2026-06-05 19:23:59.170848+00:00
3760,002648,1.988156,excel_import,2026-06-05 19:23:59.172120+00:00
3761,002649,-4.595405,excel_import,2026-06-05 19:23:59.173123+00:00
3762,002650,0.394218,excel_import,2026-06-05 19:23:59.174143+00:00
3763,002651,-0.849515,excel_import,2026-06-05 19:23:59.175212+00:00
3764,002652,-1.145038,excel_import,2026-06-05 19:23:59.176202+00:00
3766,002654,2.620968,excel_import,2026-06-05 19:23:59.178574+00:00
3767,002655,1.836083,excel_import,2026-06-05 19:23:59.179857+00:00
3768,002656,-0.859599,excel_import,2026-06-05 19:23:59.180959+00:00
3769,002657,-1.288937,excel_import,2026-06-05 19:23:59.181842+00:00
3770,002658,-0.130039,excel_import,2026-06-05 19:23:59.182716+00:00
3771,002659,-2.017937,excel_import,2026-06-05 19:23:59.183552+00:00
3772,002660,-1.029601,excel_import,2026-06-05 19:23:59.184476+00:00
3773,002661,-2.127660,excel_import,2026-06-05 19:23:59.185451+00:00
3774,002662,-1.739130,excel_import,2026-06-05 19:23:59.186355+00:00
3775,002663,-2.061856,excel_import,2026-06-05 19:23:59.187371+00:00
3776,002664,-2.315563,excel_import,2026-06-05 19:23:59.188772+00:00
3777,002666,-0.884956,excel_import,2026-06-05 19:23:59.189621+00:00
3778,002667,5.017048,excel_import,2026-06-05 19:23:59.190458+00:00
3779,002668,-1.147028,excel_import,2026-06-05 19:23:59.191180+00:00
3780,002669,-1.595092,excel_import,2026-06-05 19:23:59.192002+00:00
3781,002670,-1.757469,excel_import,2026-06-05 19:23:59.193005+00:00
3782,002671,-1.834862,excel_import,2026-06-05 19:23:59.193999+00:00
3783,002672,-1.562500,excel_import,2026-06-05 19:23:59.194963+00:00
3785,002674,-0.412939,excel_import,2026-06-05 19:23:59.197161+00:00
3786,002675,-1.492537,excel_import,2026-06-05 19:23:59.198058+00:00
3787,002676,0.555556,excel_import,2026-06-05 19:23:59.198963+00:00
3788,002677,1.517241,excel_import,2026-06-05 19:23:59.199901+00:00
3789,002678,-1.149425,excel_import,2026-06-05 19:23:59.200904+00:00
3790,002679,-1.283422,excel_import,2026-06-05 19:23:59.201903+00:00
3791,002681,-10.053860,excel_import,2026-06-05 19:23:59.202844+00:00
3792,002682,-0.970874,excel_import,2026-06-05 19:23:59.203998+00:00
3793,002683,-1.640379,excel_import,2026-06-05 19:23:59.205340+00:00
3794,002685,-6.380208,excel_import,2026-06-05 19:23:59.206279+00:00
3795,002686,0.000000,excel_import,2026-06-05 19:23:59.207103+00:00
3796,002687,-2.488688,excel_import,2026-06-05 19:23:59.207963+00:00
3797,002688,-1.694915,excel_import,2026-06-05 19:23:59.208888+00:00
3798,002689,-1.234568,excel_import,2026-06-05 19:23:59.210502+00:00
3799,002690,-1.679587,excel_import,2026-06-05 19:23:59.211631+00:00
3800,002691,-5.008945,excel_import,2026-06-05 19:23:59.213096+00:00
3801,002692,-1.727862,excel_import,2026-06-05 19:23:59.214078+00:00
3802,002693,0.318810,excel_import,2026-06-05 19:23:59.214869+00:00
3804,002695,2.595156,excel_import,2026-06-05 19:23:59.216579+00:00
3805,002696,-2.389078,excel_import,2026-06-05 19:23:59.217434+00:00
3806,002697,-2.474227,excel_import,2026-06-05 19:23:59.218516+00:00
3807,002698,-1.515152,excel_import,2026-06-05 19:23:59.219582+00:00
3808,002700,3.904282,excel_import,2026-06-05 19:23:59.220612+00:00
3809,002701,-1.587302,excel_import,2026-06-05 19:23:59.222080+00:00
3810,002702,-2.578269,excel_import,2026-06-05 19:23:59.222982+00:00
3811,002703,-2.111111,excel_import,2026-06-05 19:23:59.223867+00:00
3812,002705,0.000000,excel_import,2026-06-05 19:23:59.224768+00:00
3813,002706,-1.975128,excel_import,2026-06-05 19:23:59.225662+00:00
3814,002707,-1.234568,excel_import,2026-06-05 19:23:59.226588+00:00
3815,002708,5.153099,excel_import,2026-06-05 19:23:59.227649+00:00
3816,002709,-1.554404,excel_import,2026-06-05 19:23:59.228685+00:00
3817,002712,-1.174168,excel_import,2026-06-05 19:23:59.230028+00:00
3818,002713,-4.383117,excel_import,2026-06-05 19:23:59.230943+00:00
3819,002714,-1.523395,excel_import,2026-06-05 19:23:59.231879+00:00
3820,002715,0.000000,excel_import,2026-06-05 19:23:59.232837+00:00
3821,002716,-1.355579,excel_import,2026-06-05 19:23:59.233666+00:00
3823,002718,-1.245211,excel_import,2026-06-05 19:23:59.235784+00:00
3824,002719,-2.580645,excel_import,2026-06-05 19:23:59.236779+00:00
3825,002721,-1.858736,excel_import,2026-06-05 19:23:59.237942+00:00
3826,002722,-1.536211,excel_import,2026-06-05 19:23:59.239051+00:00
3827,002723,-2.328160,excel_import,2026-06-05 19:23:59.239964+00:00
3828,002724,0.361011,excel_import,2026-06-05 19:23:59.240754+00:00
3829,002725,0.544959,excel_import,2026-06-05 19:23:59.241690+00:00
3830,002726,-4.519774,excel_import,2026-06-05 19:23:59.242665+00:00
3831,002727,-2.905983,excel_import,2026-06-05 19:23:59.243635+00:00
3832,002728,-1.141553,excel_import,2026-06-05 19:23:59.244577+00:00
3833,002729,-1.269170,excel_import,2026-06-05 19:23:59.245685+00:00
3834,002730,3.537415,excel_import,2026-06-05 19:23:59.247077+00:00
3835,002732,-1.854396,excel_import,2026-06-05 19:23:59.248116+00:00
3836,002733,-0.834725,excel_import,2026-06-05 19:23:59.249042+00:00
3837,002734,1.437987,excel_import,2026-06-05 19:23:59.249967+00:00
3838,002735,9.993202,excel_import,2026-06-05 19:23:59.250919+00:00
3839,002736,-0.688299,excel_import,2026-06-05 19:23:59.251936+00:00
3840,002737,-2.160494,excel_import,2026-06-05 19:23:59.252893+00:00
3842,002739,-1.857923,excel_import,2026-06-05 19:23:59.255535+00:00
3843,002741,3.941068,excel_import,2026-06-05 19:23:59.256389+00:00
3844,002742,-2.358491,excel_import,2026-06-05 19:23:59.257204+00:00
3845,002743,-1.473684,excel_import,2026-06-05 19:23:59.258137+00:00
3846,002745,0.487329,excel_import,2026-06-05 19:23:59.259026+00:00
3847,002746,-1.178451,excel_import,2026-06-05 19:23:59.260094+00:00
3848,002747,7.715134,excel_import,2026-06-05 19:23:59.261116+00:00
3849,002748,-0.909091,excel_import,2026-06-05 19:23:59.262117+00:00
3850,002749,-2.229299,excel_import,2026-06-05 19:23:59.263422+00:00
3851,002752,-1.355422,excel_import,2026-06-05 19:23:59.264317+00:00
3852,002753,-0.302115,excel_import,2026-06-05 19:23:59.265162+00:00
3853,002755,-1.608187,excel_import,2026-06-05 19:23:59.266035+00:00
3748,002636,2.172625,excel_import,2026-06-05 19:23:59.159406+00:00
3856,002758,-0.354610,excel_import,2026-06-05 19:23:59.269412+00:00
3857,002759,-0.108814,excel_import,2026-06-05 19:23:59.270407+00:00
3858,002760,-3.318250,excel_import,2026-06-05 19:23:59.271783+00:00
3859,002761,-3.544304,excel_import,2026-06-05 19:23:59.272688+00:00
3860,002762,-3.222222,excel_import,2026-06-05 19:23:59.273582+00:00
3861,002763,-0.488998,excel_import,2026-06-05 19:23:59.274477+00:00
3862,002765,-1.688782,excel_import,2026-06-05 19:23:59.275384+00:00
3863,002766,-5.165289,excel_import,2026-06-05 19:23:59.276531+00:00
3864,002767,0.000000,excel_import,2026-06-05 19:23:59.277530+00:00
3865,002768,-2.767161,excel_import,2026-06-05 19:23:59.278547+00:00
3866,002769,-0.510204,excel_import,2026-06-05 19:23:59.279867+00:00
3867,002771,-2.276708,excel_import,2026-06-05 19:23:59.280714+00:00
3868,002772,-1.601831,excel_import,2026-06-05 19:23:59.281517+00:00
3869,002773,1.078293,excel_import,2026-06-05 19:23:59.282379+00:00
3871,002775,-2.512563,excel_import,2026-06-05 19:23:59.284382+00:00
3872,002777,-2.598315,excel_import,2026-06-05 19:23:59.285394+00:00
3873,002778,-1.565762,excel_import,2026-06-05 19:23:59.286383+00:00
3874,002779,0.526316,excel_import,2026-06-05 19:23:59.287403+00:00
3875,002780,-2.166065,excel_import,2026-06-05 19:23:59.288757+00:00
3876,002782,-3.678422,excel_import,2026-06-05 19:23:59.289692+00:00
3877,002783,-1.170960,excel_import,2026-06-05 19:23:59.290563+00:00
3878,002785,1.469575,excel_import,2026-06-05 19:23:59.291438+00:00
3879,002786,-1.717791,excel_import,2026-06-05 19:23:59.292535+00:00
3880,002787,9.984089,excel_import,2026-06-05 19:23:59.293610+00:00
3881,002788,0.084317,excel_import,2026-06-05 19:23:59.294619+00:00
3882,002789,0.072569,excel_import,2026-06-05 19:23:59.295596+00:00
3883,002790,-0.788644,excel_import,2026-06-05 19:23:59.296541+00:00
3884,002791,-2.250804,excel_import,2026-06-05 19:23:59.297775+00:00
3885,002792,2.117887,excel_import,2026-06-05 19:23:59.298727+00:00
3886,002793,0.000000,excel_import,2026-06-05 19:23:59.299634+00:00
3887,002795,-4.385965,excel_import,2026-06-05 19:23:59.300675+00:00
3888,002796,7.000000,excel_import,2026-06-05 19:23:59.302069+00:00
3890,002798,-3.969466,excel_import,2026-06-05 19:23:59.305499+00:00
3891,002799,-2.144772,excel_import,2026-06-05 19:23:59.306704+00:00
3892,002800,-2.845287,excel_import,2026-06-05 19:23:59.307633+00:00
3893,002801,-1.186658,excel_import,2026-06-05 19:23:59.308722+00:00
3894,002802,-1.558846,excel_import,2026-06-05 19:23:59.310004+00:00
3895,002803,-2.197309,excel_import,2026-06-05 19:23:59.311077+00:00
3896,002805,-0.238095,excel_import,2026-06-05 19:23:59.312219+00:00
3897,002806,-7.525824,excel_import,2026-06-05 19:23:59.313520+00:00
3898,002807,-1.719902,excel_import,2026-06-05 19:23:59.314601+00:00
3899,002809,-1.008969,excel_import,2026-06-05 19:23:59.315482+00:00
3900,002810,-1.642888,excel_import,2026-06-05 19:23:59.316381+00:00
3901,002811,-1.870748,excel_import,2026-06-05 19:23:59.317364+00:00
3902,002812,-1.921372,excel_import,2026-06-05 19:23:59.318597+00:00
3903,002813,-0.933333,excel_import,2026-06-05 19:23:59.319746+00:00
3904,002815,3.032141,excel_import,2026-06-05 19:23:59.320927+00:00
3905,002816,-0.958466,excel_import,2026-06-05 19:23:59.322281+00:00
3906,002817,-1.598837,excel_import,2026-06-05 19:23:59.323253+00:00
3907,002818,-2.351916,excel_import,2026-06-05 19:23:59.324131+00:00
3909,002820,-2.908726,excel_import,2026-06-05 19:23:59.326062+00:00
3910,002821,2.387850,excel_import,2026-06-05 19:23:59.327161+00:00
3911,002822,-0.668896,excel_import,2026-06-05 19:23:59.328221+00:00
3912,002823,3.580832,excel_import,2026-06-05 19:23:59.329511+00:00
3913,002824,0.883534,excel_import,2026-06-05 19:23:59.330746+00:00
3914,002825,0.789733,excel_import,2026-06-05 19:23:59.331622+00:00
3915,002826,-1.008902,excel_import,2026-06-05 19:23:59.332492+00:00
3916,002827,-0.932234,excel_import,2026-06-05 19:23:59.333351+00:00
3917,002828,0.626305,excel_import,2026-06-05 19:23:59.334352+00:00
3918,002829,-2.833834,excel_import,2026-06-05 19:23:59.335541+00:00
3919,002830,-1.552106,excel_import,2026-06-05 19:23:59.336835+00:00
3920,002831,-0.024384,excel_import,2026-06-05 19:23:59.338205+00:00
3921,002832,-1.968504,excel_import,2026-06-05 19:23:59.339289+00:00
3922,002833,-0.331309,excel_import,2026-06-05 19:23:59.340189+00:00
3923,002835,-0.966543,excel_import,2026-06-05 19:23:59.341043+00:00
3924,002836,-0.450450,excel_import,2026-06-05 19:23:59.341962+00:00
3925,002837,1.229812,excel_import,2026-06-05 19:23:59.343062+00:00
3926,002838,-0.449775,excel_import,2026-06-05 19:23:59.344119+00:00
3928,002840,-1.974448,excel_import,2026-06-05 19:23:59.346332+00:00
3929,002841,-0.847458,excel_import,2026-06-05 19:23:59.347523+00:00
3930,002842,4.875039,excel_import,2026-06-05 19:23:59.348666+00:00
3931,002843,0.975610,excel_import,2026-06-05 19:23:59.349619+00:00
3932,002845,-0.455729,excel_import,2026-06-05 19:23:59.350647+00:00
3933,002846,-1.145663,excel_import,2026-06-05 19:23:59.351902+00:00
3934,002847,-5.432596,excel_import,2026-06-05 19:23:59.353049+00:00
3935,002848,-3.125000,excel_import,2026-06-05 19:23:59.354190+00:00
3936,002849,-1.671827,excel_import,2026-06-05 19:23:59.355596+00:00
3937,002850,-1.271065,excel_import,2026-06-05 19:23:59.356509+00:00
3938,002851,6.779317,excel_import,2026-06-05 19:23:59.357428+00:00
3939,002852,-0.869565,excel_import,2026-06-05 19:23:59.358467+00:00
3940,002853,-1.184157,excel_import,2026-06-05 19:23:59.359439+00:00
3941,002855,-2.830189,excel_import,2026-06-05 19:23:59.360508+00:00
3942,002856,5.012225,excel_import,2026-06-05 19:23:59.361634+00:00
3943,002857,-3.611971,excel_import,2026-06-05 19:23:59.362866+00:00
3944,002858,-1.534919,excel_import,2026-06-05 19:23:59.364078+00:00
3945,002859,7.860697,excel_import,2026-06-05 19:23:59.364978+00:00
3947,002861,3.543743,excel_import,2026-06-05 19:23:59.366753+00:00
3948,002862,-2.398082,excel_import,2026-06-05 19:23:59.367768+00:00
3949,002863,0.000000,excel_import,2026-06-05 19:23:59.368813+00:00
3950,002864,-2.030981,excel_import,2026-06-05 19:23:59.369889+00:00
3951,002865,2.137341,excel_import,2026-06-05 19:23:59.371141+00:00
3952,002866,-4.155251,excel_import,2026-06-05 19:23:59.372553+00:00
3953,002867,-0.975610,excel_import,2026-06-05 19:23:59.373630+00:00
3954,002868,-2.768166,excel_import,2026-06-05 19:23:59.374591+00:00
3955,002869,3.131991,excel_import,2026-06-05 19:23:59.375548+00:00
3956,002870,-2.435424,excel_import,2026-06-05 19:23:59.376653+00:00
3957,002871,-1.052170,excel_import,2026-06-05 19:23:59.377705+00:00
3958,002872,-2.014652,excel_import,2026-06-05 19:23:59.378791+00:00
3959,002873,-1.637427,excel_import,2026-06-05 19:23:59.380003+00:00
3960,002875,9.984871,excel_import,2026-06-05 19:23:59.380985+00:00
3855,002757,-0.759814,excel_import,2026-06-05 19:23:59.268254+00:00
3963,002878,1.071668,excel_import,2026-06-05 19:23:59.384445+00:00
3964,002879,-1.076631,excel_import,2026-06-05 19:23:59.385664+00:00
3965,002880,-2.480992,excel_import,2026-06-05 19:23:59.386763+00:00
3966,002881,-5.923651,excel_import,2026-06-05 19:23:59.387966+00:00
3967,002882,-1.300448,excel_import,2026-06-05 19:23:59.389039+00:00
3968,002883,-0.617920,excel_import,2026-06-05 19:23:59.389981+00:00
3969,002884,-1.069519,excel_import,2026-06-05 19:23:59.390859+00:00
3970,002885,1.175060,excel_import,2026-06-05 19:23:59.391688+00:00
3971,002886,-0.343879,excel_import,2026-06-05 19:23:59.392641+00:00
3972,002887,0.889548,excel_import,2026-06-05 19:23:59.393480+00:00
3974,002889,-2.282333,excel_import,2026-06-05 19:23:59.395274+00:00
3975,002890,-0.783801,excel_import,2026-06-05 19:23:59.396408+00:00
3976,002891,-1.561462,excel_import,2026-06-05 19:23:59.397412+00:00
3977,002892,-2.211538,excel_import,2026-06-05 19:23:59.398275+00:00
3978,002893,2.402651,excel_import,2026-06-05 19:23:59.399030+00:00
3979,002895,-0.086207,excel_import,2026-06-05 19:23:59.399855+00:00
3980,002896,-3.427173,excel_import,2026-06-05 19:23:59.400811+00:00
3981,002897,3.401361,excel_import,2026-06-05 19:23:59.401813+00:00
3982,002899,2.962678,excel_import,2026-06-05 19:23:59.402798+00:00
3983,002900,-2.003817,excel_import,2026-06-05 19:23:59.403656+00:00
3984,002901,-1.569397,excel_import,2026-06-05 19:23:59.404900+00:00
3985,002902,2.932917,excel_import,2026-06-05 19:23:59.405928+00:00
3986,002903,1.871102,excel_import,2026-06-05 19:23:59.406914+00:00
3987,002905,-2.466091,excel_import,2026-06-05 19:23:59.407834+00:00
3988,002906,-1.153716,excel_import,2026-06-05 19:23:59.408714+00:00
3989,002907,-1.368760,excel_import,2026-06-05 19:23:59.409713+00:00
3990,002908,-2.365309,excel_import,2026-06-05 19:23:59.410670+00:00
3991,002909,0.174825,excel_import,2026-06-05 19:23:59.411610+00:00
3993,002911,-0.620018,excel_import,2026-06-05 19:23:59.413985+00:00
3994,002912,-1.611374,excel_import,2026-06-05 19:23:59.414824+00:00
3995,002913,-2.506763,excel_import,2026-06-05 19:23:59.415650+00:00
3996,002915,0.315457,excel_import,2026-06-05 19:23:59.416504+00:00
3997,002916,-4.212638,excel_import,2026-06-05 19:23:59.417555+00:00
3998,002917,-4.267844,excel_import,2026-06-05 19:23:59.418662+00:00
3999,002918,2.409639,excel_import,2026-06-05 19:23:59.419807+00:00
4000,002919,3.278689,excel_import,2026-06-05 19:23:59.421125+00:00
4001,002920,-1.590159,excel_import,2026-06-05 19:23:59.422548+00:00
4002,002921,1.081499,excel_import,2026-06-05 19:23:59.423452+00:00
4003,002922,-3.258706,excel_import,2026-06-05 19:23:59.424251+00:00
4004,002923,-1.784038,excel_import,2026-06-05 19:23:59.425076+00:00
4005,002925,1.813237,excel_import,2026-06-05 19:23:59.426035+00:00
4006,002926,-0.613497,excel_import,2026-06-05 19:23:59.427054+00:00
4007,002927,-2.858399,excel_import,2026-06-05 19:23:59.427997+00:00
4008,002928,-4.862024,excel_import,2026-06-05 19:23:59.428854+00:00
4009,002929,-1.327561,excel_import,2026-06-05 19:23:59.430372+00:00
4010,002930,-2.679426,excel_import,2026-06-05 19:23:59.431381+00:00
4012,002932,-0.563557,excel_import,2026-06-05 19:23:59.433136+00:00
4013,002933,0.000000,excel_import,2026-06-05 19:23:59.434028+00:00
4014,002935,-0.313643,excel_import,2026-06-05 19:23:59.435172+00:00
4015,002936,-0.555556,excel_import,2026-06-05 19:23:59.436291+00:00
4016,002937,-0.944747,excel_import,2026-06-05 19:23:59.437373+00:00
4017,002938,-3.208508,excel_import,2026-06-05 19:23:59.439018+00:00
4018,002939,-1.080432,excel_import,2026-06-05 19:23:59.439908+00:00
4019,002940,4.490657,excel_import,2026-06-05 19:23:59.440697+00:00
4020,002941,-2.729529,excel_import,2026-06-05 19:23:59.441482+00:00
4021,002942,-0.988372,excel_import,2026-06-05 19:23:59.442466+00:00
4022,002943,2.149974,excel_import,2026-06-05 19:23:59.443755+00:00
4023,002945,-0.695894,excel_import,2026-06-05 19:23:59.444826+00:00
4024,002946,-2.773156,excel_import,2026-06-05 19:23:59.445780+00:00
4025,002947,-3.132263,excel_import,2026-06-05 19:23:59.447319+00:00
4026,002948,-1.960784,excel_import,2026-06-05 19:23:59.448589+00:00
4027,002949,-2.357724,excel_import,2026-06-05 19:23:59.450034+00:00
4028,002950,-2.072539,excel_import,2026-06-05 19:23:59.451885+00:00
4029,002951,5.623243,excel_import,2026-06-05 19:23:59.453219+00:00
4031,002953,-1.154957,excel_import,2026-06-05 19:23:59.457550+00:00
4032,002955,0.795229,excel_import,2026-06-05 19:23:59.458792+00:00
4033,002956,-3.473492,excel_import,2026-06-05 19:23:59.460054+00:00
4034,002957,-0.869696,excel_import,2026-06-05 19:23:59.461167+00:00
4035,002958,-0.341297,excel_import,2026-06-05 19:23:59.462329+00:00
4036,002959,-0.934579,excel_import,2026-06-05 19:23:59.463908+00:00
4037,002960,0.864198,excel_import,2026-06-05 19:23:59.464943+00:00
4038,002961,-1.798391,excel_import,2026-06-05 19:23:59.465815+00:00
4039,002962,-2.918660,excel_import,2026-06-05 19:23:59.466701+00:00
4040,002963,-2.471368,excel_import,2026-06-05 19:23:59.467783+00:00
4041,002965,10.009297,excel_import,2026-06-05 19:23:59.468845+00:00
4042,002966,-1.449275,excel_import,2026-06-05 19:23:59.469869+00:00
4043,002967,1.364522,excel_import,2026-06-05 19:23:59.471392+00:00
4044,002968,-1.307847,excel_import,2026-06-05 19:23:59.472921+00:00
4045,002970,-0.506329,excel_import,2026-06-05 19:23:59.473949+00:00
4046,002971,-0.497658,excel_import,2026-06-05 19:23:59.474905+00:00
4047,002972,0.990099,excel_import,2026-06-05 19:23:59.476000+00:00
4048,002973,-1.848875,excel_import,2026-06-05 19:23:59.477092+00:00
4050,002976,1.675807,excel_import,2026-06-05 19:23:59.479417+00:00
4051,002977,-1.678832,excel_import,2026-06-05 19:23:59.480860+00:00
4052,002978,-1.873454,excel_import,2026-06-05 19:23:59.481805+00:00
4053,002979,2.299299,excel_import,2026-06-05 19:23:59.482868+00:00
4054,002980,9.159829,excel_import,2026-06-05 19:23:59.484069+00:00
4055,002981,-2.518519,excel_import,2026-06-05 19:23:59.485400+00:00
4056,002982,-1.154734,excel_import,2026-06-05 19:23:59.486694+00:00
4057,002983,-2.068966,excel_import,2026-06-05 19:23:59.488106+00:00
4058,002984,-1.339585,excel_import,2026-06-05 19:23:59.489360+00:00
4059,002985,0.067317,excel_import,2026-06-05 19:23:59.490241+00:00
4060,002986,-2.267003,excel_import,2026-06-05 19:23:59.491107+00:00
4061,002987,-1.549053,excel_import,2026-06-05 19:23:59.492048+00:00
4062,002988,-0.527056,excel_import,2026-06-05 19:23:59.493180+00:00
4063,002989,4.366972,excel_import,2026-06-05 19:23:59.494289+00:00
4064,002990,1.418890,excel_import,2026-06-05 19:23:59.495401+00:00
4065,002991,-1.486200,excel_import,2026-06-05 19:23:59.496868+00:00
4066,002992,-0.591017,excel_import,2026-06-05 19:23:59.497793+00:00
4067,002993,-1.596774,excel_import,2026-06-05 19:23:59.498751+00:00
4070,002997,-3.303400,excel_import,2026-06-05 19:23:59.501685+00:00
4071,002998,-1.093560,excel_import,2026-06-05 19:23:59.502665+00:00
4072,002999,-1.444623,excel_import,2026-06-05 19:23:59.503658+00:00
4073,003000,0.000000,excel_import,2026-06-05 19:23:59.504950+00:00
4074,003001,-1.858304,excel_import,2026-06-05 19:23:59.506024+00:00
4075,003002,3.941338,excel_import,2026-06-05 19:23:59.507117+00:00
4076,003003,0.508475,excel_import,2026-06-05 19:23:59.507975+00:00
4077,003004,-9.993022,excel_import,2026-06-05 19:23:59.509016+00:00
4078,003005,-3.205128,excel_import,2026-06-05 19:23:59.510312+00:00
4079,003006,-1.983173,excel_import,2026-06-05 19:23:59.511268+00:00
4080,003007,-1.379811,excel_import,2026-06-05 19:23:59.512264+00:00
4081,003008,-0.515464,excel_import,2026-06-05 19:23:59.513821+00:00
4082,003009,1.927280,excel_import,2026-06-05 19:23:59.514680+00:00
4083,003010,-2.715283,excel_import,2026-06-05 19:23:59.515551+00:00
4084,003011,-1.291248,excel_import,2026-06-05 19:23:59.516361+00:00
4085,003012,-2.958580,excel_import,2026-06-05 19:23:59.517273+00:00
4087,003015,-0.242718,excel_import,2026-06-05 19:23:59.519191+00:00
4088,003016,-2.176871,excel_import,2026-06-05 19:23:59.520177+00:00
4089,003017,-0.975081,excel_import,2026-06-05 19:23:59.521759+00:00
4090,003018,-4.579593,excel_import,2026-06-05 19:23:59.523074+00:00
4091,003019,-3.592531,excel_import,2026-06-05 19:23:59.523966+00:00
4092,003020,-1.533742,excel_import,2026-06-05 19:23:59.524761+00:00
4093,003021,-0.658098,excel_import,2026-06-05 19:23:59.525920+00:00
4094,003022,2.011834,excel_import,2026-06-05 19:23:59.526963+00:00
4095,003023,-1.168224,excel_import,2026-06-05 19:23:59.527896+00:00
4096,003025,-3.188602,excel_import,2026-06-05 19:23:59.528891+00:00
4097,003026,4.100652,excel_import,2026-06-05 19:23:59.530319+00:00
4098,003027,-2.672606,excel_import,2026-06-05 19:23:59.531367+00:00
4099,003028,-0.112740,excel_import,2026-06-05 19:23:59.532220+00:00
4100,003029,-1.486989,excel_import,2026-06-05 19:23:59.533052+00:00
4101,003030,-9.979036,excel_import,2026-06-05 19:23:59.534168+00:00
4102,003031,1.429175,excel_import,2026-06-05 19:23:59.535111+00:00
4103,003032,-3.506311,excel_import,2026-06-05 19:23:59.535869+00:00
4104,003033,2.615726,excel_import,2026-06-05 19:23:59.536765+00:00
4106,003036,0.368732,excel_import,2026-06-05 19:23:59.539526+00:00
4107,003037,-1.243094,excel_import,2026-06-05 19:23:59.540338+00:00
4108,003038,-1.848875,excel_import,2026-06-05 19:23:59.541337+00:00
4109,003039,-1.079414,excel_import,2026-06-05 19:23:59.542517+00:00
4110,003040,-0.617761,excel_import,2026-06-05 19:23:59.543601+00:00
4111,003041,-9.314079,excel_import,2026-06-05 19:23:59.544609+00:00
4112,003042,-0.386349,excel_import,2026-06-05 19:23:59.545663+00:00
4113,003043,2.571381,excel_import,2026-06-05 19:23:59.546997+00:00
4114,003816,-1.072961,excel_import,2026-06-05 19:23:59.547924+00:00
4115,300001,-1.480485,excel_import,2026-06-05 19:23:59.548775+00:00
4116,300002,-2.250000,excel_import,2026-06-05 19:23:59.549774+00:00
4117,300003,-1.431981,excel_import,2026-06-05 19:23:59.550851+00:00
4118,300004,9.063670,excel_import,2026-06-05 19:23:59.551970+00:00
4119,300005,-6.625000,excel_import,2026-06-05 19:23:59.552942+00:00
4120,300006,-1.134216,excel_import,2026-06-05 19:23:59.553989+00:00
4121,300007,-1.055156,excel_import,2026-06-05 19:23:59.555577+00:00
4122,300008,0.311042,excel_import,2026-06-05 19:23:59.556601+00:00
4123,300009,-2.539299,excel_import,2026-06-05 19:23:59.557522+00:00
4125,300011,-1.718750,excel_import,2026-06-05 19:23:59.559524+00:00
4126,300012,0.553250,excel_import,2026-06-05 19:23:59.560587+00:00
4127,300013,0.439560,excel_import,2026-06-05 19:23:59.561560+00:00
4128,300014,-3.817960,excel_import,2026-06-05 19:23:59.562651+00:00
4129,300015,-3.083700,excel_import,2026-06-05 19:23:59.564105+00:00
4130,300016,-0.123457,excel_import,2026-06-05 19:23:59.564999+00:00
4131,300017,1.119895,excel_import,2026-06-05 19:23:59.565983+00:00
4132,300018,-1.071155,excel_import,2026-06-05 19:23:59.566841+00:00
4133,300019,0.956938,excel_import,2026-06-05 19:23:59.567980+00:00
4134,300020,-2.479339,excel_import,2026-06-05 19:23:59.568998+00:00
4135,300021,-0.250000,excel_import,2026-06-05 19:23:59.569955+00:00
4136,300022,-2.014218,excel_import,2026-06-05 19:23:59.571101+00:00
4137,300024,-2.565789,excel_import,2026-06-05 19:23:59.572315+00:00
4138,300025,-1.195219,excel_import,2026-06-05 19:23:59.573181+00:00
4139,300026,-1.846154,excel_import,2026-06-05 19:23:59.574061+00:00
4140,300027,0.000000,excel_import,2026-06-05 19:23:59.574961+00:00
4141,300030,-1.164483,excel_import,2026-06-05 19:23:59.576145+00:00
4142,300031,0.642949,excel_import,2026-06-05 19:23:59.577333+00:00
4143,300032,0.000000,excel_import,2026-06-05 19:23:59.578401+00:00
4145,300034,-0.387382,excel_import,2026-06-05 19:23:59.581147+00:00
4146,300035,1.330109,excel_import,2026-06-05 19:23:59.582015+00:00
4147,300036,-1.940994,excel_import,2026-06-05 19:23:59.582886+00:00
4148,300037,-0.975610,excel_import,2026-06-05 19:23:59.583879+00:00
4149,300039,-1.893939,excel_import,2026-06-05 19:23:59.584766+00:00
4150,300040,3.452685,excel_import,2026-06-05 19:23:59.585691+00:00
4151,300041,-1.014493,excel_import,2026-06-05 19:23:59.586727+00:00
4152,300042,2.720386,excel_import,2026-06-05 19:23:59.587988+00:00
4153,300043,-2.725367,excel_import,2026-06-05 19:23:59.589383+00:00
4154,300044,2.348993,excel_import,2026-06-05 19:23:59.590429+00:00
4155,300045,1.452394,excel_import,2026-06-05 19:23:59.591419+00:00
4156,300046,-0.097561,excel_import,2026-06-05 19:23:59.592459+00:00
4157,300047,-1.841004,excel_import,2026-06-05 19:23:59.593732+00:00
4158,300048,-0.862069,excel_import,2026-06-05 19:23:59.594767+00:00
4159,300049,-0.413888,excel_import,2026-06-05 19:23:59.595961+00:00
4160,300050,-1.639344,excel_import,2026-06-05 19:23:59.597399+00:00
4161,300051,-2.131439,excel_import,2026-06-05 19:23:59.598418+00:00
4163,300053,1.145767,excel_import,2026-06-05 19:23:59.600264+00:00
4164,300054,4.389087,excel_import,2026-06-05 19:23:59.601326+00:00
4165,300055,0.117233,excel_import,2026-06-05 19:23:59.602495+00:00
4166,300056,-1.727642,excel_import,2026-06-05 19:23:59.603623+00:00
4167,300057,-2.297593,excel_import,2026-06-05 19:23:59.605091+00:00
4168,300058,-3.159743,excel_import,2026-06-05 19:23:59.606216+00:00
4169,300059,0.000000,excel_import,2026-06-05 19:23:59.607185+00:00
4170,300061,-1.995565,excel_import,2026-06-05 19:23:59.608137+00:00
4171,300062,-1.598837,excel_import,2026-06-05 19:23:59.609164+00:00
4172,300063,-3.044719,excel_import,2026-06-05 19:23:59.610353+00:00
4173,300065,1.355422,excel_import,2026-06-05 19:23:59.611557+00:00
4174,300066,2.830189,excel_import,2026-06-05 19:23:59.613240+00:00
4069,002996,-1.434720,excel_import,2026-06-05 19:23:59.500528+00:00
4177,300069,3.883300,excel_import,2026-06-05 19:23:59.616524+00:00
4178,300070,-0.852273,excel_import,2026-06-05 19:23:59.617592+00:00
4179,300071,-2.988506,excel_import,2026-06-05 19:23:59.618777+00:00
4180,300072,0.761421,excel_import,2026-06-05 19:23:59.619757+00:00
4181,300073,-0.774622,excel_import,2026-06-05 19:23:59.620964+00:00
4182,300074,-0.729927,excel_import,2026-06-05 19:23:59.622769+00:00
4183,300075,-1.262826,excel_import,2026-06-05 19:23:59.624368+00:00
4184,300076,-1.840491,excel_import,2026-06-05 19:23:59.625809+00:00
4185,300077,5.645851,excel_import,2026-06-05 19:23:59.626985+00:00
4186,300078,-0.301205,excel_import,2026-06-05 19:23:59.628021+00:00
4187,300079,0.000000,excel_import,2026-06-05 19:23:59.629090+00:00
4189,300081,0.921659,excel_import,2026-06-05 19:23:59.631532+00:00
4190,300082,-1.556017,excel_import,2026-06-05 19:23:59.632532+00:00
4191,300083,-0.604230,excel_import,2026-06-05 19:23:59.633522+00:00
4192,300084,0.590717,excel_import,2026-06-05 19:23:59.634840+00:00
4193,300085,-15.512266,excel_import,2026-06-05 19:23:59.635935+00:00
4194,300086,-0.917431,excel_import,2026-06-05 19:23:59.637026+00:00
4195,300087,-3.066667,excel_import,2026-06-05 19:23:59.638483+00:00
4196,300088,12.674095,excel_import,2026-06-05 19:23:59.639558+00:00
4197,300091,-1.960784,excel_import,2026-06-05 19:23:59.640467+00:00
4198,300092,-1.522843,excel_import,2026-06-05 19:23:59.641373+00:00
4199,300093,-1.626712,excel_import,2026-06-05 19:23:59.642422+00:00
4200,300094,-1.351351,excel_import,2026-06-05 19:23:59.643431+00:00
4201,300095,1.226310,excel_import,2026-06-05 19:23:59.644612+00:00
4202,300096,0.559284,excel_import,2026-06-05 19:23:59.646351+00:00
4203,300097,-1.371308,excel_import,2026-06-05 19:23:59.647810+00:00
4204,300098,-1.119403,excel_import,2026-06-05 19:23:59.648712+00:00
4205,300099,-0.137552,excel_import,2026-06-05 19:23:59.649583+00:00
4207,300101,0.717274,excel_import,2026-06-05 19:23:59.651704+00:00
4208,300102,2.546973,excel_import,2026-06-05 19:23:59.652728+00:00
4209,300103,-4.591265,excel_import,2026-06-05 19:23:59.653840+00:00
4210,300105,-2.103560,excel_import,2026-06-05 19:23:59.655248+00:00
4211,300106,-0.225904,excel_import,2026-06-05 19:23:59.656244+00:00
4212,300107,-1.584786,excel_import,2026-06-05 19:23:59.657148+00:00
4213,300109,-2.317497,excel_import,2026-06-05 19:23:59.658230+00:00
4214,300110,-0.355872,excel_import,2026-06-05 19:23:59.659478+00:00
4215,300111,-0.299401,excel_import,2026-06-05 19:23:59.660699+00:00
4216,300112,-1.283880,excel_import,2026-06-05 19:23:59.661710+00:00
4217,300113,-1.983395,excel_import,2026-06-05 19:23:59.662968+00:00
4218,300115,-0.785261,excel_import,2026-06-05 19:23:59.664291+00:00
4219,300118,-2.471751,excel_import,2026-06-05 19:23:59.665205+00:00
4220,300119,-1.719902,excel_import,2026-06-05 19:23:59.666103+00:00
4221,300120,-3.019744,excel_import,2026-06-05 19:23:59.667019+00:00
4222,300121,6.179286,excel_import,2026-06-05 19:23:59.668252+00:00
4223,300122,-3.375844,excel_import,2026-06-05 19:23:59.669455+00:00
4224,300123,0.845666,excel_import,2026-06-05 19:23:59.670683+00:00
4226,300125,-8.593012,excel_import,2026-06-05 19:23:59.673267+00:00
4227,300126,-0.582242,excel_import,2026-06-05 19:23:59.674163+00:00
4228,300127,-0.358680,excel_import,2026-06-05 19:23:59.675053+00:00
4229,300128,-2.813299,excel_import,2026-06-05 19:23:59.676280+00:00
4230,300129,-2.536585,excel_import,2026-06-05 19:23:59.677338+00:00
4231,300130,2.857143,excel_import,2026-06-05 19:23:59.678475+00:00
4232,300131,-0.232288,excel_import,2026-06-05 19:23:59.679780+00:00
4233,300132,-6.843575,excel_import,2026-06-05 19:23:59.681257+00:00
4234,300133,-1.745636,excel_import,2026-06-05 19:23:59.682311+00:00
4235,300134,-0.767018,excel_import,2026-06-05 19:23:59.683209+00:00
4236,300135,1.404494,excel_import,2026-06-05 19:23:59.684344+00:00
4237,300136,3.946939,excel_import,2026-06-05 19:23:59.685821+00:00
4238,300137,-1.063830,excel_import,2026-06-05 19:23:59.686966+00:00
4239,300138,-2.097235,excel_import,2026-06-05 19:23:59.688346+00:00
4240,300139,-2.533632,excel_import,2026-06-05 19:23:59.689630+00:00
4241,300140,0.653595,excel_import,2026-06-05 19:23:59.690548+00:00
4242,300141,-0.978648,excel_import,2026-06-05 19:23:59.691426+00:00
4243,300142,-0.488998,excel_import,2026-06-05 19:23:59.692540+00:00
4245,300144,-1.339286,excel_import,2026-06-05 19:23:59.694970+00:00
4246,300145,-0.225225,excel_import,2026-06-05 19:23:59.696273+00:00
4247,300146,-1.221996,excel_import,2026-06-05 19:23:59.697578+00:00
4248,300147,-0.997009,excel_import,2026-06-05 19:23:59.698555+00:00
4249,300148,1.089918,excel_import,2026-06-05 19:23:59.699463+00:00
4250,300149,-0.480769,excel_import,2026-06-05 19:23:59.700361+00:00
4251,300150,-1.822323,excel_import,2026-06-05 19:23:59.701510+00:00
4252,300151,3.915789,excel_import,2026-06-05 19:23:59.702564+00:00
4253,300152,3.783784,excel_import,2026-06-05 19:23:59.703656+00:00
4254,300153,0.422103,excel_import,2026-06-05 19:23:59.705109+00:00
4255,300154,-1.330604,excel_import,2026-06-05 19:23:59.706155+00:00
4256,300155,-2.474227,excel_import,2026-06-05 19:23:59.707205+00:00
4257,300157,1.091703,excel_import,2026-06-05 19:23:59.708152+00:00
4258,300158,7.936508,excel_import,2026-06-05 19:23:59.709187+00:00
4259,300159,-2.117647,excel_import,2026-06-05 19:23:59.710336+00:00
4260,300160,-1.417004,excel_import,2026-06-05 19:23:59.711347+00:00
4261,300161,-0.187500,excel_import,2026-06-05 19:23:59.712402+00:00
4262,300162,-4.144527,excel_import,2026-06-05 19:23:59.713933+00:00
4264,300164,9.683996,excel_import,2026-06-05 19:23:59.716255+00:00
4265,300165,-0.813008,excel_import,2026-06-05 19:23:59.717373+00:00
4266,300166,0.863132,excel_import,2026-06-05 19:23:59.718559+00:00
4267,300167,-0.968992,excel_import,2026-06-05 19:23:59.719552+00:00
4268,300168,-2.819549,excel_import,2026-06-05 19:23:59.720679+00:00
4269,300169,-2.329749,excel_import,2026-06-05 19:23:59.722161+00:00
4270,300170,-0.624025,excel_import,2026-06-05 19:23:59.723230+00:00
4271,300171,-2.742074,excel_import,2026-06-05 19:23:59.724082+00:00
4272,300172,-1.239669,excel_import,2026-06-05 19:23:59.724962+00:00
4273,300173,-2.743142,excel_import,2026-06-05 19:23:59.726002+00:00
4274,300174,-1.634473,excel_import,2026-06-05 19:23:59.727304+00:00
4275,300175,-2.184087,excel_import,2026-06-05 19:23:59.728482+00:00
4276,300176,-2.516779,excel_import,2026-06-05 19:23:59.730124+00:00
4277,300177,-0.416089,excel_import,2026-06-05 19:23:59.731296+00:00
4278,300179,7.524628,excel_import,2026-06-05 19:23:59.732307+00:00
4279,300180,-0.607287,excel_import,2026-06-05 19:23:59.733366+00:00
4280,300181,-1.724138,excel_import,2026-06-05 19:23:59.734563+00:00
4281,300182,-0.843170,excel_import,2026-06-05 19:23:59.735990+00:00
4284,300185,-0.716846,excel_import,2026-06-05 19:23:59.739690+00:00
4285,300187,-1.724138,excel_import,2026-06-05 19:23:59.740590+00:00
4286,300188,-1.992754,excel_import,2026-06-05 19:23:59.741480+00:00
4287,300189,0.984252,excel_import,2026-06-05 19:23:59.742485+00:00
4288,300190,0.243309,excel_import,2026-06-05 19:23:59.743538+00:00
4289,300191,6.529319,excel_import,2026-06-05 19:23:59.744662+00:00
4290,300192,0.305623,excel_import,2026-06-05 19:23:59.745694+00:00
4291,300193,-0.774194,excel_import,2026-06-05 19:23:59.747149+00:00
4292,300194,-0.785340,excel_import,2026-06-05 19:23:59.748107+00:00
4293,300195,-1.186441,excel_import,2026-06-05 19:23:59.749239+00:00
4294,300196,-6.057186,excel_import,2026-06-05 19:23:59.750444+00:00
4295,300197,19.827586,excel_import,2026-06-05 19:23:59.751671+00:00
4296,300198,-1.310044,excel_import,2026-06-05 19:23:59.752782+00:00
4297,300199,-1.585903,excel_import,2026-06-05 19:23:59.753785+00:00
4299,300201,-4.987654,excel_import,2026-06-05 19:23:59.756529+00:00
4300,300203,0.555556,excel_import,2026-06-05 19:23:59.757420+00:00
4301,300204,4.304221,excel_import,2026-06-05 19:23:59.758326+00:00
4302,300205,-0.167224,excel_import,2026-06-05 19:23:59.759347+00:00
4303,300206,-2.141802,excel_import,2026-06-05 19:23:59.760418+00:00
4304,300207,-2.670227,excel_import,2026-06-05 19:23:59.761556+00:00
4305,300209,5.884708,excel_import,2026-06-05 19:23:59.762966+00:00
4306,300210,-1.532913,excel_import,2026-06-05 19:23:59.764383+00:00
4307,300211,-2.424942,excel_import,2026-06-05 19:23:59.765474+00:00
4308,300212,-0.526316,excel_import,2026-06-05 19:23:59.766441+00:00
4309,300213,-0.674764,excel_import,2026-06-05 19:23:59.767624+00:00
4310,300214,-1.290323,excel_import,2026-06-05 19:23:59.768679+00:00
4311,300215,2.162162,excel_import,2026-06-05 19:23:59.769797+00:00
4312,300217,2.348337,excel_import,2026-06-05 19:23:59.770916+00:00
4313,300218,-0.802920,excel_import,2026-06-05 19:23:59.772314+00:00
4314,300219,1.707317,excel_import,2026-06-05 19:23:59.773317+00:00
4315,300220,-1.680000,excel_import,2026-06-05 19:23:59.774267+00:00
4316,300221,0.916138,excel_import,2026-06-05 19:23:59.775422+00:00
4318,300223,1.469038,excel_import,2026-06-05 19:23:59.777615+00:00
4319,300224,0.905350,excel_import,2026-06-05 19:23:59.778678+00:00
4320,300225,-4.849138,excel_import,2026-06-05 19:23:59.780073+00:00
4321,300226,-1.474654,excel_import,2026-06-05 19:23:59.781097+00:00
4322,300227,2.450091,excel_import,2026-06-05 19:23:59.782026+00:00
4323,300228,-0.831354,excel_import,2026-06-05 19:23:59.783165+00:00
4324,300229,-2.542874,excel_import,2026-06-05 19:23:59.784404+00:00
4325,300230,0.000000,excel_import,2026-06-05 19:23:59.785761+00:00
4326,300231,-1.187905,excel_import,2026-06-05 19:23:59.786822+00:00
4327,300232,0.517241,excel_import,2026-06-05 19:23:59.788225+00:00
4328,300233,-1.749049,excel_import,2026-06-05 19:23:59.789457+00:00
4329,300234,-1.048951,excel_import,2026-06-05 19:23:59.790526+00:00
4330,300235,0.294985,excel_import,2026-06-05 19:23:59.791623+00:00
4331,300236,1.605807,excel_import,2026-06-05 19:23:59.792725+00:00
4332,300237,-1.310044,excel_import,2026-06-05 19:23:59.793740+00:00
4333,300238,-1.702128,excel_import,2026-06-05 19:23:59.794737+00:00
4334,300239,-3.100775,excel_import,2026-06-05 19:23:59.795864+00:00
4335,300240,-1.666667,excel_import,2026-06-05 19:23:59.797595+00:00
4337,300242,-1.167315,excel_import,2026-06-05 19:23:59.799733+00:00
4338,300243,-3.098451,excel_import,2026-06-05 19:23:59.800696+00:00
4339,300244,-2.829655,excel_import,2026-06-05 19:23:59.801899+00:00
4340,300245,-2.865330,excel_import,2026-06-05 19:23:59.803048+00:00
4341,300246,-4.937571,excel_import,2026-06-05 19:23:59.804260+00:00
4342,300247,0.000000,excel_import,2026-06-05 19:23:59.805553+00:00
4343,300248,-1.714286,excel_import,2026-06-05 19:23:59.806670+00:00
4344,300249,7.566462,excel_import,2026-06-05 19:23:59.807632+00:00
4345,300250,-1.304864,excel_import,2026-06-05 19:23:59.808525+00:00
4346,300251,-1.772764,excel_import,2026-06-05 19:23:59.809560+00:00
4347,300252,7.451253,excel_import,2026-06-05 19:23:59.810694+00:00
4348,300253,-2.525253,excel_import,2026-06-05 19:23:59.811728+00:00
4349,300254,-1.428571,excel_import,2026-06-05 19:23:59.813126+00:00
4350,300255,-0.516396,excel_import,2026-06-05 19:23:59.814282+00:00
4351,300256,-1.618123,excel_import,2026-06-05 19:23:59.815166+00:00
4352,300257,3.485915,excel_import,2026-06-05 19:23:59.816207+00:00
4353,300258,-1.882353,excel_import,2026-06-05 19:23:59.817242+00:00
4354,300259,-5.752961,excel_import,2026-06-05 19:23:59.818623+00:00
4356,300261,1.803607,excel_import,2026-06-05 19:23:59.821154+00:00
4357,300263,-2.362869,excel_import,2026-06-05 19:23:59.822572+00:00
4358,300264,-5.244338,excel_import,2026-06-05 19:23:59.823569+00:00
4359,300265,-2.039967,excel_import,2026-06-05 19:23:59.824493+00:00
4360,300266,8.372093,excel_import,2026-06-05 19:23:59.825452+00:00
4361,300267,0.000000,excel_import,2026-06-05 19:23:59.826546+00:00
4362,300268,-2.839601,excel_import,2026-06-05 19:23:59.827696+00:00
4363,300269,-1.858736,excel_import,2026-06-05 19:23:59.828785+00:00
4364,300270,3.993610,excel_import,2026-06-05 19:23:59.830350+00:00
4365,300271,-1.234568,excel_import,2026-06-05 19:23:59.831615+00:00
4366,300272,0.980392,excel_import,2026-06-05 19:23:59.832618+00:00
4367,300274,-1.100174,excel_import,2026-06-05 19:23:59.833616+00:00
4368,300275,-1.052632,excel_import,2026-06-05 19:23:59.834688+00:00
4369,300276,-3.061224,excel_import,2026-06-05 19:23:59.835718+00:00
4370,300277,-2.190722,excel_import,2026-06-05 19:23:59.837017+00:00
4371,300278,-2.417582,excel_import,2026-06-05 19:23:59.838522+00:00
4372,300279,1.849218,excel_import,2026-06-05 19:23:59.839711+00:00
4373,300281,2.868852,excel_import,2026-06-05 19:23:59.840572+00:00
4375,300284,0.504202,excel_import,2026-06-05 19:23:59.842529+00:00
4376,300285,3.455945,excel_import,2026-06-05 19:23:59.843607+00:00
4377,300286,6.636156,excel_import,2026-06-05 19:23:59.844761+00:00
4378,300287,1.515152,excel_import,2026-06-05 19:23:59.845822+00:00
4379,300288,-1.663405,excel_import,2026-06-05 19:23:59.847186+00:00
4380,300289,-3.177258,excel_import,2026-06-05 19:23:59.848134+00:00
4381,300290,-2.748815,excel_import,2026-06-05 19:23:59.848952+00:00
4382,300291,-4.255319,excel_import,2026-06-05 19:23:59.849923+00:00
4383,300292,10.036496,excel_import,2026-06-05 19:23:59.851122+00:00
4384,300293,-0.462428,excel_import,2026-06-05 19:23:59.852155+00:00
4385,300294,-0.119119,excel_import,2026-06-05 19:23:59.853317+00:00
4386,300295,2.000000,excel_import,2026-06-05 19:23:59.854315+00:00
4387,300296,0.911854,excel_import,2026-06-05 19:23:59.855790+00:00
4388,300298,-2.643456,excel_import,2026-06-05 19:23:59.856713+00:00
4283,300184,-2.354874,excel_import,2026-06-05 19:23:59.738540+00:00
4391,300301,2.380952,excel_import,2026-06-05 19:23:59.859663+00:00
4392,300302,17.592791,excel_import,2026-06-05 19:23:59.860670+00:00
4393,300303,2.784223,excel_import,2026-06-05 19:23:59.861580+00:00
4394,300304,0.203666,excel_import,2026-06-05 19:23:59.862834+00:00
4395,300305,2.197802,excel_import,2026-06-05 19:23:59.864074+00:00
4396,300306,-0.276753,excel_import,2026-06-05 19:23:59.865054+00:00
4397,300307,0.887574,excel_import,2026-06-05 19:23:59.866088+00:00
4398,300308,6.980139,excel_import,2026-06-05 19:23:59.867079+00:00
4400,300311,-2.173913,excel_import,2026-06-05 19:23:59.868932+00:00
4401,300313,-4.188482,excel_import,2026-06-05 19:23:59.869790+00:00
4402,300314,-1.559454,excel_import,2026-06-05 19:23:59.870574+00:00
4403,300315,-1.785714,excel_import,2026-06-05 19:23:59.872027+00:00
4404,300316,3.000000,excel_import,2026-06-05 19:23:59.872830+00:00
4405,300317,-0.349040,excel_import,2026-06-05 19:23:59.873594+00:00
4406,300318,-2.204409,excel_import,2026-06-05 19:23:59.874349+00:00
4407,300319,10.300429,excel_import,2026-06-05 19:23:59.875169+00:00
4408,300320,-0.660066,excel_import,2026-06-05 19:23:59.876155+00:00
4409,300321,-2.758287,excel_import,2026-06-05 19:23:59.877130+00:00
4410,300322,-1.886133,excel_import,2026-06-05 19:23:59.878123+00:00
4411,300323,8.661417,excel_import,2026-06-05 19:23:59.879162+00:00
4412,300324,-1.583710,excel_import,2026-06-05 19:23:59.880467+00:00
4413,300326,-3.448276,excel_import,2026-06-05 19:23:59.881424+00:00
4414,300327,0.457908,excel_import,2026-06-05 19:23:59.882722+00:00
4415,300328,-1.947079,excel_import,2026-06-05 19:23:59.883683+00:00
4416,300329,-0.234742,excel_import,2026-06-05 19:23:59.884827+00:00
4417,300331,11.153552,excel_import,2026-06-05 19:23:59.885999+00:00
4419,300333,0.298211,excel_import,2026-06-05 19:23:59.888145+00:00
4420,300334,-0.410959,excel_import,2026-06-05 19:23:59.889318+00:00
4421,300335,-1.960784,excel_import,2026-06-05 19:23:59.890181+00:00
4422,300337,0.245098,excel_import,2026-06-05 19:23:59.890905+00:00
4423,300338,-3.680982,excel_import,2026-06-05 19:23:59.891622+00:00
4424,300339,-1.394376,excel_import,2026-06-05 19:23:59.892653+00:00
4425,300340,-0.623053,excel_import,2026-06-05 19:23:59.893642+00:00
4426,300341,-2.624309,excel_import,2026-06-05 19:23:59.894615+00:00
4427,300342,1.804758,excel_import,2026-06-05 19:23:59.895564+00:00
4428,300343,-3.607504,excel_import,2026-06-05 19:23:59.896776+00:00
4429,300345,0.340136,excel_import,2026-06-05 19:23:59.897693+00:00
4430,300346,2.978723,excel_import,2026-06-05 19:23:59.898570+00:00
4431,300347,0.459301,excel_import,2026-06-05 19:23:59.899431+00:00
4432,300348,-1.171875,excel_import,2026-06-05 19:23:59.900552+00:00
4433,300349,-3.900975,excel_import,2026-06-05 19:23:59.901720+00:00
4434,300350,-1.505376,excel_import,2026-06-05 19:23:59.902746+00:00
4435,300351,1.457399,excel_import,2026-06-05 19:23:59.903743+00:00
4436,300352,-4.761905,excel_import,2026-06-05 19:23:59.904999+00:00
4438,300354,-0.497512,excel_import,2026-06-05 19:23:59.906988+00:00
4439,300355,-0.925926,excel_import,2026-06-05 19:23:59.907806+00:00
4440,300357,-1.534415,excel_import,2026-06-05 19:23:59.908664+00:00
4441,300358,-1.200480,excel_import,2026-06-05 19:23:59.909721+00:00
4442,300359,-1.207729,excel_import,2026-06-05 19:23:59.910757+00:00
4443,300360,-3.391003,excel_import,2026-06-05 19:23:59.911665+00:00
4444,300363,0.283086,excel_import,2026-06-05 19:23:59.912975+00:00
4445,300364,-2.774521,excel_import,2026-06-05 19:23:59.915067+00:00
4446,300365,-0.920810,excel_import,2026-06-05 19:23:59.916126+00:00
4447,300366,-1.618705,excel_import,2026-06-05 19:23:59.917087+00:00
4448,300368,-2.592223,excel_import,2026-06-05 19:23:59.918263+00:00
4449,300369,-1.538462,excel_import,2026-06-05 19:23:59.919356+00:00
4450,300370,3.238866,excel_import,2026-06-05 19:23:59.920474+00:00
4451,300371,-1.848592,excel_import,2026-06-05 19:23:59.921673+00:00
4452,300373,4.256158,excel_import,2026-06-05 19:23:59.922904+00:00
4453,300374,-0.571895,excel_import,2026-06-05 19:23:59.923919+00:00
4454,300375,0.231481,excel_import,2026-06-05 19:23:59.924764+00:00
4455,300376,-1.941748,excel_import,2026-06-05 19:23:59.925951+00:00
4457,300378,-2.063451,excel_import,2026-06-05 19:23:59.927982+00:00
4458,300380,-4.255319,excel_import,2026-06-05 19:23:59.928877+00:00
4459,300381,-1.092044,excel_import,2026-06-05 19:23:59.930548+00:00
4460,300382,-8.578585,excel_import,2026-06-05 19:23:59.931451+00:00
4461,300383,-1.478197,excel_import,2026-06-05 19:23:59.932226+00:00
4462,300384,0.873016,excel_import,2026-06-05 19:23:59.933023+00:00
4463,300385,-2.094595,excel_import,2026-06-05 19:23:59.934101+00:00
4464,300386,-1.284404,excel_import,2026-06-05 19:23:59.934855+00:00
4465,300387,0.514139,excel_import,2026-06-05 19:23:59.935831+00:00
4466,300388,-0.261097,excel_import,2026-06-05 19:23:59.936703+00:00
4467,300389,-0.216138,excel_import,2026-06-05 19:23:59.937486+00:00
4468,300390,0.098401,excel_import,2026-06-05 19:23:59.938949+00:00
4469,300393,1.449275,excel_import,2026-06-05 19:23:59.939879+00:00
4470,300394,8.835886,excel_import,2026-06-05 19:23:59.940629+00:00
4471,300395,-0.426778,excel_import,2026-06-05 19:23:59.941402+00:00
4472,300396,-3.448276,excel_import,2026-06-05 19:23:59.942440+00:00
4473,300397,2.162162,excel_import,2026-06-05 19:23:59.943388+00:00
4474,300398,8.640585,excel_import,2026-06-05 19:23:59.944432+00:00
4476,300400,-2.160279,excel_import,2026-06-05 19:23:59.946742+00:00
4477,300401,-2.487562,excel_import,2026-06-05 19:23:59.947715+00:00
4478,300402,5.360562,excel_import,2026-06-05 19:23:59.948552+00:00
4479,300403,-2.626642,excel_import,2026-06-05 19:23:59.949411+00:00
4480,300404,-4.033092,excel_import,2026-06-05 19:23:59.950194+00:00
4481,300405,-1.415094,excel_import,2026-06-05 19:23:59.951272+00:00
4482,300406,-1.833333,excel_import,2026-06-05 19:23:59.952285+00:00
4483,300407,-1.792991,excel_import,2026-06-05 19:23:59.953321+00:00
4484,300408,0.319798,excel_import,2026-06-05 19:23:59.954715+00:00
4485,300409,-0.452489,excel_import,2026-06-05 19:23:59.955911+00:00
4486,300410,-5.234375,excel_import,2026-06-05 19:23:59.956732+00:00
4487,300411,9.580838,excel_import,2026-06-05 19:23:59.957558+00:00
4488,300412,-1.960784,excel_import,2026-06-05 19:23:59.958409+00:00
4489,300413,-2.468427,excel_import,2026-06-05 19:23:59.959422+00:00
4490,300414,0.416320,excel_import,2026-06-05 19:23:59.960396+00:00
4491,300415,-0.540054,excel_import,2026-06-05 19:23:59.961305+00:00
4492,300416,-1.182796,excel_import,2026-06-05 19:23:59.962234+00:00
4493,300417,-2.026500,excel_import,2026-06-05 19:23:59.963625+00:00
4495,300419,-4.461942,excel_import,2026-06-05 19:23:59.965165+00:00
4390,300300,-1.989529,excel_import,2026-06-05 19:23:59.858548+00:00
4498,300422,-0.925926,excel_import,2026-06-05 19:23:59.967836+00:00
4499,300423,-1.371951,excel_import,2026-06-05 19:23:59.969053+00:00
4500,300424,-1.861167,excel_import,2026-06-05 19:23:59.970366+00:00
4501,300425,-0.686499,excel_import,2026-06-05 19:23:59.971810+00:00
4502,300426,-1.920000,excel_import,2026-06-05 19:23:59.972863+00:00
4503,300427,7.954545,excel_import,2026-06-05 19:23:59.974266+00:00
4504,300428,-1.296830,excel_import,2026-06-05 19:23:59.975264+00:00
4505,300429,0.302572,excel_import,2026-06-05 19:23:59.976388+00:00
4507,300432,-1.670146,excel_import,2026-06-05 19:23:59.978530+00:00
4508,300433,7.664322,excel_import,2026-06-05 19:23:59.979783+00:00
4509,300434,-2.032520,excel_import,2026-06-05 19:23:59.981090+00:00
4510,300435,0.165472,excel_import,2026-06-05 19:23:59.982557+00:00
4511,300436,1.629138,excel_import,2026-06-05 19:23:59.983699+00:00
4512,300437,-0.564972,excel_import,2026-06-05 19:23:59.984871+00:00
4513,300438,-1.485687,excel_import,2026-06-05 19:23:59.986014+00:00
4514,300439,-1.530055,excel_import,2026-06-05 19:23:59.987331+00:00
4515,300440,-0.650503,excel_import,2026-06-05 19:23:59.988861+00:00
4516,300441,-0.961538,excel_import,2026-06-05 19:23:59.990181+00:00
4517,300442,1.420915,excel_import,2026-06-05 19:23:59.991343+00:00
4518,300443,-4.308390,excel_import,2026-06-05 19:23:59.992327+00:00
4519,300444,-1.413428,excel_import,2026-06-05 19:23:59.993521+00:00
4520,300445,-0.897436,excel_import,2026-06-05 19:23:59.994569+00:00
4521,300446,-0.186567,excel_import,2026-06-05 19:23:59.995778+00:00
4522,300447,2.718078,excel_import,2026-06-05 19:23:59.997494+00:00
4523,300448,0.902062,excel_import,2026-06-05 19:23:59.998520+00:00
4524,300449,2.069858,excel_import,2026-06-05 19:23:59.999460+00:00
4526,300451,-2.083333,excel_import,2026-06-05 19:24:00.001598+00:00
4527,300452,-2.340094,excel_import,2026-06-05 19:24:00.002849+00:00
4528,300453,-2.155172,excel_import,2026-06-05 19:24:00.004209+00:00
4529,300454,-2.041497,excel_import,2026-06-05 19:24:00.006105+00:00
4530,300455,2.100457,excel_import,2026-06-05 19:24:00.007306+00:00
4531,300456,-0.887446,excel_import,2026-06-05 19:24:00.008257+00:00
4532,300457,-2.260327,excel_import,2026-06-05 19:24:00.009348+00:00
4533,300458,0.180560,excel_import,2026-06-05 19:24:00.010578+00:00
4534,300459,-2.551020,excel_import,2026-06-05 19:24:00.011859+00:00
4535,300460,1.968912,excel_import,2026-06-05 19:24:00.013548+00:00
4536,300461,-1.688103,excel_import,2026-06-05 19:24:00.015055+00:00
4537,300462,-1.710731,excel_import,2026-06-05 19:24:00.016060+00:00
4538,300463,-2.222222,excel_import,2026-06-05 19:24:00.017037+00:00
4539,300464,-1.995565,excel_import,2026-06-05 19:24:00.018482+00:00
4540,300465,-2.491103,excel_import,2026-06-05 19:24:00.019926+00:00
4541,300466,0.124533,excel_import,2026-06-05 19:24:00.022638+00:00
4542,300467,0.324101,excel_import,2026-06-05 19:24:00.023824+00:00
4543,300468,-1.177460,excel_import,2026-06-05 19:24:00.024940+00:00
4545,300470,-1.510859,excel_import,2026-06-05 19:24:00.027608+00:00
4546,300471,-0.814664,excel_import,2026-06-05 19:24:00.028805+00:00
4547,300472,-1.529412,excel_import,2026-06-05 19:24:00.030373+00:00
4548,300473,-0.557258,excel_import,2026-06-05 19:24:00.031460+00:00
4549,300474,3.295129,excel_import,2026-06-05 19:24:00.032349+00:00
4550,300475,1.084908,excel_import,2026-06-05 19:24:00.033267+00:00
4551,300476,1.248997,excel_import,2026-06-05 19:24:00.034779+00:00
4552,300477,-5.323194,excel_import,2026-06-05 19:24:00.036258+00:00
4553,300478,0.744706,excel_import,2026-06-05 19:24:00.037607+00:00
4554,300479,-1.347709,excel_import,2026-06-05 19:24:00.039253+00:00
4555,300480,1.619310,excel_import,2026-06-05 19:24:00.040470+00:00
4556,300481,-1.935484,excel_import,2026-06-05 19:24:00.041522+00:00
4557,300482,-3.963240,excel_import,2026-06-05 19:24:00.042514+00:00
4558,300483,-1.204819,excel_import,2026-06-05 19:24:00.043846+00:00
4559,300484,-0.265604,excel_import,2026-06-05 19:24:00.044900+00:00
4560,300485,-1.805869,excel_import,2026-06-05 19:24:00.046134+00:00
4561,300486,-5.770514,excel_import,2026-06-05 19:24:00.047856+00:00
4562,300487,-1.459726,excel_import,2026-06-05 19:24:00.048928+00:00
4564,300489,-1.203062,excel_import,2026-06-05 19:24:00.050873+00:00
4565,300490,-0.385604,excel_import,2026-06-05 19:24:00.051920+00:00
4566,300491,-0.795107,excel_import,2026-06-05 19:24:00.053133+00:00
4567,300492,-3.414406,excel_import,2026-06-05 19:24:00.054749+00:00
4568,300493,-1.864181,excel_import,2026-06-05 19:24:00.056013+00:00
4569,300494,-2.881537,excel_import,2026-06-05 19:24:00.057325+00:00
4570,300496,-0.753887,excel_import,2026-06-05 19:24:00.058584+00:00
4571,300497,4.424203,excel_import,2026-06-05 19:24:00.059835+00:00
4572,300498,-0.832073,excel_import,2026-06-05 19:24:00.060900+00:00
4573,300499,0.271003,excel_import,2026-06-05 19:24:00.062131+00:00
4574,300500,-1.366120,excel_import,2026-06-05 19:24:00.063801+00:00
4575,300501,0.304646,excel_import,2026-06-05 19:24:00.064854+00:00
4576,300502,4.718876,excel_import,2026-06-05 19:24:00.065833+00:00
4577,300503,0.820223,excel_import,2026-06-05 19:24:00.066855+00:00
4578,300504,4.047491,excel_import,2026-06-05 19:24:00.068224+00:00
4579,300505,-0.492126,excel_import,2026-06-05 19:24:00.069946+00:00
4580,300506,-2.464066,excel_import,2026-06-05 19:24:00.071182+00:00
4581,300507,-4.020752,excel_import,2026-06-05 19:24:00.072621+00:00
4583,300509,-0.808081,excel_import,2026-06-05 19:24:00.074703+00:00
4584,300510,-2.652520,excel_import,2026-06-05 19:24:00.075870+00:00
4585,300511,0.655738,excel_import,2026-06-05 19:24:00.076886+00:00
4586,300512,-1.893939,excel_import,2026-06-05 19:24:00.078034+00:00
4587,300513,-1.741294,excel_import,2026-06-05 19:24:00.079086+00:00
4588,300514,-2.191781,excel_import,2026-06-05 19:24:00.080805+00:00
4589,300515,-1.753287,excel_import,2026-06-05 19:24:00.081845+00:00
4590,300516,20.000000,excel_import,2026-06-05 19:24:00.082743+00:00
4591,300517,-4.778157,excel_import,2026-06-05 19:24:00.083879+00:00
4592,300518,0.550964,excel_import,2026-06-05 19:24:00.085029+00:00
4593,300519,-1.956522,excel_import,2026-06-05 19:24:00.086712+00:00
4594,300520,1.964750,excel_import,2026-06-05 19:24:00.088283+00:00
4595,300521,-3.228410,excel_import,2026-06-05 19:24:00.089554+00:00
4596,300522,-2.980132,excel_import,2026-06-05 19:24:00.090514+00:00
4597,300523,-2.331002,excel_import,2026-06-05 19:24:00.091384+00:00
4598,300525,-4.319654,excel_import,2026-06-05 19:24:00.092787+00:00
4599,300527,-0.389105,excel_import,2026-06-05 19:24:00.094261+00:00
4600,300528,-3.592814,excel_import,2026-06-05 19:24:00.095505+00:00
4602,300530,-4.819277,excel_import,2026-06-05 19:24:00.098247+00:00
4497,300421,-2.153432,excel_import,2026-06-05 19:23:59.966742+00:00
4605,300533,-0.813008,excel_import,2026-06-05 19:24:00.101364+00:00
4606,300534,-2.252816,excel_import,2026-06-05 19:24:00.102359+00:00
4607,300535,-1.998751,excel_import,2026-06-05 19:24:00.103406+00:00
4608,300536,0.189036,excel_import,2026-06-05 19:24:00.104723+00:00
4609,300537,-1.939488,excel_import,2026-06-05 19:24:00.106113+00:00
4610,300538,1.528513,excel_import,2026-06-05 19:24:00.107241+00:00
4611,300539,-1.152861,excel_import,2026-06-05 19:24:00.108235+00:00
4612,300540,3.339882,excel_import,2026-06-05 19:24:00.109398+00:00
4613,300541,-1.821494,excel_import,2026-06-05 19:24:00.110461+00:00
4614,300542,-1.840491,excel_import,2026-06-05 19:24:00.111454+00:00
4616,300545,-3.179191,excel_import,2026-06-05 19:24:00.114037+00:00
4617,300546,-0.821596,excel_import,2026-06-05 19:24:00.115008+00:00
4618,300547,-4.173531,excel_import,2026-06-05 19:24:00.116019+00:00
4619,300548,4.390452,excel_import,2026-06-05 19:24:00.117065+00:00
4620,300549,-1.408451,excel_import,2026-06-05 19:24:00.118206+00:00
4621,300550,-1.188590,excel_import,2026-06-05 19:24:00.119272+00:00
4622,300551,-0.870322,excel_import,2026-06-05 19:24:00.120321+00:00
4623,300552,-2.188427,excel_import,2026-06-05 19:24:00.121807+00:00
4624,300553,0.126143,excel_import,2026-06-05 19:24:00.122956+00:00
4625,300554,8.759124,excel_import,2026-06-05 19:24:00.123850+00:00
4626,300555,-2.001483,excel_import,2026-06-05 19:24:00.124773+00:00
4627,300556,-1.901743,excel_import,2026-06-05 19:24:00.125778+00:00
4628,300557,11.866359,excel_import,2026-06-05 19:24:00.126820+00:00
4629,300558,-1.096627,excel_import,2026-06-05 19:24:00.128060+00:00
4630,300559,-0.172117,excel_import,2026-06-05 19:24:00.129156+00:00
4631,300560,0.160944,excel_import,2026-06-05 19:24:00.130816+00:00
4632,300561,-12.392192,excel_import,2026-06-05 19:24:00.131787+00:00
4633,300562,-1.458671,excel_import,2026-06-05 19:24:00.132614+00:00
4635,300564,-3.004892,excel_import,2026-06-05 19:24:00.134889+00:00
4636,300565,-1.004637,excel_import,2026-06-05 19:24:00.136035+00:00
4637,300566,2.066451,excel_import,2026-06-05 19:24:00.137039+00:00
4638,300567,0.802139,excel_import,2026-06-05 19:24:00.138600+00:00
4639,300568,-3.323077,excel_import,2026-06-05 19:24:00.139646+00:00
4640,300569,-0.750469,excel_import,2026-06-05 19:24:00.140615+00:00
4641,300570,4.942493,excel_import,2026-06-05 19:24:00.141834+00:00
4642,300571,0.420540,excel_import,2026-06-05 19:24:00.142999+00:00
4643,300572,-1.529371,excel_import,2026-06-05 19:24:00.144045+00:00
4644,300573,-2.324981,excel_import,2026-06-05 19:24:00.145066+00:00
4645,300575,-0.663350,excel_import,2026-06-05 19:24:00.146617+00:00
4646,300576,-2.423954,excel_import,2026-06-05 19:24:00.147716+00:00
4647,300577,-0.534442,excel_import,2026-06-05 19:24:00.148585+00:00
4648,300578,1.326260,excel_import,2026-06-05 19:24:00.149564+00:00
4649,300579,-0.947051,excel_import,2026-06-05 19:24:00.150712+00:00
4650,300580,-0.521512,excel_import,2026-06-05 19:24:00.151803+00:00
4651,300581,0.092764,excel_import,2026-06-05 19:24:00.152873+00:00
4652,300582,-1.165182,excel_import,2026-06-05 19:24:00.154041+00:00
4654,300584,-1.347709,excel_import,2026-06-05 19:24:00.156577+00:00
4655,300585,0.385675,excel_import,2026-06-05 19:24:00.157489+00:00
4656,300586,0.526316,excel_import,2026-06-05 19:24:00.158499+00:00
4657,300587,1.649485,excel_import,2026-06-05 19:24:00.159557+00:00
4658,300588,2.074689,excel_import,2026-06-05 19:24:00.160654+00:00
4659,300589,0.299177,excel_import,2026-06-05 19:24:00.161913+00:00
4660,300590,-3.890785,excel_import,2026-06-05 19:24:00.163217+00:00
4661,300591,-2.108037,excel_import,2026-06-05 19:24:00.164671+00:00
4662,300592,-3.252711,excel_import,2026-06-05 19:24:00.165704+00:00
4663,300593,-1.091214,excel_import,2026-06-05 19:24:00.166550+00:00
4664,300594,-1.212471,excel_import,2026-06-05 19:24:00.167566+00:00
4665,300595,-1.750000,excel_import,2026-06-05 19:24:00.168746+00:00
4666,300596,-1.340876,excel_import,2026-06-05 19:24:00.170043+00:00
4667,300597,-0.594530,excel_import,2026-06-05 19:24:00.171445+00:00
4668,300598,-2.147690,excel_import,2026-06-05 19:24:00.172752+00:00
4669,300599,0.938967,excel_import,2026-06-05 19:24:00.173856+00:00
4670,300600,0.553506,excel_import,2026-06-05 19:24:00.174946+00:00
4671,300601,-2.896219,excel_import,2026-06-05 19:24:00.176263+00:00
4673,300603,-2.409639,excel_import,2026-06-05 19:24:00.178540+00:00
4674,300604,3.193334,excel_import,2026-06-05 19:24:00.179802+00:00
4675,300605,-1.541251,excel_import,2026-06-05 19:24:00.180972+00:00
4676,300606,1.480363,excel_import,2026-06-05 19:24:00.181968+00:00
4677,300607,2.502470,excel_import,2026-06-05 19:24:00.182871+00:00
4678,300608,-2.607987,excel_import,2026-06-05 19:24:00.183841+00:00
4679,300609,-4.168865,excel_import,2026-06-05 19:24:00.184906+00:00
4680,300610,-0.554017,excel_import,2026-06-05 19:24:00.186000+00:00
4681,300611,-1.903695,excel_import,2026-06-05 19:24:00.187073+00:00
4682,300612,-1.375095,excel_import,2026-06-05 19:24:00.188573+00:00
4683,300613,2.192532,excel_import,2026-06-05 19:24:00.189713+00:00
4684,300614,-2.104377,excel_import,2026-06-05 19:24:00.190741+00:00
4685,300615,1.827676,excel_import,2026-06-05 19:24:00.191908+00:00
4686,300616,-3.346995,excel_import,2026-06-05 19:24:00.192994+00:00
4687,300617,-2.102804,excel_import,2026-06-05 19:24:00.194301+00:00
4688,300618,-0.206505,excel_import,2026-06-05 19:24:00.195369+00:00
4689,300619,-0.344828,excel_import,2026-06-05 19:24:00.197003+00:00
4690,300620,5.324667,excel_import,2026-06-05 19:24:00.198294+00:00
4692,300622,-2.544379,excel_import,2026-06-05 19:24:00.200156+00:00
4693,300623,1.472844,excel_import,2026-06-05 19:24:00.201455+00:00
4694,300624,-3.541147,excel_import,2026-06-05 19:24:00.202780+00:00
4695,300625,-2.964960,excel_import,2026-06-05 19:24:00.204177+00:00
4696,300626,0.934852,excel_import,2026-06-05 19:24:00.205976+00:00
4697,300627,0.000000,excel_import,2026-06-05 19:24:00.207103+00:00
4698,300628,-0.556962,excel_import,2026-06-05 19:24:00.208274+00:00
4699,300629,-0.267738,excel_import,2026-06-05 19:24:00.210200+00:00
4700,300631,-0.082953,excel_import,2026-06-05 19:24:00.212091+00:00
4703,300634,-4.802479,excel_import,2026-06-05 19:24:00.216305+00:00
4704,300635,-1.082251,excel_import,2026-06-05 19:24:00.217557+00:00
4705,300636,-1.327434,excel_import,2026-06-05 19:24:00.218778+00:00
4706,300637,0.410256,excel_import,2026-06-05 19:24:00.219936+00:00
4707,300638,0.832238,excel_import,2026-06-05 19:24:00.221395+00:00
4709,300640,-2.450230,excel_import,2026-06-05 19:24:00.223943+00:00
4717,300649,-0.499040,excel_import,2026-06-05 19:24:00.234579+00:00
4718,300650,-1.239971,excel_import,2026-06-05 19:24:00.235732+00:00
4719,300651,-0.285249,excel_import,2026-06-05 19:24:00.236847+00:00
4720,300652,-3.297970,excel_import,2026-06-05 19:24:00.238544+00:00
4721,300653,-1.377583,excel_import,2026-06-05 19:24:00.239715+00:00
4723,300655,0.413793,excel_import,2026-06-05 19:24:00.242098+00:00
4724,300656,-1.848849,excel_import,2026-06-05 19:24:00.243250+00:00
4725,300657,1.171486,excel_import,2026-06-05 19:24:00.244830+00:00
4726,300658,-1.657001,excel_import,2026-06-05 19:24:00.246380+00:00
4727,300659,-1.511111,excel_import,2026-06-05 19:24:00.247682+00:00
4728,300660,-2.528946,excel_import,2026-06-05 19:24:00.248585+00:00
4729,300661,2.458247,excel_import,2026-06-05 19:24:00.249489+00:00
4730,300662,-1.481481,excel_import,2026-06-05 19:24:00.250626+00:00
4731,300663,-1.133501,excel_import,2026-06-05 19:24:00.251772+00:00
4732,300664,-1.771654,excel_import,2026-06-05 19:24:00.252960+00:00
4733,300665,3.014553,excel_import,2026-06-05 19:24:00.254345+00:00
4734,300666,-0.583118,excel_import,2026-06-05 19:24:00.256095+00:00
4735,300667,16.189363,excel_import,2026-06-05 19:24:00.257050+00:00
4736,300668,4.054280,excel_import,2026-06-05 19:24:00.258086+00:00
4737,300669,0.707464,excel_import,2026-06-05 19:24:00.259097+00:00
4738,300670,-2.034884,excel_import,2026-06-05 19:24:00.260314+00:00
4739,300671,0.934579,excel_import,2026-06-05 19:24:00.261465+00:00
4740,300672,-3.318274,excel_import,2026-06-05 19:24:00.262556+00:00
4742,300674,-1.125592,excel_import,2026-06-05 19:24:00.265114+00:00
4743,300675,-0.564175,excel_import,2026-06-05 19:24:00.266154+00:00
4744,300676,-1.911357,excel_import,2026-06-05 19:24:00.267236+00:00
4745,300677,-0.878320,excel_import,2026-06-05 19:24:00.268601+00:00
4746,300678,-1.512056,excel_import,2026-06-05 19:24:00.269665+00:00
4747,300679,3.075073,excel_import,2026-06-05 19:24:00.270510+00:00
4748,300680,-1.893388,excel_import,2026-06-05 19:24:00.272084+00:00
4749,300681,4.718137,excel_import,2026-06-05 19:24:00.273221+00:00
4750,300682,1.844427,excel_import,2026-06-05 19:24:00.274284+00:00
4751,300683,2.104860,excel_import,2026-06-05 19:24:00.275098+00:00
4752,300684,-5.410062,excel_import,2026-06-05 19:24:00.275974+00:00
4753,300686,13.027523,excel_import,2026-06-05 19:24:00.277035+00:00
4754,300687,-0.741319,excel_import,2026-06-05 19:24:00.278341+00:00
4755,300688,-2.533172,excel_import,2026-06-05 19:24:00.279732+00:00
4756,300689,-1.598305,excel_import,2026-06-05 19:24:00.281510+00:00
4757,300690,-0.883534,excel_import,2026-06-05 19:24:00.282363+00:00
4758,300691,-0.253485,excel_import,2026-06-05 19:24:00.283213+00:00
4759,300692,-3.245192,excel_import,2026-06-05 19:24:00.284158+00:00
4793,300729,-1.247772,excel_import,2026-06-05 19:24:00.323976+00:00
4794,300730,0.000000,excel_import,2026-06-05 19:24:00.324921+00:00
4795,300731,-2.880859,excel_import,2026-06-05 19:24:00.326038+00:00
4796,300732,-1.154401,excel_import,2026-06-05 19:24:00.327111+00:00
4797,300733,-3.284950,excel_import,2026-06-05 19:24:00.327898+00:00
4799,300736,-3.884712,excel_import,2026-06-05 19:24:00.330113+00:00
4800,300737,7.378129,excel_import,2026-06-05 19:24:00.331453+00:00
4801,300738,-3.540626,excel_import,2026-06-05 19:24:00.332248+00:00
4802,300739,-3.897338,excel_import,2026-06-05 19:24:00.333160+00:00
4803,300740,-0.851582,excel_import,2026-06-05 19:24:00.334347+00:00
4804,300741,-0.898411,excel_import,2026-06-05 19:24:00.335704+00:00
4805,300743,-2.109464,excel_import,2026-06-05 19:24:00.336999+00:00
4806,300745,12.000000,excel_import,2026-06-05 19:24:00.338542+00:00
4807,300746,-1.813237,excel_import,2026-06-05 19:24:00.339822+00:00
4808,300747,17.732415,excel_import,2026-06-05 19:24:00.340930+00:00
4809,300748,-0.415070,excel_import,2026-06-05 19:24:00.342002+00:00
4810,300749,3.877737,excel_import,2026-06-05 19:24:00.343233+00:00
4811,300750,-1.721635,excel_import,2026-06-05 19:24:00.344269+00:00
4812,300751,-0.329188,excel_import,2026-06-05 19:24:00.345301+00:00
4813,300752,-2.390438,excel_import,2026-06-05 19:24:00.346971+00:00
4814,300753,-1.471244,excel_import,2026-06-05 19:24:00.348433+00:00
4815,300755,-0.445860,excel_import,2026-06-05 19:24:00.349280+00:00
4816,300756,4.655991,excel_import,2026-06-05 19:24:00.350157+00:00
4819,300759,-2.287854,excel_import,2026-06-05 19:24:00.353480+00:00
4823,300763,-2.770870,excel_import,2026-06-05 19:24:00.357871+00:00
4824,300765,0.391236,excel_import,2026-06-05 19:24:00.358888+00:00
4825,300766,-0.521879,excel_import,2026-06-05 19:24:00.359888+00:00
4826,300767,2.709611,excel_import,2026-06-05 19:24:00.360787+00:00
4827,300768,-0.684080,excel_import,2026-06-05 19:24:00.361659+00:00
4828,300769,-1.702715,excel_import,2026-06-05 19:24:00.363092+00:00
4829,300770,-2.464589,excel_import,2026-06-05 19:24:00.364236+00:00
4830,300771,-0.590717,excel_import,2026-06-05 19:24:00.365087+00:00
4831,300772,-2.439024,excel_import,2026-06-05 19:24:00.365832+00:00
4832,300773,-0.417188,excel_import,2026-06-05 19:24:00.366640+00:00
4834,300775,-0.579470,excel_import,2026-06-05 19:24:00.368867+00:00
4835,300776,-0.132450,excel_import,2026-06-05 19:24:00.370215+00:00
4836,300777,2.250703,excel_import,2026-06-05 19:24:00.371807+00:00
4837,300778,0.173461,excel_import,2026-06-05 19:24:00.372792+00:00
4838,300779,3.949708,excel_import,2026-06-05 19:24:00.373624+00:00
4839,300780,-0.859492,excel_import,2026-06-05 19:24:00.374472+00:00
4840,300781,-3.112099,excel_import,2026-06-05 19:24:00.375523+00:00
4841,300782,3.187919,excel_import,2026-06-05 19:24:00.376639+00:00
4842,300783,-2.302077,excel_import,2026-06-05 19:24:00.377770+00:00
4843,300784,-2.116056,excel_import,2026-06-05 19:24:00.378791+00:00
4844,300785,-5.203182,excel_import,2026-06-05 19:24:00.380411+00:00
4845,300786,0.677583,excel_import,2026-06-05 19:24:00.381865+00:00
4846,300787,-1.738241,excel_import,2026-06-05 19:24:00.382796+00:00
4847,300788,-2.004454,excel_import,2026-06-05 19:24:00.383801+00:00
4848,300789,-1.349465,excel_import,2026-06-05 19:24:00.384925+00:00
4849,300790,0.000000,excel_import,2026-06-05 19:24:00.385839+00:00
4850,300791,1.397429,excel_import,2026-06-05 19:24:00.386954+00:00
4851,300792,-2.750434,excel_import,2026-06-05 19:24:00.388671+00:00
4853,300795,-3.063241,excel_import,2026-06-05 19:24:00.390996+00:00
4854,300796,-2.835052,excel_import,2026-06-05 19:24:00.392217+00:00
4855,300797,0.000000,excel_import,2026-06-05 19:24:00.393471+00:00
4856,300798,-0.766284,excel_import,2026-06-05 19:24:00.394579+00:00
4857,300800,-0.656045,excel_import,2026-06-05 19:24:00.395755+00:00
4858,300801,0.535578,excel_import,2026-06-05 19:24:00.397259+00:00
4859,300802,2.949309,excel_import,2026-06-05 19:24:00.398488+00:00
4860,300803,-0.825064,excel_import,2026-06-05 19:24:00.399637+00:00
4861,300804,1.620746,excel_import,2026-06-05 19:24:00.400704+00:00
4862,300805,-1.860465,excel_import,2026-06-05 19:24:00.402027+00:00
4863,300806,0.879917,excel_import,2026-06-05 19:24:00.403206+00:00
4864,300807,-3.256021,excel_import,2026-06-05 19:24:00.404671+00:00
4865,300808,-2.077151,excel_import,2026-06-05 19:24:00.406106+00:00
4866,300809,0.603567,excel_import,2026-06-05 19:24:00.407157+00:00
4867,300810,-0.595903,excel_import,2026-06-05 19:24:00.408294+00:00
4868,300811,0.341569,excel_import,2026-06-05 19:24:00.409753+00:00
4869,300812,6.408046,excel_import,2026-06-05 19:24:00.411289+00:00
4870,300813,-1.531323,excel_import,2026-06-05 19:24:00.412668+00:00
4872,300815,-1.819076,excel_import,2026-06-05 19:24:00.415572+00:00
4873,300816,-1.998896,excel_import,2026-06-05 19:24:00.416825+00:00
4874,300817,1.140065,excel_import,2026-06-05 19:24:00.418189+00:00
4875,300818,-0.487607,excel_import,2026-06-05 19:24:00.419479+00:00
4876,300819,-0.671455,excel_import,2026-06-05 19:24:00.420848+00:00
4877,300820,-0.492308,excel_import,2026-06-05 19:24:00.422803+00:00
4878,300821,10.416667,excel_import,2026-06-05 19:24:00.423814+00:00
4879,300822,-1.749475,excel_import,2026-06-05 19:24:00.424783+00:00
4880,300823,-0.059988,excel_import,2026-06-05 19:24:00.425962+00:00
4881,300824,-2.102804,excel_import,2026-06-05 19:24:00.427220+00:00
4882,300825,4.751620,excel_import,2026-06-05 19:24:00.428318+00:00
4883,300826,-0.159151,excel_import,2026-06-05 19:24:00.430746+00:00
4884,300827,-1.484689,excel_import,2026-06-05 19:24:00.432700+00:00
4885,300828,1.188017,excel_import,2026-06-05 19:24:00.435434+00:00
4886,300829,-1.479795,excel_import,2026-06-05 19:24:00.437336+00:00
4887,300830,-3.364879,excel_import,2026-06-05 19:24:00.439147+00:00
4888,300831,-1.920439,excel_import,2026-06-05 19:24:00.440471+00:00
4889,300832,-1.483285,excel_import,2026-06-05 19:24:00.441666+00:00
4891,300834,-2.644526,excel_import,2026-06-05 19:24:00.446892+00:00
4892,300835,-4.185809,excel_import,2026-06-05 19:24:00.448691+00:00
4893,300836,-1.716556,excel_import,2026-06-05 19:24:00.451229+00:00
4894,300837,-1.419176,excel_import,2026-06-05 19:24:00.453323+00:00
4895,300838,-1.118963,excel_import,2026-06-05 19:24:00.455676+00:00
4896,300839,-1.291513,excel_import,2026-06-05 19:24:00.457103+00:00
4897,300840,0.090703,excel_import,2026-06-05 19:24:00.458220+00:00
4898,300841,-1.783061,excel_import,2026-06-05 19:24:00.459574+00:00
4899,300842,0.415242,excel_import,2026-06-05 19:24:00.460837+00:00
4900,300843,-0.887301,excel_import,2026-06-05 19:24:00.462507+00:00
4901,300844,-4.285187,excel_import,2026-06-05 19:24:00.464175+00:00
4902,300845,0.000000,excel_import,2026-06-05 19:24:00.465410+00:00
4903,300846,-1.397713,excel_import,2026-06-05 19:24:00.466553+00:00
4904,300847,-1.302262,excel_import,2026-06-05 19:24:00.467931+00:00
4905,300848,-1.043115,excel_import,2026-06-05 19:24:00.469042+00:00
4906,300849,8.352849,excel_import,2026-06-05 19:24:00.470156+00:00
4907,300850,-2.995461,excel_import,2026-06-05 19:24:00.471882+00:00
4908,300851,-2.222222,excel_import,2026-06-05 19:24:00.474305+00:00
4910,300853,-4.169904,excel_import,2026-06-05 19:24:00.477354+00:00
4911,300854,-3.920933,excel_import,2026-06-05 19:24:00.478795+00:00
4912,300855,-2.650328,excel_import,2026-06-05 19:24:00.480464+00:00
4913,300856,-3.396524,excel_import,2026-06-05 19:24:00.481659+00:00
4914,300857,1.897847,excel_import,2026-06-05 19:24:00.482993+00:00
4915,300858,-0.253646,excel_import,2026-06-05 19:24:00.484674+00:00
4916,300859,1.908397,excel_import,2026-06-05 19:24:00.486088+00:00
4917,300860,0.077101,excel_import,2026-06-05 19:24:00.487657+00:00
4918,300861,0.053305,excel_import,2026-06-05 19:24:00.489412+00:00
4919,300862,1.515152,excel_import,2026-06-05 19:24:00.490858+00:00
4920,300863,2.404274,excel_import,2026-06-05 19:24:00.492065+00:00
4921,300864,0.177305,excel_import,2026-06-05 19:24:00.493467+00:00
4922,300865,-2.342007,excel_import,2026-06-05 19:24:00.494733+00:00
4923,300866,-0.824620,excel_import,2026-06-05 19:24:00.496167+00:00
4818,300758,0.083333,excel_import,2026-06-05 19:24:00.352469+00:00
4926,300869,-1.129453,excel_import,2026-06-05 19:24:00.500329+00:00
4927,300870,-0.224587,excel_import,2026-06-05 19:24:00.501575+00:00
4928,300871,-0.675024,excel_import,2026-06-05 19:24:00.503076+00:00
4929,300872,0.415369,excel_import,2026-06-05 19:24:00.504583+00:00
4931,300875,-0.029806,excel_import,2026-06-05 19:24:00.507234+00:00
4932,300876,4.697987,excel_import,2026-06-05 19:24:00.508529+00:00
4933,300877,-7.623318,excel_import,2026-06-05 19:24:00.509927+00:00
4935,300879,-0.732218,excel_import,2026-06-05 19:24:00.512132+00:00
4936,300880,-2.036299,excel_import,2026-06-05 19:24:00.513566+00:00
4937,300881,-3.626418,excel_import,2026-06-05 19:24:00.514576+00:00
4938,300882,-2.179177,excel_import,2026-06-05 19:24:00.515661+00:00
4939,300883,-0.600601,excel_import,2026-06-05 19:24:00.516532+00:00
4940,300884,-1.356239,excel_import,2026-06-05 19:24:00.517646+00:00
4941,300885,-0.723534,excel_import,2026-06-05 19:24:00.518793+00:00
4942,300886,-1.302401,excel_import,2026-06-05 19:24:00.519837+00:00
4943,300887,-1.157407,excel_import,2026-06-05 19:24:00.520851+00:00
4944,300888,-2.278219,excel_import,2026-06-05 19:24:00.522112+00:00
4945,300889,4.523496,excel_import,2026-06-05 19:24:00.523226+00:00
4946,300890,0.227402,excel_import,2026-06-05 19:24:00.524227+00:00
4947,300891,-0.701262,excel_import,2026-06-05 19:24:00.525242+00:00
4948,300892,-1.930340,excel_import,2026-06-05 19:24:00.526257+00:00
4949,300893,2.618046,excel_import,2026-06-05 19:24:00.527406+00:00
4950,300894,-3.391685,excel_import,2026-06-05 19:24:00.528456+00:00
4951,300895,-1.346801,excel_import,2026-06-05 19:24:00.529905+00:00
4952,300896,-0.335604,excel_import,2026-06-05 19:24:00.530917+00:00
4954,300898,-2.244617,excel_import,2026-06-05 19:24:00.532822+00:00
4955,300899,-1.130116,excel_import,2026-06-05 19:24:00.533889+00:00
4956,300900,2.332362,excel_import,2026-06-05 19:24:00.534993+00:00
4957,300901,-1.314924,excel_import,2026-06-05 19:24:00.536373+00:00
4958,300902,-1.959504,excel_import,2026-06-05 19:24:00.537539+00:00
4959,300903,5.440024,excel_import,2026-06-05 19:24:00.538888+00:00
4960,300904,0.185300,excel_import,2026-06-05 19:24:00.539843+00:00
4961,300905,-1.619433,excel_import,2026-06-05 19:24:00.540863+00:00
4962,300906,1.420358,excel_import,2026-06-05 19:24:00.542017+00:00
4963,300907,9.148123,excel_import,2026-06-05 19:24:00.543274+00:00
4964,300908,-3.048780,excel_import,2026-06-05 19:24:00.544405+00:00
4965,300909,-2.334385,excel_import,2026-06-05 19:24:00.545644+00:00
4966,300910,-4.142012,excel_import,2026-06-05 19:24:00.547500+00:00
4967,300911,-6.037585,excel_import,2026-06-05 19:24:00.548493+00:00
4968,300912,1.074031,excel_import,2026-06-05 19:24:00.549375+00:00
4969,300913,2.162073,excel_import,2026-06-05 19:24:00.550300+00:00
4970,300915,-0.996102,excel_import,2026-06-05 19:24:00.551309+00:00
4971,300916,-3.095975,excel_import,2026-06-05 19:24:00.552547+00:00
4973,300918,-0.081833,excel_import,2026-06-05 19:24:00.555210+00:00
4974,300919,-0.994346,excel_import,2026-06-05 19:24:00.556155+00:00
4975,300920,2.249621,excel_import,2026-06-05 19:24:00.557059+00:00
4976,300921,0.641711,excel_import,2026-06-05 19:24:00.557995+00:00
4977,300922,0.883838,excel_import,2026-06-05 19:24:00.558834+00:00
4978,300923,-1.421189,excel_import,2026-06-05 19:24:00.560045+00:00
4979,300925,-4.426230,excel_import,2026-06-05 19:24:00.560954+00:00
4980,300926,-0.049456,excel_import,2026-06-05 19:24:00.561930+00:00
4981,300927,-0.041789,excel_import,2026-06-05 19:24:00.563256+00:00
4982,300928,-1.283199,excel_import,2026-06-05 19:24:00.564389+00:00
4983,300929,-0.831255,excel_import,2026-06-05 19:24:00.565239+00:00
4984,300930,4.402700,excel_import,2026-06-05 19:24:00.566121+00:00
4985,300931,2.766798,excel_import,2026-06-05 19:24:00.567018+00:00
4986,300932,0.697906,excel_import,2026-06-05 19:24:00.568121+00:00
4987,300933,-3.856383,excel_import,2026-06-05 19:24:00.569204+00:00
4988,300935,-1.458216,excel_import,2026-06-05 19:24:00.570343+00:00
4989,300936,2.884518,excel_import,2026-06-05 19:24:00.571743+00:00
4990,300937,-2.192605,excel_import,2026-06-05 19:24:00.572862+00:00
4992,300939,2.052960,excel_import,2026-06-05 19:24:00.575104+00:00
4993,300940,-0.520532,excel_import,2026-06-05 19:24:00.576338+00:00
4994,300941,-1.555694,excel_import,2026-06-05 19:24:00.577530+00:00
4995,300942,-1.940299,excel_import,2026-06-05 19:24:00.578701+00:00
4996,300943,1.219512,excel_import,2026-06-05 19:24:00.580931+00:00
4997,300945,-0.865460,excel_import,2026-06-05 19:24:00.582143+00:00
4998,300946,0.431499,excel_import,2026-06-05 19:24:00.583276+00:00
4999,300947,-3.098220,excel_import,2026-06-05 19:24:00.584302+00:00
5000,300948,0.036075,excel_import,2026-06-05 19:24:00.585349+00:00
5001,300949,-2.218637,excel_import,2026-06-05 19:24:00.586601+00:00
5002,300950,-2.895442,excel_import,2026-06-05 19:24:00.588957+00:00
5003,300951,3.274559,excel_import,2026-06-05 19:24:00.590721+00:00
5004,300952,-2.279982,excel_import,2026-06-05 19:24:00.591856+00:00
5005,300953,-1.533220,excel_import,2026-06-05 19:24:00.593012+00:00
5006,300955,-1.043943,excel_import,2026-06-05 19:24:00.594462+00:00
5007,300956,-10.937500,excel_import,2026-06-05 19:24:00.595953+00:00
5008,300957,-3.197832,excel_import,2026-06-05 19:24:00.597577+00:00
5009,300958,-1.091193,excel_import,2026-06-05 19:24:00.598701+00:00
5011,300960,-0.771775,excel_import,2026-06-05 19:24:00.601727+00:00
5012,300961,-3.119869,excel_import,2026-06-05 19:24:00.603375+00:00
5013,300962,-1.253687,excel_import,2026-06-05 19:24:00.605465+00:00
5014,300963,1.461378,excel_import,2026-06-05 19:24:00.608991+00:00
5015,300964,-5.964535,excel_import,2026-06-05 19:24:00.610820+00:00
5016,300965,-2.131783,excel_import,2026-06-05 19:24:00.612081+00:00
5017,300966,-0.562641,excel_import,2026-06-05 19:24:00.613753+00:00
5018,300967,-5.994152,excel_import,2026-06-05 19:24:00.615802+00:00
5019,300968,-4.833333,excel_import,2026-06-05 19:24:00.618761+00:00
5020,300969,0.395452,excel_import,2026-06-05 19:24:00.619992+00:00
5021,300970,1.339915,excel_import,2026-06-05 19:24:00.621555+00:00
5022,300971,-1.118360,excel_import,2026-06-05 19:24:00.622846+00:00
5023,300972,0.652163,excel_import,2026-06-05 19:24:00.624205+00:00
5024,300973,-2.138456,excel_import,2026-06-05 19:24:00.625369+00:00
5025,300975,-1.658604,excel_import,2026-06-05 19:24:00.626490+00:00
5026,300976,-1.418108,excel_import,2026-06-05 19:24:00.627544+00:00
5027,300977,-2.384655,excel_import,2026-06-05 19:24:00.628633+00:00
5028,300978,-0.820513,excel_import,2026-06-05 19:24:00.630261+00:00
5030,300980,-0.368460,excel_import,2026-06-05 19:24:00.632318+00:00
4925,300868,7.661176,excel_import,2026-06-05 19:24:00.499064+00:00
5033,300983,2.310803,excel_import,2026-06-05 19:24:00.635346+00:00
5034,300984,1.996435,excel_import,2026-06-05 19:24:00.636521+00:00
5035,300985,3.864319,excel_import,2026-06-05 19:24:00.637872+00:00
5036,300986,-0.792393,excel_import,2026-06-05 19:24:00.639337+00:00
5037,300987,-2.364395,excel_import,2026-06-05 19:24:00.640292+00:00
5038,300988,-3.344298,excel_import,2026-06-05 19:24:00.641220+00:00
5039,300989,-0.424028,excel_import,2026-06-05 19:24:00.642230+00:00
5040,300990,0.891720,excel_import,2026-06-05 19:24:00.643497+00:00
5041,300991,1.280042,excel_import,2026-06-05 19:24:00.644900+00:00
5042,300992,-0.586081,excel_import,2026-06-05 19:24:00.646351+00:00
5043,300993,-1.843318,excel_import,2026-06-05 19:24:00.647606+00:00
5044,300994,4.385965,excel_import,2026-06-05 19:24:00.648630+00:00
5045,300995,-2.571001,excel_import,2026-06-05 19:24:00.649619+00:00
5046,300996,-3.341483,excel_import,2026-06-05 19:24:00.650935+00:00
5047,300997,1.242236,excel_import,2026-06-05 19:24:00.652023+00:00
5048,300998,-1.203008,excel_import,2026-06-05 19:24:00.653155+00:00
5050,301000,-0.066644,excel_import,2026-06-05 19:24:00.656133+00:00
5051,301001,-3.507463,excel_import,2026-06-05 19:24:00.657140+00:00
5052,301002,0.081783,excel_import,2026-06-05 19:24:00.658082+00:00
5053,301003,-1.496461,excel_import,2026-06-05 19:24:00.659115+00:00
5054,301004,-2.908805,excel_import,2026-06-05 19:24:00.660052+00:00
5055,301005,3.837996,excel_import,2026-06-05 19:24:00.660974+00:00
5056,301006,-1.451187,excel_import,2026-06-05 19:24:00.661924+00:00
5057,301007,-2.608197,excel_import,2026-06-05 19:24:00.663168+00:00
5058,301008,-1.044596,excel_import,2026-06-05 19:24:00.664149+00:00
5059,301009,-2.388370,excel_import,2026-06-05 19:24:00.664972+00:00
5060,301010,-2.567976,excel_import,2026-06-05 19:24:00.665779+00:00
5061,301011,-2.608180,excel_import,2026-06-05 19:24:00.666592+00:00
5062,301012,-1.203704,excel_import,2026-06-05 19:24:00.667568+00:00
5063,301013,1.084112,excel_import,2026-06-05 19:24:00.668665+00:00
5064,301015,-1.903855,excel_import,2026-06-05 19:24:00.669877+00:00
5065,301016,0.132100,excel_import,2026-06-05 19:24:00.671325+00:00
5066,301017,-0.895934,excel_import,2026-06-05 19:24:00.672561+00:00
5067,301018,-1.506572,excel_import,2026-06-05 19:24:00.673546+00:00
5069,301020,-0.997606,excel_import,2026-06-05 19:24:00.675422+00:00
5070,301021,4.073212,excel_import,2026-06-05 19:24:00.676393+00:00
5071,301022,-1.489758,excel_import,2026-06-05 19:24:00.677608+00:00
5072,301023,-2.377875,excel_import,2026-06-05 19:24:00.678758+00:00
5073,301024,1.605454,excel_import,2026-06-05 19:24:00.680289+00:00
5074,301025,-2.250804,excel_import,2026-06-05 19:24:00.681513+00:00
5075,301026,3.161889,excel_import,2026-06-05 19:24:00.682395+00:00
5076,301027,-0.099010,excel_import,2026-06-05 19:24:00.683301+00:00
5077,301028,-3.967447,excel_import,2026-06-05 19:24:00.684511+00:00
5078,301029,3.349964,excel_import,2026-06-05 19:24:00.685647+00:00
5079,301030,-8.441558,excel_import,2026-06-05 19:24:00.686673+00:00
5080,301031,-2.772755,excel_import,2026-06-05 19:24:00.687955+00:00
5081,301032,-0.269542,excel_import,2026-06-05 19:24:00.689212+00:00
5082,301033,-1.273624,excel_import,2026-06-05 19:24:00.690125+00:00
5083,301035,0.246072,excel_import,2026-06-05 19:24:00.691025+00:00
5084,301036,-1.463823,excel_import,2026-06-05 19:24:00.691936+00:00
5085,301037,-2.027027,excel_import,2026-06-05 19:24:00.693019+00:00
5086,301038,-0.155521,excel_import,2026-06-05 19:24:00.694022+00:00
5088,301040,-2.507625,excel_import,2026-06-05 19:24:00.696126+00:00
5089,301041,-1.554252,excel_import,2026-06-05 19:24:00.697475+00:00
5090,301042,-1.376147,excel_import,2026-06-05 19:24:00.698514+00:00
5091,301043,-2.951542,excel_import,2026-06-05 19:24:00.699453+00:00
5092,301045,0.757576,excel_import,2026-06-05 19:24:00.700361+00:00
5093,301046,-4.725504,excel_import,2026-06-05 19:24:00.701442+00:00
5094,301047,-4.216134,excel_import,2026-06-05 19:24:00.702575+00:00
5095,301048,-1.349948,excel_import,2026-06-05 19:24:00.703598+00:00
5096,301049,-2.044610,excel_import,2026-06-05 19:24:00.704972+00:00
5097,301050,-1.583402,excel_import,2026-06-05 19:24:00.705959+00:00
5098,301051,-4.449515,excel_import,2026-06-05 19:24:00.706863+00:00
5099,301052,-1.901280,excel_import,2026-06-05 19:24:00.707723+00:00
5100,301053,0.389551,excel_import,2026-06-05 19:24:00.708582+00:00
5101,301055,3.169856,excel_import,2026-06-05 19:24:00.709795+00:00
5102,301056,-0.701481,excel_import,2026-06-05 19:24:00.711221+00:00
5103,301057,5.620288,excel_import,2026-06-05 19:24:00.712490+00:00
5104,301058,-0.897868,excel_import,2026-06-05 19:24:00.713872+00:00
5105,301059,-0.639659,excel_import,2026-06-05 19:24:00.714839+00:00
5107,301061,-1.165614,excel_import,2026-06-05 19:24:00.716581+00:00
5108,301062,-1.624815,excel_import,2026-06-05 19:24:00.717712+00:00
5109,301063,-2.203722,excel_import,2026-06-05 19:24:00.719087+00:00
5110,301065,-1.835749,excel_import,2026-06-05 19:24:00.720432+00:00
5111,301066,-1.803051,excel_import,2026-06-05 19:24:00.721987+00:00
5112,301067,10.870908,excel_import,2026-06-05 19:24:00.722915+00:00
5113,301068,-2.079782,excel_import,2026-06-05 19:24:00.723806+00:00
5114,301069,0.000000,excel_import,2026-06-05 19:24:00.724687+00:00
5115,301070,0.204741,excel_import,2026-06-05 19:24:00.725610+00:00
5116,301071,5.526975,excel_import,2026-06-05 19:24:00.726591+00:00
5117,301072,10.653222,excel_import,2026-06-05 19:24:00.727458+00:00
5118,301073,-2.393857,excel_import,2026-06-05 19:24:00.728534+00:00
5119,301075,-2.893847,excel_import,2026-06-05 19:24:00.729866+00:00
5120,301076,0.324910,excel_import,2026-06-05 19:24:00.730883+00:00
5121,301077,0.622027,excel_import,2026-06-05 19:24:00.731789+00:00
5122,301078,-3.833516,excel_import,2026-06-05 19:24:00.732645+00:00
5123,301079,1.986379,excel_import,2026-06-05 19:24:00.733549+00:00
5124,301080,-2.445173,excel_import,2026-06-05 19:24:00.734590+00:00
5126,301082,0.000000,excel_import,2026-06-05 19:24:00.736801+00:00
5127,301083,-1.584158,excel_import,2026-06-05 19:24:00.738240+00:00
5128,301085,-2.842713,excel_import,2026-06-05 19:24:00.739223+00:00
5129,301086,-0.911060,excel_import,2026-06-05 19:24:00.740111+00:00
5130,301087,-0.911458,excel_import,2026-06-05 19:24:00.741030+00:00
5131,301088,-2.758621,excel_import,2026-06-05 19:24:00.741898+00:00
5132,301089,-1.557239,excel_import,2026-06-05 19:24:00.742945+00:00
5133,301090,0.000000,excel_import,2026-06-05 19:24:00.743961+00:00
5134,301091,-1.245937,excel_import,2026-06-05 19:24:00.744936+00:00
5135,301092,-4.740273,excel_import,2026-06-05 19:24:00.746713+00:00
5136,301093,11.189655,excel_import,2026-06-05 19:24:00.747846+00:00
5137,301095,17.818182,excel_import,2026-06-05 19:24:00.748782+00:00
5032,300982,0.000000,excel_import,2026-06-05 19:24:00.634193+00:00
5140,301098,0.215983,excel_import,2026-06-05 19:24:00.751589+00:00
5141,301099,0.195886,excel_import,2026-06-05 19:24:00.752650+00:00
5142,301100,-0.739372,excel_import,2026-06-05 19:24:00.753743+00:00
5143,301101,-1.846058,excel_import,2026-06-05 19:24:00.755228+00:00
5144,301102,-1.867220,excel_import,2026-06-05 19:24:00.756301+00:00
5145,301103,-2.513150,excel_import,2026-06-05 19:24:00.757226+00:00
5146,301105,-1.721470,excel_import,2026-06-05 19:24:00.758084+00:00
5147,301106,1.421983,excel_import,2026-06-05 19:24:00.759105+00:00
5149,301108,-2.990175,excel_import,2026-06-05 19:24:00.761114+00:00
5150,301109,-2.309307,excel_import,2026-06-05 19:24:00.762207+00:00
5151,301110,-4.679024,excel_import,2026-06-05 19:24:00.763579+00:00
5152,301111,0.396682,excel_import,2026-06-05 19:24:00.764522+00:00
5153,301112,-2.353670,excel_import,2026-06-05 19:24:00.765381+00:00
5154,301113,-1.802294,excel_import,2026-06-05 19:24:00.766253+00:00
5155,301115,20.014144,excel_import,2026-06-05 19:24:00.767127+00:00
5156,301116,-0.717949,excel_import,2026-06-05 19:24:00.768174+00:00
5157,301117,0.452830,excel_import,2026-06-05 19:24:00.769297+00:00
5158,301118,-0.919619,excel_import,2026-06-05 19:24:00.770245+00:00
5159,301119,-1.026393,excel_import,2026-06-05 19:24:00.771453+00:00
5160,301120,2.309954,excel_import,2026-06-05 19:24:00.772601+00:00
5161,301121,1.468625,excel_import,2026-06-05 19:24:00.773453+00:00
5162,301122,1.865399,excel_import,2026-06-05 19:24:00.774292+00:00
5163,301123,-3.345281,excel_import,2026-06-05 19:24:00.775164+00:00
5164,301125,-0.764331,excel_import,2026-06-05 19:24:00.775939+00:00
5165,301126,-1.864573,excel_import,2026-06-05 19:24:00.777005+00:00
5166,301127,5.530643,excel_import,2026-06-05 19:24:00.778037+00:00
5168,301129,-2.550438,excel_import,2026-06-05 19:24:00.780587+00:00
5169,301130,-2.306886,excel_import,2026-06-05 19:24:00.781920+00:00
5170,301131,-0.296496,excel_import,2026-06-05 19:24:00.782979+00:00
5171,301132,-3.846154,excel_import,2026-06-05 19:24:00.784079+00:00
5172,301133,0.853485,excel_import,2026-06-05 19:24:00.785498+00:00
5173,301135,-1.741971,excel_import,2026-06-05 19:24:00.786698+00:00
5174,301136,-1.185185,excel_import,2026-06-05 19:24:00.788090+00:00
5175,301137,1.435282,excel_import,2026-06-05 19:24:00.789239+00:00
5176,301138,-2.055749,excel_import,2026-06-05 19:24:00.790192+00:00
5177,301139,2.096774,excel_import,2026-06-05 19:24:00.791049+00:00
5178,301141,2.144829,excel_import,2026-06-05 19:24:00.791962+00:00
5179,301148,0.653364,excel_import,2026-06-05 19:24:00.793156+00:00
5180,301149,-0.861326,excel_import,2026-06-05 19:24:00.794212+00:00
5181,301150,-1.008969,excel_import,2026-06-05 19:24:00.795317+00:00
5182,301151,-1.974522,excel_import,2026-06-05 19:24:00.796649+00:00
5183,301152,-1.378026,excel_import,2026-06-05 19:24:00.797727+00:00
5184,301153,-2.437732,excel_import,2026-06-05 19:24:00.798572+00:00
5185,301155,-4.362416,excel_import,2026-06-05 19:24:00.799495+00:00
5187,301157,-1.640534,excel_import,2026-06-05 19:24:00.801961+00:00
5188,301158,1.008192,excel_import,2026-06-05 19:24:00.803023+00:00
5189,301159,-2.072098,excel_import,2026-06-05 19:24:00.804129+00:00
5190,301160,-0.272134,excel_import,2026-06-05 19:24:00.805470+00:00
5191,301161,-0.033058,excel_import,2026-06-05 19:24:00.806381+00:00
5192,301162,-5.146125,excel_import,2026-06-05 19:24:00.807156+00:00
5193,301163,-1.255708,excel_import,2026-06-05 19:24:00.807916+00:00
5194,301165,4.143776,excel_import,2026-06-05 19:24:00.808719+00:00
5195,301166,-1.857143,excel_import,2026-06-05 19:24:00.809621+00:00
5196,301167,-1.604278,excel_import,2026-06-05 19:24:00.810511+00:00
5197,301168,1.026988,excel_import,2026-06-05 19:24:00.811552+00:00
5198,301169,-1.352547,excel_import,2026-06-05 19:24:00.812675+00:00
5199,301170,-1.285047,excel_import,2026-06-05 19:24:00.813889+00:00
5200,301171,-0.287738,excel_import,2026-06-05 19:24:00.814754+00:00
5201,301172,2.867948,excel_import,2026-06-05 19:24:00.815656+00:00
5202,301173,-1.943608,excel_import,2026-06-05 19:24:00.816608+00:00
5203,301175,-0.694444,excel_import,2026-06-05 19:24:00.817699+00:00
5204,301176,-2.883721,excel_import,2026-06-05 19:24:00.818865+00:00
5206,301178,-0.735710,excel_import,2026-06-05 19:24:00.820985+00:00
5207,301179,1.425390,excel_import,2026-06-05 19:24:00.822334+00:00
5208,301180,-2.958580,excel_import,2026-06-05 19:24:00.823257+00:00
5209,301181,-2.256377,excel_import,2026-06-05 19:24:00.824028+00:00
5210,301182,-0.165504,excel_import,2026-06-05 19:24:00.824938+00:00
5211,301183,-2.746550,excel_import,2026-06-05 19:24:00.825851+00:00
5212,301185,-2.789569,excel_import,2026-06-05 19:24:00.826743+00:00
5213,301186,-1.501225,excel_import,2026-06-05 19:24:00.827685+00:00
5214,301187,-3.634361,excel_import,2026-06-05 19:24:00.828802+00:00
5215,301188,7.319953,excel_import,2026-06-05 19:24:00.830285+00:00
5216,301189,-5.813084,excel_import,2026-06-05 19:24:00.831257+00:00
5217,301190,-1.212687,excel_import,2026-06-05 19:24:00.832118+00:00
5218,301191,-1.631445,excel_import,2026-06-05 19:24:00.832982+00:00
5219,301192,-1.936620,excel_import,2026-06-05 19:24:00.833831+00:00
5220,301193,-3.143782,excel_import,2026-06-05 19:24:00.834754+00:00
5221,301195,-0.701016,excel_import,2026-06-05 19:24:00.835706+00:00
5222,301196,5.160097,excel_import,2026-06-05 19:24:00.836743+00:00
5223,301197,0.864830,excel_import,2026-06-05 19:24:00.838064+00:00
5225,301199,-1.698405,excel_import,2026-06-05 19:24:00.840207+00:00
5226,301200,2.468649,excel_import,2026-06-05 19:24:00.841138+00:00
5227,301201,3.750000,excel_import,2026-06-05 19:24:00.842240+00:00
5228,301202,-0.744162,excel_import,2026-06-05 19:24:00.843284+00:00
5229,301203,0.740242,excel_import,2026-06-05 19:24:00.844320+00:00
5230,301205,-1.720487,excel_import,2026-06-05 19:24:00.845369+00:00
5231,301206,-3.437250,excel_import,2026-06-05 19:24:00.846629+00:00
5232,301207,-1.864407,excel_import,2026-06-05 19:24:00.847572+00:00
5233,301208,3.268194,excel_import,2026-06-05 19:24:00.848450+00:00
5234,301209,-1.462380,excel_import,2026-06-05 19:24:00.849462+00:00
5235,301210,-1.301518,excel_import,2026-06-05 19:24:00.850515+00:00
5236,301211,-1.402806,excel_import,2026-06-05 19:24:00.851615+00:00
5237,301212,-2.772003,excel_import,2026-06-05 19:24:00.852705+00:00
5238,301213,-0.920528,excel_import,2026-06-05 19:24:00.853737+00:00
5239,301215,-1.025641,excel_import,2026-06-05 19:24:00.855055+00:00
5240,301216,1.992032,excel_import,2026-06-05 19:24:00.856004+00:00
5241,301217,3.637943,excel_import,2026-06-05 19:24:00.856845+00:00
5242,301218,11.877706,excel_import,2026-06-05 19:24:00.857714+00:00
5244,301220,-0.984566,excel_import,2026-06-05 19:24:00.859488+00:00
5139,301097,-5.545455,excel_import,2026-06-05 19:24:00.750558+00:00
5247,301223,-0.988372,excel_import,2026-06-05 19:24:00.863247+00:00
5248,301225,0.277377,excel_import,2026-06-05 19:24:00.864203+00:00
5249,301226,-0.084459,excel_import,2026-06-05 19:24:00.865097+00:00
5250,301227,-3.631052,excel_import,2026-06-05 19:24:00.865942+00:00
5251,301228,3.196721,excel_import,2026-06-05 19:24:00.866801+00:00
5252,301229,-0.815217,excel_import,2026-06-05 19:24:00.867781+00:00
5253,301230,-0.320326,excel_import,2026-06-05 19:24:00.868788+00:00
5254,301231,3.041589,excel_import,2026-06-05 19:24:00.869803+00:00
5256,301233,-3.508772,excel_import,2026-06-05 19:24:00.872164+00:00
5257,301234,-0.948905,excel_import,2026-06-05 19:24:00.873070+00:00
5258,301235,6.521739,excel_import,2026-06-05 19:24:00.873877+00:00
5259,301236,2.806604,excel_import,2026-06-05 19:24:00.874776+00:00
5260,301237,0.309799,excel_import,2026-06-05 19:24:00.875720+00:00
5261,301238,-4.662189,excel_import,2026-06-05 19:24:00.876755+00:00
5262,301239,-4.702365,excel_import,2026-06-05 19:24:00.877830+00:00
5263,301246,-0.098684,excel_import,2026-06-05 19:24:00.878911+00:00
5264,301248,-0.186916,excel_import,2026-06-05 19:24:00.880369+00:00
5265,301251,-6.354325,excel_import,2026-06-05 19:24:00.881199+00:00
5266,301252,-1.728178,excel_import,2026-06-05 19:24:00.881990+00:00
5267,301255,-2.035831,excel_import,2026-06-05 19:24:00.882858+00:00
5268,301256,-0.086580,excel_import,2026-06-05 19:24:00.884322+00:00
5269,301257,-1.030187,excel_import,2026-06-05 19:24:00.885461+00:00
5270,301258,-1.587902,excel_import,2026-06-05 19:24:00.886531+00:00
5271,301259,-4.246224,excel_import,2026-06-05 19:24:00.887953+00:00
5272,301260,-1.895425,excel_import,2026-06-05 19:24:00.889199+00:00
5273,301261,-2.238106,excel_import,2026-06-05 19:24:00.890094+00:00
5275,301263,-2.365697,excel_import,2026-06-05 19:24:00.891877+00:00
5276,301265,0.578258,excel_import,2026-06-05 19:24:00.892940+00:00
5277,301266,-1.874751,excel_import,2026-06-05 19:24:00.894117+00:00
5278,301267,-1.617562,excel_import,2026-06-05 19:24:00.895474+00:00
5279,301268,3.323263,excel_import,2026-06-05 19:24:00.896935+00:00
5280,301269,0.503324,excel_import,2026-06-05 19:24:00.898158+00:00
5281,301270,2.537563,excel_import,2026-06-05 19:24:00.899172+00:00
5282,301272,-1.698405,excel_import,2026-06-05 19:24:00.900199+00:00
5283,301273,6.615140,excel_import,2026-06-05 19:24:00.901345+00:00
5284,301275,-1.903269,excel_import,2026-06-05 19:24:00.902475+00:00
5285,301276,-3.208773,excel_import,2026-06-05 19:24:00.903611+00:00
5286,301277,-1.834862,excel_import,2026-06-05 19:24:00.905078+00:00
5287,301278,-0.862317,excel_import,2026-06-05 19:24:00.906131+00:00
5288,301279,-2.616148,excel_import,2026-06-05 19:24:00.907026+00:00
5289,301280,4.569029,excel_import,2026-06-05 19:24:00.907894+00:00
5290,301281,11.870774,excel_import,2026-06-05 19:24:00.908848+00:00
5291,301282,-0.805369,excel_import,2026-06-05 19:24:00.909934+00:00
5292,301283,-0.073556,excel_import,2026-06-05 19:24:00.910989+00:00
5294,301286,1.131935,excel_import,2026-06-05 19:24:00.913482+00:00
5295,301287,-1.694452,excel_import,2026-06-05 19:24:00.914522+00:00
5296,301288,2.954545,excel_import,2026-06-05 19:24:00.915445+00:00
5297,301289,1.059063,excel_import,2026-06-05 19:24:00.916297+00:00
5298,301290,2.096774,excel_import,2026-06-05 19:24:00.917304+00:00
5299,301291,-4.296732,excel_import,2026-06-05 19:24:00.918418+00:00
5300,301292,-0.774194,excel_import,2026-06-05 19:24:00.919645+00:00
5301,301293,0.864006,excel_import,2026-06-05 19:24:00.920756+00:00
5302,301295,-3.098291,excel_import,2026-06-05 19:24:00.922199+00:00
5303,301296,-1.453488,excel_import,2026-06-05 19:24:00.923299+00:00
5304,301297,0.555427,excel_import,2026-06-05 19:24:00.924231+00:00
5305,301298,-6.624383,excel_import,2026-06-05 19:24:00.925182+00:00
5306,301299,-0.741304,excel_import,2026-06-05 19:24:00.926244+00:00
5307,301300,-2.515372,excel_import,2026-06-05 19:24:00.927411+00:00
5308,301301,-2.031603,excel_import,2026-06-05 19:24:00.928858+00:00
5309,301302,-1.568013,excel_import,2026-06-05 19:24:00.930515+00:00
5310,301303,1.995565,excel_import,2026-06-05 19:24:00.931472+00:00
5311,301305,-0.577664,excel_import,2026-06-05 19:24:00.932344+00:00
5313,301307,-3.159341,excel_import,2026-06-05 19:24:00.934555+00:00
5314,301308,2.504331,excel_import,2026-06-05 19:24:00.935680+00:00
5315,301309,-1.807229,excel_import,2026-06-05 19:24:00.936708+00:00
5316,301310,-1.243707,excel_import,2026-06-05 19:24:00.937929+00:00
5317,301311,-0.809717,excel_import,2026-06-05 19:24:00.939115+00:00
5318,301312,-3.954028,excel_import,2026-06-05 19:24:00.940038+00:00
5319,301313,0.771675,excel_import,2026-06-05 19:24:00.940968+00:00
5320,301314,3.193569,excel_import,2026-06-05 19:24:00.941911+00:00
5321,301315,-2.624309,excel_import,2026-06-05 19:24:00.942987+00:00
5322,301316,-4.087320,excel_import,2026-06-05 19:24:00.943990+00:00
5323,301317,0.778745,excel_import,2026-06-05 19:24:00.945025+00:00
5324,301318,-1.784121,excel_import,2026-06-05 19:24:00.946367+00:00
5325,301319,1.748469,excel_import,2026-06-05 19:24:00.947587+00:00
5326,301320,2.895623,excel_import,2026-06-05 19:24:00.948661+00:00
5327,301321,-1.151631,excel_import,2026-06-05 19:24:00.949626+00:00
5328,301322,0.532229,excel_import,2026-06-05 19:24:00.950625+00:00
5329,301323,-0.179051,excel_import,2026-06-05 19:24:00.951856+00:00
5330,301325,-3.064624,excel_import,2026-06-05 19:24:00.953071+00:00
5332,301327,1.818182,excel_import,2026-06-05 19:24:00.955646+00:00
5333,301328,2.201835,excel_import,2026-06-05 19:24:00.956637+00:00
5334,301329,10.752330,excel_import,2026-06-05 19:24:00.957486+00:00
5335,301330,-0.405754,excel_import,2026-06-05 19:24:00.958324+00:00
5336,301331,0.409165,excel_import,2026-06-05 19:24:00.959378+00:00
5337,301332,-1.965318,excel_import,2026-06-05 19:24:00.960568+00:00
5338,301333,-3.741566,excel_import,2026-06-05 19:24:00.961721+00:00
5339,301335,-1.474531,excel_import,2026-06-05 19:24:00.963061+00:00
5340,301336,0.095602,excel_import,2026-06-05 19:24:00.964329+00:00
5341,301337,-2.589251,excel_import,2026-06-05 19:24:00.965407+00:00
5342,301338,-3.706857,excel_import,2026-06-05 19:24:00.966288+00:00
5343,301339,-2.286198,excel_import,2026-06-05 19:24:00.967216+00:00
5344,301345,-2.361787,excel_import,2026-06-05 19:24:00.968317+00:00
5345,301348,1.183191,excel_import,2026-06-05 19:24:00.969369+00:00
5346,301349,-2.053586,excel_import,2026-06-05 19:24:00.970384+00:00
5347,301353,-1.009082,excel_import,2026-06-05 19:24:00.971773+00:00
5348,301355,-1.371115,excel_import,2026-06-05 19:24:00.972918+00:00
5349,301356,-5.250103,excel_import,2026-06-05 19:24:00.973771+00:00
5351,301358,-1.500357,excel_import,2026-06-05 19:24:00.975702+00:00
5246,301222,-2.150883,excel_import,2026-06-05 19:24:00.861769+00:00
5354,301361,-3.439083,excel_import,2026-06-05 19:24:00.978893+00:00
5355,301362,1.859088,excel_import,2026-06-05 19:24:00.980398+00:00
5356,301363,9.233871,excel_import,2026-06-05 19:24:00.981455+00:00
5357,301365,-4.615861,excel_import,2026-06-05 19:24:00.982434+00:00
5358,301366,20.008863,excel_import,2026-06-05 19:24:00.983314+00:00
5359,301367,-1.584158,excel_import,2026-06-05 19:24:00.984272+00:00
5360,301368,-3.947088,excel_import,2026-06-05 19:24:00.985517+00:00
5361,301369,1.682586,excel_import,2026-06-05 19:24:00.986738+00:00
5362,301370,-2.234043,excel_import,2026-06-05 19:24:00.988108+00:00
5363,301371,-1.915709,excel_import,2026-06-05 19:24:00.989453+00:00
5365,301373,-7.089924,excel_import,2026-06-05 19:24:00.991392+00:00
5366,301376,2.815315,excel_import,2026-06-05 19:24:00.992326+00:00
5367,301377,11.752062,excel_import,2026-06-05 19:24:00.993395+00:00
5368,301378,-2.558854,excel_import,2026-06-05 19:24:00.994597+00:00
5369,301379,3.795967,excel_import,2026-06-05 19:24:00.996284+00:00
5370,301380,-3.833180,excel_import,2026-06-05 19:24:00.997604+00:00
5371,301381,-2.761551,excel_import,2026-06-05 19:24:00.998701+00:00
5372,301382,1.042701,excel_import,2026-06-05 19:24:00.999777+00:00
5373,301383,-1.971266,excel_import,2026-06-05 19:24:01.000814+00:00
5374,301386,-2.821719,excel_import,2026-06-05 19:24:01.002098+00:00
5375,301387,2.542558,excel_import,2026-06-05 19:24:01.003393+00:00
5376,301388,-3.119461,excel_import,2026-06-05 19:24:01.004861+00:00
5377,301389,2.585366,excel_import,2026-06-05 19:24:01.006076+00:00
5378,301390,-2.305825,excel_import,2026-06-05 19:24:01.007233+00:00
5379,301391,2.003526,excel_import,2026-06-05 19:24:01.008293+00:00
5380,301392,-0.522257,excel_import,2026-06-05 19:24:01.009485+00:00
5381,301393,0.445682,excel_import,2026-06-05 19:24:01.010728+00:00
5382,301395,-3.385827,excel_import,2026-06-05 19:24:01.011862+00:00
5384,301397,-3.707165,excel_import,2026-06-05 19:24:01.014448+00:00
5385,301398,-2.756508,excel_import,2026-06-05 19:24:01.015491+00:00
5386,301399,-1.360915,excel_import,2026-06-05 19:24:01.016548+00:00
5387,301408,-1.442585,excel_import,2026-06-05 19:24:01.017683+00:00
5388,301413,-4.135119,excel_import,2026-06-05 19:24:01.018877+00:00
5389,301418,19.728601,excel_import,2026-06-05 19:24:01.020056+00:00
5390,301419,12.210339,excel_import,2026-06-05 19:24:01.021407+00:00
5391,301421,1.925418,excel_import,2026-06-05 19:24:01.022848+00:00
5392,301428,1.279260,excel_import,2026-06-05 19:24:01.023949+00:00
5393,301429,-2.107376,excel_import,2026-06-05 19:24:01.025095+00:00
5394,301439,3.419183,excel_import,2026-06-05 19:24:01.026210+00:00
5395,301446,-3.902862,excel_import,2026-06-05 19:24:01.027459+00:00
5396,301448,-0.716204,excel_import,2026-06-05 19:24:01.028701+00:00
5397,301449,-1.947326,excel_import,2026-06-05 19:24:01.030324+00:00
5398,301456,-2.628812,excel_import,2026-06-05 19:24:01.031421+00:00
5399,301458,3.093812,excel_import,2026-06-05 19:24:01.032701+00:00
5400,301459,-3.873540,excel_import,2026-06-05 19:24:01.033667+00:00
5401,301468,-2.739726,excel_import,2026-06-05 19:24:01.034948+00:00
5403,301479,1.229630,excel_import,2026-06-05 19:24:01.037357+00:00
5404,301486,-4.754475,excel_import,2026-06-05 19:24:01.038825+00:00
5405,301487,-2.527076,excel_import,2026-06-05 19:24:01.039906+00:00
5406,301488,-0.161256,excel_import,2026-06-05 19:24:01.040964+00:00
5407,301489,-9.058824,excel_import,2026-06-05 19:24:01.041918+00:00
5408,301491,-2.230822,excel_import,2026-06-05 19:24:01.043056+00:00
5409,301498,-2.126686,excel_import,2026-06-05 19:24:01.044109+00:00
5410,301499,-1.381381,excel_import,2026-06-05 19:24:01.045168+00:00
5411,301500,-0.927300,excel_import,2026-06-05 19:24:01.046722+00:00
5412,301501,-2.865613,excel_import,2026-06-05 19:24:01.047790+00:00
5413,301502,2.086420,excel_import,2026-06-05 19:24:01.048637+00:00
5414,301503,-2.265075,excel_import,2026-06-05 19:24:01.049522+00:00
5415,301505,-0.773196,excel_import,2026-06-05 19:24:01.050518+00:00
5416,301507,-0.859375,excel_import,2026-06-05 19:24:01.051457+00:00
5417,301508,-1.736111,excel_import,2026-06-05 19:24:01.052426+00:00
5418,301509,0.000000,excel_import,2026-06-05 19:24:01.053463+00:00
5419,301510,3.954629,excel_import,2026-06-05 19:24:01.054917+00:00
5420,301511,-1.960321,excel_import,2026-06-05 19:24:01.056055+00:00
5422,301513,-0.192450,excel_import,2026-06-05 19:24:01.058185+00:00
5423,301515,-1.678657,excel_import,2026-06-05 19:24:01.059547+00:00
5424,301516,0.174014,excel_import,2026-06-05 19:24:01.060833+00:00
5425,301517,2.746845,excel_import,2026-06-05 19:24:01.062092+00:00
5426,301518,-0.936995,excel_import,2026-06-05 19:24:01.063590+00:00
5427,301519,-3.651267,excel_import,2026-06-05 19:24:01.064613+00:00
5428,301520,-1.728795,excel_import,2026-06-05 19:24:01.065591+00:00
5429,301522,-0.637181,excel_import,2026-06-05 19:24:01.066570+00:00
5430,301525,-0.215208,excel_import,2026-06-05 19:24:01.067577+00:00
5431,301526,-5.047455,excel_import,2026-06-05 19:24:01.068609+00:00
5432,301528,2.635411,excel_import,2026-06-05 19:24:01.069628+00:00
5433,301529,4.126191,excel_import,2026-06-05 19:24:01.070665+00:00
5434,301531,2.164675,excel_import,2026-06-05 19:24:01.072124+00:00
5435,301533,-0.573066,excel_import,2026-06-05 19:24:01.073065+00:00
5436,301535,-0.856793,excel_import,2026-06-05 19:24:01.074185+00:00
5437,301536,0.441195,excel_import,2026-06-05 19:24:01.075353+00:00
5438,301538,-2.324547,excel_import,2026-06-05 19:24:01.076503+00:00
5439,301539,-0.441640,excel_import,2026-06-05 19:24:01.077589+00:00
5441,301550,2.196382,excel_import,2026-06-05 19:24:01.080199+00:00
5442,301551,-2.784603,excel_import,2026-06-05 19:24:01.081353+00:00
5443,301552,-0.498084,excel_import,2026-06-05 19:24:01.082458+00:00
5444,301555,-2.007025,excel_import,2026-06-05 19:24:01.083561+00:00
5445,301556,-1.569507,excel_import,2026-06-05 19:24:01.084804+00:00
5446,301557,-2.190035,excel_import,2026-06-05 19:24:01.085828+00:00
5447,301558,-1.854494,excel_import,2026-06-05 19:24:01.086887+00:00
5448,301559,-0.980392,excel_import,2026-06-05 19:24:01.088328+00:00
5449,301560,0.218001,excel_import,2026-06-05 19:24:01.089304+00:00
5450,301563,-2.692489,excel_import,2026-06-05 19:24:01.090340+00:00
5451,301565,-3.465160,excel_import,2026-06-05 19:24:01.091379+00:00
5452,301566,3.243968,excel_import,2026-06-05 19:24:01.092508+00:00
5453,301567,-3.519062,excel_import,2026-06-05 19:24:01.093626+00:00
5454,301568,2.735602,excel_import,2026-06-05 19:24:01.094631+00:00
5455,301571,-0.135067,excel_import,2026-06-05 19:24:01.095608+00:00
5456,301575,1.364289,excel_import,2026-06-05 19:24:01.097045+00:00
5457,301577,13.971524,excel_import,2026-06-05 19:24:01.098044+00:00
5458,301578,-2.460293,excel_import,2026-06-05 19:24:01.099142+00:00
5461,301584,-0.433463,excel_import,2026-06-05 19:24:01.102517+00:00
5462,301585,-0.903274,excel_import,2026-06-05 19:24:01.103833+00:00
5463,301586,-0.616622,excel_import,2026-06-05 19:24:01.104979+00:00
5464,301587,0.622326,excel_import,2026-06-05 19:24:01.106183+00:00
5465,301588,3.373629,excel_import,2026-06-05 19:24:01.107154+00:00
5466,301589,-0.283267,excel_import,2026-06-05 19:24:01.108044+00:00
5467,301590,-2.024613,excel_import,2026-06-05 19:24:01.108943+00:00
5468,301591,4.329004,excel_import,2026-06-05 19:24:01.110156+00:00
5470,301595,-1.463415,excel_import,2026-06-05 19:24:01.112427+00:00
5471,301596,1.811895,excel_import,2026-06-05 19:24:01.113831+00:00
5472,301598,-1.545842,excel_import,2026-06-05 19:24:01.114771+00:00
5473,301599,0.813623,excel_import,2026-06-05 19:24:01.115721+00:00
5474,301600,0.901442,excel_import,2026-06-05 19:24:01.116576+00:00
5475,301601,-2.651113,excel_import,2026-06-05 19:24:01.117556+00:00
5476,301602,-2.769231,excel_import,2026-06-05 19:24:01.118666+00:00
5477,301603,-2.418251,excel_import,2026-06-05 19:24:01.119808+00:00
5478,301606,-1.834336,excel_import,2026-06-05 19:24:01.120845+00:00
5479,301607,7.636627,excel_import,2026-06-05 19:24:01.122135+00:00
5480,301608,0.073774,excel_import,2026-06-05 19:24:01.123066+00:00
5481,301609,2.469636,excel_import,2026-06-05 19:24:01.123952+00:00
5482,301611,9.555282,excel_import,2026-06-05 19:24:01.124962+00:00
5495,301636,-1.770260,excel_import,2026-06-05 19:24:01.140366+00:00
5496,301638,-1.330869,excel_import,2026-06-05 19:24:01.141296+00:00
5497,301656,-1.057906,excel_import,2026-06-05 19:24:01.142268+00:00
5498,301658,-3.086242,excel_import,2026-06-05 19:24:01.143341+00:00
5499,301662,-0.977537,excel_import,2026-06-05 19:24:01.144310+00:00
5500,301665,-2.846054,excel_import,2026-06-05 19:24:01.145370+00:00
5501,301666,1.294584,excel_import,2026-06-05 19:24:01.146700+00:00
5502,301667,2.008493,excel_import,2026-06-05 19:24:01.147746+00:00
5503,301668,-2.757732,excel_import,2026-06-05 19:24:01.148560+00:00
5504,301678,7.171315,excel_import,2026-06-05 19:24:01.149362+00:00
5505,301680,1.349875,excel_import,2026-06-05 19:24:01.150235+00:00
5506,301682,-4.251101,excel_import,2026-06-05 19:24:01.151299+00:00
5507,301683,-3.278123,excel_import,2026-06-05 19:24:01.152348+00:00
5508,301687,-5.732810,excel_import,2026-06-05 19:24:01.153320+00:00
5509,301696,1.215235,excel_import,2026-06-05 19:24:01.154375+00:00
5510,302132,-0.131406,excel_import,2026-06-05 19:24:01.155717+00:00
1,920001,1.851852,excel_import,2026-06-05 19:23:54.908220+00:00
11,920012,-4.681404,excel_import,2026-06-05 19:23:54.925892+00:00
30,920037,-3.023758,excel_import,2026-06-05 19:23:54.949472+00:00
49,920078,-3.411029,excel_import,2026-06-05 19:23:54.974786+00:00
68,920112,-0.529287,excel_import,2026-06-05 19:23:55.002311+00:00
87,920159,3.251552,excel_import,2026-06-05 19:23:55.025547+00:00
106,920186,-4.610004,excel_import,2026-06-05 19:23:55.049935+00:00
108,920188,0.923077,excel_import,2026-06-05 19:23:55.052635+00:00
122,920223,-4.953380,excel_import,2026-06-05 19:23:55.069647+00:00
141,920273,8.923885,excel_import,2026-06-05 19:23:55.094390+00:00
160,920375,-3.472932,excel_import,2026-06-05 19:23:55.118234+00:00
179,920436,-1.251956,excel_import,2026-06-05 19:23:55.140924+00:00
198,920519,-3.099362,excel_import,2026-06-05 19:23:55.162873+00:00
215,920579,-2.553685,excel_import,2026-06-05 19:23:55.183016+00:00
229,920662,-1.000476,excel_import,2026-06-05 19:23:55.199353+00:00
248,920720,-1.658986,excel_import,2026-06-05 19:23:55.221843+00:00
267,920807,-0.215827,excel_import,2026-06-05 19:23:55.243979+00:00
286,920876,-10.988593,excel_import,2026-06-05 19:23:55.272668+00:00
305,920961,2.534562,excel_import,2026-06-05 19:23:55.297111+00:00
322,600010,1.687764,excel_import,2026-06-05 19:23:55.317286+00:00
332,600022,-1.481481,excel_import,2026-06-05 19:23:55.328513+00:00
351,600052,-2.606635,excel_import,2026-06-05 19:23:55.351233+00:00
370,600076,0.273973,excel_import,2026-06-05 19:23:55.376212+00:00
389,600104,-1.628664,excel_import,2026-06-05 19:23:55.399051+00:00
408,600126,-0.516129,excel_import,2026-06-05 19:23:55.421899+00:00
427,600153,-1.535312,excel_import,2026-06-05 19:23:55.444403+00:00
429,600156,-4.431599,excel_import,2026-06-05 19:23:55.447131+00:00
439,600167,-1.445087,excel_import,2026-06-05 19:23:55.459673+00:00
458,600189,0.507614,excel_import,2026-06-05 19:23:55.482835+00:00
477,600217,-1.453488,excel_import,2026-06-05 19:23:55.507428+00:00
496,600239,-2.597403,excel_import,2026-06-05 19:23:55.529913+00:00
515,600268,-1.739130,excel_import,2026-06-05 19:23:55.549753+00:00
534,600295,0.587372,excel_import,2026-06-05 19:23:55.573788+00:00
536,600299,0.184332,excel_import,2026-06-05 19:23:55.575894+00:00
548,600315,-1.436464,excel_import,2026-06-05 19:23:55.590604+00:00
568,600339,2.521008,excel_import,2026-06-05 19:23:55.613140+00:00
586,600365,-1.438849,excel_import,2026-06-05 19:23:55.635061+00:00
605,600388,-4.051773,excel_import,2026-06-05 19:23:55.655326+00:00
624,600418,-1.833568,excel_import,2026-06-05 19:23:55.675853+00:00
643,600452,-4.124514,excel_import,2026-06-05 19:23:55.698951+00:00
657,600477,-1.454545,excel_import,2026-06-05 19:23:55.715369+00:00
676,600500,-4.784689,excel_import,2026-06-05 19:23:55.738526+00:00
695,600521,-2.291534,excel_import,2026-06-05 19:23:55.760673+00:00
714,600546,1.941748,excel_import,2026-06-05 19:23:55.782091+00:00
733,600570,-0.369155,excel_import,2026-06-05 19:23:55.804593+00:00
750,600588,-3.368794,excel_import,2026-06-05 19:23:55.823476+00:00
768,600609,-2.493075,excel_import,2026-06-05 19:23:55.844428+00:00
787,600633,-0.892857,excel_import,2026-06-05 19:23:55.866066+00:00
806,600657,-2.447552,excel_import,2026-06-05 19:23:55.887208+00:00
825,600682,-0.972447,excel_import,2026-06-05 19:23:55.908633+00:00
844,600706,-1.218027,excel_import,2026-06-05 19:23:55.932464+00:00
857,600720,-0.986842,excel_import,2026-06-05 19:23:55.948880+00:00
871,600735,-3.935860,excel_import,2026-06-05 19:23:55.964838+00:00
890,600756,-1.742160,excel_import,2026-06-05 19:23:55.987600+00:00
909,600779,0.864464,excel_import,2026-06-05 19:23:56.013341+00:00
5460,301581,4.989733,excel_import,2026-06-05 19:24:01.101318+00:00
947,600826,0.685714,excel_import,2026-06-05 19:23:56.062249+00:00
964,600848,-4.626709,excel_import,2026-06-05 19:23:56.082567+00:00
982,600869,6.408228,excel_import,2026-06-05 19:23:56.103094+00:00
1001,600892,-4.534005,excel_import,2026-06-05 19:23:56.124318+00:00
1020,600928,-1.396648,excel_import,2026-06-05 19:23:56.144220+00:00
1039,600967,-0.968523,excel_import,2026-06-05 19:23:56.164272+00:00
1058,600989,1.792261,excel_import,2026-06-05 19:23:56.184667+00:00
1071,601005,-0.763359,excel_import,2026-06-05 19:23:56.198862+00:00
1083,601020,3.029095,excel_import,2026-06-05 19:23:56.212759+00:00
1121,601137,5.297398,excel_import,2026-06-05 19:23:56.255600+00:00
1140,601208,10.009737,excel_import,2026-06-05 19:23:56.276027+00:00
1159,601319,-1.479290,excel_import,2026-06-05 19:23:56.298144+00:00
1178,601512,-1.832761,excel_import,2026-06-05 19:23:56.317696+00:00
1190,601595,-3.732809,excel_import,2026-06-05 19:23:56.331141+00:00
1209,601666,0.842359,excel_import,2026-06-05 19:23:56.353186+00:00
1228,601778,-0.856164,excel_import,2026-06-05 19:23:56.374197+00:00
1247,601866,-1.937984,excel_import,2026-06-05 19:23:56.395792+00:00
1266,601919,-1.810865,excel_import,2026-06-05 19:23:56.417598+00:00
1285,601991,-0.871460,excel_import,2026-06-05 19:23:56.439628+00:00
1297,603006,-2.167630,excel_import,2026-06-05 19:23:56.453154+00:00
1316,603026,-0.811336,excel_import,2026-06-05 19:23:56.473287+00:00
1335,603049,-1.535872,excel_import,2026-06-05 19:23:56.491656+00:00
1354,603071,0.068918,excel_import,2026-06-05 19:23:56.509599+00:00
1373,603092,-2.249426,excel_import,2026-06-05 19:23:56.527667+00:00
1392,603113,-1.714286,excel_import,2026-06-05 19:23:56.546173+00:00
1402,603124,4.076907,excel_import,2026-06-05 19:23:56.556505+00:00
1421,603158,2.710027,excel_import,2026-06-05 19:23:56.574811+00:00
1459,603199,-0.638104,excel_import,2026-06-05 19:23:56.615365+00:00
1478,603219,1.885645,excel_import,2026-06-05 19:23:56.637154+00:00
1497,603248,1.689587,excel_import,2026-06-05 19:23:56.658003+00:00
1499,603256,-0.719316,excel_import,2026-06-05 19:23:56.659786+00:00
1509,603269,1.131542,excel_import,2026-06-05 19:23:56.669174+00:00
1528,603290,0.898127,excel_import,2026-06-05 19:23:56.689003+00:00
1547,603315,-1.037218,excel_import,2026-06-05 19:23:56.707714+00:00
1566,603334,-2.692834,excel_import,2026-06-05 19:23:56.726476+00:00
1585,603360,-3.925620,excel_import,2026-06-05 19:23:56.747284+00:00
1604,603386,-0.350877,excel_import,2026-06-05 19:23:56.766727+00:00
1606,603389,-0.528854,excel_import,2026-06-05 19:23:56.768708+00:00
1618,603407,1.004255,excel_import,2026-06-05 19:23:56.780913+00:00
1637,603499,-1.003344,excel_import,2026-06-05 19:23:56.800245+00:00
1656,603535,-1.402525,excel_import,2026-06-05 19:23:56.820152+00:00
1675,603586,0.455840,excel_import,2026-06-05 19:23:56.840319+00:00
1694,603612,0.704225,excel_import,2026-06-05 19:23:56.859561+00:00
1713,603656,10.027248,excel_import,2026-06-05 19:23:56.878504+00:00
1723,603667,1.796320,excel_import,2026-06-05 19:23:56.888334+00:00
1761,603725,-2.006689,excel_import,2026-06-05 19:23:56.924090+00:00
1780,603777,0.518732,excel_import,2026-06-05 19:23:56.943895+00:00
1799,603813,-0.027211,excel_import,2026-06-05 19:23:56.963100+00:00
1818,603856,-0.885668,excel_import,2026-06-05 19:23:56.981482+00:00
1820,603859,-1.593902,excel_import,2026-06-05 19:23:56.983745+00:00
1834,603881,-1.059495,excel_import,2026-06-05 19:23:56.999270+00:00
1853,603908,-3.117506,excel_import,2026-06-05 19:23:57.023050+00:00
1872,603939,-1.998051,excel_import,2026-06-05 19:23:57.044190+00:00
1891,603982,-1.624815,excel_import,2026-06-05 19:23:57.065002+00:00
1910,605007,-0.361533,excel_import,2026-06-05 19:23:57.085724+00:00
1927,605077,-10.005750,excel_import,2026-06-05 19:23:57.106573+00:00
1941,605122,-2.139037,excel_import,2026-06-05 19:23:57.121749+00:00
1960,605186,2.423797,excel_import,2026-06-05 19:23:57.141809+00:00
1979,605289,3.063416,excel_import,2026-06-05 19:23:57.160571+00:00
1998,605376,-0.309484,excel_import,2026-06-05 19:23:57.181201+00:00
2017,605599,-1.741294,excel_import,2026-06-05 19:23:57.200852+00:00
2034,688018,3.244838,excel_import,2026-06-05 19:23:57.218450+00:00
2044,688029,-4.924195,excel_import,2026-06-05 19:23:57.228836+00:00
2082,688075,-0.746269,excel_import,2026-06-05 19:23:57.269566+00:00
2101,688096,0.392465,excel_import,2026-06-05 19:23:57.288867+00:00
2120,688116,-6.544256,excel_import,2026-06-05 19:23:57.308544+00:00
2139,688138,-0.192802,excel_import,2026-06-05 19:23:57.327682+00:00
2141,688141,-0.789634,excel_import,2026-06-05 19:23:57.330065+00:00
2153,688158,-0.974859,excel_import,2026-06-05 19:23:57.342738+00:00
2172,688179,0.146556,excel_import,2026-06-05 19:23:57.364229+00:00
2191,688199,0.586396,excel_import,2026-06-05 19:23:57.384470+00:00
2210,688220,0.625903,excel_import,2026-06-05 19:23:57.405099+00:00
2229,688244,-1.823529,excel_import,2026-06-05 19:23:57.425636+00:00
2248,688268,20.001362,excel_import,2026-06-05 19:23:57.445975+00:00
2258,688279,-1.035265,excel_import,2026-06-05 19:23:57.456930+00:00
2277,688300,-9.127071,excel_import,2026-06-05 19:23:57.474195+00:00
2296,688320,1.048387,excel_import,2026-06-05 19:23:57.492623+00:00
2315,688343,1.897855,excel_import,2026-06-05 19:23:57.511248+00:00
2334,688366,-2.655384,excel_import,2026-06-05 19:23:57.529088+00:00
2353,688387,3.689567,excel_import,2026-06-05 19:23:57.548642+00:00
2355,688389,-2.470187,excel_import,2026-06-05 19:23:57.550743+00:00
2386,688450,-0.551633,excel_import,2026-06-05 19:23:57.585071+00:00
2405,688498,16.412989,excel_import,2026-06-05 19:23:57.611602+00:00
2424,688519,-4.277582,excel_import,2026-06-05 19:23:57.634322+00:00
2443,688549,2.476999,excel_import,2026-06-05 19:23:57.656702+00:00
2462,688571,0.690449,excel_import,2026-06-05 19:23:57.676251+00:00
2472,688583,-6.561238,excel_import,2026-06-05 19:23:57.691400+00:00
2491,688605,3.884674,excel_import,2026-06-05 19:23:57.716545+00:00
2510,688626,0.295276,excel_import,2026-06-05 19:23:57.745481+00:00
2529,688658,-1.451800,excel_import,2026-06-05 19:23:57.769182+00:00
2548,688683,0.318134,excel_import,2026-06-05 19:23:57.791355+00:00
2567,688709,-0.760234,excel_import,2026-06-05 19:23:57.815626+00:00
2569,688711,4.736842,excel_import,2026-06-05 19:23:57.818270+00:00
2581,688729,2.604382,excel_import,2026-06-05 19:23:57.832011+00:00
2600,688781,0.754179,excel_import,2026-06-05 19:23:57.852062+00:00
2619,688811,4.096562,excel_import,2026-06-05 19:23:57.873203+00:00
2638,000017,-1.828154,excel_import,2026-06-05 19:23:57.895144+00:00
2657,000048,3.080229,excel_import,2026-06-05 19:23:57.916150+00:00
2676,000090,-2.972973,excel_import,2026-06-05 19:23:57.939894+00:00
2711,000429,-1.918977,excel_import,2026-06-05 19:23:57.979952+00:00
2749,000545,-1.581028,excel_import,2026-06-05 19:23:58.024609+00:00
2768,000567,-1.618123,excel_import,2026-06-05 19:23:58.047242+00:00
2783,000595,-4.935065,excel_import,2026-06-05 19:23:58.065491+00:00
2784,000596,-2.751209,excel_import,2026-06-05 19:23:58.066487+00:00
2803,000626,0.880503,excel_import,2026-06-05 19:23:58.086202+00:00
2822,000663,-1.839465,excel_import,2026-06-05 19:23:58.107410+00:00
2841,000692,-1.515152,excel_import,2026-06-05 19:23:58.127095+00:00
2860,000718,-1.932367,excel_import,2026-06-05 19:23:58.146449+00:00
2879,000751,2.597403,excel_import,2026-06-05 19:23:58.171958+00:00
2903,000791,3.670635,excel_import,2026-06-05 19:23:58.212218+00:00
2922,000816,-3.225806,excel_import,2026-06-05 19:23:58.233099+00:00
2941,000852,1.032702,excel_import,2026-06-05 19:23:58.267129+00:00
2960,000887,-0.864969,excel_import,2026-06-05 19:23:58.288388+00:00
2979,000911,-0.673401,excel_import,2026-06-05 19:23:58.308755+00:00
2998,000935,-3.206270,excel_import,2026-06-05 19:23:58.333593+00:00
3008,000955,-0.945626,excel_import,2026-06-05 19:23:58.344834+00:00
3027,000981,5.142857,excel_import,2026-06-05 19:23:58.365418+00:00
3046,001209,-2.330097,excel_import,2026-06-05 19:23:58.385637+00:00
3065,001230,0.039078,excel_import,2026-06-05 19:23:58.406633+00:00
3084,001277,-2.881934,excel_import,2026-06-05 19:23:58.426946+00:00
3103,001311,-0.565771,excel_import,2026-06-05 19:23:58.455138+00:00
3105,001313,-6.060606,excel_import,2026-06-05 19:23:58.457037+00:00
3117,001330,-1.775148,excel_import,2026-06-05 19:23:58.469782+00:00
3136,001378,-0.148002,excel_import,2026-06-05 19:23:58.490686+00:00
3155,001979,-1.901566,excel_import,2026-06-05 19:23:58.511563+00:00
3174,002022,-2.909091,excel_import,2026-06-05 19:23:58.532773+00:00
3193,002041,0.115075,excel_import,2026-06-05 19:23:58.553146+00:00
3226,002076,-5.072464,excel_import,2026-06-05 19:23:58.589873+00:00
3245,002097,0.594530,excel_import,2026-06-05 19:23:58.609897+00:00
3264,002117,-0.108225,excel_import,2026-06-05 19:23:58.631938+00:00
3283,002137,10.052910,excel_import,2026-06-05 19:23:58.653155+00:00
3302,002158,0.930714,excel_import,2026-06-05 19:23:58.673804+00:00
3319,002175,-3.676471,excel_import,2026-06-05 19:23:58.692465+00:00
3329,002185,4.528096,excel_import,2026-06-05 19:23:58.702880+00:00
3348,002204,-1.515152,excel_import,2026-06-05 19:23:58.723894+00:00
3367,002224,-0.795756,excel_import,2026-06-05 19:23:58.746301+00:00
3386,002244,-0.198610,excel_import,2026-06-05 19:23:58.766050+00:00
3405,002265,-0.299401,excel_import,2026-06-05 19:23:58.787042+00:00
3424,002285,0.386100,excel_import,2026-06-05 19:23:58.807394+00:00
3426,002287,-1.608325,excel_import,2026-06-05 19:23:58.809760+00:00
3436,002298,-0.548847,excel_import,2026-06-05 19:23:58.820131+00:00
3455,002318,-0.970874,excel_import,2026-06-05 19:23:58.841290+00:00
3474,002339,-0.822562,excel_import,2026-06-05 19:23:58.862322+00:00
3493,002360,-2.229299,excel_import,2026-06-05 19:23:58.883507+00:00
3512,002379,-0.950119,excel_import,2026-06-05 19:23:58.903635+00:00
3533,002400,-2.696078,excel_import,2026-06-05 19:23:58.926787+00:00
3545,002413,0.762631,excel_import,2026-06-05 19:23:58.940042+00:00
3564,002434,1.941748,excel_import,2026-06-05 19:23:58.960715+00:00
3583,002456,3.151261,excel_import,2026-06-05 19:23:58.982092+00:00
3602,002478,-0.837989,excel_import,2026-06-05 19:23:59.003956+00:00
3621,002497,-1.284891,excel_import,2026-06-05 19:23:59.025803+00:00
3640,002522,4.361371,excel_import,2026-06-05 19:23:59.048451+00:00
3658,002541,0.896152,excel_import,2026-06-05 19:23:59.067881+00:00
3677,002560,-0.671892,excel_import,2026-06-05 19:23:59.087073+00:00
3696,002579,-6.310212,excel_import,2026-06-05 19:23:59.106636+00:00
3715,002598,-2.822581,excel_import,2026-06-05 19:23:59.125435+00:00
3734,002622,-3.088803,excel_import,2026-06-05 19:23:59.145019+00:00
3747,002635,-2.296211,excel_import,2026-06-05 19:23:59.158340+00:00
3765,002653,-3.161662,excel_import,2026-06-05 19:23:59.177457+00:00
3784,002673,-1.799100,excel_import,2026-06-05 19:23:59.196122+00:00
3803,002694,-1.574803,excel_import,2026-06-05 19:23:59.215683+00:00
3822,002717,5.208333,excel_import,2026-06-05 19:23:59.234696+00:00
3841,002738,0.733333,excel_import,2026-06-05 19:23:59.253891+00:00
3870,002774,-1.182432,excel_import,2026-06-05 19:23:59.283351+00:00
3889,002797,-2.020202,excel_import,2026-06-05 19:23:59.303310+00:00
3908,002819,-0.643225,excel_import,2026-06-05 19:23:59.324991+00:00
3927,002839,-1.388889,excel_import,2026-06-05 19:23:59.345118+00:00
3946,002860,-0.077101,excel_import,2026-06-05 19:23:59.365863+00:00
3961,002876,2.203947,excel_import,2026-06-05 19:23:59.382026+00:00
3973,002888,-3.310916,excel_import,2026-06-05 19:23:59.394442+00:00
3992,002910,-2.755102,excel_import,2026-06-05 19:23:59.412922+00:00
4011,002931,0.285987,excel_import,2026-06-05 19:23:59.432314+00:00
4030,002952,-3.457760,excel_import,2026-06-05 19:23:59.455879+00:00
4049,002975,-0.390362,excel_import,2026-06-05 19:23:59.478217+00:00
4068,002995,-3.730769,excel_import,2026-06-05 19:23:59.499584+00:00
4086,003013,2.883970,excel_import,2026-06-05 19:23:59.518211+00:00
4105,003035,-0.417246,excel_import,2026-06-05 19:23:59.538085+00:00
4124,300010,-4.000000,excel_import,2026-06-05 19:23:59.558433+00:00
4144,300033,-1.122751,excel_import,2026-06-05 19:23:59.579785+00:00
4162,300052,-3.802939,excel_import,2026-06-05 19:23:59.599327+00:00
4175,300067,-0.354610,excel_import,2026-06-05 19:23:59.614604+00:00
4206,300100,-2.500000,excel_import,2026-06-05 19:23:59.650547+00:00
4225,300124,-0.797698,excel_import,2026-06-05 19:23:59.672303+00:00
4244,300143,0.382166,excel_import,2026-06-05 19:23:59.693785+00:00
4263,300163,1.419558,excel_import,2026-06-05 19:23:59.715078+00:00
4282,300183,-2.076412,excel_import,2026-06-05 19:23:59.737088+00:00
4298,300200,0.653595,excel_import,2026-06-05 19:23:59.755564+00:00
4317,300222,-7.978076,excel_import,2026-06-05 19:23:59.776506+00:00
4336,300241,6.275033,excel_import,2026-06-05 19:23:59.798736+00:00
4355,300260,0.687349,excel_import,2026-06-05 19:23:59.819876+00:00
4374,300283,3.044776,excel_import,2026-06-05 19:23:59.841506+00:00
4389,300299,-2.010969,excel_import,2026-06-05 19:23:59.857540+00:00
4399,300310,-1.359223,excel_import,2026-06-05 19:23:59.868091+00:00
4418,300332,-0.986193,excel_import,2026-06-05 19:23:59.886935+00:00
4437,300353,-4.378460,excel_import,2026-06-05 19:23:59.906063+00:00
4456,300377,-2.939068,excel_import,2026-06-05 19:23:59.927011+00:00
4475,300399,-2.148926,excel_import,2026-06-05 19:23:59.945395+00:00
4494,300418,-1.182033,excel_import,2026-06-05 19:23:59.964428+00:00
4496,300420,0.352734,excel_import,2026-06-05 19:23:59.965909+00:00
4525,300450,-1.016808,excel_import,2026-06-05 19:24:00.000373+00:00
537,600300,-0.619195,excel_import,2026-06-05 19:23:55.577541+00:00
928,600802,-0.986193,excel_import,2026-06-05 19:23:56.039513+00:00
1072,601006,-0.579151,excel_import,2026-06-05 19:23:56.199947+00:00
1102,601098,0.448029,excel_import,2026-06-05 19:23:56.233469+00:00
1179,601515,-0.500000,excel_import,2026-06-05 19:23:56.318765+00:00
1286,601992,-1.863354,excel_import,2026-06-05 19:23:56.440804+00:00
1440,603179,3.065209,excel_import,2026-06-05 19:23:56.596156+00:00
1607,603390,-2.061856,excel_import,2026-06-05 19:23:56.769725+00:00
1742,603697,-3.612335,excel_import,2026-06-05 19:23:56.906786+00:00
2063,688053,2.624309,excel_import,2026-06-05 19:23:57.249626+00:00
2142,688143,6.165714,excel_import,2026-06-05 19:23:57.331029+00:00
2356,688390,-1.659039,excel_import,2026-06-05 19:23:57.551818+00:00
2367,688408,-2.385266,excel_import,2026-06-05 19:23:57.563312+00:00
2570,688712,-1.352016,excel_import,2026-06-05 19:23:57.819673+00:00
2692,000401,-1.477833,excel_import,2026-06-05 19:23:57.958287+00:00
2730,000521,-1.587302,excel_import,2026-06-05 19:23:58.002030+00:00
2891,000768,-1.129178,excel_import,2026-06-05 19:23:58.191124+00:00
2892,000776,1.527120,excel_import,2026-06-05 19:23:58.192249+00:00
2976,000908,-2.319236,excel_import,2026-06-05 19:23:58.304700+00:00
2980,000912,-0.785340,excel_import,2026-06-05 19:23:58.309804+00:00
2981,000913,-2.916667,excel_import,2026-06-05 19:23:58.310929+00:00
2982,000915,-1.151079,excel_import,2026-06-05 19:23:58.312536+00:00
2988,000923,-2.600619,excel_import,2026-06-05 19:23:58.319675+00:00
2995,000931,-0.473934,excel_import,2026-06-05 19:23:58.328663+00:00
3106,001314,-4.220183,excel_import,2026-06-05 19:23:58.457924+00:00
3212,002060,-0.840336,excel_import,2026-06-05 19:23:58.574305+00:00
3531,002398,-1.113586,excel_import,2026-06-05 19:23:58.924221+00:00
3534,002401,-2.065800,excel_import,2026-06-05 19:23:58.927919+00:00
3854,002756,0.593178,excel_import,2026-06-05 19:23:59.267105+00:00
3962,002877,-0.992556,excel_import,2026-06-05 19:23:59.383182+00:00
4176,300068,-4.897959,excel_import,2026-06-05 19:23:59.615575+00:00
4188,300080,-0.491400,excel_import,2026-06-05 19:23:59.630539+00:00
4506,300430,-5.289256,excel_import,2026-06-05 19:23:59.977433+00:00
4544,300469,1.644605,excel_import,2026-06-05 19:24:00.026470+00:00
4563,300488,-1.180124,excel_import,2026-06-05 19:24:00.049838+00:00
4582,300508,-1.901408,excel_import,2026-06-05 19:24:00.073675+00:00
4601,300529,-2.206288,excel_import,2026-06-05 19:24:00.097174+00:00
4603,300531,0.127632,excel_import,2026-06-05 19:24:00.099191+00:00
4604,300532,-0.853485,excel_import,2026-06-05 19:24:00.100161+00:00
4615,300543,0.348432,excel_import,2026-06-05 19:24:00.112515+00:00
4634,300563,3.381963,excel_import,2026-06-05 19:24:00.133755+00:00
4653,300583,-2.021773,excel_import,2026-06-05 19:24:00.155437+00:00
4672,300602,-6.044444,excel_import,2026-06-05 19:24:00.177491+00:00
4691,300621,-1.432292,excel_import,2026-06-05 19:24:00.199227+00:00
4701,300632,2.129195,excel_import,2026-06-05 19:24:00.213894+00:00
4702,300633,-2.545277,excel_import,2026-06-05 19:24:00.215081+00:00
4708,300639,-1.247772,excel_import,2026-06-05 19:24:00.222799+00:00
4722,300654,-6.546490,excel_import,2026-06-05 19:24:00.240793+00:00
4741,300673,2.343750,excel_import,2026-06-05 19:24:00.264134+00:00
4760,300693,0.337235,excel_import,2026-06-05 19:24:00.285467+00:00
4798,300735,-3.240124,excel_import,2026-06-05 19:24:00.328640+00:00
4817,300757,5.696368,excel_import,2026-06-05 19:24:00.351424+00:00
4833,300774,-1.149425,excel_import,2026-06-05 19:24:00.367621+00:00
4852,300793,-1.688693,excel_import,2026-06-05 19:24:00.389941+00:00
4871,300814,0.066711,excel_import,2026-06-05 19:24:00.414348+00:00
4890,300833,-1.506373,excel_import,2026-06-05 19:24:00.443849+00:00
4909,300852,-2.506364,excel_import,2026-06-05 19:24:00.475984+00:00
4924,300867,3.810454,excel_import,2026-06-05 19:24:00.497800+00:00
4934,300878,-1.805416,excel_import,2026-06-05 19:24:00.511088+00:00
4953,300897,-3.865979,excel_import,2026-06-05 19:24:00.531860+00:00
4972,300917,-3.871829,excel_import,2026-06-05 19:24:00.553700+00:00
4991,300938,-0.766724,excel_import,2026-06-05 19:24:00.573937+00:00
5010,300959,-8.506667,excel_import,2026-06-05 19:24:00.599988+00:00
5029,300979,-2.388399,excel_import,2026-06-05 19:24:00.631310+00:00
5031,300981,-4.612979,excel_import,2026-06-05 19:24:00.633188+00:00
5049,300999,-1.518519,excel_import,2026-06-05 19:24:00.654810+00:00
5068,301019,-0.995261,excel_import,2026-06-05 19:24:00.674476+00:00
5087,301039,-1.486989,excel_import,2026-06-05 19:24:00.695025+00:00
5106,301060,-3.624733,excel_import,2026-06-05 19:24:00.715727+00:00
5125,301081,-2.336449,excel_import,2026-06-05 19:24:00.735669+00:00
5138,301096,-2.786158,excel_import,2026-06-05 19:24:00.749636+00:00
5148,301107,-1.451078,excel_import,2026-06-05 19:24:00.760138+00:00
5167,301128,-2.398972,excel_import,2026-06-05 19:24:00.779082+00:00
5186,301156,-2.037736,excel_import,2026-06-05 19:24:00.800966+00:00
5205,301177,-2.083333,excel_import,2026-06-05 19:24:00.819901+00:00
5224,301198,2.721088,excel_import,2026-06-05 19:24:00.839328+00:00
5243,301219,1.016993,excel_import,2026-06-05 19:24:00.858554+00:00
5245,301221,-2.034429,excel_import,2026-06-05 19:24:00.860614+00:00
5255,301232,1.704457,excel_import,2026-06-05 19:24:00.870789+00:00
5274,301262,-2.772556,excel_import,2026-06-05 19:24:00.890922+00:00
5293,301285,5.616298,excel_import,2026-06-05 19:24:00.912039+00:00
5312,301306,5.773472,excel_import,2026-06-05 19:24:00.933496+00:00
5331,301326,-1.762083,excel_import,2026-06-05 19:24:00.954213+00:00
5352,301359,-2.622632,excel_import,2026-06-05 19:24:00.976702+00:00
5364,301372,1.496479,excel_import,2026-06-05 19:24:00.990464+00:00
5383,301396,-0.017298,excel_import,2026-06-05 19:24:01.013150+00:00
5402,301469,-3.333333,excel_import,2026-06-05 19:24:01.036153+00:00
5421,301512,2.436282,excel_import,2026-06-05 19:24:01.057132+00:00
5440,301548,-1.234404,excel_import,2026-06-05 19:24:01.078683+00:00
5459,301580,0.950332,excel_import,2026-06-05 19:24:01.100143+00:00
5469,301592,3.069839,excel_import,2026-06-05 19:24:01.111314+00:00
5483,301613,-1.800775,excel_import,2026-06-05 19:24:01.126333+00:00
5484,301616,-1.304348,excel_import,2026-06-05 19:24:01.127458+00:00
5485,301617,-3.773585,excel_import,2026-06-05 19:24:01.128689+00:00
5486,301618,-0.566084,excel_import,2026-06-05 19:24:01.130123+00:00
5487,301622,-1.567568,excel_import,2026-06-05 19:24:01.131445+00:00
5488,301626,1.677789,excel_import,2026-06-05 19:24:01.132346+00:00
5489,301628,1.353529,excel_import,2026-06-05 19:24:01.133242+00:00
5490,301629,2.641243,excel_import,2026-06-05 19:24:01.134214+00:00
5491,301630,-4.490878,excel_import,2026-06-05 19:24:01.135303+00:00
5492,301631,-1.773136,excel_import,2026-06-05 19:24:01.136525+00:00
5494,301633,-1.405508,excel_import,2026-06-05 19:24:01.139463+00:00
4710,300641,2.904290,excel_import,2026-06-05 19:24:00.224968+00:00
4711,300642,-2.393038,excel_import,2026-06-05 19:24:00.226235+00:00
4712,300643,1.595442,excel_import,2026-06-05 19:24:00.227453+00:00
4713,300644,-0.970481,excel_import,2026-06-05 19:24:00.228511+00:00
4714,300645,-1.560284,excel_import,2026-06-05 19:24:00.230350+00:00
4715,300647,-2.814815,excel_import,2026-06-05 19:24:00.231828+00:00
4716,300648,-0.123305,excel_import,2026-06-05 19:24:00.233211+00:00
4761,300694,-0.947867,excel_import,2026-06-05 19:24:00.286546+00:00
4762,300695,-1.049233,excel_import,2026-06-05 19:24:00.288204+00:00
4763,300696,1.779603,excel_import,2026-06-05 19:24:00.289582+00:00
4764,300697,3.076923,excel_import,2026-06-05 19:24:00.290645+00:00
4765,300698,0.994443,excel_import,2026-06-05 19:24:00.291557+00:00
4766,300699,1.270168,excel_import,2026-06-05 19:24:00.292532+00:00
4767,300700,5.279503,excel_import,2026-06-05 19:24:00.293661+00:00
4768,300701,-1.655934,excel_import,2026-06-05 19:24:00.294719+00:00
4769,300702,-2.884111,excel_import,2026-06-05 19:24:00.295765+00:00
4770,300703,-1.583435,excel_import,2026-06-05 19:24:00.297278+00:00
4771,300705,-4.239401,excel_import,2026-06-05 19:24:00.298175+00:00
4772,300706,-0.350809,excel_import,2026-06-05 19:24:00.299067+00:00
4773,300707,-2.316602,excel_import,2026-06-05 19:24:00.300140+00:00
4774,300708,1.945080,excel_import,2026-06-05 19:24:00.301517+00:00
4775,300709,-3.056133,excel_import,2026-06-05 19:24:00.302751+00:00
4776,300710,1.811300,excel_import,2026-06-05 19:24:00.303781+00:00
4777,300711,-1.052078,excel_import,2026-06-05 19:24:00.305401+00:00
4778,300712,-1.392515,excel_import,2026-06-05 19:24:00.306440+00:00
4779,300713,-1.814647,excel_import,2026-06-05 19:24:00.307280+00:00
4780,300715,5.291222,excel_import,2026-06-05 19:24:00.308151+00:00
4781,300716,-0.888585,excel_import,2026-06-05 19:24:00.309415+00:00
4782,300717,-1.679307,excel_import,2026-06-05 19:24:00.310484+00:00
4783,300718,-1.962366,excel_import,2026-06-05 19:24:00.311574+00:00
4784,300719,-1.273885,excel_import,2026-06-05 19:24:00.312959+00:00
4785,300720,8.059701,excel_import,2026-06-05 19:24:00.314634+00:00
4786,300721,2.377972,excel_import,2026-06-05 19:24:00.315814+00:00
4787,300722,0.170358,excel_import,2026-06-05 19:24:00.316936+00:00
4788,300723,1.893154,excel_import,2026-06-05 19:24:00.318240+00:00
4789,300724,-1.018788,excel_import,2026-06-05 19:24:00.319329+00:00
4790,300725,0.553774,excel_import,2026-06-05 19:24:00.320397+00:00
4791,300726,2.100261,excel_import,2026-06-05 19:24:00.322050+00:00
4792,300727,-3.318250,excel_import,2026-06-05 19:24:00.323124+00:00
4820,300760,-1.632764,excel_import,2026-06-05 19:24:00.355253+00:00
4821,300761,1.855567,excel_import,2026-06-05 19:24:00.356260+00:00
4822,300762,5.456172,excel_import,2026-06-05 19:24:00.357025+00:00
4930,300873,-1.444548,excel_import,2026-06-05 19:24:00.505940+00:00
5350,301357,2.146968,excel_import,2026-06-05 19:24:00.974689+00:00
5353,301360,0.304878,excel_import,2026-06-05 19:24:00.977754+00:00
5493,301632,0.117165,excel_import,2026-06-05 19:24:01.138176+00:00
