id,code,report_date,total_holders,holder_change,top10_holders,top10_float,inst_hold_ratio,avg_holding,created_at
1210,000002,2026-03-31,489869,-1.6300,"[{'name': '惠州国际经济技术合作公司贸易部', 'rank': 27, 'ratio': 0.000258350455, 'change': '', 'shares': 9612}, {'name': '惠州国际经济技术合作公司贸易部', 'rank': 27, 'ratio': 0.0003, 'change': '新进', 'shares': 9612}, {'name': '中信证券股份有限公司', 'rank': 26, 'ratio': 0.000352450012, 'change': '', 'shares': 13113}, {'name': '中信证券股份有限公司', 'rank': 26, 'ratio': 0.000384430458, 'change': '新进', 'shares': 13113}, {'name': '新能源蛇口有限公司', 'rank': 25, 'ratio': 0.001034369425, 'change': '', 'shares': 38484}, {'name': '新能源蛇口有限公司', 'rank': 25, 'ratio': 0.0011, 'change': '新进', 'shares': 38484}, {'name': '上海万丰资产管理有限公司', 'rank': 24, 'ratio': 0.00517319102, 'change': '', 'shares': 192470}, {'name': '上海万丰资产管理有限公司', 'rank': 24, 'ratio': 0.005642593628, 'change': '新进', 'shares': 192470}, {'name': '国营华北光学仪器厂', 'rank': 23, 'ratio': 0.008794666635, 'change': '', 'shares': 327208}, {'name': '国营华北光学仪器厂', 'rank': 23, 'ratio': 0.0096, 'change': '新进', 'shares': 327208}]",[],0.0000,0,2026-06-06 04:49:14.116271+00:00
1211,000002,2026-02-28,497968,-3.0900,"[{'name': '惠州国际经济技术合作公司贸易部', 'rank': 27, 'ratio': 0.000258350455, 'change': '', 'shares': 9612}, {'name': '惠州国际经济技术合作公司贸易部', 'rank': 27, 'ratio': 0.0003, 'change': '新进', 'shares': 9612}, {'name': '中信证券股份有限公司', 'rank': 26, 'ratio': 0.000352450012, 'change': '', 'shares': 13113}, {'name': '中信证券股份有限公司', 'rank': 26, 'ratio': 0.000384430458, 'change': '新进', 'shares': 13113}, {'name': '新能源蛇口有限公司', 'rank': 25, 'ratio': 0.001034369425, 'change': '', 'shares': 38484}, {'name': '新能源蛇口有限公司', 'rank': 25, 'ratio': 0.0011, 'change': '新进', 'shares': 38484}, {'name': '上海万丰资产管理有限公司', 'rank': 24, 'ratio': 0.00517319102, 'change': '', 'shares': 192470}, {'name': '上海万丰资产管理有限公司', 'rank': 24, 'ratio': 0.005642593628, 'change': '新进', 'shares': 192470}, {'name': '国营华北光学仪器厂', 'rank': 23, 'ratio': 0.008794666635, 'change': '', 'shares': 327208}, {'name': '国营华北光学仪器厂', 'rank': 23, 'ratio': 0.0096, 'change': '新进', 'shares': 327208}]",[],0.0000,0,2026-06-06 04:49:14.116271+00:00
1212,000002,2025-12-31,513863,4.1900,"[{'name': '惠州国际经济技术合作公司贸易部', 'rank': 27, 'ratio': 0.000258350455, 'change': '', 'shares': 9612}, {'name': '惠州国际经济技术合作公司贸易部', 'rank': 27, 'ratio': 0.0003, 'change': '新进', 'shares': 9612}, {'name': '中信证券股份有限公司', 'rank': 26, 'ratio': 0.000352450012, 'change': '', 'shares': 13113}, {'name': '中信证券股份有限公司', 'rank': 26, 'ratio': 0.000384430458, 'change': '新进', 'shares': 13113}, {'name': '新能源蛇口有限公司', 'rank': 25, 'ratio': 0.001034369425, 'change': '', 'shares': 38484}, {'name': '新能源蛇口有限公司', 'rank': 25, 'ratio': 0.0011, 'change': '新进', 'shares': 38484}, {'name': '上海万丰资产管理有限公司', 'rank': 24, 'ratio': 0.00517319102, 'change': '', 'shares': 192470}, {'name': '上海万丰资产管理有限公司', 'rank': 24, 'ratio': 0.005642593628, 'change': '新进', 'shares': 192470}, {'name': '国营华北光学仪器厂', 'rank': 23, 'ratio': 0.008794666635, 'change': '', 'shares': 327208}, {'name': '国营华北光学仪器厂', 'rank': 23, 'ratio': 0.0096, 'change': '新进', 'shares': 327208}]",[],0.0000,0,2026-06-06 04:49:14.116271+00:00
1213,000002,2025-09-30,493176,-5.5300,"[{'name': '惠州国际经济技术合作公司贸易部', 'rank': 27, 'ratio': 0.000258350455, 'change': '', 'shares': 9612}, {'name': '惠州国际经济技术合作公司贸易部', 'rank': 27, 'ratio': 0.0003, 'change': '新进', 'shares': 9612}, {'name': '中信证券股份有限公司', 'rank': 26, 'ratio': 0.000352450012, 'change': '', 'shares': 13113}, {'name': '中信证券股份有限公司', 'rank': 26, 'ratio': 0.000384430458, 'change': '新进', 'shares': 13113}, {'name': '新能源蛇口有限公司', 'rank': 25, 'ratio': 0.001034369425, 'change': '', 'shares': 38484}, {'name': '新能源蛇口有限公司', 'rank': 25, 'ratio': 0.0011, 'change': '新进', 'shares': 38484}, {'name': '上海万丰资产管理有限公司', 'rank': 24, 'ratio': 0.00517319102, 'change': '', 'shares': 192470}, {'name': '上海万丰资产管理有限公司', 'rank': 24, 'ratio': 0.005642593628, 'change': '新进', 'shares': 192470}, {'name': '国营华北光学仪器厂', 'rank': 23, 'ratio': 0.008794666635, 'change': '', 'shares': 327208}, {'name': '国营华北光学仪器厂', 'rank': 23, 'ratio': 0.0096, 'change': '新进', 'shares': 327208}]",[],0.0000,0,2026-06-06 04:49:14.116271+00:00
1214,000002,2025-07-31,522030,-2.5200,"[{'name': '惠州国际经济技术合作公司贸易部', 'rank': 27, 'ratio': 0.000258350455, 'change': '', 'shares': 9612}, {'name': '惠州国际经济技术合作公司贸易部', 'rank': 27, 'ratio': 0.0003, 'change': '新进', 'shares': 9612}, {'name': '中信证券股份有限公司', 'rank': 26, 'ratio': 0.000352450012, 'change': '', 'shares': 13113}, {'name': '中信证券股份有限公司', 'rank': 26, 'ratio': 0.000384430458, 'change': '新进', 'shares': 13113}, {'name': '新能源蛇口有限公司', 'rank': 25, 'ratio': 0.001034369425, 'change': '', 'shares': 38484}, {'name': '新能源蛇口有限公司', 'rank': 25, 'ratio': 0.0011, 'change': '新进', 'shares': 38484}, {'name': '上海万丰资产管理有限公司', 'rank': 24, 'ratio': 0.00517319102, 'change': '', 'shares': 192470}, {'name': '上海万丰资产管理有限公司', 'rank': 24, 'ratio': 0.005642593628, 'change': '新进', 'shares': 192470}, {'name': '国营华北光学仪器厂', 'rank': 23, 'ratio': 0.008794666635, 'change': '', 'shares': 327208}, {'name': '国营华北光学仪器厂', 'rank': 23, 'ratio': 0.0096, 'change': '新进', 'shares': 327208}]",[],0.0000,0,2026-06-06 04:49:14.116271+00:00
1215,000002,2025-06-30,535537,-2.3800,"[{'name': '惠州国际经济技术合作公司贸易部', 'rank': 27, 'ratio': 0.000258350455, 'change': '', 'shares': 9612}, {'name': '惠州国际经济技术合作公司贸易部', 'rank': 27, 'ratio': 0.0003, 'change': '新进', 'shares': 9612}, {'name': '中信证券股份有限公司', 'rank': 26, 'ratio': 0.000352450012, 'change': '', 'shares': 13113}, {'name': '中信证券股份有限公司', 'rank': 26, 'ratio': 0.000384430458, 'change': '新进', 'shares': 13113}, {'name': '新能源蛇口有限公司', 'rank': 25, 'ratio': 0.001034369425, 'change': '', 'shares': 38484}, {'name': '新能源蛇口有限公司', 'rank': 25, 'ratio': 0.0011, 'change': '新进', 'shares': 38484}, {'name': '上海万丰资产管理有限公司', 'rank': 24, 'ratio': 0.00517319102, 'change': '', 'shares': 192470}, {'name': '上海万丰资产管理有限公司', 'rank': 24, 'ratio': 0.005642593628, 'change': '新进', 'shares': 192470}, {'name': '国营华北光学仪器厂', 'rank': 23, 'ratio': 0.008794666635, 'change': '', 'shares': 327208}, {'name': '国营华北光学仪器厂', 'rank': 23, 'ratio': 0.0096, 'change': '新进', 'shares': 327208}]",[],0.0000,0,2026-06-06 04:49:14.116271+00:00
1216,000002,2025-03-31,548580,-4.0000,"[{'name': '惠州国际经济技术合作公司贸易部', 'rank': 27, 'ratio': 0.000258350455, 'change': '', 'shares': 9612}, {'name': '惠州国际经济技术合作公司贸易部', 'rank': 27, 'ratio': 0.0003, 'change': '新进', 'shares': 9612}, {'name': '中信证券股份有限公司', 'rank': 26, 'ratio': 0.000352450012, 'change': '', 'shares': 13113}, {'name': '中信证券股份有限公司', 'rank': 26, 'ratio': 0.000384430458, 'change': '新进', 'shares': 13113}, {'name': '新能源蛇口有限公司', 'rank': 25, 'ratio': 0.001034369425, 'change': '', 'shares': 38484}, {'name': '新能源蛇口有限公司', 'rank': 25, 'ratio': 0.0011, 'change': '新进', 'shares': 38484}, {'name': '上海万丰资产管理有限公司', 'rank': 24, 'ratio': 0.00517319102, 'change': '', 'shares': 192470}, {'name': '上海万丰资产管理有限公司', 'rank': 24, 'ratio': 0.005642593628, 'change': '新进', 'shares': 192470}, {'name': '国营华北光学仪器厂', 'rank': 23, 'ratio': 0.008794666635, 'change': '', 'shares': 327208}, {'name': '国营华北光学仪器厂', 'rank': 23, 'ratio': 0.0096, 'change': '新进', 'shares': 327208}]",[],0.0000,0,2026-06-06 04:49:14.116271+00:00
1217,000002,2025-02-28,571412,-0.2700,"[{'name': '惠州国际经济技术合作公司贸易部', 'rank': 27, 'ratio': 0.000258350455, 'change': '', 'shares': 9612}, {'name': '惠州国际经济技术合作公司贸易部', 'rank': 27, 'ratio': 0.0003, 'change': '新进', 'shares': 9612}, {'name': '中信证券股份有限公司', 'rank': 26, 'ratio': 0.000352450012, 'change': '', 'shares': 13113}, {'name': '中信证券股份有限公司', 'rank': 26, 'ratio': 0.000384430458, 'change': '新进', 'shares': 13113}, {'name': '新能源蛇口有限公司', 'rank': 25, 'ratio': 0.001034369425, 'change': '', 'shares': 38484}, {'name': '新能源蛇口有限公司', 'rank': 25, 'ratio': 0.0011, 'change': '新进', 'shares': 38484}, {'name': '上海万丰资产管理有限公司', 'rank': 24, 'ratio': 0.00517319102, 'change': '', 'shares': 192470}, {'name': '上海万丰资产管理有限公司', 'rank': 24, 'ratio': 0.005642593628, 'change': '新进', 'shares': 192470}, {'name': '国营华北光学仪器厂', 'rank': 23, 'ratio': 0.008794666635, 'change': '', 'shares': 327208}, {'name': '国营华北光学仪器厂', 'rank': 23, 'ratio': 0.0096, 'change': '新进', 'shares': 327208}]",[],0.0000,0,2026-06-06 04:49:14.116271+00:00
1218,000002,2024-12-31,572979,-8.6600,"[{'name': '惠州国际经济技术合作公司贸易部', 'rank': 27, 'ratio': 0.000258350455, 'change': '', 'shares': 9612}, {'name': '惠州国际经济技术合作公司贸易部', 'rank': 27, 'ratio': 0.0003, 'change': '新进', 'shares': 9612}, {'name': '中信证券股份有限公司', 'rank': 26, 'ratio': 0.000352450012, 'change': '', 'shares': 13113}, {'name': '中信证券股份有限公司', 'rank': 26, 'ratio': 0.000384430458, 'change': '新进', 'shares': 13113}, {'name': '新能源蛇口有限公司', 'rank': 25, 'ratio': 0.001034369425, 'change': '', 'shares': 38484}, {'name': '新能源蛇口有限公司', 'rank': 25, 'ratio': 0.0011, 'change': '新进', 'shares': 38484}, {'name': '上海万丰资产管理有限公司', 'rank': 24, 'ratio': 0.00517319102, 'change': '', 'shares': 192470}, {'name': '上海万丰资产管理有限公司', 'rank': 24, 'ratio': 0.005642593628, 'change': '新进', 'shares': 192470}, {'name': '国营华北光学仪器厂', 'rank': 23, 'ratio': 0.008794666635, 'change': '', 'shares': 327208}, {'name': '国营华北光学仪器厂', 'rank': 23, 'ratio': 0.0096, 'change': '新进', 'shares': 327208}]",[],0.0000,0,2026-06-06 04:49:14.116271+00:00
1219,000002,2024-09-30,627280,0.0000,"[{'name': '惠州国际经济技术合作公司贸易部', 'rank': 27, 'ratio': 0.000258350455, 'change': '', 'shares': 9612}, {'name': '惠州国际经济技术合作公司贸易部', 'rank': 27, 'ratio': 0.0003, 'change': '新进', 'shares': 9612}, {'name': '中信证券股份有限公司', 'rank': 26, 'ratio': 0.000352450012, 'change': '', 'shares': 13113}, {'name': '中信证券股份有限公司', 'rank': 26, 'ratio': 0.000384430458, 'change': '新进', 'shares': 13113}, {'name': '新能源蛇口有限公司', 'rank': 25, 'ratio': 0.001034369425, 'change': '', 'shares': 38484}, {'name': '新能源蛇口有限公司', 'rank': 25, 'ratio': 0.0011, 'change': '新进', 'shares': 38484}, {'name': '上海万丰资产管理有限公司', 'rank': 24, 'ratio': 0.00517319102, 'change': '', 'shares': 192470}, {'name': '上海万丰资产管理有限公司', 'rank': 24, 'ratio': 0.005642593628, 'change': '新进', 'shares': 192470}, {'name': '国营华北光学仪器厂', 'rank': 23, 'ratio': 0.008794666635, 'change': '', 'shares': 327208}, {'name': '国营华北光学仪器厂', 'rank': 23, 'ratio': 0.0096, 'change': '新进', 'shares': 327208}]",[],0.0000,0,2026-06-06 04:49:14.116271+00:00
1220,000004,2026-04-20,17588,1.8200,"[{'name': '上海渝华电话工程有限公司', 'rank': 12, 'ratio': 0.0357, 'change': '新进', 'shares': 30000}, {'name': '深圳南山建设开发实业公司', 'rank': 11, 'ratio': 0.0589, 'change': '新进', 'shares': 49500}, {'name': '广东证券', 'rank': 10, 'ratio': 0.37553787209, 'change': '新进', 'shares': 191130}, {'name': '上海亨伟视听设备有限公司', 'rank': 10, 'ratio': 0.0595, 'change': '新进', 'shares': 50000}, {'name': '哈尔滨冠凯经贸有限公司', 'rank': 10, 'ratio': 0.0595, 'change': '新进', 'shares': 50000}, {'name': '北京市金王朝汽车配件有限责任公司', 'rank': 10, 'ratio': 0.0595, 'change': '新进', 'shares': 50000}, {'name': '郑州众合网安信息科技有限公司', 'rank': 10, 'ratio': 0.34, 'change': '新进', 'shares': 450337}, {'name': '中国建设银行股份有限公司-中银证券保本1号混合型证券投资基金', 'rank': 10, 'ratio': 1.08, 'change': '新进', 'shares': 910958}, {'name': '联通创新互联成都股权投资基金合伙企业(有限合伙)', 'rank': 10, 'ratio': 1.03, 'change': '', 'shares': 1700000}, {'name': '中国移动通信集团公司', 'rank': 10, 'ratio': 0.98, 'change': '新进', 'shares': 824478}]",[],0.0000,0,2026-06-06 04:49:14.116271+00:00
1221,000004,2026-04-10,17273,2.6200,"[{'name': '上海渝华电话工程有限公司', 'rank': 12, 'ratio': 0.0357, 'change': '新进', 'shares': 30000}, {'name': '深圳南山建设开发实业公司', 'rank': 11, 'ratio': 0.0589, 'change': '新进', 'shares': 49500}, {'name': '广东证券', 'rank': 10, 'ratio': 0.37553787209, 'change': '新进', 'shares': 191130}, {'name': '上海亨伟视听设备有限公司', 'rank': 10, 'ratio': 0.0595, 'change': '新进', 'shares': 50000}, {'name': '哈尔滨冠凯经贸有限公司', 'rank': 10, 'ratio': 0.0595, 'change': '新进', 'shares': 50000}, {'name': '北京市金王朝汽车配件有限责任公司', 'rank': 10, 'ratio': 0.0595, 'change': '新进', 'shares': 50000}, {'name': '郑州众合网安信息科技有限公司', 'rank': 10, 'ratio': 0.34, 'change': '新进', 'shares': 450337}, {'name': '中国建设银行股份有限公司-中银证券保本1号混合型证券投资基金', 'rank': 10, 'ratio': 1.08, 'change': '新进', 'shares': 910958}, {'name': '联通创新互联成都股权投资基金合伙企业(有限合伙)', 'rank': 10, 'ratio': 1.03, 'change': '', 'shares': 1700000}, {'name': '中国移动通信集团公司', 'rank': 10, 'ratio': 0.98, 'change': '新进', 'shares': 824478}]",[],0.0000,0,2026-06-06 04:49:14.116271+00:00
1222,000004,2026-03-31,16832,-10.0200,"[{'name': '上海渝华电话工程有限公司', 'rank': 12, 'ratio': 0.0357, 'change': '新进', 'shares': 30000}, {'name': '深圳南山建设开发实业公司', 'rank': 11, 'ratio': 0.0589, 'change': '新进', 'shares': 49500}, {'name': '广东证券', 'rank': 10, 'ratio': 0.37553787209, 'change': '新进', 'shares': 191130}, {'name': '上海亨伟视听设备有限公司', 'rank': 10, 'ratio': 0.0595, 'change': '新进', 'shares': 50000}, {'name': '哈尔滨冠凯经贸有限公司', 'rank': 10, 'ratio': 0.0595, 'change': '新进', 'shares': 50000}, {'name': '北京市金王朝汽车配件有限责任公司', 'rank': 10, 'ratio': 0.0595, 'change': '新进', 'shares': 50000}, {'name': '郑州众合网安信息科技有限公司', 'rank': 10, 'ratio': 0.34, 'change': '新进', 'shares': 450337}, {'name': '中国建设银行股份有限公司-中银证券保本1号混合型证券投资基金', 'rank': 10, 'ratio': 1.08, 'change': '新进', 'shares': 910958}, {'name': '联通创新互联成都股权投资基金合伙企业(有限合伙)', 'rank': 10, 'ratio': 1.03, 'change': '', 'shares': 1700000}, {'name': '中国移动通信集团公司', 'rank': 10, 'ratio': 0.98, 'change': '新进', 'shares': 824478}]",[],0.0000,0,2026-06-06 04:49:14.116271+00:00
1223,000004,2026-03-20,18706,8.5500,"[{'name': '上海渝华电话工程有限公司', 'rank': 12, 'ratio': 0.0357, 'change': '新进', 'shares': 30000}, {'name': '深圳南山建设开发实业公司', 'rank': 11, 'ratio': 0.0589, 'change': '新进', 'shares': 49500}, {'name': '广东证券', 'rank': 10, 'ratio': 0.37553787209, 'change': '新进', 'shares': 191130}, {'name': '上海亨伟视听设备有限公司', 'rank': 10, 'ratio': 0.0595, 'change': '新进', 'shares': 50000}, {'name': '哈尔滨冠凯经贸有限公司', 'rank': 10, 'ratio': 0.0595, 'change': '新进', 'shares': 50000}, {'name': '北京市金王朝汽车配件有限责任公司', 'rank': 10, 'ratio': 0.0595, 'change': '新进', 'shares': 50000}, {'name': '郑州众合网安信息科技有限公司', 'rank': 10, 'ratio': 0.34, 'change': '新进', 'shares': 450337}, {'name': '中国建设银行股份有限公司-中银证券保本1号混合型证券投资基金', 'rank': 10, 'ratio': 1.08, 'change': '新进', 'shares': 910958}, {'name': '联通创新互联成都股权投资基金合伙企业(有限合伙)', 'rank': 10, 'ratio': 1.03, 'change': '', 'shares': 1700000}, {'name': '中国移动通信集团公司', 'rank': 10, 'ratio': 0.98, 'change': '新进', 'shares': 824478}]",[],0.0000,0,2026-06-06 04:49:14.116271+00:00
1224,000004,2026-03-10,17232,-3.8800,"[{'name': '上海渝华电话工程有限公司', 'rank': 12, 'ratio': 0.0357, 'change': '新进', 'shares': 30000}, {'name': '深圳南山建设开发实业公司', 'rank': 11, 'ratio': 0.0589, 'change': '新进', 'shares': 49500}, {'name': '广东证券', 'rank': 10, 'ratio': 0.37553787209, 'change': '新进', 'shares': 191130}, {'name': '上海亨伟视听设备有限公司', 'rank': 10, 'ratio': 0.0595, 'change': '新进', 'shares': 50000}, {'name': '哈尔滨冠凯经贸有限公司', 'rank': 10, 'ratio': 0.0595, 'change': '新进', 'shares': 50000}, {'name': '北京市金王朝汽车配件有限责任公司', 'rank': 10, 'ratio': 0.0595, 'change': '新进', 'shares': 50000}, {'name': '郑州众合网安信息科技有限公司', 'rank': 10, 'ratio': 0.34, 'change': '新进', 'shares': 450337}, {'name': '中国建设银行股份有限公司-中银证券保本1号混合型证券投资基金', 'rank': 10, 'ratio': 1.08, 'change': '新进', 'shares': 910958}, {'name': '联通创新互联成都股权投资基金合伙企业(有限合伙)', 'rank': 10, 'ratio': 1.03, 'change': '', 'shares': 1700000}, {'name': '中国移动通信集团公司', 'rank': 10, 'ratio': 0.98, 'change': '新进', 'shares': 824478}]",[],0.0000,0,2026-06-06 04:49:14.116271+00:00
1225,000004,2026-02-27,17927,5.3400,"[{'name': '上海渝华电话工程有限公司', 'rank': 12, 'ratio': 0.0357, 'change': '新进', 'shares': 30000}, {'name': '深圳南山建设开发实业公司', 'rank': 11, 'ratio': 0.0589, 'change': '新进', 'shares': 49500}, {'name': '广东证券', 'rank': 10, 'ratio': 0.37553787209, 'change': '新进', 'shares': 191130}, {'name': '上海亨伟视听设备有限公司', 'rank': 10, 'ratio': 0.0595, 'change': '新进', 'shares': 50000}, {'name': '哈尔滨冠凯经贸有限公司', 'rank': 10, 'ratio': 0.0595, 'change': '新进', 'shares': 50000}, {'name': '北京市金王朝汽车配件有限责任公司', 'rank': 10, 'ratio': 0.0595, 'change': '新进', 'shares': 50000}, {'name': '郑州众合网安信息科技有限公司', 'rank': 10, 'ratio': 0.34, 'change': '新进', 'shares': 450337}, {'name': '中国建设银行股份有限公司-中银证券保本1号混合型证券投资基金', 'rank': 10, 'ratio': 1.08, 'change': '新进', 'shares': 910958}, {'name': '联通创新互联成都股权投资基金合伙企业(有限合伙)', 'rank': 10, 'ratio': 1.03, 'change': '', 'shares': 1700000}, {'name': '中国移动通信集团公司', 'rank': 10, 'ratio': 0.98, 'change': '新进', 'shares': 824478}]",[],0.0000,0,2026-06-06 04:49:14.116271+00:00
1226,000004,2026-02-13,17019,11.7000,"[{'name': '上海渝华电话工程有限公司', 'rank': 12, 'ratio': 0.0357, 'change': '新进', 'shares': 30000}, {'name': '深圳南山建设开发实业公司', 'rank': 11, 'ratio': 0.0589, 'change': '新进', 'shares': 49500}, {'name': '广东证券', 'rank': 10, 'ratio': 0.37553787209, 'change': '新进', 'shares': 191130}, {'name': '上海亨伟视听设备有限公司', 'rank': 10, 'ratio': 0.0595, 'change': '新进', 'shares': 50000}, {'name': '哈尔滨冠凯经贸有限公司', 'rank': 10, 'ratio': 0.0595, 'change': '新进', 'shares': 50000}, {'name': '北京市金王朝汽车配件有限责任公司', 'rank': 10, 'ratio': 0.0595, 'change': '新进', 'shares': 50000}, {'name': '郑州众合网安信息科技有限公司', 'rank': 10, 'ratio': 0.34, 'change': '新进', 'shares': 450337}, {'name': '中国建设银行股份有限公司-中银证券保本1号混合型证券投资基金', 'rank': 10, 'ratio': 1.08, 'change': '新进', 'shares': 910958}, {'name': '联通创新互联成都股权投资基金合伙企业(有限合伙)', 'rank': 10, 'ratio': 1.03, 'change': '', 'shares': 1700000}, {'name': '中国移动通信集团公司', 'rank': 10, 'ratio': 0.98, 'change': '新进', 'shares': 824478}]",[],0.0000,0,2026-06-06 04:49:14.116271+00:00
1227,000004,2026-01-31,15236,-6.1400,"[{'name': '上海渝华电话工程有限公司', 'rank': 12, 'ratio': 0.0357, 'change': '新进', 'shares': 30000}, {'name': '深圳南山建设开发实业公司', 'rank': 11, 'ratio': 0.0589, 'change': '新进', 'shares': 49500}, {'name': '广东证券', 'rank': 10, 'ratio': 0.37553787209, 'change': '新进', 'shares': 191130}, {'name': '上海亨伟视听设备有限公司', 'rank': 10, 'ratio': 0.0595, 'change': '新进', 'shares': 50000}, {'name': '哈尔滨冠凯经贸有限公司', 'rank': 10, 'ratio': 0.0595, 'change': '新进', 'shares': 50000}, {'name': '北京市金王朝汽车配件有限责任公司', 'rank': 10, 'ratio': 0.0595, 'change': '新进', 'shares': 50000}, {'name': '郑州众合网安信息科技有限公司', 'rank': 10, 'ratio': 0.34, 'change': '新进', 'shares': 450337}, {'name': '中国建设银行股份有限公司-中银证券保本1号混合型证券投资基金', 'rank': 10, 'ratio': 1.08, 'change': '新进', 'shares': 910958}, {'name': '联通创新互联成都股权投资基金合伙企业(有限合伙)', 'rank': 10, 'ratio': 1.03, 'change': '', 'shares': 1700000}, {'name': '中国移动通信集团公司', 'rank': 10, 'ratio': 0.98, 'change': '新进', 'shares': 824478}]",[],0.0000,0,2026-06-06 04:49:14.116271+00:00
1228,000004,2026-01-20,16233,-2.2300,"[{'name': '上海渝华电话工程有限公司', 'rank': 12, 'ratio': 0.0357, 'change': '新进', 'shares': 30000}, {'name': '深圳南山建设开发实业公司', 'rank': 11, 'ratio': 0.0589, 'change': '新进', 'shares': 49500}, {'name': '广东证券', 'rank': 10, 'ratio': 0.37553787209, 'change': '新进', 'shares': 191130}, {'name': '上海亨伟视听设备有限公司', 'rank': 10, 'ratio': 0.0595, 'change': '新进', 'shares': 50000}, {'name': '哈尔滨冠凯经贸有限公司', 'rank': 10, 'ratio': 0.0595, 'change': '新进', 'shares': 50000}, {'name': '北京市金王朝汽车配件有限责任公司', 'rank': 10, 'ratio': 0.0595, 'change': '新进', 'shares': 50000}, {'name': '郑州众合网安信息科技有限公司', 'rank': 10, 'ratio': 0.34, 'change': '新进', 'shares': 450337}, {'name': '中国建设银行股份有限公司-中银证券保本1号混合型证券投资基金', 'rank': 10, 'ratio': 1.08, 'change': '新进', 'shares': 910958}, {'name': '联通创新互联成都股权投资基金合伙企业(有限合伙)', 'rank': 10, 'ratio': 1.03, 'change': '', 'shares': 1700000}, {'name': '中国移动通信集团公司', 'rank': 10, 'ratio': 0.98, 'change': '新进', 'shares': 824478}]",[],0.0000,0,2026-06-06 04:49:14.116271+00:00
1229,000004,2026-01-09,16604,0.0000,"[{'name': '上海渝华电话工程有限公司', 'rank': 12, 'ratio': 0.0357, 'change': '新进', 'shares': 30000}, {'name': '深圳南山建设开发实业公司', 'rank': 11, 'ratio': 0.0589, 'change': '新进', 'shares': 49500}, {'name': '广东证券', 'rank': 10, 'ratio': 0.37553787209, 'change': '新进', 'shares': 191130}, {'name': '上海亨伟视听设备有限公司', 'rank': 10, 'ratio': 0.0595, 'change': '新进', 'shares': 50000}, {'name': '哈尔滨冠凯经贸有限公司', 'rank': 10, 'ratio': 0.0595, 'change': '新进', 'shares': 50000}, {'name': '北京市金王朝汽车配件有限责任公司', 'rank': 10, 'ratio': 0.0595, 'change': '新进', 'shares': 50000}, {'name': '郑州众合网安信息科技有限公司', 'rank': 10, 'ratio': 0.34, 'change': '新进', 'shares': 450337}, {'name': '中国建设银行股份有限公司-中银证券保本1号混合型证券投资基金', 'rank': 10, 'ratio': 1.08, 'change': '新进', 'shares': 910958}, {'name': '联通创新互联成都股权投资基金合伙企业(有限合伙)', 'rank': 10, 'ratio': 1.03, 'change': '', 'shares': 1700000}, {'name': '中国移动通信集团公司', 'rank': 10, 'ratio': 0.98, 'change': '新进', 'shares': 824478}]",[],0.0000,0,2026-06-06 04:49:14.116271+00:00
1230,000006,2026-03-31,60447,-5.4300,"[{'name': '安徽省粮食集团公司', 'rank': 13, 'ratio': 0.1024, 'change': '新进', 'shares': 259730}, {'name': '中国农业银行股份有限公司-中证500交易型开放式指数证券投资基金', 'rank': 10, 'ratio': 0.32, 'change': '新进', 'shares': 4265554}, {'name': '中国农业银行-景顺长城内需增长开放式证券投资基金', 'rank': 10, 'ratio': 0.71, 'change': '新进', 'shares': 9546185}, {'name': '南方基金-建设银行-中国人寿-中国人寿委托南方基金混合型组合', 'rank': 10, 'ratio': 0.32, 'change': '', 'shares': 4302904}, {'name': '中国农业银行股份有限公司-中证500交易型开放式指数证券投资基金', 'rank': 10, 'ratio': 0.33, 'change': '新进', 'shares': 4417486}, {'name': '中国工商银行-诺安股票证券投资基金', 'rank': 10, 'ratio': 0.467851927816, 'change': '新进', 'shares': 4627090}, {'name': '香港中央结算有限公司', 'rank': 10, 'ratio': 0.42, 'change': '', 'shares': 5691555}, {'name': '南方基金-建设银行-中国人寿-中国人寿委托南方基金混合型组合', 'rank': 10, 'ratio': 0.32, 'change': '新进', 'shares': 4302904}, {'name': '南方基金-建设银行-中国人寿-中国人寿委托南方基金混合型组合', 'rank': 10, 'ratio': 0.32, 'change': '', 'shares': 4302904}, {'name': '华厦证券', 'rank': 10, 'ratio': 0.2602, 'change': '新进', 'shares': 600000}]",[],0.0000,0,2026-06-06 04:49:14.116271+00:00
1231,000006,2025-12-31,63921,13.2000,"[{'name': '安徽省粮食集团公司', 'rank': 13, 'ratio': 0.1024, 'change': '新进', 'shares': 259730}, {'name': '中国农业银行股份有限公司-中证500交易型开放式指数证券投资基金', 'rank': 10, 'ratio': 0.32, 'change': '新进', 'shares': 4265554}, {'name': '中国农业银行-景顺长城内需增长开放式证券投资基金', 'rank': 10, 'ratio': 0.71, 'change': '新进', 'shares': 9546185}, {'name': '南方基金-建设银行-中国人寿-中国人寿委托南方基金混合型组合', 'rank': 10, 'ratio': 0.32, 'change': '', 'shares': 4302904}, {'name': '中国农业银行股份有限公司-中证500交易型开放式指数证券投资基金', 'rank': 10, 'ratio': 0.33, 'change': '新进', 'shares': 4417486}, {'name': '中国工商银行-诺安股票证券投资基金', 'rank': 10, 'ratio': 0.467851927816, 'change': '新进', 'shares': 4627090}, {'name': '香港中央结算有限公司', 'rank': 10, 'ratio': 0.42, 'change': '', 'shares': 5691555}, {'name': '南方基金-建设银行-中国人寿-中国人寿委托南方基金混合型组合', 'rank': 10, 'ratio': 0.32, 'change': '新进', 'shares': 4302904}, {'name': '南方基金-建设银行-中国人寿-中国人寿委托南方基金混合型组合', 'rank': 10, 'ratio': 0.32, 'change': '', 'shares': 4302904}, {'name': '华厦证券', 'rank': 10, 'ratio': 0.2602, 'change': '新进', 'shares': 600000}]",[],0.0000,0,2026-06-06 04:49:14.116271+00:00
1232,000006,2025-09-30,56467,-5.2500,"[{'name': '安徽省粮食集团公司', 'rank': 13, 'ratio': 0.1024, 'change': '新进', 'shares': 259730}, {'name': '中国农业银行股份有限公司-中证500交易型开放式指数证券投资基金', 'rank': 10, 'ratio': 0.32, 'change': '新进', 'shares': 4265554}, {'name': '中国农业银行-景顺长城内需增长开放式证券投资基金', 'rank': 10, 'ratio': 0.71, 'change': '新进', 'shares': 9546185}, {'name': '南方基金-建设银行-中国人寿-中国人寿委托南方基金混合型组合', 'rank': 10, 'ratio': 0.32, 'change': '', 'shares': 4302904}, {'name': '中国农业银行股份有限公司-中证500交易型开放式指数证券投资基金', 'rank': 10, 'ratio': 0.33, 'change': '新进', 'shares': 4417486}, {'name': '中国工商银行-诺安股票证券投资基金', 'rank': 10, 'ratio': 0.467851927816, 'change': '新进', 'shares': 4627090}, {'name': '香港中央结算有限公司', 'rank': 10, 'ratio': 0.42, 'change': '', 'shares': 5691555}, {'name': '南方基金-建设银行-中国人寿-中国人寿委托南方基金混合型组合', 'rank': 10, 'ratio': 0.32, 'change': '新进', 'shares': 4302904}, {'name': '南方基金-建设银行-中国人寿-中国人寿委托南方基金混合型组合', 'rank': 10, 'ratio': 0.32, 'change': '', 'shares': 4302904}, {'name': '华厦证券', 'rank': 10, 'ratio': 0.2602, 'change': '新进', 'shares': 600000}]",[],0.0000,0,2026-06-06 04:49:14.116271+00:00
1233,000006,2025-06-30,59596,-19.9000,"[{'name': '安徽省粮食集团公司', 'rank': 13, 'ratio': 0.1024, 'change': '新进', 'shares': 259730}, {'name': '中国农业银行股份有限公司-中证500交易型开放式指数证券投资基金', 'rank': 10, 'ratio': 0.32, 'change': '新进', 'shares': 4265554}, {'name': '中国农业银行-景顺长城内需增长开放式证券投资基金', 'rank': 10, 'ratio': 0.71, 'change': '新进', 'shares': 9546185}, {'name': '南方基金-建设银行-中国人寿-中国人寿委托南方基金混合型组合', 'rank': 10, 'ratio': 0.32, 'change': '', 'shares': 4302904}, {'name': '中国农业银行股份有限公司-中证500交易型开放式指数证券投资基金', 'rank': 10, 'ratio': 0.33, 'change': '新进', 'shares': 4417486}, {'name': '中国工商银行-诺安股票证券投资基金', 'rank': 10, 'ratio': 0.467851927816, 'change': '新进', 'shares': 4627090}, {'name': '香港中央结算有限公司', 'rank': 10, 'ratio': 0.42, 'change': '', 'shares': 5691555}, {'name': '南方基金-建设银行-中国人寿-中国人寿委托南方基金混合型组合', 'rank': 10, 'ratio': 0.32, 'change': '新进', 'shares': 4302904}, {'name': '南方基金-建设银行-中国人寿-中国人寿委托南方基金混合型组合', 'rank': 10, 'ratio': 0.32, 'change': '', 'shares': 4302904}, {'name': '华厦证券', 'rank': 10, 'ratio': 0.2602, 'change': '新进', 'shares': 600000}]",[],0.0000,0,2026-06-06 04:49:14.116271+00:00
1234,000006,2025-03-31,74404,21.3500,"[{'name': '安徽省粮食集团公司', 'rank': 13, 'ratio': 0.1024, 'change': '新进', 'shares': 259730}, {'name': '中国农业银行股份有限公司-中证500交易型开放式指数证券投资基金', 'rank': 10, 'ratio': 0.32, 'change': '新进', 'shares': 4265554}, {'name': '中国农业银行-景顺长城内需增长开放式证券投资基金', 'rank': 10, 'ratio': 0.71, 'change': '新进', 'shares': 9546185}, {'name': '南方基金-建设银行-中国人寿-中国人寿委托南方基金混合型组合', 'rank': 10, 'ratio': 0.32, 'change': '', 'shares': 4302904}, {'name': '中国农业银行股份有限公司-中证500交易型开放式指数证券投资基金', 'rank': 10, 'ratio': 0.33, 'change': '新进', 'shares': 4417486}, {'name': '中国工商银行-诺安股票证券投资基金', 'rank': 10, 'ratio': 0.467851927816, 'change': '新进', 'shares': 4627090}, {'name': '香港中央结算有限公司', 'rank': 10, 'ratio': 0.42, 'change': '', 'shares': 5691555}, {'name': '南方基金-建设银行-中国人寿-中国人寿委托南方基金混合型组合', 'rank': 10, 'ratio': 0.32, 'change': '新进', 'shares': 4302904}, {'name': '南方基金-建设银行-中国人寿-中国人寿委托南方基金混合型组合', 'rank': 10, 'ratio': 0.32, 'change': '', 'shares': 4302904}, {'name': '华厦证券', 'rank': 10, 'ratio': 0.2602, 'change': '新进', 'shares': 600000}]",[],0.0000,0,2026-06-06 04:49:14.116271+00:00
1235,000006,2024-12-31,61314,-10.5800,"[{'name': '安徽省粮食集团公司', 'rank': 13, 'ratio': 0.1024, 'change': '新进', 'shares': 259730}, {'name': '中国农业银行股份有限公司-中证500交易型开放式指数证券投资基金', 'rank': 10, 'ratio': 0.32, 'change': '新进', 'shares': 4265554}, {'name': '中国农业银行-景顺长城内需增长开放式证券投资基金', 'rank': 10, 'ratio': 0.71, 'change': '新进', 'shares': 9546185}, {'name': '南方基金-建设银行-中国人寿-中国人寿委托南方基金混合型组合', 'rank': 10, 'ratio': 0.32, 'change': '', 'shares': 4302904}, {'name': '中国农业银行股份有限公司-中证500交易型开放式指数证券投资基金', 'rank': 10, 'ratio': 0.33, 'change': '新进', 'shares': 4417486}, {'name': '中国工商银行-诺安股票证券投资基金', 'rank': 10, 'ratio': 0.467851927816, 'change': '新进', 'shares': 4627090}, {'name': '香港中央结算有限公司', 'rank': 10, 'ratio': 0.42, 'change': '', 'shares': 5691555}, {'name': '南方基金-建设银行-中国人寿-中国人寿委托南方基金混合型组合', 'rank': 10, 'ratio': 0.32, 'change': '新进', 'shares': 4302904}, {'name': '南方基金-建设银行-中国人寿-中国人寿委托南方基金混合型组合', 'rank': 10, 'ratio': 0.32, 'change': '', 'shares': 4302904}, {'name': '华厦证券', 'rank': 10, 'ratio': 0.2602, 'change': '新进', 'shares': 600000}]",[],0.0000,0,2026-06-06 04:49:14.116271+00:00
1236,000006,2024-09-30,68571,13.8700,"[{'name': '安徽省粮食集团公司', 'rank': 13, 'ratio': 0.1024, 'change': '新进', 'shares': 259730}, {'name': '中国农业银行股份有限公司-中证500交易型开放式指数证券投资基金', 'rank': 10, 'ratio': 0.32, 'change': '新进', 'shares': 4265554}, {'name': '中国农业银行-景顺长城内需增长开放式证券投资基金', 'rank': 10, 'ratio': 0.71, 'change': '新进', 'shares': 9546185}, {'name': '南方基金-建设银行-中国人寿-中国人寿委托南方基金混合型组合', 'rank': 10, 'ratio': 0.32, 'change': '', 'shares': 4302904}, {'name': '中国农业银行股份有限公司-中证500交易型开放式指数证券投资基金', 'rank': 10, 'ratio': 0.33, 'change': '新进', 'shares': 4417486}, {'name': '中国工商银行-诺安股票证券投资基金', 'rank': 10, 'ratio': 0.467851927816, 'change': '新进', 'shares': 4627090}, {'name': '香港中央结算有限公司', 'rank': 10, 'ratio': 0.42, 'change': '', 'shares': 5691555}, {'name': '南方基金-建设银行-中国人寿-中国人寿委托南方基金混合型组合', 'rank': 10, 'ratio': 0.32, 'change': '新进', 'shares': 4302904}, {'name': '南方基金-建设银行-中国人寿-中国人寿委托南方基金混合型组合', 'rank': 10, 'ratio': 0.32, 'change': '', 'shares': 4302904}, {'name': '华厦证券', 'rank': 10, 'ratio': 0.2602, 'change': '新进', 'shares': 600000}]",[],0.0000,0,2026-06-06 04:49:14.116271+00:00
1237,000006,2024-06-30,60217,-4.9000,"[{'name': '安徽省粮食集团公司', 'rank': 13, 'ratio': 0.1024, 'change': '新进', 'shares': 259730}, {'name': '中国农业银行股份有限公司-中证500交易型开放式指数证券投资基金', 'rank': 10, 'ratio': 0.32, 'change': '新进', 'shares': 4265554}, {'name': '中国农业银行-景顺长城内需增长开放式证券投资基金', 'rank': 10, 'ratio': 0.71, 'change': '新进', 'shares': 9546185}, {'name': '南方基金-建设银行-中国人寿-中国人寿委托南方基金混合型组合', 'rank': 10, 'ratio': 0.32, 'change': '', 'shares': 4302904}, {'name': '中国农业银行股份有限公司-中证500交易型开放式指数证券投资基金', 'rank': 10, 'ratio': 0.33, 'change': '新进', 'shares': 4417486}, {'name': '中国工商银行-诺安股票证券投资基金', 'rank': 10, 'ratio': 0.467851927816, 'change': '新进', 'shares': 4627090}, {'name': '香港中央结算有限公司', 'rank': 10, 'ratio': 0.42, 'change': '', 'shares': 5691555}, {'name': '南方基金-建设银行-中国人寿-中国人寿委托南方基金混合型组合', 'rank': 10, 'ratio': 0.32, 'change': '新进', 'shares': 4302904}, {'name': '南方基金-建设银行-中国人寿-中国人寿委托南方基金混合型组合', 'rank': 10, 'ratio': 0.32, 'change': '', 'shares': 4302904}, {'name': '华厦证券', 'rank': 10, 'ratio': 0.2602, 'change': '新进', 'shares': 600000}]",[],0.0000,0,2026-06-06 04:49:14.116271+00:00
1238,000006,2024-03-31,63318,-5.7500,"[{'name': '安徽省粮食集团公司', 'rank': 13, 'ratio': 0.1024, 'change': '新进', 'shares': 259730}, {'name': '中国农业银行股份有限公司-中证500交易型开放式指数证券投资基金', 'rank': 10, 'ratio': 0.32, 'change': '新进', 'shares': 4265554}, {'name': '中国农业银行-景顺长城内需增长开放式证券投资基金', 'rank': 10, 'ratio': 0.71, 'change': '新进', 'shares': 9546185}, {'name': '南方基金-建设银行-中国人寿-中国人寿委托南方基金混合型组合', 'rank': 10, 'ratio': 0.32, 'change': '', 'shares': 4302904}, {'name': '中国农业银行股份有限公司-中证500交易型开放式指数证券投资基金', 'rank': 10, 'ratio': 0.33, 'change': '新进', 'shares': 4417486}, {'name': '中国工商银行-诺安股票证券投资基金', 'rank': 10, 'ratio': 0.467851927816, 'change': '新进', 'shares': 4627090}, {'name': '香港中央结算有限公司', 'rank': 10, 'ratio': 0.42, 'change': '', 'shares': 5691555}, {'name': '南方基金-建设银行-中国人寿-中国人寿委托南方基金混合型组合', 'rank': 10, 'ratio': 0.32, 'change': '新进', 'shares': 4302904}, {'name': '南方基金-建设银行-中国人寿-中国人寿委托南方基金混合型组合', 'rank': 10, 'ratio': 0.32, 'change': '', 'shares': 4302904}, {'name': '华厦证券', 'rank': 10, 'ratio': 0.2602, 'change': '新进', 'shares': 600000}]",[],0.0000,0,2026-06-06 04:49:14.116271+00:00
1239,000006,2023-12-31,67179,0.0000,"[{'name': '安徽省粮食集团公司', 'rank': 13, 'ratio': 0.1024, 'change': '新进', 'shares': 259730}, {'name': '中国农业银行股份有限公司-中证500交易型开放式指数证券投资基金', 'rank': 10, 'ratio': 0.32, 'change': '新进', 'shares': 4265554}, {'name': '中国农业银行-景顺长城内需增长开放式证券投资基金', 'rank': 10, 'ratio': 0.71, 'change': '新进', 'shares': 9546185}, {'name': '南方基金-建设银行-中国人寿-中国人寿委托南方基金混合型组合', 'rank': 10, 'ratio': 0.32, 'change': '', 'shares': 4302904}, {'name': '中国农业银行股份有限公司-中证500交易型开放式指数证券投资基金', 'rank': 10, 'ratio': 0.33, 'change': '新进', 'shares': 4417486}, {'name': '中国工商银行-诺安股票证券投资基金', 'rank': 10, 'ratio': 0.467851927816, 'change': '新进', 'shares': 4627090}, {'name': '香港中央结算有限公司', 'rank': 10, 'ratio': 0.42, 'change': '', 'shares': 5691555}, {'name': '南方基金-建设银行-中国人寿-中国人寿委托南方基金混合型组合', 'rank': 10, 'ratio': 0.32, 'change': '新进', 'shares': 4302904}, {'name': '南方基金-建设银行-中国人寿-中国人寿委托南方基金混合型组合', 'rank': 10, 'ratio': 0.32, 'change': '', 'shares': 4302904}, {'name': '华厦证券', 'rank': 10, 'ratio': 0.2602, 'change': '新进', 'shares': 600000}]",[],0.0000,0,2026-06-06 04:49:14.116271+00:00
1240,000007,2026-03-31,11658,-10.2700,"[{'name': '深圳市建筑机械动力公司', 'rank': 10, 'ratio': 0.0017, 'change': '', 'shares': 3143}, {'name': '国信证券股份有限公司', 'rank': 10, 'ratio': 1.37, 'change': '加仓', 'shares': 3174485}, {'name': '齐鲁证券有限公司', 'rank': 10, 'ratio': 1.01, 'change': '新进', 'shares': 2340585}, {'name': '上海申攀商贸有限公司', 'rank': 10, 'ratio': 0.348204778729, 'change': '', 'shares': 500000}, {'name': '北京电子城有限责任公司', 'rank': 10, 'ratio': 1.04, 'change': '', 'shares': 3615000}, {'name': '洛克化学(深圳)有限公司', 'rank': 10, 'ratio': 0.79, 'change': '新进', 'shares': 2721822}, {'name': '光大证券股份有限公司客户信用交易担保证券账户', 'rank': 10, 'ratio': 0.4256, 'change': '新进', 'shares': 983000}, {'name': '深圳红荔湾投资管理有限公司-红荔湾丰升水起6号私募证券投资基金', 'rank': 10, 'ratio': 0.63, 'change': '新进', 'shares': 2181700}, {'name': '北京电子城有限责任公司', 'rank': 10, 'ratio': 1.04, 'change': '', 'shares': 3615000}, {'name': '深圳市建筑机械动力公司', 'rank': 10, 'ratio': 0.002188815239, 'change': '新进', 'shares': 3143}]",[],0.0000,0,2026-06-06 04:49:14.116271+00:00
1241,000007,2025-12-31,12993,3.5200,"[{'name': '深圳市建筑机械动力公司', 'rank': 10, 'ratio': 0.0017, 'change': '', 'shares': 3143}, {'name': '国信证券股份有限公司', 'rank': 10, 'ratio': 1.37, 'change': '加仓', 'shares': 3174485}, {'name': '齐鲁证券有限公司', 'rank': 10, 'ratio': 1.01, 'change': '新进', 'shares': 2340585}, {'name': '上海申攀商贸有限公司', 'rank': 10, 'ratio': 0.348204778729, 'change': '', 'shares': 500000}, {'name': '北京电子城有限责任公司', 'rank': 10, 'ratio': 1.04, 'change': '', 'shares': 3615000}, {'name': '洛克化学(深圳)有限公司', 'rank': 10, 'ratio': 0.79, 'change': '新进', 'shares': 2721822}, {'name': '光大证券股份有限公司客户信用交易担保证券账户', 'rank': 10, 'ratio': 0.4256, 'change': '新进', 'shares': 983000}, {'name': '深圳红荔湾投资管理有限公司-红荔湾丰升水起6号私募证券投资基金', 'rank': 10, 'ratio': 0.63, 'change': '新进', 'shares': 2181700}, {'name': '北京电子城有限责任公司', 'rank': 10, 'ratio': 1.04, 'change': '', 'shares': 3615000}, {'name': '深圳市建筑机械动力公司', 'rank': 10, 'ratio': 0.002188815239, 'change': '新进', 'shares': 3143}]",[],0.0000,0,2026-06-06 04:49:14.116271+00:00
1242,000007,2025-09-30,12551,6.6400,"[{'name': '深圳市建筑机械动力公司', 'rank': 10, 'ratio': 0.0017, 'change': '', 'shares': 3143}, {'name': '国信证券股份有限公司', 'rank': 10, 'ratio': 1.37, 'change': '加仓', 'shares': 3174485}, {'name': '齐鲁证券有限公司', 'rank': 10, 'ratio': 1.01, 'change': '新进', 'shares': 2340585}, {'name': '上海申攀商贸有限公司', 'rank': 10, 'ratio': 0.348204778729, 'change': '', 'shares': 500000}, {'name': '北京电子城有限责任公司', 'rank': 10, 'ratio': 1.04, 'change': '', 'shares': 3615000}, {'name': '洛克化学(深圳)有限公司', 'rank': 10, 'ratio': 0.79, 'change': '新进', 'shares': 2721822}, {'name': '光大证券股份有限公司客户信用交易担保证券账户', 'rank': 10, 'ratio': 0.4256, 'change': '新进', 'shares': 983000}, {'name': '深圳红荔湾投资管理有限公司-红荔湾丰升水起6号私募证券投资基金', 'rank': 10, 'ratio': 0.63, 'change': '新进', 'shares': 2181700}, {'name': '北京电子城有限责任公司', 'rank': 10, 'ratio': 1.04, 'change': '', 'shares': 3615000}, {'name': '深圳市建筑机械动力公司', 'rank': 10, 'ratio': 0.002188815239, 'change': '新进', 'shares': 3143}]",[],0.0000,0,2026-06-06 04:49:14.116271+00:00
1243,000007,2025-06-30,11770,-10.1300,"[{'name': '深圳市建筑机械动力公司', 'rank': 10, 'ratio': 0.0017, 'change': '', 'shares': 3143}, {'name': '国信证券股份有限公司', 'rank': 10, 'ratio': 1.37, 'change': '加仓', 'shares': 3174485}, {'name': '齐鲁证券有限公司', 'rank': 10, 'ratio': 1.01, 'change': '新进', 'shares': 2340585}, {'name': '上海申攀商贸有限公司', 'rank': 10, 'ratio': 0.348204778729, 'change': '', 'shares': 500000}, {'name': '北京电子城有限责任公司', 'rank': 10, 'ratio': 1.04, 'change': '', 'shares': 3615000}, {'name': '洛克化学(深圳)有限公司', 'rank': 10, 'ratio': 0.79, 'change': '新进', 'shares': 2721822}, {'name': '光大证券股份有限公司客户信用交易担保证券账户', 'rank': 10, 'ratio': 0.4256, 'change': '新进', 'shares': 983000}, {'name': '深圳红荔湾投资管理有限公司-红荔湾丰升水起6号私募证券投资基金', 'rank': 10, 'ratio': 0.63, 'change': '新进', 'shares': 2181700}, {'name': '北京电子城有限责任公司', 'rank': 10, 'ratio': 1.04, 'change': '', 'shares': 3615000}, {'name': '深圳市建筑机械动力公司', 'rank': 10, 'ratio': 0.002188815239, 'change': '新进', 'shares': 3143}]",[],0.0000,0,2026-06-06 04:49:14.116271+00:00
1244,000007,2025-03-31,13097,-1.8500,"[{'name': '深圳市建筑机械动力公司', 'rank': 10, 'ratio': 0.0017, 'change': '', 'shares': 3143}, {'name': '国信证券股份有限公司', 'rank': 10, 'ratio': 1.37, 'change': '加仓', 'shares': 3174485}, {'name': '齐鲁证券有限公司', 'rank': 10, 'ratio': 1.01, 'change': '新进', 'shares': 2340585}, {'name': '上海申攀商贸有限公司', 'rank': 10, 'ratio': 0.348204778729, 'change': '', 'shares': 500000}, {'name': '北京电子城有限责任公司', 'rank': 10, 'ratio': 1.04, 'change': '', 'shares': 3615000}, {'name': '洛克化学(深圳)有限公司', 'rank': 10, 'ratio': 0.79, 'change': '新进', 'shares': 2721822}, {'name': '光大证券股份有限公司客户信用交易担保证券账户', 'rank': 10, 'ratio': 0.4256, 'change': '新进', 'shares': 983000}, {'name': '深圳红荔湾投资管理有限公司-红荔湾丰升水起6号私募证券投资基金', 'rank': 10, 'ratio': 0.63, 'change': '新进', 'shares': 2181700}, {'name': '北京电子城有限责任公司', 'rank': 10, 'ratio': 1.04, 'change': '', 'shares': 3615000}, {'name': '深圳市建筑机械动力公司', 'rank': 10, 'ratio': 0.002188815239, 'change': '新进', 'shares': 3143}]",[],0.0000,0,2026-06-06 04:49:14.116271+00:00
1245,000007,2024-12-31,13344,22.2300,"[{'name': '深圳市建筑机械动力公司', 'rank': 10, 'ratio': 0.0017, 'change': '', 'shares': 3143}, {'name': '国信证券股份有限公司', 'rank': 10, 'ratio': 1.37, 'change': '加仓', 'shares': 3174485}, {'name': '齐鲁证券有限公司', 'rank': 10, 'ratio': 1.01, 'change': '新进', 'shares': 2340585}, {'name': '上海申攀商贸有限公司', 'rank': 10, 'ratio': 0.348204778729, 'change': '', 'shares': 500000}, {'name': '北京电子城有限责任公司', 'rank': 10, 'ratio': 1.04, 'change': '', 'shares': 3615000}, {'name': '洛克化学(深圳)有限公司', 'rank': 10, 'ratio': 0.79, 'change': '新进', 'shares': 2721822}, {'name': '光大证券股份有限公司客户信用交易担保证券账户', 'rank': 10, 'ratio': 0.4256, 'change': '新进', 'shares': 983000}, {'name': '深圳红荔湾投资管理有限公司-红荔湾丰升水起6号私募证券投资基金', 'rank': 10, 'ratio': 0.63, 'change': '新进', 'shares': 2181700}, {'name': '北京电子城有限责任公司', 'rank': 10, 'ratio': 1.04, 'change': '', 'shares': 3615000}, {'name': '深圳市建筑机械动力公司', 'rank': 10, 'ratio': 0.002188815239, 'change': '新进', 'shares': 3143}]",[],0.0000,0,2026-06-06 04:49:14.116271+00:00
1246,000007,2024-09-30,10917,33.2000,"[{'name': '深圳市建筑机械动力公司', 'rank': 10, 'ratio': 0.0017, 'change': '', 'shares': 3143}, {'name': '国信证券股份有限公司', 'rank': 10, 'ratio': 1.37, 'change': '加仓', 'shares': 3174485}, {'name': '齐鲁证券有限公司', 'rank': 10, 'ratio': 1.01, 'change': '新进', 'shares': 2340585}, {'name': '上海申攀商贸有限公司', 'rank': 10, 'ratio': 0.348204778729, 'change': '', 'shares': 500000}, {'name': '北京电子城有限责任公司', 'rank': 10, 'ratio': 1.04, 'change': '', 'shares': 3615000}, {'name': '洛克化学(深圳)有限公司', 'rank': 10, 'ratio': 0.79, 'change': '新进', 'shares': 2721822}, {'name': '光大证券股份有限公司客户信用交易担保证券账户', 'rank': 10, 'ratio': 0.4256, 'change': '新进', 'shares': 983000}, {'name': '深圳红荔湾投资管理有限公司-红荔湾丰升水起6号私募证券投资基金', 'rank': 10, 'ratio': 0.63, 'change': '新进', 'shares': 2181700}, {'name': '北京电子城有限责任公司', 'rank': 10, 'ratio': 1.04, 'change': '', 'shares': 3615000}, {'name': '深圳市建筑机械动力公司', 'rank': 10, 'ratio': 0.002188815239, 'change': '新进', 'shares': 3143}]",[],0.0000,0,2026-06-06 04:49:14.116271+00:00
1247,000007,2024-06-30,8196,-8.2700,"[{'name': '深圳市建筑机械动力公司', 'rank': 10, 'ratio': 0.0017, 'change': '', 'shares': 3143}, {'name': '国信证券股份有限公司', 'rank': 10, 'ratio': 1.37, 'change': '加仓', 'shares': 3174485}, {'name': '齐鲁证券有限公司', 'rank': 10, 'ratio': 1.01, 'change': '新进', 'shares': 2340585}, {'name': '上海申攀商贸有限公司', 'rank': 10, 'ratio': 0.348204778729, 'change': '', 'shares': 500000}, {'name': '北京电子城有限责任公司', 'rank': 10, 'ratio': 1.04, 'change': '', 'shares': 3615000}, {'name': '洛克化学(深圳)有限公司', 'rank': 10, 'ratio': 0.79, 'change': '新进', 'shares': 2721822}, {'name': '光大证券股份有限公司客户信用交易担保证券账户', 'rank': 10, 'ratio': 0.4256, 'change': '新进', 'shares': 983000}, {'name': '深圳红荔湾投资管理有限公司-红荔湾丰升水起6号私募证券投资基金', 'rank': 10, 'ratio': 0.63, 'change': '新进', 'shares': 2181700}, {'name': '北京电子城有限责任公司', 'rank': 10, 'ratio': 1.04, 'change': '', 'shares': 3615000}, {'name': '深圳市建筑机械动力公司', 'rank': 10, 'ratio': 0.002188815239, 'change': '新进', 'shares': 3143}]",[],0.0000,0,2026-06-06 04:49:14.116271+00:00
1248,000007,2024-03-31,8935,-0.8900,"[{'name': '深圳市建筑机械动力公司', 'rank': 10, 'ratio': 0.0017, 'change': '', 'shares': 3143}, {'name': '国信证券股份有限公司', 'rank': 10, 'ratio': 1.37, 'change': '加仓', 'shares': 3174485}, {'name': '齐鲁证券有限公司', 'rank': 10, 'ratio': 1.01, 'change': '新进', 'shares': 2340585}, {'name': '上海申攀商贸有限公司', 'rank': 10, 'ratio': 0.348204778729, 'change': '', 'shares': 500000}, {'name': '北京电子城有限责任公司', 'rank': 10, 'ratio': 1.04, 'change': '', 'shares': 3615000}, {'name': '洛克化学(深圳)有限公司', 'rank': 10, 'ratio': 0.79, 'change': '新进', 'shares': 2721822}, {'name': '光大证券股份有限公司客户信用交易担保证券账户', 'rank': 10, 'ratio': 0.4256, 'change': '新进', 'shares': 983000}, {'name': '深圳红荔湾投资管理有限公司-红荔湾丰升水起6号私募证券投资基金', 'rank': 10, 'ratio': 0.63, 'change': '新进', 'shares': 2181700}, {'name': '北京电子城有限责任公司', 'rank': 10, 'ratio': 1.04, 'change': '', 'shares': 3615000}, {'name': '深圳市建筑机械动力公司', 'rank': 10, 'ratio': 0.002188815239, 'change': '新进', 'shares': 3143}]",[],0.0000,0,2026-06-06 04:49:14.116271+00:00
1249,000007,2023-12-31,9015,0.0000,"[{'name': '深圳市建筑机械动力公司', 'rank': 10, 'ratio': 0.0017, 'change': '', 'shares': 3143}, {'name': '国信证券股份有限公司', 'rank': 10, 'ratio': 1.37, 'change': '加仓', 'shares': 3174485}, {'name': '齐鲁证券有限公司', 'rank': 10, 'ratio': 1.01, 'change': '新进', 'shares': 2340585}, {'name': '上海申攀商贸有限公司', 'rank': 10, 'ratio': 0.348204778729, 'change': '', 'shares': 500000}, {'name': '北京电子城有限责任公司', 'rank': 10, 'ratio': 1.04, 'change': '', 'shares': 3615000}, {'name': '洛克化学(深圳)有限公司', 'rank': 10, 'ratio': 0.79, 'change': '新进', 'shares': 2721822}, {'name': '光大证券股份有限公司客户信用交易担保证券账户', 'rank': 10, 'ratio': 0.4256, 'change': '新进', 'shares': 983000}, {'name': '深圳红荔湾投资管理有限公司-红荔湾丰升水起6号私募证券投资基金', 'rank': 10, 'ratio': 0.63, 'change': '新进', 'shares': 2181700}, {'name': '北京电子城有限责任公司', 'rank': 10, 'ratio': 1.04, 'change': '', 'shares': 3615000}, {'name': '深圳市建筑机械动力公司', 'rank': 10, 'ratio': 0.002188815239, 'change': '新进', 'shares': 3143}]",[],0.0000,0,2026-06-06 04:49:14.116271+00:00
1250,000008,2026-05-29,100760,-2.1600,"[{'name': '西安高新财务会计服务中心', 'rank': 16, 'ratio': 0.1221, 'change': '新进', 'shares': 90000}, {'name': '北京汇宝金源投资管理中心(有限合伙)', 'rank': 10, 'ratio': 1.8, 'change': '', 'shares': 50640276}, {'name': '上海豪石九鼎股权投资基金合伙企业(有限合伙)', 'rank': 10, 'ratio': 0.79, 'change': '新进', 'shares': 21929088}, {'name': '中山泓华股权投资管理中心(有限合伙)', 'rank': 10, 'ratio': 1.8, 'change': '', 'shares': 50640276}, {'name': '北京汇宝金源投资管理中心(有限合伙)', 'rank': 10, 'ratio': 1.8, 'change': '', 'shares': 50640276}, {'name': '中国中山实业深圳公司', 'rank': 10, 'ratio': 0.1161, 'change': '新进', 'shares': 40000}, {'name': '中山泓华股权投资管理中心(有限合伙)', 'rank': 10, 'ratio': 1.8, 'change': '', 'shares': 50640276}, {'name': '北京汇宝金源投资管理中心(有限合伙)', 'rank': 10, 'ratio': 1.8, 'change': '', 'shares': 50640276}, {'name': '长安国际信托股份有限公司-长安信托-长安投资1121号证券投资单一资金信托', 'rank': 10, 'ratio': 1.1, 'change': '新进', 'shares': 30500000}, {'name': '中国农业银行股份有限公司-中证500交易型开放式指数证券投资基金', 'rank': 10, 'ratio': 0.71, 'change': '新进', 'shares': 19624732}]",[],0.0000,0,2026-06-06 04:49:14.116271+00:00
1272,000010,2025-09-30,34767,1.8000,"[{'name': '北京快译思翻译中心', 'rank': 14, 'ratio': 0.01, 'change': '新进', 'shares': 45811}, {'name': '北京快译思翻译中心', 'rank': 13, 'ratio': 0.02, 'change': '新进', 'shares': 25760}, {'name': '北京快译思翻译中心', 'rank': 13, 'ratio': 0.02, 'change': '新进', 'shares': 25760}, {'name': '上海平杰投资咨询有限公司', 'rank': 12, 'ratio': 0.26, 'change': '新进', 'shares': 387072}, {'name': '青岛纺联集团八棉有限公司', 'rank': 12, 'ratio': 0.16, 'change': '新进', 'shares': 917818}, {'name': '青岛纺联集团八棉有限公司', 'rank': 11, 'ratio': 0.35, 'change': '新进', 'shares': 516096}, {'name': '深圳市众业经济发展中心', 'rank': 11, 'ratio': 0.4, 'change': '新进', 'shares': 582400}, {'name': '青岛纺联集团八棉有限公司', 'rank': 11, 'ratio': 0.35, 'change': '新进', 'shares': 516096}, {'name': '深圳中健实业有限公司', 'rank': 11, 'ratio': 0.17, 'change': '新进', 'shares': 989920}, {'name': '重庆贝信电子信息创业投资基金合伙企业(有限合伙)', 'rank': 10, 'ratio': 0.72, 'change': '新进', 'shares': 5057803}]",[],0.0000,0,2026-06-06 04:49:14.116271+00:00
1251,000008,2026-05-20,102984,-5.1500,"[{'name': '西安高新财务会计服务中心', 'rank': 16, 'ratio': 0.1221, 'change': '新进', 'shares': 90000}, {'name': '北京汇宝金源投资管理中心(有限合伙)', 'rank': 10, 'ratio': 1.8, 'change': '', 'shares': 50640276}, {'name': '上海豪石九鼎股权投资基金合伙企业(有限合伙)', 'rank': 10, 'ratio': 0.79, 'change': '新进', 'shares': 21929088}, {'name': '中山泓华股权投资管理中心(有限合伙)', 'rank': 10, 'ratio': 1.8, 'change': '', 'shares': 50640276}, {'name': '北京汇宝金源投资管理中心(有限合伙)', 'rank': 10, 'ratio': 1.8, 'change': '', 'shares': 50640276}, {'name': '中国中山实业深圳公司', 'rank': 10, 'ratio': 0.1161, 'change': '新进', 'shares': 40000}, {'name': '中山泓华股权投资管理中心(有限合伙)', 'rank': 10, 'ratio': 1.8, 'change': '', 'shares': 50640276}, {'name': '北京汇宝金源投资管理中心(有限合伙)', 'rank': 10, 'ratio': 1.8, 'change': '', 'shares': 50640276}, {'name': '长安国际信托股份有限公司-长安信托-长安投资1121号证券投资单一资金信托', 'rank': 10, 'ratio': 1.1, 'change': '新进', 'shares': 30500000}, {'name': '中国农业银行股份有限公司-中证500交易型开放式指数证券投资基金', 'rank': 10, 'ratio': 0.71, 'change': '新进', 'shares': 19624732}]",[],0.0000,0,2026-06-06 04:49:14.116271+00:00
1252,000008,2026-04-30,108572,-4.6800,"[{'name': '西安高新财务会计服务中心', 'rank': 16, 'ratio': 0.1221, 'change': '新进', 'shares': 90000}, {'name': '北京汇宝金源投资管理中心(有限合伙)', 'rank': 10, 'ratio': 1.8, 'change': '', 'shares': 50640276}, {'name': '上海豪石九鼎股权投资基金合伙企业(有限合伙)', 'rank': 10, 'ratio': 0.79, 'change': '新进', 'shares': 21929088}, {'name': '中山泓华股权投资管理中心(有限合伙)', 'rank': 10, 'ratio': 1.8, 'change': '', 'shares': 50640276}, {'name': '北京汇宝金源投资管理中心(有限合伙)', 'rank': 10, 'ratio': 1.8, 'change': '', 'shares': 50640276}, {'name': '中国中山实业深圳公司', 'rank': 10, 'ratio': 0.1161, 'change': '新进', 'shares': 40000}, {'name': '中山泓华股权投资管理中心(有限合伙)', 'rank': 10, 'ratio': 1.8, 'change': '', 'shares': 50640276}, {'name': '北京汇宝金源投资管理中心(有限合伙)', 'rank': 10, 'ratio': 1.8, 'change': '', 'shares': 50640276}, {'name': '长安国际信托股份有限公司-长安信托-长安投资1121号证券投资单一资金信托', 'rank': 10, 'ratio': 1.1, 'change': '新进', 'shares': 30500000}, {'name': '中国农业银行股份有限公司-中证500交易型开放式指数证券投资基金', 'rank': 10, 'ratio': 0.71, 'change': '新进', 'shares': 19624732}]",[],0.0000,0,2026-06-06 04:49:14.116271+00:00
1253,000008,2026-04-20,113903,15.0300,"[{'name': '西安高新财务会计服务中心', 'rank': 16, 'ratio': 0.1221, 'change': '新进', 'shares': 90000}, {'name': '北京汇宝金源投资管理中心(有限合伙)', 'rank': 10, 'ratio': 1.8, 'change': '', 'shares': 50640276}, {'name': '上海豪石九鼎股权投资基金合伙企业(有限合伙)', 'rank': 10, 'ratio': 0.79, 'change': '新进', 'shares': 21929088}, {'name': '中山泓华股权投资管理中心(有限合伙)', 'rank': 10, 'ratio': 1.8, 'change': '', 'shares': 50640276}, {'name': '北京汇宝金源投资管理中心(有限合伙)', 'rank': 10, 'ratio': 1.8, 'change': '', 'shares': 50640276}, {'name': '中国中山实业深圳公司', 'rank': 10, 'ratio': 0.1161, 'change': '新进', 'shares': 40000}, {'name': '中山泓华股权投资管理中心(有限合伙)', 'rank': 10, 'ratio': 1.8, 'change': '', 'shares': 50640276}, {'name': '北京汇宝金源投资管理中心(有限合伙)', 'rank': 10, 'ratio': 1.8, 'change': '', 'shares': 50640276}, {'name': '长安国际信托股份有限公司-长安信托-长安投资1121号证券投资单一资金信托', 'rank': 10, 'ratio': 1.1, 'change': '新进', 'shares': 30500000}, {'name': '中国农业银行股份有限公司-中证500交易型开放式指数证券投资基金', 'rank': 10, 'ratio': 0.71, 'change': '新进', 'shares': 19624732}]",[],0.0000,0,2026-06-06 04:49:14.116271+00:00
1254,000008,2026-03-31,99019,4.2400,"[{'name': '西安高新财务会计服务中心', 'rank': 16, 'ratio': 0.1221, 'change': '新进', 'shares': 90000}, {'name': '北京汇宝金源投资管理中心(有限合伙)', 'rank': 10, 'ratio': 1.8, 'change': '', 'shares': 50640276}, {'name': '上海豪石九鼎股权投资基金合伙企业(有限合伙)', 'rank': 10, 'ratio': 0.79, 'change': '新进', 'shares': 21929088}, {'name': '中山泓华股权投资管理中心(有限合伙)', 'rank': 10, 'ratio': 1.8, 'change': '', 'shares': 50640276}, {'name': '北京汇宝金源投资管理中心(有限合伙)', 'rank': 10, 'ratio': 1.8, 'change': '', 'shares': 50640276}, {'name': '中国中山实业深圳公司', 'rank': 10, 'ratio': 0.1161, 'change': '新进', 'shares': 40000}, {'name': '中山泓华股权投资管理中心(有限合伙)', 'rank': 10, 'ratio': 1.8, 'change': '', 'shares': 50640276}, {'name': '北京汇宝金源投资管理中心(有限合伙)', 'rank': 10, 'ratio': 1.8, 'change': '', 'shares': 50640276}, {'name': '长安国际信托股份有限公司-长安信托-长安投资1121号证券投资单一资金信托', 'rank': 10, 'ratio': 1.1, 'change': '新进', 'shares': 30500000}, {'name': '中国农业银行股份有限公司-中证500交易型开放式指数证券投资基金', 'rank': 10, 'ratio': 0.71, 'change': '新进', 'shares': 19624732}]",[],0.0000,0,2026-06-06 04:49:14.116271+00:00
1255,000008,2026-03-20,94989,1.1700,"[{'name': '西安高新财务会计服务中心', 'rank': 16, 'ratio': 0.1221, 'change': '新进', 'shares': 90000}, {'name': '北京汇宝金源投资管理中心(有限合伙)', 'rank': 10, 'ratio': 1.8, 'change': '', 'shares': 50640276}, {'name': '上海豪石九鼎股权投资基金合伙企业(有限合伙)', 'rank': 10, 'ratio': 0.79, 'change': '新进', 'shares': 21929088}, {'name': '中山泓华股权投资管理中心(有限合伙)', 'rank': 10, 'ratio': 1.8, 'change': '', 'shares': 50640276}, {'name': '北京汇宝金源投资管理中心(有限合伙)', 'rank': 10, 'ratio': 1.8, 'change': '', 'shares': 50640276}, {'name': '中国中山实业深圳公司', 'rank': 10, 'ratio': 0.1161, 'change': '新进', 'shares': 40000}, {'name': '中山泓华股权投资管理中心(有限合伙)', 'rank': 10, 'ratio': 1.8, 'change': '', 'shares': 50640276}, {'name': '北京汇宝金源投资管理中心(有限合伙)', 'rank': 10, 'ratio': 1.8, 'change': '', 'shares': 50640276}, {'name': '长安国际信托股份有限公司-长安信托-长安投资1121号证券投资单一资金信托', 'rank': 10, 'ratio': 1.1, 'change': '新进', 'shares': 30500000}, {'name': '中国农业银行股份有限公司-中证500交易型开放式指数证券投资基金', 'rank': 10, 'ratio': 0.71, 'change': '新进', 'shares': 19624732}]",[],0.0000,0,2026-06-06 04:49:14.116271+00:00
1256,000008,2026-03-10,93886,0.2800,"[{'name': '西安高新财务会计服务中心', 'rank': 16, 'ratio': 0.1221, 'change': '新进', 'shares': 90000}, {'name': '北京汇宝金源投资管理中心(有限合伙)', 'rank': 10, 'ratio': 1.8, 'change': '', 'shares': 50640276}, {'name': '上海豪石九鼎股权投资基金合伙企业(有限合伙)', 'rank': 10, 'ratio': 0.79, 'change': '新进', 'shares': 21929088}, {'name': '中山泓华股权投资管理中心(有限合伙)', 'rank': 10, 'ratio': 1.8, 'change': '', 'shares': 50640276}, {'name': '北京汇宝金源投资管理中心(有限合伙)', 'rank': 10, 'ratio': 1.8, 'change': '', 'shares': 50640276}, {'name': '中国中山实业深圳公司', 'rank': 10, 'ratio': 0.1161, 'change': '新进', 'shares': 40000}, {'name': '中山泓华股权投资管理中心(有限合伙)', 'rank': 10, 'ratio': 1.8, 'change': '', 'shares': 50640276}, {'name': '北京汇宝金源投资管理中心(有限合伙)', 'rank': 10, 'ratio': 1.8, 'change': '', 'shares': 50640276}, {'name': '长安国际信托股份有限公司-长安信托-长安投资1121号证券投资单一资金信托', 'rank': 10, 'ratio': 1.1, 'change': '新进', 'shares': 30500000}, {'name': '中国农业银行股份有限公司-中证500交易型开放式指数证券投资基金', 'rank': 10, 'ratio': 0.71, 'change': '新进', 'shares': 19624732}]",[],0.0000,0,2026-06-06 04:49:14.116271+00:00
1257,000008,2026-02-27,93625,-1.0300,"[{'name': '西安高新财务会计服务中心', 'rank': 16, 'ratio': 0.1221, 'change': '新进', 'shares': 90000}, {'name': '北京汇宝金源投资管理中心(有限合伙)', 'rank': 10, 'ratio': 1.8, 'change': '', 'shares': 50640276}, {'name': '上海豪石九鼎股权投资基金合伙企业(有限合伙)', 'rank': 10, 'ratio': 0.79, 'change': '新进', 'shares': 21929088}, {'name': '中山泓华股权投资管理中心(有限合伙)', 'rank': 10, 'ratio': 1.8, 'change': '', 'shares': 50640276}, {'name': '北京汇宝金源投资管理中心(有限合伙)', 'rank': 10, 'ratio': 1.8, 'change': '', 'shares': 50640276}, {'name': '中国中山实业深圳公司', 'rank': 10, 'ratio': 0.1161, 'change': '新进', 'shares': 40000}, {'name': '中山泓华股权投资管理中心(有限合伙)', 'rank': 10, 'ratio': 1.8, 'change': '', 'shares': 50640276}, {'name': '北京汇宝金源投资管理中心(有限合伙)', 'rank': 10, 'ratio': 1.8, 'change': '', 'shares': 50640276}, {'name': '长安国际信托股份有限公司-长安信托-长安投资1121号证券投资单一资金信托', 'rank': 10, 'ratio': 1.1, 'change': '新进', 'shares': 30500000}, {'name': '中国农业银行股份有限公司-中证500交易型开放式指数证券投资基金', 'rank': 10, 'ratio': 0.71, 'change': '新进', 'shares': 19624732}]",[],0.0000,0,2026-06-06 04:49:14.116271+00:00
1258,000008,2026-02-13,94604,0.2200,"[{'name': '西安高新财务会计服务中心', 'rank': 16, 'ratio': 0.1221, 'change': '新进', 'shares': 90000}, {'name': '北京汇宝金源投资管理中心(有限合伙)', 'rank': 10, 'ratio': 1.8, 'change': '', 'shares': 50640276}, {'name': '上海豪石九鼎股权投资基金合伙企业(有限合伙)', 'rank': 10, 'ratio': 0.79, 'change': '新进', 'shares': 21929088}, {'name': '中山泓华股权投资管理中心(有限合伙)', 'rank': 10, 'ratio': 1.8, 'change': '', 'shares': 50640276}, {'name': '北京汇宝金源投资管理中心(有限合伙)', 'rank': 10, 'ratio': 1.8, 'change': '', 'shares': 50640276}, {'name': '中国中山实业深圳公司', 'rank': 10, 'ratio': 0.1161, 'change': '新进', 'shares': 40000}, {'name': '中山泓华股权投资管理中心(有限合伙)', 'rank': 10, 'ratio': 1.8, 'change': '', 'shares': 50640276}, {'name': '北京汇宝金源投资管理中心(有限合伙)', 'rank': 10, 'ratio': 1.8, 'change': '', 'shares': 50640276}, {'name': '长安国际信托股份有限公司-长安信托-长安投资1121号证券投资单一资金信托', 'rank': 10, 'ratio': 1.1, 'change': '新进', 'shares': 30500000}, {'name': '中国农业银行股份有限公司-中证500交易型开放式指数证券投资基金', 'rank': 10, 'ratio': 0.71, 'change': '新进', 'shares': 19624732}]",[],0.0000,0,2026-06-06 04:49:14.116271+00:00
1259,000008,2026-01-31,94401,0.0000,"[{'name': '西安高新财务会计服务中心', 'rank': 16, 'ratio': 0.1221, 'change': '新进', 'shares': 90000}, {'name': '北京汇宝金源投资管理中心(有限合伙)', 'rank': 10, 'ratio': 1.8, 'change': '', 'shares': 50640276}, {'name': '上海豪石九鼎股权投资基金合伙企业(有限合伙)', 'rank': 10, 'ratio': 0.79, 'change': '新进', 'shares': 21929088}, {'name': '中山泓华股权投资管理中心(有限合伙)', 'rank': 10, 'ratio': 1.8, 'change': '', 'shares': 50640276}, {'name': '北京汇宝金源投资管理中心(有限合伙)', 'rank': 10, 'ratio': 1.8, 'change': '', 'shares': 50640276}, {'name': '中国中山实业深圳公司', 'rank': 10, 'ratio': 0.1161, 'change': '新进', 'shares': 40000}, {'name': '中山泓华股权投资管理中心(有限合伙)', 'rank': 10, 'ratio': 1.8, 'change': '', 'shares': 50640276}, {'name': '北京汇宝金源投资管理中心(有限合伙)', 'rank': 10, 'ratio': 1.8, 'change': '', 'shares': 50640276}, {'name': '长安国际信托股份有限公司-长安信托-长安投资1121号证券投资单一资金信托', 'rank': 10, 'ratio': 1.1, 'change': '新进', 'shares': 30500000}, {'name': '中国农业银行股份有限公司-中证500交易型开放式指数证券投资基金', 'rank': 10, 'ratio': 0.71, 'change': '新进', 'shares': 19624732}]",[],0.0000,0,2026-06-06 04:49:14.116271+00:00
1260,000009,2026-05-20,152400,0.4600,"[{'name': '浙江诸暨嘉华瑞景园林工程有限公司', 'rank': 10, 'ratio': 0.24, 'change': '新进', 'shares': 5110000}, {'name': '中国银行深训国际信托投资公司', 'rank': 10, 'ratio': 0.7572, 'change': '', 'shares': 2860000}, {'name': '汇天泽投资有限公司', 'rank': 10, 'ratio': 0.7, 'change': '', 'shares': 17956102}, {'name': '中国民生银行股份有限公司-银华深证100指数分级证券投资基金', 'rank': 10, 'ratio': 0.38, 'change': '', 'shares': 5748009}, {'name': '深圳市华宝(集团)股份有限公司', 'rank': 10, 'ratio': 0.764, 'change': '新进', 'shares': 4912800}, {'name': '深圳市华宝集团股份有限公司', 'rank': 10, 'ratio': 0.6656, 'change': '', 'shares': 6381375}, {'name': '甘肃证券公司', 'rank': 10, 'ratio': 0.7309, 'change': '新进', 'shares': 7007585}, {'name': '中国建设银行股份有限公司-富国中证新能源汽车指数型证券投资基金', 'rank': 10, 'ratio': 0.39, 'change': '新进', 'shares': 10047722}, {'name': '深圳市邦信投资发展有限公司', 'rank': 10, 'ratio': 0.6656, 'change': '', 'shares': 6381375}, {'name': '华泰证券股份有限公司', 'rank': 10, 'ratio': 0.59, 'change': '', 'shares': 15331009}]",[],0.0000,0,2026-06-06 04:49:14.116271+00:00
1261,000009,2026-05-08,151700,-0.3900,"[{'name': '浙江诸暨嘉华瑞景园林工程有限公司', 'rank': 10, 'ratio': 0.24, 'change': '新进', 'shares': 5110000}, {'name': '中国银行深训国际信托投资公司', 'rank': 10, 'ratio': 0.7572, 'change': '', 'shares': 2860000}, {'name': '汇天泽投资有限公司', 'rank': 10, 'ratio': 0.7, 'change': '', 'shares': 17956102}, {'name': '中国民生银行股份有限公司-银华深证100指数分级证券投资基金', 'rank': 10, 'ratio': 0.38, 'change': '', 'shares': 5748009}, {'name': '深圳市华宝(集团)股份有限公司', 'rank': 10, 'ratio': 0.764, 'change': '新进', 'shares': 4912800}, {'name': '深圳市华宝集团股份有限公司', 'rank': 10, 'ratio': 0.6656, 'change': '', 'shares': 6381375}, {'name': '甘肃证券公司', 'rank': 10, 'ratio': 0.7309, 'change': '新进', 'shares': 7007585}, {'name': '中国建设银行股份有限公司-富国中证新能源汽车指数型证券投资基金', 'rank': 10, 'ratio': 0.39, 'change': '新进', 'shares': 10047722}, {'name': '深圳市邦信投资发展有限公司', 'rank': 10, 'ratio': 0.6656, 'change': '', 'shares': 6381375}, {'name': '华泰证券股份有限公司', 'rank': 10, 'ratio': 0.59, 'change': '', 'shares': 15331009}]",[],0.0000,0,2026-06-06 04:49:14.116271+00:00
1262,000009,2026-04-30,152300,1.1300,"[{'name': '浙江诸暨嘉华瑞景园林工程有限公司', 'rank': 10, 'ratio': 0.24, 'change': '新进', 'shares': 5110000}, {'name': '中国银行深训国际信托投资公司', 'rank': 10, 'ratio': 0.7572, 'change': '', 'shares': 2860000}, {'name': '汇天泽投资有限公司', 'rank': 10, 'ratio': 0.7, 'change': '', 'shares': 17956102}, {'name': '中国民生银行股份有限公司-银华深证100指数分级证券投资基金', 'rank': 10, 'ratio': 0.38, 'change': '', 'shares': 5748009}, {'name': '深圳市华宝(集团)股份有限公司', 'rank': 10, 'ratio': 0.764, 'change': '新进', 'shares': 4912800}, {'name': '深圳市华宝集团股份有限公司', 'rank': 10, 'ratio': 0.6656, 'change': '', 'shares': 6381375}, {'name': '甘肃证券公司', 'rank': 10, 'ratio': 0.7309, 'change': '新进', 'shares': 7007585}, {'name': '中国建设银行股份有限公司-富国中证新能源汽车指数型证券投资基金', 'rank': 10, 'ratio': 0.39, 'change': '新进', 'shares': 10047722}, {'name': '深圳市邦信投资发展有限公司', 'rank': 10, 'ratio': 0.6656, 'change': '', 'shares': 6381375}, {'name': '华泰证券股份有限公司', 'rank': 10, 'ratio': 0.59, 'change': '', 'shares': 15331009}]",[],0.0000,0,2026-06-06 04:49:14.116271+00:00
1263,000009,2026-04-20,150600,-0.3300,"[{'name': '浙江诸暨嘉华瑞景园林工程有限公司', 'rank': 10, 'ratio': 0.24, 'change': '新进', 'shares': 5110000}, {'name': '中国银行深训国际信托投资公司', 'rank': 10, 'ratio': 0.7572, 'change': '', 'shares': 2860000}, {'name': '汇天泽投资有限公司', 'rank': 10, 'ratio': 0.7, 'change': '', 'shares': 17956102}, {'name': '中国民生银行股份有限公司-银华深证100指数分级证券投资基金', 'rank': 10, 'ratio': 0.38, 'change': '', 'shares': 5748009}, {'name': '深圳市华宝(集团)股份有限公司', 'rank': 10, 'ratio': 0.764, 'change': '新进', 'shares': 4912800}, {'name': '深圳市华宝集团股份有限公司', 'rank': 10, 'ratio': 0.6656, 'change': '', 'shares': 6381375}, {'name': '甘肃证券公司', 'rank': 10, 'ratio': 0.7309, 'change': '新进', 'shares': 7007585}, {'name': '中国建设银行股份有限公司-富国中证新能源汽车指数型证券投资基金', 'rank': 10, 'ratio': 0.39, 'change': '新进', 'shares': 10047722}, {'name': '深圳市邦信投资发展有限公司', 'rank': 10, 'ratio': 0.6656, 'change': '', 'shares': 6381375}, {'name': '华泰证券股份有限公司', 'rank': 10, 'ratio': 0.59, 'change': '', 'shares': 15331009}]",[],0.0000,0,2026-06-06 04:49:14.116271+00:00
1264,000009,2026-04-10,151100,-4.0100,"[{'name': '浙江诸暨嘉华瑞景园林工程有限公司', 'rank': 10, 'ratio': 0.24, 'change': '新进', 'shares': 5110000}, {'name': '中国银行深训国际信托投资公司', 'rank': 10, 'ratio': 0.7572, 'change': '', 'shares': 2860000}, {'name': '汇天泽投资有限公司', 'rank': 10, 'ratio': 0.7, 'change': '', 'shares': 17956102}, {'name': '中国民生银行股份有限公司-银华深证100指数分级证券投资基金', 'rank': 10, 'ratio': 0.38, 'change': '', 'shares': 5748009}, {'name': '深圳市华宝(集团)股份有限公司', 'rank': 10, 'ratio': 0.764, 'change': '新进', 'shares': 4912800}, {'name': '深圳市华宝集团股份有限公司', 'rank': 10, 'ratio': 0.6656, 'change': '', 'shares': 6381375}, {'name': '甘肃证券公司', 'rank': 10, 'ratio': 0.7309, 'change': '新进', 'shares': 7007585}, {'name': '中国建设银行股份有限公司-富国中证新能源汽车指数型证券投资基金', 'rank': 10, 'ratio': 0.39, 'change': '新进', 'shares': 10047722}, {'name': '深圳市邦信投资发展有限公司', 'rank': 10, 'ratio': 0.6656, 'change': '', 'shares': 6381375}, {'name': '华泰证券股份有限公司', 'rank': 10, 'ratio': 0.59, 'change': '', 'shares': 15331009}]",[],0.0000,0,2026-06-06 04:49:14.116271+00:00
1265,000009,2026-03-31,157418,3.9100,"[{'name': '浙江诸暨嘉华瑞景园林工程有限公司', 'rank': 10, 'ratio': 0.24, 'change': '新进', 'shares': 5110000}, {'name': '中国银行深训国际信托投资公司', 'rank': 10, 'ratio': 0.7572, 'change': '', 'shares': 2860000}, {'name': '汇天泽投资有限公司', 'rank': 10, 'ratio': 0.7, 'change': '', 'shares': 17956102}, {'name': '中国民生银行股份有限公司-银华深证100指数分级证券投资基金', 'rank': 10, 'ratio': 0.38, 'change': '', 'shares': 5748009}, {'name': '深圳市华宝(集团)股份有限公司', 'rank': 10, 'ratio': 0.764, 'change': '新进', 'shares': 4912800}, {'name': '深圳市华宝集团股份有限公司', 'rank': 10, 'ratio': 0.6656, 'change': '', 'shares': 6381375}, {'name': '甘肃证券公司', 'rank': 10, 'ratio': 0.7309, 'change': '新进', 'shares': 7007585}, {'name': '中国建设银行股份有限公司-富国中证新能源汽车指数型证券投资基金', 'rank': 10, 'ratio': 0.39, 'change': '新进', 'shares': 10047722}, {'name': '深圳市邦信投资发展有限公司', 'rank': 10, 'ratio': 0.6656, 'change': '', 'shares': 6381375}, {'name': '华泰证券股份有限公司', 'rank': 10, 'ratio': 0.59, 'change': '', 'shares': 15331009}]",[],0.0000,0,2026-06-06 04:49:14.116271+00:00
1266,000009,2026-03-30,151500,-0.6600,"[{'name': '浙江诸暨嘉华瑞景园林工程有限公司', 'rank': 10, 'ratio': 0.24, 'change': '新进', 'shares': 5110000}, {'name': '中国银行深训国际信托投资公司', 'rank': 10, 'ratio': 0.7572, 'change': '', 'shares': 2860000}, {'name': '汇天泽投资有限公司', 'rank': 10, 'ratio': 0.7, 'change': '', 'shares': 17956102}, {'name': '中国民生银行股份有限公司-银华深证100指数分级证券投资基金', 'rank': 10, 'ratio': 0.38, 'change': '', 'shares': 5748009}, {'name': '深圳市华宝(集团)股份有限公司', 'rank': 10, 'ratio': 0.764, 'change': '新进', 'shares': 4912800}, {'name': '深圳市华宝集团股份有限公司', 'rank': 10, 'ratio': 0.6656, 'change': '', 'shares': 6381375}, {'name': '甘肃证券公司', 'rank': 10, 'ratio': 0.7309, 'change': '新进', 'shares': 7007585}, {'name': '中国建设银行股份有限公司-富国中证新能源汽车指数型证券投资基金', 'rank': 10, 'ratio': 0.39, 'change': '新进', 'shares': 10047722}, {'name': '深圳市邦信投资发展有限公司', 'rank': 10, 'ratio': 0.6656, 'change': '', 'shares': 6381375}, {'name': '华泰证券股份有限公司', 'rank': 10, 'ratio': 0.59, 'change': '', 'shares': 15331009}]",[],0.0000,0,2026-06-06 04:49:14.116271+00:00
1267,000009,2026-03-20,152500,0.3300,"[{'name': '浙江诸暨嘉华瑞景园林工程有限公司', 'rank': 10, 'ratio': 0.24, 'change': '新进', 'shares': 5110000}, {'name': '中国银行深训国际信托投资公司', 'rank': 10, 'ratio': 0.7572, 'change': '', 'shares': 2860000}, {'name': '汇天泽投资有限公司', 'rank': 10, 'ratio': 0.7, 'change': '', 'shares': 17956102}, {'name': '中国民生银行股份有限公司-银华深证100指数分级证券投资基金', 'rank': 10, 'ratio': 0.38, 'change': '', 'shares': 5748009}, {'name': '深圳市华宝(集团)股份有限公司', 'rank': 10, 'ratio': 0.764, 'change': '新进', 'shares': 4912800}, {'name': '深圳市华宝集团股份有限公司', 'rank': 10, 'ratio': 0.6656, 'change': '', 'shares': 6381375}, {'name': '甘肃证券公司', 'rank': 10, 'ratio': 0.7309, 'change': '新进', 'shares': 7007585}, {'name': '中国建设银行股份有限公司-富国中证新能源汽车指数型证券投资基金', 'rank': 10, 'ratio': 0.39, 'change': '新进', 'shares': 10047722}, {'name': '深圳市邦信投资发展有限公司', 'rank': 10, 'ratio': 0.6656, 'change': '', 'shares': 6381375}, {'name': '华泰证券股份有限公司', 'rank': 10, 'ratio': 0.59, 'change': '', 'shares': 15331009}]",[],0.0000,0,2026-06-06 04:49:14.116271+00:00
1268,000009,2026-03-10,152000,0.1300,"[{'name': '浙江诸暨嘉华瑞景园林工程有限公司', 'rank': 10, 'ratio': 0.24, 'change': '新进', 'shares': 5110000}, {'name': '中国银行深训国际信托投资公司', 'rank': 10, 'ratio': 0.7572, 'change': '', 'shares': 2860000}, {'name': '汇天泽投资有限公司', 'rank': 10, 'ratio': 0.7, 'change': '', 'shares': 17956102}, {'name': '中国民生银行股份有限公司-银华深证100指数分级证券投资基金', 'rank': 10, 'ratio': 0.38, 'change': '', 'shares': 5748009}, {'name': '深圳市华宝(集团)股份有限公司', 'rank': 10, 'ratio': 0.764, 'change': '新进', 'shares': 4912800}, {'name': '深圳市华宝集团股份有限公司', 'rank': 10, 'ratio': 0.6656, 'change': '', 'shares': 6381375}, {'name': '甘肃证券公司', 'rank': 10, 'ratio': 0.7309, 'change': '新进', 'shares': 7007585}, {'name': '中国建设银行股份有限公司-富国中证新能源汽车指数型证券投资基金', 'rank': 10, 'ratio': 0.39, 'change': '新进', 'shares': 10047722}, {'name': '深圳市邦信投资发展有限公司', 'rank': 10, 'ratio': 0.6656, 'change': '', 'shares': 6381375}, {'name': '华泰证券股份有限公司', 'rank': 10, 'ratio': 0.59, 'change': '', 'shares': 15331009}]",[],0.0000,0,2026-06-06 04:49:14.116271+00:00
1269,000009,2026-02-27,151800,0.0000,"[{'name': '浙江诸暨嘉华瑞景园林工程有限公司', 'rank': 10, 'ratio': 0.24, 'change': '新进', 'shares': 5110000}, {'name': '中国银行深训国际信托投资公司', 'rank': 10, 'ratio': 0.7572, 'change': '', 'shares': 2860000}, {'name': '汇天泽投资有限公司', 'rank': 10, 'ratio': 0.7, 'change': '', 'shares': 17956102}, {'name': '中国民生银行股份有限公司-银华深证100指数分级证券投资基金', 'rank': 10, 'ratio': 0.38, 'change': '', 'shares': 5748009}, {'name': '深圳市华宝(集团)股份有限公司', 'rank': 10, 'ratio': 0.764, 'change': '新进', 'shares': 4912800}, {'name': '深圳市华宝集团股份有限公司', 'rank': 10, 'ratio': 0.6656, 'change': '', 'shares': 6381375}, {'name': '甘肃证券公司', 'rank': 10, 'ratio': 0.7309, 'change': '新进', 'shares': 7007585}, {'name': '中国建设银行股份有限公司-富国中证新能源汽车指数型证券投资基金', 'rank': 10, 'ratio': 0.39, 'change': '新进', 'shares': 10047722}, {'name': '深圳市邦信投资发展有限公司', 'rank': 10, 'ratio': 0.6656, 'change': '', 'shares': 6381375}, {'name': '华泰证券股份有限公司', 'rank': 10, 'ratio': 0.59, 'change': '', 'shares': 15331009}]",[],0.0000,0,2026-06-06 04:49:14.116271+00:00
1190,000001,2026-03-31,457610,-1.1300,"[{'name': '深圳南山区北头村民委员会', 'rank': 47, 'ratio': 0.0001, 'change': '新进', 'shares': 1197}, {'name': '深圳市福田区农业发展服务公司', 'rank': 46, 'ratio': 0.0002, 'change': '新进', 'shares': 3492}, {'name': '深圳市免税商品供应公司', 'rank': 46, 'ratio': 0.0002, 'change': '新进', 'shares': 3492}, {'name': '市旅游协会', 'rank': 45, 'ratio': 0.000436165248, 'change': '新进', 'shares': 8487}, {'name': '深圳金融租赁有限公司', 'rank': 44, 'ratio': 0.001093419561, 'change': '新进', 'shares': 21276}, {'name': '福田区福田实业公司', 'rank': 43, 'ratio': 0.0015, 'change': '新进', 'shares': 28638}, {'name': '深圳市凯虹实业股份有限公司', 'rank': 42, 'ratio': 0.0015, 'change': '新进', 'shares': 29088}, {'name': '深圳市特发通信发展公司', 'rank': 41, 'ratio': 0.0016, 'change': '新进', 'shares': 31464}, {'name': '深圳市草莆独树实业股份合作公司', 'rank': 40, 'ratio': 0.0022, 'change': '新进', 'shares': 42954}, {'name': '深圳市上沙实业股份有限公司', 'rank': 39, 'ratio': 0.0028, 'change': '新进', 'shares': 54545}]",[],0.0000,0,2026-06-06 04:40:28.015241+00:00
1191,000001,2026-02-28,462824,4.9100,"[{'name': '深圳南山区北头村民委员会', 'rank': 47, 'ratio': 0.0001, 'change': '新进', 'shares': 1197}, {'name': '深圳市福田区农业发展服务公司', 'rank': 46, 'ratio': 0.0002, 'change': '新进', 'shares': 3492}, {'name': '深圳市免税商品供应公司', 'rank': 46, 'ratio': 0.0002, 'change': '新进', 'shares': 3492}, {'name': '市旅游协会', 'rank': 45, 'ratio': 0.000436165248, 'change': '新进', 'shares': 8487}, {'name': '深圳金融租赁有限公司', 'rank': 44, 'ratio': 0.001093419561, 'change': '新进', 'shares': 21276}, {'name': '福田区福田实业公司', 'rank': 43, 'ratio': 0.0015, 'change': '新进', 'shares': 28638}, {'name': '深圳市凯虹实业股份有限公司', 'rank': 42, 'ratio': 0.0015, 'change': '新进', 'shares': 29088}, {'name': '深圳市特发通信发展公司', 'rank': 41, 'ratio': 0.0016, 'change': '新进', 'shares': 31464}, {'name': '深圳市草莆独树实业股份合作公司', 'rank': 40, 'ratio': 0.0022, 'change': '新进', 'shares': 42954}, {'name': '深圳市上沙实业股份有限公司', 'rank': 39, 'ratio': 0.0028, 'change': '新进', 'shares': 54545}]",[],0.0000,0,2026-06-06 04:40:28.015241+00:00
1192,000001,2025-12-31,441142,-2.7300,"[{'name': '深圳南山区北头村民委员会', 'rank': 47, 'ratio': 0.0001, 'change': '新进', 'shares': 1197}, {'name': '深圳市福田区农业发展服务公司', 'rank': 46, 'ratio': 0.0002, 'change': '新进', 'shares': 3492}, {'name': '深圳市免税商品供应公司', 'rank': 46, 'ratio': 0.0002, 'change': '新进', 'shares': 3492}, {'name': '市旅游协会', 'rank': 45, 'ratio': 0.000436165248, 'change': '新进', 'shares': 8487}, {'name': '深圳金融租赁有限公司', 'rank': 44, 'ratio': 0.001093419561, 'change': '新进', 'shares': 21276}, {'name': '福田区福田实业公司', 'rank': 43, 'ratio': 0.0015, 'change': '新进', 'shares': 28638}, {'name': '深圳市凯虹实业股份有限公司', 'rank': 42, 'ratio': 0.0015, 'change': '新进', 'shares': 29088}, {'name': '深圳市特发通信发展公司', 'rank': 41, 'ratio': 0.0016, 'change': '新进', 'shares': 31464}, {'name': '深圳市草莆独树实业股份合作公司', 'rank': 40, 'ratio': 0.0022, 'change': '新进', 'shares': 42954}, {'name': '深圳市上沙实业股份有限公司', 'rank': 39, 'ratio': 0.0028, 'change': '新进', 'shares': 54545}]",[],0.0000,0,2026-06-06 04:40:28.015241+00:00
1193,000001,2025-09-30,453515,2.2400,"[{'name': '深圳南山区北头村民委员会', 'rank': 47, 'ratio': 0.0001, 'change': '新进', 'shares': 1197}, {'name': '深圳市福田区农业发展服务公司', 'rank': 46, 'ratio': 0.0002, 'change': '新进', 'shares': 3492}, {'name': '深圳市免税商品供应公司', 'rank': 46, 'ratio': 0.0002, 'change': '新进', 'shares': 3492}, {'name': '市旅游协会', 'rank': 45, 'ratio': 0.000436165248, 'change': '新进', 'shares': 8487}, {'name': '深圳金融租赁有限公司', 'rank': 44, 'ratio': 0.001093419561, 'change': '新进', 'shares': 21276}, {'name': '福田区福田实业公司', 'rank': 43, 'ratio': 0.0015, 'change': '新进', 'shares': 28638}, {'name': '深圳市凯虹实业股份有限公司', 'rank': 42, 'ratio': 0.0015, 'change': '新进', 'shares': 29088}, {'name': '深圳市特发通信发展公司', 'rank': 41, 'ratio': 0.0016, 'change': '新进', 'shares': 31464}, {'name': '深圳市草莆独树实业股份合作公司', 'rank': 40, 'ratio': 0.0022, 'change': '新进', 'shares': 42954}, {'name': '深圳市上沙实业股份有限公司', 'rank': 39, 'ratio': 0.0028, 'change': '新进', 'shares': 54545}]",[],0.0000,0,2026-06-06 04:40:28.015241+00:00
1194,000001,2025-06-30,443583,-12.0300,"[{'name': '深圳南山区北头村民委员会', 'rank': 47, 'ratio': 0.0001, 'change': '新进', 'shares': 1197}, {'name': '深圳市福田区农业发展服务公司', 'rank': 46, 'ratio': 0.0002, 'change': '新进', 'shares': 3492}, {'name': '深圳市免税商品供应公司', 'rank': 46, 'ratio': 0.0002, 'change': '新进', 'shares': 3492}, {'name': '市旅游协会', 'rank': 45, 'ratio': 0.000436165248, 'change': '新进', 'shares': 8487}, {'name': '深圳金融租赁有限公司', 'rank': 44, 'ratio': 0.001093419561, 'change': '新进', 'shares': 21276}, {'name': '福田区福田实业公司', 'rank': 43, 'ratio': 0.0015, 'change': '新进', 'shares': 28638}, {'name': '深圳市凯虹实业股份有限公司', 'rank': 42, 'ratio': 0.0015, 'change': '新进', 'shares': 29088}, {'name': '深圳市特发通信发展公司', 'rank': 41, 'ratio': 0.0016, 'change': '新进', 'shares': 31464}, {'name': '深圳市草莆独树实业股份合作公司', 'rank': 40, 'ratio': 0.0022, 'change': '新进', 'shares': 42954}, {'name': '深圳市上沙实业股份有限公司', 'rank': 39, 'ratio': 0.0028, 'change': '新进', 'shares': 54545}]",[],0.0000,0,2026-06-06 04:40:28.015241+00:00
1195,000001,2025-03-31,504267,5.0600,"[{'name': '深圳南山区北头村民委员会', 'rank': 47, 'ratio': 0.0001, 'change': '新进', 'shares': 1197}, {'name': '深圳市福田区农业发展服务公司', 'rank': 46, 'ratio': 0.0002, 'change': '新进', 'shares': 3492}, {'name': '深圳市免税商品供应公司', 'rank': 46, 'ratio': 0.0002, 'change': '新进', 'shares': 3492}, {'name': '市旅游协会', 'rank': 45, 'ratio': 0.000436165248, 'change': '新进', 'shares': 8487}, {'name': '深圳金融租赁有限公司', 'rank': 44, 'ratio': 0.001093419561, 'change': '新进', 'shares': 21276}, {'name': '福田区福田实业公司', 'rank': 43, 'ratio': 0.0015, 'change': '新进', 'shares': 28638}, {'name': '深圳市凯虹实业股份有限公司', 'rank': 42, 'ratio': 0.0015, 'change': '新进', 'shares': 29088}, {'name': '深圳市特发通信发展公司', 'rank': 41, 'ratio': 0.0016, 'change': '新进', 'shares': 31464}, {'name': '深圳市草莆独树实业股份合作公司', 'rank': 40, 'ratio': 0.0022, 'change': '新进', 'shares': 42954}, {'name': '深圳市上沙实业股份有限公司', 'rank': 39, 'ratio': 0.0028, 'change': '新进', 'shares': 54545}]",[],0.0000,0,2026-06-06 04:40:28.015241+00:00
1196,000001,2025-02-28,479969,-1.2900,"[{'name': '深圳南山区北头村民委员会', 'rank': 47, 'ratio': 0.0001, 'change': '新进', 'shares': 1197}, {'name': '深圳市福田区农业发展服务公司', 'rank': 46, 'ratio': 0.0002, 'change': '新进', 'shares': 3492}, {'name': '深圳市免税商品供应公司', 'rank': 46, 'ratio': 0.0002, 'change': '新进', 'shares': 3492}, {'name': '市旅游协会', 'rank': 45, 'ratio': 0.000436165248, 'change': '新进', 'shares': 8487}, {'name': '深圳金融租赁有限公司', 'rank': 44, 'ratio': 0.001093419561, 'change': '新进', 'shares': 21276}, {'name': '福田区福田实业公司', 'rank': 43, 'ratio': 0.0015, 'change': '新进', 'shares': 28638}, {'name': '深圳市凯虹实业股份有限公司', 'rank': 42, 'ratio': 0.0015, 'change': '新进', 'shares': 29088}, {'name': '深圳市特发通信发展公司', 'rank': 41, 'ratio': 0.0016, 'change': '新进', 'shares': 31464}, {'name': '深圳市草莆独树实业股份合作公司', 'rank': 40, 'ratio': 0.0022, 'change': '新进', 'shares': 42954}, {'name': '深圳市上沙实业股份有限公司', 'rank': 39, 'ratio': 0.0028, 'change': '新进', 'shares': 54545}]",[],0.0000,0,2026-06-06 04:40:28.015241+00:00
1197,000001,2024-12-31,486258,-6.0700,"[{'name': '深圳南山区北头村民委员会', 'rank': 47, 'ratio': 0.0001, 'change': '新进', 'shares': 1197}, {'name': '深圳市福田区农业发展服务公司', 'rank': 46, 'ratio': 0.0002, 'change': '新进', 'shares': 3492}, {'name': '深圳市免税商品供应公司', 'rank': 46, 'ratio': 0.0002, 'change': '新进', 'shares': 3492}, {'name': '市旅游协会', 'rank': 45, 'ratio': 0.000436165248, 'change': '新进', 'shares': 8487}, {'name': '深圳金融租赁有限公司', 'rank': 44, 'ratio': 0.001093419561, 'change': '新进', 'shares': 21276}, {'name': '福田区福田实业公司', 'rank': 43, 'ratio': 0.0015, 'change': '新进', 'shares': 28638}, {'name': '深圳市凯虹实业股份有限公司', 'rank': 42, 'ratio': 0.0015, 'change': '新进', 'shares': 29088}, {'name': '深圳市特发通信发展公司', 'rank': 41, 'ratio': 0.0016, 'change': '新进', 'shares': 31464}, {'name': '深圳市草莆独树实业股份合作公司', 'rank': 40, 'ratio': 0.0022, 'change': '新进', 'shares': 42954}, {'name': '深圳市上沙实业股份有限公司', 'rank': 39, 'ratio': 0.0028, 'change': '新进', 'shares': 54545}]",[],0.0000,0,2026-06-06 04:40:28.015241+00:00
1198,000001,2024-09-30,517695,-5.2600,"[{'name': '深圳南山区北头村民委员会', 'rank': 47, 'ratio': 0.0001, 'change': '新进', 'shares': 1197}, {'name': '深圳市福田区农业发展服务公司', 'rank': 46, 'ratio': 0.0002, 'change': '新进', 'shares': 3492}, {'name': '深圳市免税商品供应公司', 'rank': 46, 'ratio': 0.0002, 'change': '新进', 'shares': 3492}, {'name': '市旅游协会', 'rank': 45, 'ratio': 0.000436165248, 'change': '新进', 'shares': 8487}, {'name': '深圳金融租赁有限公司', 'rank': 44, 'ratio': 0.001093419561, 'change': '新进', 'shares': 21276}, {'name': '福田区福田实业公司', 'rank': 43, 'ratio': 0.0015, 'change': '新进', 'shares': 28638}, {'name': '深圳市凯虹实业股份有限公司', 'rank': 42, 'ratio': 0.0015, 'change': '新进', 'shares': 29088}, {'name': '深圳市特发通信发展公司', 'rank': 41, 'ratio': 0.0016, 'change': '新进', 'shares': 31464}, {'name': '深圳市草莆独树实业股份合作公司', 'rank': 40, 'ratio': 0.0022, 'change': '新进', 'shares': 42954}, {'name': '深圳市上沙实业股份有限公司', 'rank': 39, 'ratio': 0.0028, 'change': '新进', 'shares': 54545}]",[],0.0000,0,2026-06-06 04:40:28.015241+00:00
1199,000001,2024-06-30,546413,0.0000,"[{'name': '深圳南山区北头村民委员会', 'rank': 47, 'ratio': 0.0001, 'change': '新进', 'shares': 1197}, {'name': '深圳市福田区农业发展服务公司', 'rank': 46, 'ratio': 0.0002, 'change': '新进', 'shares': 3492}, {'name': '深圳市免税商品供应公司', 'rank': 46, 'ratio': 0.0002, 'change': '新进', 'shares': 3492}, {'name': '市旅游协会', 'rank': 45, 'ratio': 0.000436165248, 'change': '新进', 'shares': 8487}, {'name': '深圳金融租赁有限公司', 'rank': 44, 'ratio': 0.001093419561, 'change': '新进', 'shares': 21276}, {'name': '福田区福田实业公司', 'rank': 43, 'ratio': 0.0015, 'change': '新进', 'shares': 28638}, {'name': '深圳市凯虹实业股份有限公司', 'rank': 42, 'ratio': 0.0015, 'change': '新进', 'shares': 29088}, {'name': '深圳市特发通信发展公司', 'rank': 41, 'ratio': 0.0016, 'change': '新进', 'shares': 31464}, {'name': '深圳市草莆独树实业股份合作公司', 'rank': 40, 'ratio': 0.0022, 'change': '新进', 'shares': 42954}, {'name': '深圳市上沙实业股份有限公司', 'rank': 39, 'ratio': 0.0028, 'change': '新进', 'shares': 54545}]",[],0.0000,0,2026-06-06 04:40:28.015241+00:00
1270,000010,2026-03-31,38357,1.1200,"[{'name': '北京快译思翻译中心', 'rank': 14, 'ratio': 0.01, 'change': '新进', 'shares': 45811}, {'name': '北京快译思翻译中心', 'rank': 13, 'ratio': 0.02, 'change': '新进', 'shares': 25760}, {'name': '北京快译思翻译中心', 'rank': 13, 'ratio': 0.02, 'change': '新进', 'shares': 25760}, {'name': '上海平杰投资咨询有限公司', 'rank': 12, 'ratio': 0.26, 'change': '新进', 'shares': 387072}, {'name': '青岛纺联集团八棉有限公司', 'rank': 12, 'ratio': 0.16, 'change': '新进', 'shares': 917818}, {'name': '青岛纺联集团八棉有限公司', 'rank': 11, 'ratio': 0.35, 'change': '新进', 'shares': 516096}, {'name': '深圳市众业经济发展中心', 'rank': 11, 'ratio': 0.4, 'change': '新进', 'shares': 582400}, {'name': '青岛纺联集团八棉有限公司', 'rank': 11, 'ratio': 0.35, 'change': '新进', 'shares': 516096}, {'name': '深圳中健实业有限公司', 'rank': 11, 'ratio': 0.17, 'change': '新进', 'shares': 989920}, {'name': '重庆贝信电子信息创业投资基金合伙企业(有限合伙)', 'rank': 10, 'ratio': 0.72, 'change': '新进', 'shares': 5057803}]",[],0.0000,0,2026-06-06 04:49:14.116271+00:00
1271,000010,2025-12-31,37934,9.1100,"[{'name': '北京快译思翻译中心', 'rank': 14, 'ratio': 0.01, 'change': '新进', 'shares': 45811}, {'name': '北京快译思翻译中心', 'rank': 13, 'ratio': 0.02, 'change': '新进', 'shares': 25760}, {'name': '北京快译思翻译中心', 'rank': 13, 'ratio': 0.02, 'change': '新进', 'shares': 25760}, {'name': '上海平杰投资咨询有限公司', 'rank': 12, 'ratio': 0.26, 'change': '新进', 'shares': 387072}, {'name': '青岛纺联集团八棉有限公司', 'rank': 12, 'ratio': 0.16, 'change': '新进', 'shares': 917818}, {'name': '青岛纺联集团八棉有限公司', 'rank': 11, 'ratio': 0.35, 'change': '新进', 'shares': 516096}, {'name': '深圳市众业经济发展中心', 'rank': 11, 'ratio': 0.4, 'change': '新进', 'shares': 582400}, {'name': '青岛纺联集团八棉有限公司', 'rank': 11, 'ratio': 0.35, 'change': '新进', 'shares': 516096}, {'name': '深圳中健实业有限公司', 'rank': 11, 'ratio': 0.17, 'change': '新进', 'shares': 989920}, {'name': '重庆贝信电子信息创业投资基金合伙企业(有限合伙)', 'rank': 10, 'ratio': 0.72, 'change': '新进', 'shares': 5057803}]",[],0.0000,0,2026-06-06 04:49:14.116271+00:00
1293,000012,2026-04-30,128651,-0.5300,"[{'name': '哈尔滨市文华印刷厂', 'rank': 25, 'ratio': 0.0007, 'change': '新进', 'shares': 7500}, {'name': '哈尔滨市潇昕咨询有限责任公司', 'rank': 25, 'ratio': 0.0007, 'change': '新进', 'shares': 7500}, {'name': '哈尔滨太昊信息咨询有限责任公司', 'rank': 24, 'ratio': 0.0015, 'change': '新进', 'shares': 15000}, {'name': '上海惠桥建筑装潢材料有限公司', 'rank': 23, 'ratio': 0.003, 'change': '新进', 'shares': 30000}, {'name': '南京科环通信设备有限公司', 'rank': 23, 'ratio': 0.003, 'change': '新进', 'shares': 30000}, {'name': '海南利阳科技开发有限公司', 'rank': 23, 'ratio': 0.003, 'change': '新进', 'shares': 30000}, {'name': '海门市恒发金属材料有限公司', 'rank': 23, 'ratio': 0.002954317029, 'change': '新进', 'shares': 30000}, {'name': '上海灵感经贸发展有限公司', 'rank': 23, 'ratio': 0.003, 'change': '新进', 'shares': 30000}, {'name': '上海骏夏百货商店', 'rank': 23, 'ratio': 0.002954317029, 'change': '新进', 'shares': 30000}, {'name': '上海云霞礼品经营部', 'rank': 22, 'ratio': 0.004431475544, 'change': '新进', 'shares': 45000}]",[],0.0000,0,2026-06-06 04:49:14.116271+00:00
1273,000010,2025-06-30,34151,-10.3200,"[{'name': '北京快译思翻译中心', 'rank': 14, 'ratio': 0.01, 'change': '新进', 'shares': 45811}, {'name': '北京快译思翻译中心', 'rank': 13, 'ratio': 0.02, 'change': '新进', 'shares': 25760}, {'name': '北京快译思翻译中心', 'rank': 13, 'ratio': 0.02, 'change': '新进', 'shares': 25760}, {'name': '上海平杰投资咨询有限公司', 'rank': 12, 'ratio': 0.26, 'change': '新进', 'shares': 387072}, {'name': '青岛纺联集团八棉有限公司', 'rank': 12, 'ratio': 0.16, 'change': '新进', 'shares': 917818}, {'name': '青岛纺联集团八棉有限公司', 'rank': 11, 'ratio': 0.35, 'change': '新进', 'shares': 516096}, {'name': '深圳市众业经济发展中心', 'rank': 11, 'ratio': 0.4, 'change': '新进', 'shares': 582400}, {'name': '青岛纺联集团八棉有限公司', 'rank': 11, 'ratio': 0.35, 'change': '新进', 'shares': 516096}, {'name': '深圳中健实业有限公司', 'rank': 11, 'ratio': 0.17, 'change': '新进', 'shares': 989920}, {'name': '重庆贝信电子信息创业投资基金合伙企业(有限合伙)', 'rank': 10, 'ratio': 0.72, 'change': '新进', 'shares': 5057803}]",[],0.0000,0,2026-06-06 04:49:14.116271+00:00
1274,000010,2025-03-31,38081,-13.5400,"[{'name': '北京快译思翻译中心', 'rank': 14, 'ratio': 0.01, 'change': '新进', 'shares': 45811}, {'name': '北京快译思翻译中心', 'rank': 13, 'ratio': 0.02, 'change': '新进', 'shares': 25760}, {'name': '北京快译思翻译中心', 'rank': 13, 'ratio': 0.02, 'change': '新进', 'shares': 25760}, {'name': '上海平杰投资咨询有限公司', 'rank': 12, 'ratio': 0.26, 'change': '新进', 'shares': 387072}, {'name': '青岛纺联集团八棉有限公司', 'rank': 12, 'ratio': 0.16, 'change': '新进', 'shares': 917818}, {'name': '青岛纺联集团八棉有限公司', 'rank': 11, 'ratio': 0.35, 'change': '新进', 'shares': 516096}, {'name': '深圳市众业经济发展中心', 'rank': 11, 'ratio': 0.4, 'change': '新进', 'shares': 582400}, {'name': '青岛纺联集团八棉有限公司', 'rank': 11, 'ratio': 0.35, 'change': '新进', 'shares': 516096}, {'name': '深圳中健实业有限公司', 'rank': 11, 'ratio': 0.17, 'change': '新进', 'shares': 989920}, {'name': '重庆贝信电子信息创业投资基金合伙企业(有限合伙)', 'rank': 10, 'ratio': 0.72, 'change': '新进', 'shares': 5057803}]",[],0.0000,0,2026-06-06 04:49:14.116271+00:00
1275,000010,2024-12-31,44047,2.4800,"[{'name': '北京快译思翻译中心', 'rank': 14, 'ratio': 0.01, 'change': '新进', 'shares': 45811}, {'name': '北京快译思翻译中心', 'rank': 13, 'ratio': 0.02, 'change': '新进', 'shares': 25760}, {'name': '北京快译思翻译中心', 'rank': 13, 'ratio': 0.02, 'change': '新进', 'shares': 25760}, {'name': '上海平杰投资咨询有限公司', 'rank': 12, 'ratio': 0.26, 'change': '新进', 'shares': 387072}, {'name': '青岛纺联集团八棉有限公司', 'rank': 12, 'ratio': 0.16, 'change': '新进', 'shares': 917818}, {'name': '青岛纺联集团八棉有限公司', 'rank': 11, 'ratio': 0.35, 'change': '新进', 'shares': 516096}, {'name': '深圳市众业经济发展中心', 'rank': 11, 'ratio': 0.4, 'change': '新进', 'shares': 582400}, {'name': '青岛纺联集团八棉有限公司', 'rank': 11, 'ratio': 0.35, 'change': '新进', 'shares': 516096}, {'name': '深圳中健实业有限公司', 'rank': 11, 'ratio': 0.17, 'change': '新进', 'shares': 989920}, {'name': '重庆贝信电子信息创业投资基金合伙企业(有限合伙)', 'rank': 10, 'ratio': 0.72, 'change': '新进', 'shares': 5057803}]",[],0.0000,0,2026-06-06 04:49:14.116271+00:00
1276,000010,2024-09-30,42981,-15.4900,"[{'name': '北京快译思翻译中心', 'rank': 14, 'ratio': 0.01, 'change': '新进', 'shares': 45811}, {'name': '北京快译思翻译中心', 'rank': 13, 'ratio': 0.02, 'change': '新进', 'shares': 25760}, {'name': '北京快译思翻译中心', 'rank': 13, 'ratio': 0.02, 'change': '新进', 'shares': 25760}, {'name': '上海平杰投资咨询有限公司', 'rank': 12, 'ratio': 0.26, 'change': '新进', 'shares': 387072}, {'name': '青岛纺联集团八棉有限公司', 'rank': 12, 'ratio': 0.16, 'change': '新进', 'shares': 917818}, {'name': '青岛纺联集团八棉有限公司', 'rank': 11, 'ratio': 0.35, 'change': '新进', 'shares': 516096}, {'name': '深圳市众业经济发展中心', 'rank': 11, 'ratio': 0.4, 'change': '新进', 'shares': 582400}, {'name': '青岛纺联集团八棉有限公司', 'rank': 11, 'ratio': 0.35, 'change': '新进', 'shares': 516096}, {'name': '深圳中健实业有限公司', 'rank': 11, 'ratio': 0.17, 'change': '新进', 'shares': 989920}, {'name': '重庆贝信电子信息创业投资基金合伙企业(有限合伙)', 'rank': 10, 'ratio': 0.72, 'change': '新进', 'shares': 5057803}]",[],0.0000,0,2026-06-06 04:49:14.116271+00:00
1277,000010,2024-06-30,50857,4.2700,"[{'name': '北京快译思翻译中心', 'rank': 14, 'ratio': 0.01, 'change': '新进', 'shares': 45811}, {'name': '北京快译思翻译中心', 'rank': 13, 'ratio': 0.02, 'change': '新进', 'shares': 25760}, {'name': '北京快译思翻译中心', 'rank': 13, 'ratio': 0.02, 'change': '新进', 'shares': 25760}, {'name': '上海平杰投资咨询有限公司', 'rank': 12, 'ratio': 0.26, 'change': '新进', 'shares': 387072}, {'name': '青岛纺联集团八棉有限公司', 'rank': 12, 'ratio': 0.16, 'change': '新进', 'shares': 917818}, {'name': '青岛纺联集团八棉有限公司', 'rank': 11, 'ratio': 0.35, 'change': '新进', 'shares': 516096}, {'name': '深圳市众业经济发展中心', 'rank': 11, 'ratio': 0.4, 'change': '新进', 'shares': 582400}, {'name': '青岛纺联集团八棉有限公司', 'rank': 11, 'ratio': 0.35, 'change': '新进', 'shares': 516096}, {'name': '深圳中健实业有限公司', 'rank': 11, 'ratio': 0.17, 'change': '新进', 'shares': 989920}, {'name': '重庆贝信电子信息创业投资基金合伙企业(有限合伙)', 'rank': 10, 'ratio': 0.72, 'change': '新进', 'shares': 5057803}]",[],0.0000,0,2026-06-06 04:49:14.116271+00:00
1278,000010,2024-03-31,48774,3.9700,"[{'name': '北京快译思翻译中心', 'rank': 14, 'ratio': 0.01, 'change': '新进', 'shares': 45811}, {'name': '北京快译思翻译中心', 'rank': 13, 'ratio': 0.02, 'change': '新进', 'shares': 25760}, {'name': '北京快译思翻译中心', 'rank': 13, 'ratio': 0.02, 'change': '新进', 'shares': 25760}, {'name': '上海平杰投资咨询有限公司', 'rank': 12, 'ratio': 0.26, 'change': '新进', 'shares': 387072}, {'name': '青岛纺联集团八棉有限公司', 'rank': 12, 'ratio': 0.16, 'change': '新进', 'shares': 917818}, {'name': '青岛纺联集团八棉有限公司', 'rank': 11, 'ratio': 0.35, 'change': '新进', 'shares': 516096}, {'name': '深圳市众业经济发展中心', 'rank': 11, 'ratio': 0.4, 'change': '新进', 'shares': 582400}, {'name': '青岛纺联集团八棉有限公司', 'rank': 11, 'ratio': 0.35, 'change': '新进', 'shares': 516096}, {'name': '深圳中健实业有限公司', 'rank': 11, 'ratio': 0.17, 'change': '新进', 'shares': 989920}, {'name': '重庆贝信电子信息创业投资基金合伙企业(有限合伙)', 'rank': 10, 'ratio': 0.72, 'change': '新进', 'shares': 5057803}]",[],0.0000,0,2026-06-06 04:49:14.116271+00:00
1279,000010,2023-12-31,46910,0.0000,"[{'name': '北京快译思翻译中心', 'rank': 14, 'ratio': 0.01, 'change': '新进', 'shares': 45811}, {'name': '北京快译思翻译中心', 'rank': 13, 'ratio': 0.02, 'change': '新进', 'shares': 25760}, {'name': '北京快译思翻译中心', 'rank': 13, 'ratio': 0.02, 'change': '新进', 'shares': 25760}, {'name': '上海平杰投资咨询有限公司', 'rank': 12, 'ratio': 0.26, 'change': '新进', 'shares': 387072}, {'name': '青岛纺联集团八棉有限公司', 'rank': 12, 'ratio': 0.16, 'change': '新进', 'shares': 917818}, {'name': '青岛纺联集团八棉有限公司', 'rank': 11, 'ratio': 0.35, 'change': '新进', 'shares': 516096}, {'name': '深圳市众业经济发展中心', 'rank': 11, 'ratio': 0.4, 'change': '新进', 'shares': 582400}, {'name': '青岛纺联集团八棉有限公司', 'rank': 11, 'ratio': 0.35, 'change': '新进', 'shares': 516096}, {'name': '深圳中健实业有限公司', 'rank': 11, 'ratio': 0.17, 'change': '新进', 'shares': 989920}, {'name': '重庆贝信电子信息创业投资基金合伙企业(有限合伙)', 'rank': 10, 'ratio': 0.72, 'change': '新进', 'shares': 5057803}]",[],0.0000,0,2026-06-06 04:49:14.116271+00:00
1280,000011,2026-03-31,33703,-2.1800,"[{'name': '上海睿欧经贸发展有限公司', 'rank': 17, 'ratio': 0.0061, 'change': '新进', 'shares': 33000}, {'name': '上海睿欧经贸发展有限公司', 'rank': 17, 'ratio': 0.0061, 'change': '新进', 'shares': 33000}, {'name': '上海睿欧经贸发展有限公司', 'rank': 17, 'ratio': 0.006, 'change': '', 'shares': 33000}, {'name': '深圳市华南投资开发股份有限公司', 'rank': 14, 'ratio': 0.009, 'change': '新进', 'shares': 49854}, {'name': '深圳市龙岗区昌盛实业有限公司', 'rank': 14, 'ratio': 0.0092, 'change': '新进', 'shares': 49854}, {'name': '深圳市华南投资开发股份有限公司', 'rank': 14, 'ratio': 0.0092, 'change': '新进', 'shares': 49854}, {'name': '温岭市质量管理协会', 'rank': 14, 'ratio': 0.009, 'change': '', 'shares': 49854}, {'name': '深圳市龙岗区昌盛实业有限公司', 'rank': 14, 'ratio': 0.009, 'change': '', 'shares': 49854}, {'name': '深圳市华南投资开发股份有限公司', 'rank': 14, 'ratio': 0.009, 'change': '', 'shares': 49854}, {'name': '温岭市质量管理协会', 'rank': 14, 'ratio': 0.009, 'change': '新进', 'shares': 49854}]",[],0.0000,0,2026-06-06 04:49:14.116271+00:00
1281,000011,2026-02-28,34455,-1.1500,"[{'name': '上海睿欧经贸发展有限公司', 'rank': 17, 'ratio': 0.0061, 'change': '新进', 'shares': 33000}, {'name': '上海睿欧经贸发展有限公司', 'rank': 17, 'ratio': 0.0061, 'change': '新进', 'shares': 33000}, {'name': '上海睿欧经贸发展有限公司', 'rank': 17, 'ratio': 0.006, 'change': '', 'shares': 33000}, {'name': '深圳市华南投资开发股份有限公司', 'rank': 14, 'ratio': 0.009, 'change': '新进', 'shares': 49854}, {'name': '深圳市龙岗区昌盛实业有限公司', 'rank': 14, 'ratio': 0.0092, 'change': '新进', 'shares': 49854}, {'name': '深圳市华南投资开发股份有限公司', 'rank': 14, 'ratio': 0.0092, 'change': '新进', 'shares': 49854}, {'name': '温岭市质量管理协会', 'rank': 14, 'ratio': 0.009, 'change': '', 'shares': 49854}, {'name': '深圳市龙岗区昌盛实业有限公司', 'rank': 14, 'ratio': 0.009, 'change': '', 'shares': 49854}, {'name': '深圳市华南投资开发股份有限公司', 'rank': 14, 'ratio': 0.009, 'change': '', 'shares': 49854}, {'name': '温岭市质量管理协会', 'rank': 14, 'ratio': 0.009, 'change': '新进', 'shares': 49854}]",[],0.0000,0,2026-06-06 04:49:14.116271+00:00
1282,000011,2025-12-31,34855,-6.4900,"[{'name': '上海睿欧经贸发展有限公司', 'rank': 17, 'ratio': 0.0061, 'change': '新进', 'shares': 33000}, {'name': '上海睿欧经贸发展有限公司', 'rank': 17, 'ratio': 0.0061, 'change': '新进', 'shares': 33000}, {'name': '上海睿欧经贸发展有限公司', 'rank': 17, 'ratio': 0.006, 'change': '', 'shares': 33000}, {'name': '深圳市华南投资开发股份有限公司', 'rank': 14, 'ratio': 0.009, 'change': '新进', 'shares': 49854}, {'name': '深圳市龙岗区昌盛实业有限公司', 'rank': 14, 'ratio': 0.0092, 'change': '新进', 'shares': 49854}, {'name': '深圳市华南投资开发股份有限公司', 'rank': 14, 'ratio': 0.0092, 'change': '新进', 'shares': 49854}, {'name': '温岭市质量管理协会', 'rank': 14, 'ratio': 0.009, 'change': '', 'shares': 49854}, {'name': '深圳市龙岗区昌盛实业有限公司', 'rank': 14, 'ratio': 0.009, 'change': '', 'shares': 49854}, {'name': '深圳市华南投资开发股份有限公司', 'rank': 14, 'ratio': 0.009, 'change': '', 'shares': 49854}, {'name': '温岭市质量管理协会', 'rank': 14, 'ratio': 0.009, 'change': '新进', 'shares': 49854}]",[],0.0000,0,2026-06-06 04:49:14.116271+00:00
1283,000011,2025-09-30,37276,4.8900,"[{'name': '上海睿欧经贸发展有限公司', 'rank': 17, 'ratio': 0.0061, 'change': '新进', 'shares': 33000}, {'name': '上海睿欧经贸发展有限公司', 'rank': 17, 'ratio': 0.0061, 'change': '新进', 'shares': 33000}, {'name': '上海睿欧经贸发展有限公司', 'rank': 17, 'ratio': 0.006, 'change': '', 'shares': 33000}, {'name': '深圳市华南投资开发股份有限公司', 'rank': 14, 'ratio': 0.009, 'change': '新进', 'shares': 49854}, {'name': '深圳市龙岗区昌盛实业有限公司', 'rank': 14, 'ratio': 0.0092, 'change': '新进', 'shares': 49854}, {'name': '深圳市华南投资开发股份有限公司', 'rank': 14, 'ratio': 0.0092, 'change': '新进', 'shares': 49854}, {'name': '温岭市质量管理协会', 'rank': 14, 'ratio': 0.009, 'change': '', 'shares': 49854}, {'name': '深圳市龙岗区昌盛实业有限公司', 'rank': 14, 'ratio': 0.009, 'change': '', 'shares': 49854}, {'name': '深圳市华南投资开发股份有限公司', 'rank': 14, 'ratio': 0.009, 'change': '', 'shares': 49854}, {'name': '温岭市质量管理协会', 'rank': 14, 'ratio': 0.009, 'change': '新进', 'shares': 49854}]",[],0.0000,0,2026-06-06 04:49:14.116271+00:00
1284,000011,2025-06-30,35537,-2.1800,"[{'name': '上海睿欧经贸发展有限公司', 'rank': 17, 'ratio': 0.0061, 'change': '新进', 'shares': 33000}, {'name': '上海睿欧经贸发展有限公司', 'rank': 17, 'ratio': 0.0061, 'change': '新进', 'shares': 33000}, {'name': '上海睿欧经贸发展有限公司', 'rank': 17, 'ratio': 0.006, 'change': '', 'shares': 33000}, {'name': '深圳市华南投资开发股份有限公司', 'rank': 14, 'ratio': 0.009, 'change': '新进', 'shares': 49854}, {'name': '深圳市龙岗区昌盛实业有限公司', 'rank': 14, 'ratio': 0.0092, 'change': '新进', 'shares': 49854}, {'name': '深圳市华南投资开发股份有限公司', 'rank': 14, 'ratio': 0.0092, 'change': '新进', 'shares': 49854}, {'name': '温岭市质量管理协会', 'rank': 14, 'ratio': 0.009, 'change': '', 'shares': 49854}, {'name': '深圳市龙岗区昌盛实业有限公司', 'rank': 14, 'ratio': 0.009, 'change': '', 'shares': 49854}, {'name': '深圳市华南投资开发股份有限公司', 'rank': 14, 'ratio': 0.009, 'change': '', 'shares': 49854}, {'name': '温岭市质量管理协会', 'rank': 14, 'ratio': 0.009, 'change': '新进', 'shares': 49854}]",[],0.0000,0,2026-06-06 04:49:14.116271+00:00
1285,000011,2025-03-31,36330,-0.6500,"[{'name': '上海睿欧经贸发展有限公司', 'rank': 17, 'ratio': 0.0061, 'change': '新进', 'shares': 33000}, {'name': '上海睿欧经贸发展有限公司', 'rank': 17, 'ratio': 0.0061, 'change': '新进', 'shares': 33000}, {'name': '上海睿欧经贸发展有限公司', 'rank': 17, 'ratio': 0.006, 'change': '', 'shares': 33000}, {'name': '深圳市华南投资开发股份有限公司', 'rank': 14, 'ratio': 0.009, 'change': '新进', 'shares': 49854}, {'name': '深圳市龙岗区昌盛实业有限公司', 'rank': 14, 'ratio': 0.0092, 'change': '新进', 'shares': 49854}, {'name': '深圳市华南投资开发股份有限公司', 'rank': 14, 'ratio': 0.0092, 'change': '新进', 'shares': 49854}, {'name': '温岭市质量管理协会', 'rank': 14, 'ratio': 0.009, 'change': '', 'shares': 49854}, {'name': '深圳市龙岗区昌盛实业有限公司', 'rank': 14, 'ratio': 0.009, 'change': '', 'shares': 49854}, {'name': '深圳市华南投资开发股份有限公司', 'rank': 14, 'ratio': 0.009, 'change': '', 'shares': 49854}, {'name': '温岭市质量管理协会', 'rank': 14, 'ratio': 0.009, 'change': '新进', 'shares': 49854}]",[],0.0000,0,2026-06-06 04:49:14.116271+00:00
1286,000011,2025-02-28,36568,-0.8300,"[{'name': '上海睿欧经贸发展有限公司', 'rank': 17, 'ratio': 0.0061, 'change': '新进', 'shares': 33000}, {'name': '上海睿欧经贸发展有限公司', 'rank': 17, 'ratio': 0.0061, 'change': '新进', 'shares': 33000}, {'name': '上海睿欧经贸发展有限公司', 'rank': 17, 'ratio': 0.006, 'change': '', 'shares': 33000}, {'name': '深圳市华南投资开发股份有限公司', 'rank': 14, 'ratio': 0.009, 'change': '新进', 'shares': 49854}, {'name': '深圳市龙岗区昌盛实业有限公司', 'rank': 14, 'ratio': 0.0092, 'change': '新进', 'shares': 49854}, {'name': '深圳市华南投资开发股份有限公司', 'rank': 14, 'ratio': 0.0092, 'change': '新进', 'shares': 49854}, {'name': '温岭市质量管理协会', 'rank': 14, 'ratio': 0.009, 'change': '', 'shares': 49854}, {'name': '深圳市龙岗区昌盛实业有限公司', 'rank': 14, 'ratio': 0.009, 'change': '', 'shares': 49854}, {'name': '深圳市华南投资开发股份有限公司', 'rank': 14, 'ratio': 0.009, 'change': '', 'shares': 49854}, {'name': '温岭市质量管理协会', 'rank': 14, 'ratio': 0.009, 'change': '新进', 'shares': 49854}]",[],0.0000,0,2026-06-06 04:49:14.116271+00:00
1287,000011,2024-12-31,36875,-9.3700,"[{'name': '上海睿欧经贸发展有限公司', 'rank': 17, 'ratio': 0.0061, 'change': '新进', 'shares': 33000}, {'name': '上海睿欧经贸发展有限公司', 'rank': 17, 'ratio': 0.0061, 'change': '新进', 'shares': 33000}, {'name': '上海睿欧经贸发展有限公司', 'rank': 17, 'ratio': 0.006, 'change': '', 'shares': 33000}, {'name': '深圳市华南投资开发股份有限公司', 'rank': 14, 'ratio': 0.009, 'change': '新进', 'shares': 49854}, {'name': '深圳市龙岗区昌盛实业有限公司', 'rank': 14, 'ratio': 0.0092, 'change': '新进', 'shares': 49854}, {'name': '深圳市华南投资开发股份有限公司', 'rank': 14, 'ratio': 0.0092, 'change': '新进', 'shares': 49854}, {'name': '温岭市质量管理协会', 'rank': 14, 'ratio': 0.009, 'change': '', 'shares': 49854}, {'name': '深圳市龙岗区昌盛实业有限公司', 'rank': 14, 'ratio': 0.009, 'change': '', 'shares': 49854}, {'name': '深圳市华南投资开发股份有限公司', 'rank': 14, 'ratio': 0.009, 'change': '', 'shares': 49854}, {'name': '温岭市质量管理协会', 'rank': 14, 'ratio': 0.009, 'change': '新进', 'shares': 49854}]",[],0.0000,0,2026-06-06 04:49:14.116271+00:00
1288,000011,2024-09-30,40688,6.4000,"[{'name': '上海睿欧经贸发展有限公司', 'rank': 17, 'ratio': 0.0061, 'change': '新进', 'shares': 33000}, {'name': '上海睿欧经贸发展有限公司', 'rank': 17, 'ratio': 0.0061, 'change': '新进', 'shares': 33000}, {'name': '上海睿欧经贸发展有限公司', 'rank': 17, 'ratio': 0.006, 'change': '', 'shares': 33000}, {'name': '深圳市华南投资开发股份有限公司', 'rank': 14, 'ratio': 0.009, 'change': '新进', 'shares': 49854}, {'name': '深圳市龙岗区昌盛实业有限公司', 'rank': 14, 'ratio': 0.0092, 'change': '新进', 'shares': 49854}, {'name': '深圳市华南投资开发股份有限公司', 'rank': 14, 'ratio': 0.0092, 'change': '新进', 'shares': 49854}, {'name': '温岭市质量管理协会', 'rank': 14, 'ratio': 0.009, 'change': '', 'shares': 49854}, {'name': '深圳市龙岗区昌盛实业有限公司', 'rank': 14, 'ratio': 0.009, 'change': '', 'shares': 49854}, {'name': '深圳市华南投资开发股份有限公司', 'rank': 14, 'ratio': 0.009, 'change': '', 'shares': 49854}, {'name': '温岭市质量管理协会', 'rank': 14, 'ratio': 0.009, 'change': '新进', 'shares': 49854}]",[],0.0000,0,2026-06-06 04:49:14.116271+00:00
1289,000011,2024-06-30,38242,0.0000,"[{'name': '上海睿欧经贸发展有限公司', 'rank': 17, 'ratio': 0.0061, 'change': '新进', 'shares': 33000}, {'name': '上海睿欧经贸发展有限公司', 'rank': 17, 'ratio': 0.0061, 'change': '新进', 'shares': 33000}, {'name': '上海睿欧经贸发展有限公司', 'rank': 17, 'ratio': 0.006, 'change': '', 'shares': 33000}, {'name': '深圳市华南投资开发股份有限公司', 'rank': 14, 'ratio': 0.009, 'change': '新进', 'shares': 49854}, {'name': '深圳市龙岗区昌盛实业有限公司', 'rank': 14, 'ratio': 0.0092, 'change': '新进', 'shares': 49854}, {'name': '深圳市华南投资开发股份有限公司', 'rank': 14, 'ratio': 0.0092, 'change': '新进', 'shares': 49854}, {'name': '温岭市质量管理协会', 'rank': 14, 'ratio': 0.009, 'change': '', 'shares': 49854}, {'name': '深圳市龙岗区昌盛实业有限公司', 'rank': 14, 'ratio': 0.009, 'change': '', 'shares': 49854}, {'name': '深圳市华南投资开发股份有限公司', 'rank': 14, 'ratio': 0.009, 'change': '', 'shares': 49854}, {'name': '温岭市质量管理协会', 'rank': 14, 'ratio': 0.009, 'change': '新进', 'shares': 49854}]",[],0.0000,0,2026-06-06 04:49:14.116271+00:00
1290,000012,2026-05-29,136465,6.5900,"[{'name': '哈尔滨市文华印刷厂', 'rank': 25, 'ratio': 0.0007, 'change': '新进', 'shares': 7500}, {'name': '哈尔滨市潇昕咨询有限责任公司', 'rank': 25, 'ratio': 0.0007, 'change': '新进', 'shares': 7500}, {'name': '哈尔滨太昊信息咨询有限责任公司', 'rank': 24, 'ratio': 0.0015, 'change': '新进', 'shares': 15000}, {'name': '上海惠桥建筑装潢材料有限公司', 'rank': 23, 'ratio': 0.003, 'change': '新进', 'shares': 30000}, {'name': '南京科环通信设备有限公司', 'rank': 23, 'ratio': 0.003, 'change': '新进', 'shares': 30000}, {'name': '海南利阳科技开发有限公司', 'rank': 23, 'ratio': 0.003, 'change': '新进', 'shares': 30000}, {'name': '海门市恒发金属材料有限公司', 'rank': 23, 'ratio': 0.002954317029, 'change': '新进', 'shares': 30000}, {'name': '上海灵感经贸发展有限公司', 'rank': 23, 'ratio': 0.003, 'change': '新进', 'shares': 30000}, {'name': '上海骏夏百货商店', 'rank': 23, 'ratio': 0.002954317029, 'change': '新进', 'shares': 30000}, {'name': '上海云霞礼品经营部', 'rank': 22, 'ratio': 0.004431475544, 'change': '新进', 'shares': 45000}]",[],0.0000,0,2026-06-06 04:49:14.116271+00:00
1291,000012,2026-05-20,128024,-0.4700,"[{'name': '哈尔滨市文华印刷厂', 'rank': 25, 'ratio': 0.0007, 'change': '新进', 'shares': 7500}, {'name': '哈尔滨市潇昕咨询有限责任公司', 'rank': 25, 'ratio': 0.0007, 'change': '新进', 'shares': 7500}, {'name': '哈尔滨太昊信息咨询有限责任公司', 'rank': 24, 'ratio': 0.0015, 'change': '新进', 'shares': 15000}, {'name': '上海惠桥建筑装潢材料有限公司', 'rank': 23, 'ratio': 0.003, 'change': '新进', 'shares': 30000}, {'name': '南京科环通信设备有限公司', 'rank': 23, 'ratio': 0.003, 'change': '新进', 'shares': 30000}, {'name': '海南利阳科技开发有限公司', 'rank': 23, 'ratio': 0.003, 'change': '新进', 'shares': 30000}, {'name': '海门市恒发金属材料有限公司', 'rank': 23, 'ratio': 0.002954317029, 'change': '新进', 'shares': 30000}, {'name': '上海灵感经贸发展有限公司', 'rank': 23, 'ratio': 0.003, 'change': '新进', 'shares': 30000}, {'name': '上海骏夏百货商店', 'rank': 23, 'ratio': 0.002954317029, 'change': '新进', 'shares': 30000}, {'name': '上海云霞礼品经营部', 'rank': 22, 'ratio': 0.004431475544, 'change': '新进', 'shares': 45000}]",[],0.0000,0,2026-06-06 04:49:14.116271+00:00
1292,000012,2026-05-08,128625,-0.0200,"[{'name': '哈尔滨市文华印刷厂', 'rank': 25, 'ratio': 0.0007, 'change': '新进', 'shares': 7500}, {'name': '哈尔滨市潇昕咨询有限责任公司', 'rank': 25, 'ratio': 0.0007, 'change': '新进', 'shares': 7500}, {'name': '哈尔滨太昊信息咨询有限责任公司', 'rank': 24, 'ratio': 0.0015, 'change': '新进', 'shares': 15000}, {'name': '上海惠桥建筑装潢材料有限公司', 'rank': 23, 'ratio': 0.003, 'change': '新进', 'shares': 30000}, {'name': '南京科环通信设备有限公司', 'rank': 23, 'ratio': 0.003, 'change': '新进', 'shares': 30000}, {'name': '海南利阳科技开发有限公司', 'rank': 23, 'ratio': 0.003, 'change': '新进', 'shares': 30000}, {'name': '海门市恒发金属材料有限公司', 'rank': 23, 'ratio': 0.002954317029, 'change': '新进', 'shares': 30000}, {'name': '上海灵感经贸发展有限公司', 'rank': 23, 'ratio': 0.003, 'change': '新进', 'shares': 30000}, {'name': '上海骏夏百货商店', 'rank': 23, 'ratio': 0.002954317029, 'change': '新进', 'shares': 30000}, {'name': '上海云霞礼品经营部', 'rank': 22, 'ratio': 0.004431475544, 'change': '新进', 'shares': 45000}]",[],0.0000,0,2026-06-06 04:49:14.116271+00:00
1294,000012,2026-04-20,129338,-0.2800,"[{'name': '哈尔滨市文华印刷厂', 'rank': 25, 'ratio': 0.0007, 'change': '新进', 'shares': 7500}, {'name': '哈尔滨市潇昕咨询有限责任公司', 'rank': 25, 'ratio': 0.0007, 'change': '新进', 'shares': 7500}, {'name': '哈尔滨太昊信息咨询有限责任公司', 'rank': 24, 'ratio': 0.0015, 'change': '新进', 'shares': 15000}, {'name': '上海惠桥建筑装潢材料有限公司', 'rank': 23, 'ratio': 0.003, 'change': '新进', 'shares': 30000}, {'name': '南京科环通信设备有限公司', 'rank': 23, 'ratio': 0.003, 'change': '新进', 'shares': 30000}, {'name': '海南利阳科技开发有限公司', 'rank': 23, 'ratio': 0.003, 'change': '新进', 'shares': 30000}, {'name': '海门市恒发金属材料有限公司', 'rank': 23, 'ratio': 0.002954317029, 'change': '新进', 'shares': 30000}, {'name': '上海灵感经贸发展有限公司', 'rank': 23, 'ratio': 0.003, 'change': '新进', 'shares': 30000}, {'name': '上海骏夏百货商店', 'rank': 23, 'ratio': 0.002954317029, 'change': '新进', 'shares': 30000}, {'name': '上海云霞礼品经营部', 'rank': 22, 'ratio': 0.004431475544, 'change': '新进', 'shares': 45000}]",[],0.0000,0,2026-06-06 04:49:14.116271+00:00
1295,000012,2026-04-10,129697,-0.6300,"[{'name': '哈尔滨市文华印刷厂', 'rank': 25, 'ratio': 0.0007, 'change': '新进', 'shares': 7500}, {'name': '哈尔滨市潇昕咨询有限责任公司', 'rank': 25, 'ratio': 0.0007, 'change': '新进', 'shares': 7500}, {'name': '哈尔滨太昊信息咨询有限责任公司', 'rank': 24, 'ratio': 0.0015, 'change': '新进', 'shares': 15000}, {'name': '上海惠桥建筑装潢材料有限公司', 'rank': 23, 'ratio': 0.003, 'change': '新进', 'shares': 30000}, {'name': '南京科环通信设备有限公司', 'rank': 23, 'ratio': 0.003, 'change': '新进', 'shares': 30000}, {'name': '海南利阳科技开发有限公司', 'rank': 23, 'ratio': 0.003, 'change': '新进', 'shares': 30000}, {'name': '海门市恒发金属材料有限公司', 'rank': 23, 'ratio': 0.002954317029, 'change': '新进', 'shares': 30000}, {'name': '上海灵感经贸发展有限公司', 'rank': 23, 'ratio': 0.003, 'change': '新进', 'shares': 30000}, {'name': '上海骏夏百货商店', 'rank': 23, 'ratio': 0.002954317029, 'change': '新进', 'shares': 30000}, {'name': '上海云霞礼品经营部', 'rank': 22, 'ratio': 0.004431475544, 'change': '新进', 'shares': 45000}]",[],0.0000,0,2026-06-06 04:49:14.116271+00:00
1296,000012,2026-03-31,130522,-0.5100,"[{'name': '哈尔滨市文华印刷厂', 'rank': 25, 'ratio': 0.0007, 'change': '新进', 'shares': 7500}, {'name': '哈尔滨市潇昕咨询有限责任公司', 'rank': 25, 'ratio': 0.0007, 'change': '新进', 'shares': 7500}, {'name': '哈尔滨太昊信息咨询有限责任公司', 'rank': 24, 'ratio': 0.0015, 'change': '新进', 'shares': 15000}, {'name': '上海惠桥建筑装潢材料有限公司', 'rank': 23, 'ratio': 0.003, 'change': '新进', 'shares': 30000}, {'name': '南京科环通信设备有限公司', 'rank': 23, 'ratio': 0.003, 'change': '新进', 'shares': 30000}, {'name': '海南利阳科技开发有限公司', 'rank': 23, 'ratio': 0.003, 'change': '新进', 'shares': 30000}, {'name': '海门市恒发金属材料有限公司', 'rank': 23, 'ratio': 0.002954317029, 'change': '新进', 'shares': 30000}, {'name': '上海灵感经贸发展有限公司', 'rank': 23, 'ratio': 0.003, 'change': '新进', 'shares': 30000}, {'name': '上海骏夏百货商店', 'rank': 23, 'ratio': 0.002954317029, 'change': '新进', 'shares': 30000}, {'name': '上海云霞礼品经营部', 'rank': 22, 'ratio': 0.004431475544, 'change': '新进', 'shares': 45000}]",[],0.0000,0,2026-06-06 04:49:14.116271+00:00
1297,000012,2026-03-20,131190,-1.4300,"[{'name': '哈尔滨市文华印刷厂', 'rank': 25, 'ratio': 0.0007, 'change': '新进', 'shares': 7500}, {'name': '哈尔滨市潇昕咨询有限责任公司', 'rank': 25, 'ratio': 0.0007, 'change': '新进', 'shares': 7500}, {'name': '哈尔滨太昊信息咨询有限责任公司', 'rank': 24, 'ratio': 0.0015, 'change': '新进', 'shares': 15000}, {'name': '上海惠桥建筑装潢材料有限公司', 'rank': 23, 'ratio': 0.003, 'change': '新进', 'shares': 30000}, {'name': '南京科环通信设备有限公司', 'rank': 23, 'ratio': 0.003, 'change': '新进', 'shares': 30000}, {'name': '海南利阳科技开发有限公司', 'rank': 23, 'ratio': 0.003, 'change': '新进', 'shares': 30000}, {'name': '海门市恒发金属材料有限公司', 'rank': 23, 'ratio': 0.002954317029, 'change': '新进', 'shares': 30000}, {'name': '上海灵感经贸发展有限公司', 'rank': 23, 'ratio': 0.003, 'change': '新进', 'shares': 30000}, {'name': '上海骏夏百货商店', 'rank': 23, 'ratio': 0.002954317029, 'change': '新进', 'shares': 30000}, {'name': '上海云霞礼品经营部', 'rank': 22, 'ratio': 0.004431475544, 'change': '新进', 'shares': 45000}]",[],0.0000,0,2026-06-06 04:49:14.116271+00:00
1298,000012,2026-03-10,133095,-0.9800,"[{'name': '哈尔滨市文华印刷厂', 'rank': 25, 'ratio': 0.0007, 'change': '新进', 'shares': 7500}, {'name': '哈尔滨市潇昕咨询有限责任公司', 'rank': 25, 'ratio': 0.0007, 'change': '新进', 'shares': 7500}, {'name': '哈尔滨太昊信息咨询有限责任公司', 'rank': 24, 'ratio': 0.0015, 'change': '新进', 'shares': 15000}, {'name': '上海惠桥建筑装潢材料有限公司', 'rank': 23, 'ratio': 0.003, 'change': '新进', 'shares': 30000}, {'name': '南京科环通信设备有限公司', 'rank': 23, 'ratio': 0.003, 'change': '新进', 'shares': 30000}, {'name': '海南利阳科技开发有限公司', 'rank': 23, 'ratio': 0.003, 'change': '新进', 'shares': 30000}, {'name': '海门市恒发金属材料有限公司', 'rank': 23, 'ratio': 0.002954317029, 'change': '新进', 'shares': 30000}, {'name': '上海灵感经贸发展有限公司', 'rank': 23, 'ratio': 0.003, 'change': '新进', 'shares': 30000}, {'name': '上海骏夏百货商店', 'rank': 23, 'ratio': 0.002954317029, 'change': '新进', 'shares': 30000}, {'name': '上海云霞礼品经营部', 'rank': 22, 'ratio': 0.004431475544, 'change': '新进', 'shares': 45000}]",[],0.0000,0,2026-06-06 04:49:14.116271+00:00
1299,000012,2026-02-27,134418,0.0000,"[{'name': '哈尔滨市文华印刷厂', 'rank': 25, 'ratio': 0.0007, 'change': '新进', 'shares': 7500}, {'name': '哈尔滨市潇昕咨询有限责任公司', 'rank': 25, 'ratio': 0.0007, 'change': '新进', 'shares': 7500}, {'name': '哈尔滨太昊信息咨询有限责任公司', 'rank': 24, 'ratio': 0.0015, 'change': '新进', 'shares': 15000}, {'name': '上海惠桥建筑装潢材料有限公司', 'rank': 23, 'ratio': 0.003, 'change': '新进', 'shares': 30000}, {'name': '南京科环通信设备有限公司', 'rank': 23, 'ratio': 0.003, 'change': '新进', 'shares': 30000}, {'name': '海南利阳科技开发有限公司', 'rank': 23, 'ratio': 0.003, 'change': '新进', 'shares': 30000}, {'name': '海门市恒发金属材料有限公司', 'rank': 23, 'ratio': 0.002954317029, 'change': '新进', 'shares': 30000}, {'name': '上海灵感经贸发展有限公司', 'rank': 23, 'ratio': 0.003, 'change': '新进', 'shares': 30000}, {'name': '上海骏夏百货商店', 'rank': 23, 'ratio': 0.002954317029, 'change': '新进', 'shares': 30000}, {'name': '上海云霞礼品经营部', 'rank': 22, 'ratio': 0.004431475544, 'change': '新进', 'shares': 45000}]",[],0.0000,0,2026-06-06 04:49:14.116271+00:00
1300,000014,2026-03-31,31851,-0.6500,"[{'name': '陕西省国际信托股份有限公司-陕国投·工银量化恒盛精选A类10期证券投资集合资金信托计划', 'rank': 10, 'ratio': 0.36, 'change': '新进', 'shares': 720000}, {'name': '东莞市雁田晟盈实业投资有限公司', 'rank': 10, 'ratio': 0.3, 'change': '新进', 'shares': 596354}, {'name': '天元证券投资基金', 'rank': 10, 'ratio': 0.3653, 'change': '新进', 'shares': 327456}, {'name': '中粮集团有限公司', 'rank': 10, 'ratio': 0.68, 'change': '新进', 'shares': 1368000}, {'name': '五矿经易期货有限公司-五矿经易新动力9号资产管理计划', 'rank': 10, 'ratio': 0.52, 'change': '新进', 'shares': 1043155}, {'name': '高盛国际-自有资金', 'rank': 10, 'ratio': 0.46, 'change': '新进', 'shares': 1101712}, {'name': '国金证券-工商银行-国金工银量化恒盛精选D类50期集合资产管理计划', 'rank': 10, 'ratio': 0.34, 'change': '新进', 'shares': 695000}, {'name': '云南卓辉投资有限公司', 'rank': 10, 'ratio': 0.28, 'change': '新进', 'shares': 558228}, {'name': '中国国际金融股份有限公司', 'rank': 10, 'ratio': 0.35, 'change': '新进', 'shares': 843843}, {'name': '深圳东科讯精密科技有限公司', 'rank': 10, 'ratio': 0.4, 'change': '新进', 'shares': 800000}]",[],0.0000,0,2026-06-06 04:49:14.116271+00:00
1301,000014,2026-02-28,32060,7.9600,"[{'name': '陕西省国际信托股份有限公司-陕国投·工银量化恒盛精选A类10期证券投资集合资金信托计划', 'rank': 10, 'ratio': 0.36, 'change': '新进', 'shares': 720000}, {'name': '东莞市雁田晟盈实业投资有限公司', 'rank': 10, 'ratio': 0.3, 'change': '新进', 'shares': 596354}, {'name': '天元证券投资基金', 'rank': 10, 'ratio': 0.3653, 'change': '新进', 'shares': 327456}, {'name': '中粮集团有限公司', 'rank': 10, 'ratio': 0.68, 'change': '新进', 'shares': 1368000}, {'name': '五矿经易期货有限公司-五矿经易新动力9号资产管理计划', 'rank': 10, 'ratio': 0.52, 'change': '新进', 'shares': 1043155}, {'name': '高盛国际-自有资金', 'rank': 10, 'ratio': 0.46, 'change': '新进', 'shares': 1101712}, {'name': '国金证券-工商银行-国金工银量化恒盛精选D类50期集合资产管理计划', 'rank': 10, 'ratio': 0.34, 'change': '新进', 'shares': 695000}, {'name': '云南卓辉投资有限公司', 'rank': 10, 'ratio': 0.28, 'change': '新进', 'shares': 558228}, {'name': '中国国际金融股份有限公司', 'rank': 10, 'ratio': 0.35, 'change': '新进', 'shares': 843843}, {'name': '深圳东科讯精密科技有限公司', 'rank': 10, 'ratio': 0.4, 'change': '新进', 'shares': 800000}]",[],0.0000,0,2026-06-06 04:49:14.116271+00:00
1302,000014,2025-12-31,29696,13.2600,"[{'name': '陕西省国际信托股份有限公司-陕国投·工银量化恒盛精选A类10期证券投资集合资金信托计划', 'rank': 10, 'ratio': 0.36, 'change': '新进', 'shares': 720000}, {'name': '东莞市雁田晟盈实业投资有限公司', 'rank': 10, 'ratio': 0.3, 'change': '新进', 'shares': 596354}, {'name': '天元证券投资基金', 'rank': 10, 'ratio': 0.3653, 'change': '新进', 'shares': 327456}, {'name': '中粮集团有限公司', 'rank': 10, 'ratio': 0.68, 'change': '新进', 'shares': 1368000}, {'name': '五矿经易期货有限公司-五矿经易新动力9号资产管理计划', 'rank': 10, 'ratio': 0.52, 'change': '新进', 'shares': 1043155}, {'name': '高盛国际-自有资金', 'rank': 10, 'ratio': 0.46, 'change': '新进', 'shares': 1101712}, {'name': '国金证券-工商银行-国金工银量化恒盛精选D类50期集合资产管理计划', 'rank': 10, 'ratio': 0.34, 'change': '新进', 'shares': 695000}, {'name': '云南卓辉投资有限公司', 'rank': 10, 'ratio': 0.28, 'change': '新进', 'shares': 558228}, {'name': '中国国际金融股份有限公司', 'rank': 10, 'ratio': 0.35, 'change': '新进', 'shares': 843843}, {'name': '深圳东科讯精密科技有限公司', 'rank': 10, 'ratio': 0.4, 'change': '新进', 'shares': 800000}]",[],0.0000,0,2026-06-06 04:49:14.116271+00:00
1382,000027,2026-05-08,119194,-1.2000,"[{'name': '深圳市科学技术协会', 'rank': 24, 'ratio': 0.023, 'change': '', 'shares': 277000}, {'name': '深圳市金达科技实业有限公司', 'rank': 24, 'ratio': 0.023, 'change': '', 'shares': 277000}, {'name': '深圳市儿童福利会', 'rank': 23, 'ratio': 0.0288, 'change': '', 'shares': 346200}, {'name': '宜兴市昌丰水处理设备有限公司', 'rank': 22, 'ratio': 0.029, 'change': '', 'shares': 348800}, {'name': '上海万馨投资管理有限公司', 'rank': 21, 'ratio': 0.0363, 'change': '', 'shares': 436500}, {'name': '杭州锦园丝绸有限公司', 'rank': 20, 'ratio': 0.0499, 'change': '', 'shares': 599500}, {'name': '综合开发研究院', 'rank': 18, 'ratio': 0.0576, 'change': '', 'shares': 692400}, {'name': '深圳外商投资企业协会', 'rank': 18, 'ratio': 0.0576, 'change': '', 'shares': 692400}, {'name': '昆山华利能源实业公司', 'rank': 17, 'ratio': 0.1037, 'change': '', 'shares': 1246400}, {'name': '深圳市金达科技实业有限公司', 'rank': 16, 'ratio': 0.0254, 'change': '新进', 'shares': 304920}]",[],0.0000,0,2026-06-06 04:49:14.116271+00:00
1303,000014,2025-09-30,26220,34.4100,"[{'name': '陕西省国际信托股份有限公司-陕国投·工银量化恒盛精选A类10期证券投资集合资金信托计划', 'rank': 10, 'ratio': 0.36, 'change': '新进', 'shares': 720000}, {'name': '东莞市雁田晟盈实业投资有限公司', 'rank': 10, 'ratio': 0.3, 'change': '新进', 'shares': 596354}, {'name': '天元证券投资基金', 'rank': 10, 'ratio': 0.3653, 'change': '新进', 'shares': 327456}, {'name': '中粮集团有限公司', 'rank': 10, 'ratio': 0.68, 'change': '新进', 'shares': 1368000}, {'name': '五矿经易期货有限公司-五矿经易新动力9号资产管理计划', 'rank': 10, 'ratio': 0.52, 'change': '新进', 'shares': 1043155}, {'name': '高盛国际-自有资金', 'rank': 10, 'ratio': 0.46, 'change': '新进', 'shares': 1101712}, {'name': '国金证券-工商银行-国金工银量化恒盛精选D类50期集合资产管理计划', 'rank': 10, 'ratio': 0.34, 'change': '新进', 'shares': 695000}, {'name': '云南卓辉投资有限公司', 'rank': 10, 'ratio': 0.28, 'change': '新进', 'shares': 558228}, {'name': '中国国际金融股份有限公司', 'rank': 10, 'ratio': 0.35, 'change': '新进', 'shares': 843843}, {'name': '深圳东科讯精密科技有限公司', 'rank': 10, 'ratio': 0.4, 'change': '新进', 'shares': 800000}]",[],0.0000,0,2026-06-06 04:49:14.116271+00:00
1304,000014,2025-06-30,19507,-3.4600,"[{'name': '陕西省国际信托股份有限公司-陕国投·工银量化恒盛精选A类10期证券投资集合资金信托计划', 'rank': 10, 'ratio': 0.36, 'change': '新进', 'shares': 720000}, {'name': '东莞市雁田晟盈实业投资有限公司', 'rank': 10, 'ratio': 0.3, 'change': '新进', 'shares': 596354}, {'name': '天元证券投资基金', 'rank': 10, 'ratio': 0.3653, 'change': '新进', 'shares': 327456}, {'name': '中粮集团有限公司', 'rank': 10, 'ratio': 0.68, 'change': '新进', 'shares': 1368000}, {'name': '五矿经易期货有限公司-五矿经易新动力9号资产管理计划', 'rank': 10, 'ratio': 0.52, 'change': '新进', 'shares': 1043155}, {'name': '高盛国际-自有资金', 'rank': 10, 'ratio': 0.46, 'change': '新进', 'shares': 1101712}, {'name': '国金证券-工商银行-国金工银量化恒盛精选D类50期集合资产管理计划', 'rank': 10, 'ratio': 0.34, 'change': '新进', 'shares': 695000}, {'name': '云南卓辉投资有限公司', 'rank': 10, 'ratio': 0.28, 'change': '新进', 'shares': 558228}, {'name': '中国国际金融股份有限公司', 'rank': 10, 'ratio': 0.35, 'change': '新进', 'shares': 843843}, {'name': '深圳东科讯精密科技有限公司', 'rank': 10, 'ratio': 0.4, 'change': '新进', 'shares': 800000}]",[],0.0000,0,2026-06-06 04:49:14.116271+00:00
1305,000014,2025-03-31,20207,-5.7000,"[{'name': '陕西省国际信托股份有限公司-陕国投·工银量化恒盛精选A类10期证券投资集合资金信托计划', 'rank': 10, 'ratio': 0.36, 'change': '新进', 'shares': 720000}, {'name': '东莞市雁田晟盈实业投资有限公司', 'rank': 10, 'ratio': 0.3, 'change': '新进', 'shares': 596354}, {'name': '天元证券投资基金', 'rank': 10, 'ratio': 0.3653, 'change': '新进', 'shares': 327456}, {'name': '中粮集团有限公司', 'rank': 10, 'ratio': 0.68, 'change': '新进', 'shares': 1368000}, {'name': '五矿经易期货有限公司-五矿经易新动力9号资产管理计划', 'rank': 10, 'ratio': 0.52, 'change': '新进', 'shares': 1043155}, {'name': '高盛国际-自有资金', 'rank': 10, 'ratio': 0.46, 'change': '新进', 'shares': 1101712}, {'name': '国金证券-工商银行-国金工银量化恒盛精选D类50期集合资产管理计划', 'rank': 10, 'ratio': 0.34, 'change': '新进', 'shares': 695000}, {'name': '云南卓辉投资有限公司', 'rank': 10, 'ratio': 0.28, 'change': '新进', 'shares': 558228}, {'name': '中国国际金融股份有限公司', 'rank': 10, 'ratio': 0.35, 'change': '新进', 'shares': 843843}, {'name': '深圳东科讯精密科技有限公司', 'rank': 10, 'ratio': 0.4, 'change': '新进', 'shares': 800000}]",[],0.0000,0,2026-06-06 04:49:14.116271+00:00
1306,000014,2025-02-28,21428,0.5900,"[{'name': '陕西省国际信托股份有限公司-陕国投·工银量化恒盛精选A类10期证券投资集合资金信托计划', 'rank': 10, 'ratio': 0.36, 'change': '新进', 'shares': 720000}, {'name': '东莞市雁田晟盈实业投资有限公司', 'rank': 10, 'ratio': 0.3, 'change': '新进', 'shares': 596354}, {'name': '天元证券投资基金', 'rank': 10, 'ratio': 0.3653, 'change': '新进', 'shares': 327456}, {'name': '中粮集团有限公司', 'rank': 10, 'ratio': 0.68, 'change': '新进', 'shares': 1368000}, {'name': '五矿经易期货有限公司-五矿经易新动力9号资产管理计划', 'rank': 10, 'ratio': 0.52, 'change': '新进', 'shares': 1043155}, {'name': '高盛国际-自有资金', 'rank': 10, 'ratio': 0.46, 'change': '新进', 'shares': 1101712}, {'name': '国金证券-工商银行-国金工银量化恒盛精选D类50期集合资产管理计划', 'rank': 10, 'ratio': 0.34, 'change': '新进', 'shares': 695000}, {'name': '云南卓辉投资有限公司', 'rank': 10, 'ratio': 0.28, 'change': '新进', 'shares': 558228}, {'name': '中国国际金融股份有限公司', 'rank': 10, 'ratio': 0.35, 'change': '新进', 'shares': 843843}, {'name': '深圳东科讯精密科技有限公司', 'rank': 10, 'ratio': 0.4, 'change': '新进', 'shares': 800000}]",[],0.0000,0,2026-06-06 04:49:14.116271+00:00
1307,000014,2024-12-31,21303,-25.3700,"[{'name': '陕西省国际信托股份有限公司-陕国投·工银量化恒盛精选A类10期证券投资集合资金信托计划', 'rank': 10, 'ratio': 0.36, 'change': '新进', 'shares': 720000}, {'name': '东莞市雁田晟盈实业投资有限公司', 'rank': 10, 'ratio': 0.3, 'change': '新进', 'shares': 596354}, {'name': '天元证券投资基金', 'rank': 10, 'ratio': 0.3653, 'change': '新进', 'shares': 327456}, {'name': '中粮集团有限公司', 'rank': 10, 'ratio': 0.68, 'change': '新进', 'shares': 1368000}, {'name': '五矿经易期货有限公司-五矿经易新动力9号资产管理计划', 'rank': 10, 'ratio': 0.52, 'change': '新进', 'shares': 1043155}, {'name': '高盛国际-自有资金', 'rank': 10, 'ratio': 0.46, 'change': '新进', 'shares': 1101712}, {'name': '国金证券-工商银行-国金工银量化恒盛精选D类50期集合资产管理计划', 'rank': 10, 'ratio': 0.34, 'change': '新进', 'shares': 695000}, {'name': '云南卓辉投资有限公司', 'rank': 10, 'ratio': 0.28, 'change': '新进', 'shares': 558228}, {'name': '中国国际金融股份有限公司', 'rank': 10, 'ratio': 0.35, 'change': '新进', 'shares': 843843}, {'name': '深圳东科讯精密科技有限公司', 'rank': 10, 'ratio': 0.4, 'change': '新进', 'shares': 800000}]",[],0.0000,0,2026-06-06 04:49:14.116271+00:00
1308,000014,2024-09-30,28544,2.2800,"[{'name': '陕西省国际信托股份有限公司-陕国投·工银量化恒盛精选A类10期证券投资集合资金信托计划', 'rank': 10, 'ratio': 0.36, 'change': '新进', 'shares': 720000}, {'name': '东莞市雁田晟盈实业投资有限公司', 'rank': 10, 'ratio': 0.3, 'change': '新进', 'shares': 596354}, {'name': '天元证券投资基金', 'rank': 10, 'ratio': 0.3653, 'change': '新进', 'shares': 327456}, {'name': '中粮集团有限公司', 'rank': 10, 'ratio': 0.68, 'change': '新进', 'shares': 1368000}, {'name': '五矿经易期货有限公司-五矿经易新动力9号资产管理计划', 'rank': 10, 'ratio': 0.52, 'change': '新进', 'shares': 1043155}, {'name': '高盛国际-自有资金', 'rank': 10, 'ratio': 0.46, 'change': '新进', 'shares': 1101712}, {'name': '国金证券-工商银行-国金工银量化恒盛精选D类50期集合资产管理计划', 'rank': 10, 'ratio': 0.34, 'change': '新进', 'shares': 695000}, {'name': '云南卓辉投资有限公司', 'rank': 10, 'ratio': 0.28, 'change': '新进', 'shares': 558228}, {'name': '中国国际金融股份有限公司', 'rank': 10, 'ratio': 0.35, 'change': '新进', 'shares': 843843}, {'name': '深圳东科讯精密科技有限公司', 'rank': 10, 'ratio': 0.4, 'change': '新进', 'shares': 800000}]",[],0.0000,0,2026-06-06 04:49:14.116271+00:00
1309,000014,2024-06-30,27908,0.0000,"[{'name': '陕西省国际信托股份有限公司-陕国投·工银量化恒盛精选A类10期证券投资集合资金信托计划', 'rank': 10, 'ratio': 0.36, 'change': '新进', 'shares': 720000}, {'name': '东莞市雁田晟盈实业投资有限公司', 'rank': 10, 'ratio': 0.3, 'change': '新进', 'shares': 596354}, {'name': '天元证券投资基金', 'rank': 10, 'ratio': 0.3653, 'change': '新进', 'shares': 327456}, {'name': '中粮集团有限公司', 'rank': 10, 'ratio': 0.68, 'change': '新进', 'shares': 1368000}, {'name': '五矿经易期货有限公司-五矿经易新动力9号资产管理计划', 'rank': 10, 'ratio': 0.52, 'change': '新进', 'shares': 1043155}, {'name': '高盛国际-自有资金', 'rank': 10, 'ratio': 0.46, 'change': '新进', 'shares': 1101712}, {'name': '国金证券-工商银行-国金工银量化恒盛精选D类50期集合资产管理计划', 'rank': 10, 'ratio': 0.34, 'change': '新进', 'shares': 695000}, {'name': '云南卓辉投资有限公司', 'rank': 10, 'ratio': 0.28, 'change': '新进', 'shares': 558228}, {'name': '中国国际金融股份有限公司', 'rank': 10, 'ratio': 0.35, 'change': '新进', 'shares': 843843}, {'name': '深圳东科讯精密科技有限公司', 'rank': 10, 'ratio': 0.4, 'change': '新进', 'shares': 800000}]",[],0.0000,0,2026-06-06 04:49:14.116271+00:00
1310,000016,2026-03-31,126753,-5.5200,"[{'name': 'TOYO SECURITIES ASIA LIMITED A/C CLIENT', 'rank': 11, 'ratio': 0.293780082243, 'change': '加仓', 'shares': 1768516}, {'name': '内藤证券株式会社', 'rank': 11, 'ratio': 0.1213, 'change': '新进', 'shares': 730457}, {'name': '香港中央结算有限公司', 'rank': 10, 'ratio': 0.63, 'change': '', 'shares': 15273088}, {'name': '香港中央结算有限公司', 'rank': 10, 'ratio': 0.37, 'change': '新进', 'shares': 8810290}, {'name': '深圳市中嘉翊投资有限公司', 'rank': 10, 'ratio': 0.2572, 'change': '新进', 'shares': 3096700}, {'name': '香港中央结算有限公司', 'rank': 10, 'ratio': 0.47, 'change': '加仓', 'shares': 11329823}, {'name': '云南国际信托有限公司-聚利49号单一资金信托', 'rank': 10, 'ratio': 0.72, 'change': '新进', 'shares': 17408616}, {'name': '交银国际证券有限公司', 'rank': 10, 'ratio': 0.78, 'change': '', 'shares': 18896037}, {'name': '兴和证券投资基金', 'rank': 10, 'ratio': 0.453, 'change': '新进', 'shares': 2480000}, {'name': '云南国际信托有限公司-聚利48号单一资金信托', 'rank': 10, 'ratio': 0.84, 'change': '', 'shares': 20216860}]",[],0.0000,0,2026-06-06 04:49:14.116271+00:00
1383,000027,2026-04-30,120643,0.9800,"[{'name': '深圳市科学技术协会', 'rank': 24, 'ratio': 0.023, 'change': '', 'shares': 277000}, {'name': '深圳市金达科技实业有限公司', 'rank': 24, 'ratio': 0.023, 'change': '', 'shares': 277000}, {'name': '深圳市儿童福利会', 'rank': 23, 'ratio': 0.0288, 'change': '', 'shares': 346200}, {'name': '宜兴市昌丰水处理设备有限公司', 'rank': 22, 'ratio': 0.029, 'change': '', 'shares': 348800}, {'name': '上海万馨投资管理有限公司', 'rank': 21, 'ratio': 0.0363, 'change': '', 'shares': 436500}, {'name': '杭州锦园丝绸有限公司', 'rank': 20, 'ratio': 0.0499, 'change': '', 'shares': 599500}, {'name': '综合开发研究院', 'rank': 18, 'ratio': 0.0576, 'change': '', 'shares': 692400}, {'name': '深圳外商投资企业协会', 'rank': 18, 'ratio': 0.0576, 'change': '', 'shares': 692400}, {'name': '昆山华利能源实业公司', 'rank': 17, 'ratio': 0.1037, 'change': '', 'shares': 1246400}, {'name': '深圳市金达科技实业有限公司', 'rank': 16, 'ratio': 0.0254, 'change': '新进', 'shares': 304920}]",[],0.0000,0,2026-06-06 04:49:14.116271+00:00
1311,000016,2025-12-31,134165,-8.5700,"[{'name': 'TOYO SECURITIES ASIA LIMITED A/C CLIENT', 'rank': 11, 'ratio': 0.293780082243, 'change': '加仓', 'shares': 1768516}, {'name': '内藤证券株式会社', 'rank': 11, 'ratio': 0.1213, 'change': '新进', 'shares': 730457}, {'name': '香港中央结算有限公司', 'rank': 10, 'ratio': 0.63, 'change': '', 'shares': 15273088}, {'name': '香港中央结算有限公司', 'rank': 10, 'ratio': 0.37, 'change': '新进', 'shares': 8810290}, {'name': '深圳市中嘉翊投资有限公司', 'rank': 10, 'ratio': 0.2572, 'change': '新进', 'shares': 3096700}, {'name': '香港中央结算有限公司', 'rank': 10, 'ratio': 0.47, 'change': '加仓', 'shares': 11329823}, {'name': '云南国际信托有限公司-聚利49号单一资金信托', 'rank': 10, 'ratio': 0.72, 'change': '新进', 'shares': 17408616}, {'name': '交银国际证券有限公司', 'rank': 10, 'ratio': 0.78, 'change': '', 'shares': 18896037}, {'name': '兴和证券投资基金', 'rank': 10, 'ratio': 0.453, 'change': '新进', 'shares': 2480000}, {'name': '云南国际信托有限公司-聚利48号单一资金信托', 'rank': 10, 'ratio': 0.84, 'change': '', 'shares': 20216860}]",[],0.0000,0,2026-06-06 04:49:14.116271+00:00
1312,000016,2025-09-30,146741,-3.3300,"[{'name': 'TOYO SECURITIES ASIA LIMITED A/C CLIENT', 'rank': 11, 'ratio': 0.293780082243, 'change': '加仓', 'shares': 1768516}, {'name': '内藤证券株式会社', 'rank': 11, 'ratio': 0.1213, 'change': '新进', 'shares': 730457}, {'name': '香港中央结算有限公司', 'rank': 10, 'ratio': 0.63, 'change': '', 'shares': 15273088}, {'name': '香港中央结算有限公司', 'rank': 10, 'ratio': 0.37, 'change': '新进', 'shares': 8810290}, {'name': '深圳市中嘉翊投资有限公司', 'rank': 10, 'ratio': 0.2572, 'change': '新进', 'shares': 3096700}, {'name': '香港中央结算有限公司', 'rank': 10, 'ratio': 0.47, 'change': '加仓', 'shares': 11329823}, {'name': '云南国际信托有限公司-聚利49号单一资金信托', 'rank': 10, 'ratio': 0.72, 'change': '新进', 'shares': 17408616}, {'name': '交银国际证券有限公司', 'rank': 10, 'ratio': 0.78, 'change': '', 'shares': 18896037}, {'name': '兴和证券投资基金', 'rank': 10, 'ratio': 0.453, 'change': '新进', 'shares': 2480000}, {'name': '云南国际信托有限公司-聚利48号单一资金信托', 'rank': 10, 'ratio': 0.84, 'change': '', 'shares': 20216860}]",[],0.0000,0,2026-06-06 04:49:14.116271+00:00
1313,000016,2025-06-30,151794,-9.9000,"[{'name': 'TOYO SECURITIES ASIA LIMITED A/C CLIENT', 'rank': 11, 'ratio': 0.293780082243, 'change': '加仓', 'shares': 1768516}, {'name': '内藤证券株式会社', 'rank': 11, 'ratio': 0.1213, 'change': '新进', 'shares': 730457}, {'name': '香港中央结算有限公司', 'rank': 10, 'ratio': 0.63, 'change': '', 'shares': 15273088}, {'name': '香港中央结算有限公司', 'rank': 10, 'ratio': 0.37, 'change': '新进', 'shares': 8810290}, {'name': '深圳市中嘉翊投资有限公司', 'rank': 10, 'ratio': 0.2572, 'change': '新进', 'shares': 3096700}, {'name': '香港中央结算有限公司', 'rank': 10, 'ratio': 0.47, 'change': '加仓', 'shares': 11329823}, {'name': '云南国际信托有限公司-聚利49号单一资金信托', 'rank': 10, 'ratio': 0.72, 'change': '新进', 'shares': 17408616}, {'name': '交银国际证券有限公司', 'rank': 10, 'ratio': 0.78, 'change': '', 'shares': 18896037}, {'name': '兴和证券投资基金', 'rank': 10, 'ratio': 0.453, 'change': '新进', 'shares': 2480000}, {'name': '云南国际信托有限公司-聚利48号单一资金信托', 'rank': 10, 'ratio': 0.84, 'change': '', 'shares': 20216860}]",[],0.0000,0,2026-06-06 04:49:14.116271+00:00
1314,000016,2025-03-31,168479,-2.8400,"[{'name': 'TOYO SECURITIES ASIA LIMITED A/C CLIENT', 'rank': 11, 'ratio': 0.293780082243, 'change': '加仓', 'shares': 1768516}, {'name': '内藤证券株式会社', 'rank': 11, 'ratio': 0.1213, 'change': '新进', 'shares': 730457}, {'name': '香港中央结算有限公司', 'rank': 10, 'ratio': 0.63, 'change': '', 'shares': 15273088}, {'name': '香港中央结算有限公司', 'rank': 10, 'ratio': 0.37, 'change': '新进', 'shares': 8810290}, {'name': '深圳市中嘉翊投资有限公司', 'rank': 10, 'ratio': 0.2572, 'change': '新进', 'shares': 3096700}, {'name': '香港中央结算有限公司', 'rank': 10, 'ratio': 0.47, 'change': '加仓', 'shares': 11329823}, {'name': '云南国际信托有限公司-聚利49号单一资金信托', 'rank': 10, 'ratio': 0.72, 'change': '新进', 'shares': 17408616}, {'name': '交银国际证券有限公司', 'rank': 10, 'ratio': 0.78, 'change': '', 'shares': 18896037}, {'name': '兴和证券投资基金', 'rank': 10, 'ratio': 0.453, 'change': '新进', 'shares': 2480000}, {'name': '云南国际信托有限公司-聚利48号单一资金信托', 'rank': 10, 'ratio': 0.84, 'change': '', 'shares': 20216860}]",[],0.0000,0,2026-06-06 04:49:14.116271+00:00
1315,000016,2024-12-31,173407,4.6800,"[{'name': 'TOYO SECURITIES ASIA LIMITED A/C CLIENT', 'rank': 11, 'ratio': 0.293780082243, 'change': '加仓', 'shares': 1768516}, {'name': '内藤证券株式会社', 'rank': 11, 'ratio': 0.1213, 'change': '新进', 'shares': 730457}, {'name': '香港中央结算有限公司', 'rank': 10, 'ratio': 0.63, 'change': '', 'shares': 15273088}, {'name': '香港中央结算有限公司', 'rank': 10, 'ratio': 0.37, 'change': '新进', 'shares': 8810290}, {'name': '深圳市中嘉翊投资有限公司', 'rank': 10, 'ratio': 0.2572, 'change': '新进', 'shares': 3096700}, {'name': '香港中央结算有限公司', 'rank': 10, 'ratio': 0.47, 'change': '加仓', 'shares': 11329823}, {'name': '云南国际信托有限公司-聚利49号单一资金信托', 'rank': 10, 'ratio': 0.72, 'change': '新进', 'shares': 17408616}, {'name': '交银国际证券有限公司', 'rank': 10, 'ratio': 0.78, 'change': '', 'shares': 18896037}, {'name': '兴和证券投资基金', 'rank': 10, 'ratio': 0.453, 'change': '新进', 'shares': 2480000}, {'name': '云南国际信托有限公司-聚利48号单一资金信托', 'rank': 10, 'ratio': 0.84, 'change': '', 'shares': 20216860}]",[],0.0000,0,2026-06-06 04:49:14.116271+00:00
1316,000016,2024-12-10,165656,-8.1100,"[{'name': 'TOYO SECURITIES ASIA LIMITED A/C CLIENT', 'rank': 11, 'ratio': 0.293780082243, 'change': '加仓', 'shares': 1768516}, {'name': '内藤证券株式会社', 'rank': 11, 'ratio': 0.1213, 'change': '新进', 'shares': 730457}, {'name': '香港中央结算有限公司', 'rank': 10, 'ratio': 0.63, 'change': '', 'shares': 15273088}, {'name': '香港中央结算有限公司', 'rank': 10, 'ratio': 0.37, 'change': '新进', 'shares': 8810290}, {'name': '深圳市中嘉翊投资有限公司', 'rank': 10, 'ratio': 0.2572, 'change': '新进', 'shares': 3096700}, {'name': '香港中央结算有限公司', 'rank': 10, 'ratio': 0.47, 'change': '加仓', 'shares': 11329823}, {'name': '云南国际信托有限公司-聚利49号单一资金信托', 'rank': 10, 'ratio': 0.72, 'change': '新进', 'shares': 17408616}, {'name': '交银国际证券有限公司', 'rank': 10, 'ratio': 0.78, 'change': '', 'shares': 18896037}, {'name': '兴和证券投资基金', 'rank': 10, 'ratio': 0.453, 'change': '新进', 'shares': 2480000}, {'name': '云南国际信托有限公司-聚利48号单一资金信托', 'rank': 10, 'ratio': 0.84, 'change': '', 'shares': 20216860}]",[],0.0000,0,2026-06-06 04:49:14.116271+00:00
1317,000016,2024-11-20,180278,44.0300,"[{'name': 'TOYO SECURITIES ASIA LIMITED A/C CLIENT', 'rank': 11, 'ratio': 0.293780082243, 'change': '加仓', 'shares': 1768516}, {'name': '内藤证券株式会社', 'rank': 11, 'ratio': 0.1213, 'change': '新进', 'shares': 730457}, {'name': '香港中央结算有限公司', 'rank': 10, 'ratio': 0.63, 'change': '', 'shares': 15273088}, {'name': '香港中央结算有限公司', 'rank': 10, 'ratio': 0.37, 'change': '新进', 'shares': 8810290}, {'name': '深圳市中嘉翊投资有限公司', 'rank': 10, 'ratio': 0.2572, 'change': '新进', 'shares': 3096700}, {'name': '香港中央结算有限公司', 'rank': 10, 'ratio': 0.47, 'change': '加仓', 'shares': 11329823}, {'name': '云南国际信托有限公司-聚利49号单一资金信托', 'rank': 10, 'ratio': 0.72, 'change': '新进', 'shares': 17408616}, {'name': '交银国际证券有限公司', 'rank': 10, 'ratio': 0.78, 'change': '', 'shares': 18896037}, {'name': '兴和证券投资基金', 'rank': 10, 'ratio': 0.453, 'change': '新进', 'shares': 2480000}, {'name': '云南国际信托有限公司-聚利48号单一资金信托', 'rank': 10, 'ratio': 0.84, 'change': '', 'shares': 20216860}]",[],0.0000,0,2026-06-06 04:49:14.116271+00:00
1318,000016,2024-10-31,125171,36.1600,"[{'name': 'TOYO SECURITIES ASIA LIMITED A/C CLIENT', 'rank': 11, 'ratio': 0.293780082243, 'change': '加仓', 'shares': 1768516}, {'name': '内藤证券株式会社', 'rank': 11, 'ratio': 0.1213, 'change': '新进', 'shares': 730457}, {'name': '香港中央结算有限公司', 'rank': 10, 'ratio': 0.63, 'change': '', 'shares': 15273088}, {'name': '香港中央结算有限公司', 'rank': 10, 'ratio': 0.37, 'change': '新进', 'shares': 8810290}, {'name': '深圳市中嘉翊投资有限公司', 'rank': 10, 'ratio': 0.2572, 'change': '新进', 'shares': 3096700}, {'name': '香港中央结算有限公司', 'rank': 10, 'ratio': 0.47, 'change': '加仓', 'shares': 11329823}, {'name': '云南国际信托有限公司-聚利49号单一资金信托', 'rank': 10, 'ratio': 0.72, 'change': '新进', 'shares': 17408616}, {'name': '交银国际证券有限公司', 'rank': 10, 'ratio': 0.78, 'change': '', 'shares': 18896037}, {'name': '兴和证券投资基金', 'rank': 10, 'ratio': 0.453, 'change': '新进', 'shares': 2480000}, {'name': '云南国际信托有限公司-聚利48号单一资金信托', 'rank': 10, 'ratio': 0.84, 'change': '', 'shares': 20216860}]",[],0.0000,0,2026-06-06 04:49:14.116271+00:00
1319,000016,2024-10-20,91931,0.0000,"[{'name': 'TOYO SECURITIES ASIA LIMITED A/C CLIENT', 'rank': 11, 'ratio': 0.293780082243, 'change': '加仓', 'shares': 1768516}, {'name': '内藤证券株式会社', 'rank': 11, 'ratio': 0.1213, 'change': '新进', 'shares': 730457}, {'name': '香港中央结算有限公司', 'rank': 10, 'ratio': 0.63, 'change': '', 'shares': 15273088}, {'name': '香港中央结算有限公司', 'rank': 10, 'ratio': 0.37, 'change': '新进', 'shares': 8810290}, {'name': '深圳市中嘉翊投资有限公司', 'rank': 10, 'ratio': 0.2572, 'change': '新进', 'shares': 3096700}, {'name': '香港中央结算有限公司', 'rank': 10, 'ratio': 0.47, 'change': '加仓', 'shares': 11329823}, {'name': '云南国际信托有限公司-聚利49号单一资金信托', 'rank': 10, 'ratio': 0.72, 'change': '新进', 'shares': 17408616}, {'name': '交银国际证券有限公司', 'rank': 10, 'ratio': 0.78, 'change': '', 'shares': 18896037}, {'name': '兴和证券投资基金', 'rank': 10, 'ratio': 0.453, 'change': '新进', 'shares': 2480000}, {'name': '云南国际信托有限公司-聚利48号单一资金信托', 'rank': 10, 'ratio': 0.84, 'change': '', 'shares': 20216860}]",[],0.0000,0,2026-06-06 04:49:14.116271+00:00
1320,000017,2026-03-31,46956,-3.5500,"[{'name': '广州市恒永盈丰企业发展有限公司', 'rank': 11, 'ratio': 0.1035, 'change': '新进', 'shares': 496213}, {'name': '广州市恒永盈丰企业发展有限公司', 'rank': 11, 'ratio': 0.10428985841, 'change': '新进', 'shares': 500000}, {'name': '深圳中华自行车(集团)股份有限公司破产企业财产处置专用账户', 'rank': 10, 'ratio': 0.47, 'change': '新进', 'shares': 2602402}, {'name': 'CBNY-PNC/BERNSTEIN GROUPTST S/A EMERGING VALUE G', 'rank': 10, 'ratio': 0.5887, 'change': '新进', 'shares': 2822498}, {'name': '深圳中华自行车(集团)股份有限公司破产企业财产处置专用账户', 'rank': 10, 'ratio': 0.47, 'change': '', 'shares': 2602402}, {'name': '上海高融投资咨询有限公司', 'rank': 10, 'ratio': 0.625739150461, 'change': '新进', 'shares': 3000000}, {'name': 'SSAL/C.H.CHINA INVESTMENTSAUS-Q4AP', 'rank': 10, 'ratio': 0.6529, 'change': '新进', 'shares': 3130200}, {'name': '卓润科技有限公司', 'rank': 10, 'ratio': 0.36, 'change': '', 'shares': 2000000}, {'name': '招商证券(香港)有限公司', 'rank': 10, 'ratio': 0.42, 'change': '', 'shares': 2894135}, {'name': 'MAS POOLED TRUSTFD INTERNA-TIONAL EQUITY PORTFOLIO', 'rank': 10, 'ratio': 0.6072, 'change': '新进', 'shares': 1244000}]",[],0.0000,0,2026-06-06 04:49:14.116271+00:00
1321,000017,2025-12-31,48682,-10.2400,"[{'name': '广州市恒永盈丰企业发展有限公司', 'rank': 11, 'ratio': 0.1035, 'change': '新进', 'shares': 496213}, {'name': '广州市恒永盈丰企业发展有限公司', 'rank': 11, 'ratio': 0.10428985841, 'change': '新进', 'shares': 500000}, {'name': '深圳中华自行车(集团)股份有限公司破产企业财产处置专用账户', 'rank': 10, 'ratio': 0.47, 'change': '新进', 'shares': 2602402}, {'name': 'CBNY-PNC/BERNSTEIN GROUPTST S/A EMERGING VALUE G', 'rank': 10, 'ratio': 0.5887, 'change': '新进', 'shares': 2822498}, {'name': '深圳中华自行车(集团)股份有限公司破产企业财产处置专用账户', 'rank': 10, 'ratio': 0.47, 'change': '', 'shares': 2602402}, {'name': '上海高融投资咨询有限公司', 'rank': 10, 'ratio': 0.625739150461, 'change': '新进', 'shares': 3000000}, {'name': 'SSAL/C.H.CHINA INVESTMENTSAUS-Q4AP', 'rank': 10, 'ratio': 0.6529, 'change': '新进', 'shares': 3130200}, {'name': '卓润科技有限公司', 'rank': 10, 'ratio': 0.36, 'change': '', 'shares': 2000000}, {'name': '招商证券(香港)有限公司', 'rank': 10, 'ratio': 0.42, 'change': '', 'shares': 2894135}, {'name': 'MAS POOLED TRUSTFD INTERNA-TIONAL EQUITY PORTFOLIO', 'rank': 10, 'ratio': 0.6072, 'change': '新进', 'shares': 1244000}]",[],0.0000,0,2026-06-06 04:49:14.116271+00:00
1322,000017,2025-09-30,54235,5.2500,"[{'name': '广州市恒永盈丰企业发展有限公司', 'rank': 11, 'ratio': 0.1035, 'change': '新进', 'shares': 496213}, {'name': '广州市恒永盈丰企业发展有限公司', 'rank': 11, 'ratio': 0.10428985841, 'change': '新进', 'shares': 500000}, {'name': '深圳中华自行车(集团)股份有限公司破产企业财产处置专用账户', 'rank': 10, 'ratio': 0.47, 'change': '新进', 'shares': 2602402}, {'name': 'CBNY-PNC/BERNSTEIN GROUPTST S/A EMERGING VALUE G', 'rank': 10, 'ratio': 0.5887, 'change': '新进', 'shares': 2822498}, {'name': '深圳中华自行车(集团)股份有限公司破产企业财产处置专用账户', 'rank': 10, 'ratio': 0.47, 'change': '', 'shares': 2602402}, {'name': '上海高融投资咨询有限公司', 'rank': 10, 'ratio': 0.625739150461, 'change': '新进', 'shares': 3000000}, {'name': 'SSAL/C.H.CHINA INVESTMENTSAUS-Q4AP', 'rank': 10, 'ratio': 0.6529, 'change': '新进', 'shares': 3130200}, {'name': '卓润科技有限公司', 'rank': 10, 'ratio': 0.36, 'change': '', 'shares': 2000000}, {'name': '招商证券(香港)有限公司', 'rank': 10, 'ratio': 0.42, 'change': '', 'shares': 2894135}, {'name': 'MAS POOLED TRUSTFD INTERNA-TIONAL EQUITY PORTFOLIO', 'rank': 10, 'ratio': 0.6072, 'change': '新进', 'shares': 1244000}]",[],0.0000,0,2026-06-06 04:49:14.116271+00:00
1323,000017,2025-06-30,51528,-7.7500,"[{'name': '广州市恒永盈丰企业发展有限公司', 'rank': 11, 'ratio': 0.1035, 'change': '新进', 'shares': 496213}, {'name': '广州市恒永盈丰企业发展有限公司', 'rank': 11, 'ratio': 0.10428985841, 'change': '新进', 'shares': 500000}, {'name': '深圳中华自行车(集团)股份有限公司破产企业财产处置专用账户', 'rank': 10, 'ratio': 0.47, 'change': '新进', 'shares': 2602402}, {'name': 'CBNY-PNC/BERNSTEIN GROUPTST S/A EMERGING VALUE G', 'rank': 10, 'ratio': 0.5887, 'change': '新进', 'shares': 2822498}, {'name': '深圳中华自行车(集团)股份有限公司破产企业财产处置专用账户', 'rank': 10, 'ratio': 0.47, 'change': '', 'shares': 2602402}, {'name': '上海高融投资咨询有限公司', 'rank': 10, 'ratio': 0.625739150461, 'change': '新进', 'shares': 3000000}, {'name': 'SSAL/C.H.CHINA INVESTMENTSAUS-Q4AP', 'rank': 10, 'ratio': 0.6529, 'change': '新进', 'shares': 3130200}, {'name': '卓润科技有限公司', 'rank': 10, 'ratio': 0.36, 'change': '', 'shares': 2000000}, {'name': '招商证券(香港)有限公司', 'rank': 10, 'ratio': 0.42, 'change': '', 'shares': 2894135}, {'name': 'MAS POOLED TRUSTFD INTERNA-TIONAL EQUITY PORTFOLIO', 'rank': 10, 'ratio': 0.6072, 'change': '新进', 'shares': 1244000}]",[],0.0000,0,2026-06-06 04:49:14.116271+00:00
1324,000017,2025-03-31,55855,4.5100,"[{'name': '广州市恒永盈丰企业发展有限公司', 'rank': 11, 'ratio': 0.1035, 'change': '新进', 'shares': 496213}, {'name': '广州市恒永盈丰企业发展有限公司', 'rank': 11, 'ratio': 0.10428985841, 'change': '新进', 'shares': 500000}, {'name': '深圳中华自行车(集团)股份有限公司破产企业财产处置专用账户', 'rank': 10, 'ratio': 0.47, 'change': '新进', 'shares': 2602402}, {'name': 'CBNY-PNC/BERNSTEIN GROUPTST S/A EMERGING VALUE G', 'rank': 10, 'ratio': 0.5887, 'change': '新进', 'shares': 2822498}, {'name': '深圳中华自行车(集团)股份有限公司破产企业财产处置专用账户', 'rank': 10, 'ratio': 0.47, 'change': '', 'shares': 2602402}, {'name': '上海高融投资咨询有限公司', 'rank': 10, 'ratio': 0.625739150461, 'change': '新进', 'shares': 3000000}, {'name': 'SSAL/C.H.CHINA INVESTMENTSAUS-Q4AP', 'rank': 10, 'ratio': 0.6529, 'change': '新进', 'shares': 3130200}, {'name': '卓润科技有限公司', 'rank': 10, 'ratio': 0.36, 'change': '', 'shares': 2000000}, {'name': '招商证券(香港)有限公司', 'rank': 10, 'ratio': 0.42, 'change': '', 'shares': 2894135}, {'name': 'MAS POOLED TRUSTFD INTERNA-TIONAL EQUITY PORTFOLIO', 'rank': 10, 'ratio': 0.6072, 'change': '新进', 'shares': 1244000}]",[],0.0000,0,2026-06-06 04:49:14.116271+00:00
1384,000027,2026-04-20,119478,0.2500,"[{'name': '深圳市科学技术协会', 'rank': 24, 'ratio': 0.023, 'change': '', 'shares': 277000}, {'name': '深圳市金达科技实业有限公司', 'rank': 24, 'ratio': 0.023, 'change': '', 'shares': 277000}, {'name': '深圳市儿童福利会', 'rank': 23, 'ratio': 0.0288, 'change': '', 'shares': 346200}, {'name': '宜兴市昌丰水处理设备有限公司', 'rank': 22, 'ratio': 0.029, 'change': '', 'shares': 348800}, {'name': '上海万馨投资管理有限公司', 'rank': 21, 'ratio': 0.0363, 'change': '', 'shares': 436500}, {'name': '杭州锦园丝绸有限公司', 'rank': 20, 'ratio': 0.0499, 'change': '', 'shares': 599500}, {'name': '综合开发研究院', 'rank': 18, 'ratio': 0.0576, 'change': '', 'shares': 692400}, {'name': '深圳外商投资企业协会', 'rank': 18, 'ratio': 0.0576, 'change': '', 'shares': 692400}, {'name': '昆山华利能源实业公司', 'rank': 17, 'ratio': 0.1037, 'change': '', 'shares': 1246400}, {'name': '深圳市金达科技实业有限公司', 'rank': 16, 'ratio': 0.0254, 'change': '新进', 'shares': 304920}]",[],0.0000,0,2026-06-06 04:49:14.116271+00:00
1325,000017,2024-12-31,53443,-9.9800,"[{'name': '广州市恒永盈丰企业发展有限公司', 'rank': 11, 'ratio': 0.1035, 'change': '新进', 'shares': 496213}, {'name': '广州市恒永盈丰企业发展有限公司', 'rank': 11, 'ratio': 0.10428985841, 'change': '新进', 'shares': 500000}, {'name': '深圳中华自行车(集团)股份有限公司破产企业财产处置专用账户', 'rank': 10, 'ratio': 0.47, 'change': '新进', 'shares': 2602402}, {'name': 'CBNY-PNC/BERNSTEIN GROUPTST S/A EMERGING VALUE G', 'rank': 10, 'ratio': 0.5887, 'change': '新进', 'shares': 2822498}, {'name': '深圳中华自行车(集团)股份有限公司破产企业财产处置专用账户', 'rank': 10, 'ratio': 0.47, 'change': '', 'shares': 2602402}, {'name': '上海高融投资咨询有限公司', 'rank': 10, 'ratio': 0.625739150461, 'change': '新进', 'shares': 3000000}, {'name': 'SSAL/C.H.CHINA INVESTMENTSAUS-Q4AP', 'rank': 10, 'ratio': 0.6529, 'change': '新进', 'shares': 3130200}, {'name': '卓润科技有限公司', 'rank': 10, 'ratio': 0.36, 'change': '', 'shares': 2000000}, {'name': '招商证券(香港)有限公司', 'rank': 10, 'ratio': 0.42, 'change': '', 'shares': 2894135}, {'name': 'MAS POOLED TRUSTFD INTERNA-TIONAL EQUITY PORTFOLIO', 'rank': 10, 'ratio': 0.6072, 'change': '新进', 'shares': 1244000}]",[],0.0000,0,2026-06-06 04:49:14.116271+00:00
1326,000017,2024-09-30,59368,-7.7200,"[{'name': '广州市恒永盈丰企业发展有限公司', 'rank': 11, 'ratio': 0.1035, 'change': '新进', 'shares': 496213}, {'name': '广州市恒永盈丰企业发展有限公司', 'rank': 11, 'ratio': 0.10428985841, 'change': '新进', 'shares': 500000}, {'name': '深圳中华自行车(集团)股份有限公司破产企业财产处置专用账户', 'rank': 10, 'ratio': 0.47, 'change': '新进', 'shares': 2602402}, {'name': 'CBNY-PNC/BERNSTEIN GROUPTST S/A EMERGING VALUE G', 'rank': 10, 'ratio': 0.5887, 'change': '新进', 'shares': 2822498}, {'name': '深圳中华自行车(集团)股份有限公司破产企业财产处置专用账户', 'rank': 10, 'ratio': 0.47, 'change': '', 'shares': 2602402}, {'name': '上海高融投资咨询有限公司', 'rank': 10, 'ratio': 0.625739150461, 'change': '新进', 'shares': 3000000}, {'name': 'SSAL/C.H.CHINA INVESTMENTSAUS-Q4AP', 'rank': 10, 'ratio': 0.6529, 'change': '新进', 'shares': 3130200}, {'name': '卓润科技有限公司', 'rank': 10, 'ratio': 0.36, 'change': '', 'shares': 2000000}, {'name': '招商证券(香港)有限公司', 'rank': 10, 'ratio': 0.42, 'change': '', 'shares': 2894135}, {'name': 'MAS POOLED TRUSTFD INTERNA-TIONAL EQUITY PORTFOLIO', 'rank': 10, 'ratio': 0.6072, 'change': '新进', 'shares': 1244000}]",[],0.0000,0,2026-06-06 04:49:14.116271+00:00
1327,000017,2024-06-30,64338,-14.9700,"[{'name': '广州市恒永盈丰企业发展有限公司', 'rank': 11, 'ratio': 0.1035, 'change': '新进', 'shares': 496213}, {'name': '广州市恒永盈丰企业发展有限公司', 'rank': 11, 'ratio': 0.10428985841, 'change': '新进', 'shares': 500000}, {'name': '深圳中华自行车(集团)股份有限公司破产企业财产处置专用账户', 'rank': 10, 'ratio': 0.47, 'change': '新进', 'shares': 2602402}, {'name': 'CBNY-PNC/BERNSTEIN GROUPTST S/A EMERGING VALUE G', 'rank': 10, 'ratio': 0.5887, 'change': '新进', 'shares': 2822498}, {'name': '深圳中华自行车(集团)股份有限公司破产企业财产处置专用账户', 'rank': 10, 'ratio': 0.47, 'change': '', 'shares': 2602402}, {'name': '上海高融投资咨询有限公司', 'rank': 10, 'ratio': 0.625739150461, 'change': '新进', 'shares': 3000000}, {'name': 'SSAL/C.H.CHINA INVESTMENTSAUS-Q4AP', 'rank': 10, 'ratio': 0.6529, 'change': '新进', 'shares': 3130200}, {'name': '卓润科技有限公司', 'rank': 10, 'ratio': 0.36, 'change': '', 'shares': 2000000}, {'name': '招商证券(香港)有限公司', 'rank': 10, 'ratio': 0.42, 'change': '', 'shares': 2894135}, {'name': 'MAS POOLED TRUSTFD INTERNA-TIONAL EQUITY PORTFOLIO', 'rank': 10, 'ratio': 0.6072, 'change': '新进', 'shares': 1244000}]",[],0.0000,0,2026-06-06 04:49:14.116271+00:00
1328,000017,2024-03-31,75669,89.0700,"[{'name': '广州市恒永盈丰企业发展有限公司', 'rank': 11, 'ratio': 0.1035, 'change': '新进', 'shares': 496213}, {'name': '广州市恒永盈丰企业发展有限公司', 'rank': 11, 'ratio': 0.10428985841, 'change': '新进', 'shares': 500000}, {'name': '深圳中华自行车(集团)股份有限公司破产企业财产处置专用账户', 'rank': 10, 'ratio': 0.47, 'change': '新进', 'shares': 2602402}, {'name': 'CBNY-PNC/BERNSTEIN GROUPTST S/A EMERGING VALUE G', 'rank': 10, 'ratio': 0.5887, 'change': '新进', 'shares': 2822498}, {'name': '深圳中华自行车(集团)股份有限公司破产企业财产处置专用账户', 'rank': 10, 'ratio': 0.47, 'change': '', 'shares': 2602402}, {'name': '上海高融投资咨询有限公司', 'rank': 10, 'ratio': 0.625739150461, 'change': '新进', 'shares': 3000000}, {'name': 'SSAL/C.H.CHINA INVESTMENTSAUS-Q4AP', 'rank': 10, 'ratio': 0.6529, 'change': '新进', 'shares': 3130200}, {'name': '卓润科技有限公司', 'rank': 10, 'ratio': 0.36, 'change': '', 'shares': 2000000}, {'name': '招商证券(香港)有限公司', 'rank': 10, 'ratio': 0.42, 'change': '', 'shares': 2894135}, {'name': 'MAS POOLED TRUSTFD INTERNA-TIONAL EQUITY PORTFOLIO', 'rank': 10, 'ratio': 0.6072, 'change': '新进', 'shares': 1244000}]",[],0.0000,0,2026-06-06 04:49:14.116271+00:00
1385,000027,2026-04-10,119179,-3.2400,"[{'name': '深圳市科学技术协会', 'rank': 24, 'ratio': 0.023, 'change': '', 'shares': 277000}, {'name': '深圳市金达科技实业有限公司', 'rank': 24, 'ratio': 0.023, 'change': '', 'shares': 277000}, {'name': '深圳市儿童福利会', 'rank': 23, 'ratio': 0.0288, 'change': '', 'shares': 346200}, {'name': '宜兴市昌丰水处理设备有限公司', 'rank': 22, 'ratio': 0.029, 'change': '', 'shares': 348800}, {'name': '上海万馨投资管理有限公司', 'rank': 21, 'ratio': 0.0363, 'change': '', 'shares': 436500}, {'name': '杭州锦园丝绸有限公司', 'rank': 20, 'ratio': 0.0499, 'change': '', 'shares': 599500}, {'name': '综合开发研究院', 'rank': 18, 'ratio': 0.0576, 'change': '', 'shares': 692400}, {'name': '深圳外商投资企业协会', 'rank': 18, 'ratio': 0.0576, 'change': '', 'shares': 692400}, {'name': '昆山华利能源实业公司', 'rank': 17, 'ratio': 0.1037, 'change': '', 'shares': 1246400}, {'name': '深圳市金达科技实业有限公司', 'rank': 16, 'ratio': 0.0254, 'change': '新进', 'shares': 304920}]",[],0.0000,0,2026-06-06 04:49:14.116271+00:00
1329,000017,2023-12-31,40022,0.0000,"[{'name': '广州市恒永盈丰企业发展有限公司', 'rank': 11, 'ratio': 0.1035, 'change': '新进', 'shares': 496213}, {'name': '广州市恒永盈丰企业发展有限公司', 'rank': 11, 'ratio': 0.10428985841, 'change': '新进', 'shares': 500000}, {'name': '深圳中华自行车(集团)股份有限公司破产企业财产处置专用账户', 'rank': 10, 'ratio': 0.47, 'change': '新进', 'shares': 2602402}, {'name': 'CBNY-PNC/BERNSTEIN GROUPTST S/A EMERGING VALUE G', 'rank': 10, 'ratio': 0.5887, 'change': '新进', 'shares': 2822498}, {'name': '深圳中华自行车(集团)股份有限公司破产企业财产处置专用账户', 'rank': 10, 'ratio': 0.47, 'change': '', 'shares': 2602402}, {'name': '上海高融投资咨询有限公司', 'rank': 10, 'ratio': 0.625739150461, 'change': '新进', 'shares': 3000000}, {'name': 'SSAL/C.H.CHINA INVESTMENTSAUS-Q4AP', 'rank': 10, 'ratio': 0.6529, 'change': '新进', 'shares': 3130200}, {'name': '卓润科技有限公司', 'rank': 10, 'ratio': 0.36, 'change': '', 'shares': 2000000}, {'name': '招商证券(香港)有限公司', 'rank': 10, 'ratio': 0.42, 'change': '', 'shares': 2894135}, {'name': 'MAS POOLED TRUSTFD INTERNA-TIONAL EQUITY PORTFOLIO', 'rank': 10, 'ratio': 0.6072, 'change': '新进', 'shares': 1244000}]",[],0.0000,0,2026-06-06 04:49:14.116271+00:00
1330,000019,2026-03-31,41786,0.4700,"[{'name': '中国工商银行-银河银泰理财分红证券投资基金', 'rank': 10, 'ratio': 0.32, 'change': '新进', 'shares': 799900}, {'name': '香港中央结算有限公司', 'rank': 10, 'ratio': 0.2, 'change': '', 'shares': 2361867}, {'name': '中国银行股份有限公司-国金量化多因子股票型证券投资基金', 'rank': 10, 'ratio': 0.11, 'change': '新进', 'shares': 1239300}, {'name': '本溪龙山泉啤酒有限公司', 'rank': 10, 'ratio': 0.1, 'change': '新进', 'shares': 1204740}, {'name': '本溪龙山泉啤酒有限公司', 'rank': 10, 'ratio': 0.1, 'change': '新进', 'shares': 1200000}, {'name': '香港中央结算有限公司', 'rank': 10, 'ratio': 0.26, 'change': '', 'shares': 2946479}, {'name': '中信证券股份有限公司', 'rank': 10, 'ratio': 0.14, 'change': '新进', 'shares': 1573110}, {'name': '招商银行股份有限公司-华夏中证1000交易型开放式指数证券投资基金', 'rank': 10, 'ratio': 0.18, 'change': '新进', 'shares': 2107520}, {'name': '招商银行股份有限公司-万家中证1000指数增强型发起式证券投资基金', 'rank': 10, 'ratio': 0.13, 'change': '新进', 'shares': 1536800}, {'name': 'EMERGING MAREETSSTRATEGIC FUND', 'rank': 10, 'ratio': 0.2702, 'change': '新进', 'shares': 319000}]",[],0.0000,0,2026-06-06 04:49:14.116271+00:00
1331,000019,2025-12-31,41592,1.6900,"[{'name': '中国工商银行-银河银泰理财分红证券投资基金', 'rank': 10, 'ratio': 0.32, 'change': '新进', 'shares': 799900}, {'name': '香港中央结算有限公司', 'rank': 10, 'ratio': 0.2, 'change': '', 'shares': 2361867}, {'name': '中国银行股份有限公司-国金量化多因子股票型证券投资基金', 'rank': 10, 'ratio': 0.11, 'change': '新进', 'shares': 1239300}, {'name': '本溪龙山泉啤酒有限公司', 'rank': 10, 'ratio': 0.1, 'change': '新进', 'shares': 1204740}, {'name': '本溪龙山泉啤酒有限公司', 'rank': 10, 'ratio': 0.1, 'change': '新进', 'shares': 1200000}, {'name': '香港中央结算有限公司', 'rank': 10, 'ratio': 0.26, 'change': '', 'shares': 2946479}, {'name': '中信证券股份有限公司', 'rank': 10, 'ratio': 0.14, 'change': '新进', 'shares': 1573110}, {'name': '招商银行股份有限公司-华夏中证1000交易型开放式指数证券投资基金', 'rank': 10, 'ratio': 0.18, 'change': '新进', 'shares': 2107520}, {'name': '招商银行股份有限公司-万家中证1000指数增强型发起式证券投资基金', 'rank': 10, 'ratio': 0.13, 'change': '新进', 'shares': 1536800}, {'name': 'EMERGING MAREETSSTRATEGIC FUND', 'rank': 10, 'ratio': 0.2702, 'change': '新进', 'shares': 319000}]",[],0.0000,0,2026-06-06 04:49:14.116271+00:00
1332,000019,2025-09-30,40899,-7.5000,"[{'name': '中国工商银行-银河银泰理财分红证券投资基金', 'rank': 10, 'ratio': 0.32, 'change': '新进', 'shares': 799900}, {'name': '香港中央结算有限公司', 'rank': 10, 'ratio': 0.2, 'change': '', 'shares': 2361867}, {'name': '中国银行股份有限公司-国金量化多因子股票型证券投资基金', 'rank': 10, 'ratio': 0.11, 'change': '新进', 'shares': 1239300}, {'name': '本溪龙山泉啤酒有限公司', 'rank': 10, 'ratio': 0.1, 'change': '新进', 'shares': 1204740}, {'name': '本溪龙山泉啤酒有限公司', 'rank': 10, 'ratio': 0.1, 'change': '新进', 'shares': 1200000}, {'name': '香港中央结算有限公司', 'rank': 10, 'ratio': 0.26, 'change': '', 'shares': 2946479}, {'name': '中信证券股份有限公司', 'rank': 10, 'ratio': 0.14, 'change': '新进', 'shares': 1573110}, {'name': '招商银行股份有限公司-华夏中证1000交易型开放式指数证券投资基金', 'rank': 10, 'ratio': 0.18, 'change': '新进', 'shares': 2107520}, {'name': '招商银行股份有限公司-万家中证1000指数增强型发起式证券投资基金', 'rank': 10, 'ratio': 0.13, 'change': '新进', 'shares': 1536800}, {'name': 'EMERGING MAREETSSTRATEGIC FUND', 'rank': 10, 'ratio': 0.2702, 'change': '新进', 'shares': 319000}]",[],0.0000,0,2026-06-06 04:49:14.116271+00:00
1333,000019,2025-06-30,44215,6.5500,"[{'name': '中国工商银行-银河银泰理财分红证券投资基金', 'rank': 10, 'ratio': 0.32, 'change': '新进', 'shares': 799900}, {'name': '香港中央结算有限公司', 'rank': 10, 'ratio': 0.2, 'change': '', 'shares': 2361867}, {'name': '中国银行股份有限公司-国金量化多因子股票型证券投资基金', 'rank': 10, 'ratio': 0.11, 'change': '新进', 'shares': 1239300}, {'name': '本溪龙山泉啤酒有限公司', 'rank': 10, 'ratio': 0.1, 'change': '新进', 'shares': 1204740}, {'name': '本溪龙山泉啤酒有限公司', 'rank': 10, 'ratio': 0.1, 'change': '新进', 'shares': 1200000}, {'name': '香港中央结算有限公司', 'rank': 10, 'ratio': 0.26, 'change': '', 'shares': 2946479}, {'name': '中信证券股份有限公司', 'rank': 10, 'ratio': 0.14, 'change': '新进', 'shares': 1573110}, {'name': '招商银行股份有限公司-华夏中证1000交易型开放式指数证券投资基金', 'rank': 10, 'ratio': 0.18, 'change': '新进', 'shares': 2107520}, {'name': '招商银行股份有限公司-万家中证1000指数增强型发起式证券投资基金', 'rank': 10, 'ratio': 0.13, 'change': '新进', 'shares': 1536800}, {'name': 'EMERGING MAREETSSTRATEGIC FUND', 'rank': 10, 'ratio': 0.2702, 'change': '新进', 'shares': 319000}]",[],0.0000,0,2026-06-06 04:49:14.116271+00:00
1334,000019,2025-03-31,41498,-3.4400,"[{'name': '中国工商银行-银河银泰理财分红证券投资基金', 'rank': 10, 'ratio': 0.32, 'change': '新进', 'shares': 799900}, {'name': '香港中央结算有限公司', 'rank': 10, 'ratio': 0.2, 'change': '', 'shares': 2361867}, {'name': '中国银行股份有限公司-国金量化多因子股票型证券投资基金', 'rank': 10, 'ratio': 0.11, 'change': '新进', 'shares': 1239300}, {'name': '本溪龙山泉啤酒有限公司', 'rank': 10, 'ratio': 0.1, 'change': '新进', 'shares': 1204740}, {'name': '本溪龙山泉啤酒有限公司', 'rank': 10, 'ratio': 0.1, 'change': '新进', 'shares': 1200000}, {'name': '香港中央结算有限公司', 'rank': 10, 'ratio': 0.26, 'change': '', 'shares': 2946479}, {'name': '中信证券股份有限公司', 'rank': 10, 'ratio': 0.14, 'change': '新进', 'shares': 1573110}, {'name': '招商银行股份有限公司-华夏中证1000交易型开放式指数证券投资基金', 'rank': 10, 'ratio': 0.18, 'change': '新进', 'shares': 2107520}, {'name': '招商银行股份有限公司-万家中证1000指数增强型发起式证券投资基金', 'rank': 10, 'ratio': 0.13, 'change': '新进', 'shares': 1536800}, {'name': 'EMERGING MAREETSSTRATEGIC FUND', 'rank': 10, 'ratio': 0.2702, 'change': '新进', 'shares': 319000}]",[],0.0000,0,2026-06-06 04:49:14.116271+00:00
1335,000019,2024-12-31,42977,-3.9500,"[{'name': '中国工商银行-银河银泰理财分红证券投资基金', 'rank': 10, 'ratio': 0.32, 'change': '新进', 'shares': 799900}, {'name': '香港中央结算有限公司', 'rank': 10, 'ratio': 0.2, 'change': '', 'shares': 2361867}, {'name': '中国银行股份有限公司-国金量化多因子股票型证券投资基金', 'rank': 10, 'ratio': 0.11, 'change': '新进', 'shares': 1239300}, {'name': '本溪龙山泉啤酒有限公司', 'rank': 10, 'ratio': 0.1, 'change': '新进', 'shares': 1204740}, {'name': '本溪龙山泉啤酒有限公司', 'rank': 10, 'ratio': 0.1, 'change': '新进', 'shares': 1200000}, {'name': '香港中央结算有限公司', 'rank': 10, 'ratio': 0.26, 'change': '', 'shares': 2946479}, {'name': '中信证券股份有限公司', 'rank': 10, 'ratio': 0.14, 'change': '新进', 'shares': 1573110}, {'name': '招商银行股份有限公司-华夏中证1000交易型开放式指数证券投资基金', 'rank': 10, 'ratio': 0.18, 'change': '新进', 'shares': 2107520}, {'name': '招商银行股份有限公司-万家中证1000指数增强型发起式证券投资基金', 'rank': 10, 'ratio': 0.13, 'change': '新进', 'shares': 1536800}, {'name': 'EMERGING MAREETSSTRATEGIC FUND', 'rank': 10, 'ratio': 0.2702, 'change': '新进', 'shares': 319000}]",[],0.0000,0,2026-06-06 04:49:14.116271+00:00
1336,000019,2024-09-30,44746,0.3300,"[{'name': '中国工商银行-银河银泰理财分红证券投资基金', 'rank': 10, 'ratio': 0.32, 'change': '新进', 'shares': 799900}, {'name': '香港中央结算有限公司', 'rank': 10, 'ratio': 0.2, 'change': '', 'shares': 2361867}, {'name': '中国银行股份有限公司-国金量化多因子股票型证券投资基金', 'rank': 10, 'ratio': 0.11, 'change': '新进', 'shares': 1239300}, {'name': '本溪龙山泉啤酒有限公司', 'rank': 10, 'ratio': 0.1, 'change': '新进', 'shares': 1204740}, {'name': '本溪龙山泉啤酒有限公司', 'rank': 10, 'ratio': 0.1, 'change': '新进', 'shares': 1200000}, {'name': '香港中央结算有限公司', 'rank': 10, 'ratio': 0.26, 'change': '', 'shares': 2946479}, {'name': '中信证券股份有限公司', 'rank': 10, 'ratio': 0.14, 'change': '新进', 'shares': 1573110}, {'name': '招商银行股份有限公司-华夏中证1000交易型开放式指数证券投资基金', 'rank': 10, 'ratio': 0.18, 'change': '新进', 'shares': 2107520}, {'name': '招商银行股份有限公司-万家中证1000指数增强型发起式证券投资基金', 'rank': 10, 'ratio': 0.13, 'change': '新进', 'shares': 1536800}, {'name': 'EMERGING MAREETSSTRATEGIC FUND', 'rank': 10, 'ratio': 0.2702, 'change': '新进', 'shares': 319000}]",[],0.0000,0,2026-06-06 04:49:14.116271+00:00
1337,000019,2024-06-30,44597,-3.2400,"[{'name': '中国工商银行-银河银泰理财分红证券投资基金', 'rank': 10, 'ratio': 0.32, 'change': '新进', 'shares': 799900}, {'name': '香港中央结算有限公司', 'rank': 10, 'ratio': 0.2, 'change': '', 'shares': 2361867}, {'name': '中国银行股份有限公司-国金量化多因子股票型证券投资基金', 'rank': 10, 'ratio': 0.11, 'change': '新进', 'shares': 1239300}, {'name': '本溪龙山泉啤酒有限公司', 'rank': 10, 'ratio': 0.1, 'change': '新进', 'shares': 1204740}, {'name': '本溪龙山泉啤酒有限公司', 'rank': 10, 'ratio': 0.1, 'change': '新进', 'shares': 1200000}, {'name': '香港中央结算有限公司', 'rank': 10, 'ratio': 0.26, 'change': '', 'shares': 2946479}, {'name': '中信证券股份有限公司', 'rank': 10, 'ratio': 0.14, 'change': '新进', 'shares': 1573110}, {'name': '招商银行股份有限公司-华夏中证1000交易型开放式指数证券投资基金', 'rank': 10, 'ratio': 0.18, 'change': '新进', 'shares': 2107520}, {'name': '招商银行股份有限公司-万家中证1000指数增强型发起式证券投资基金', 'rank': 10, 'ratio': 0.13, 'change': '新进', 'shares': 1536800}, {'name': 'EMERGING MAREETSSTRATEGIC FUND', 'rank': 10, 'ratio': 0.2702, 'change': '新进', 'shares': 319000}]",[],0.0000,0,2026-06-06 04:49:14.116271+00:00
1338,000019,2024-03-31,46089,-0.9800,"[{'name': '中国工商银行-银河银泰理财分红证券投资基金', 'rank': 10, 'ratio': 0.32, 'change': '新进', 'shares': 799900}, {'name': '香港中央结算有限公司', 'rank': 10, 'ratio': 0.2, 'change': '', 'shares': 2361867}, {'name': '中国银行股份有限公司-国金量化多因子股票型证券投资基金', 'rank': 10, 'ratio': 0.11, 'change': '新进', 'shares': 1239300}, {'name': '本溪龙山泉啤酒有限公司', 'rank': 10, 'ratio': 0.1, 'change': '新进', 'shares': 1204740}, {'name': '本溪龙山泉啤酒有限公司', 'rank': 10, 'ratio': 0.1, 'change': '新进', 'shares': 1200000}, {'name': '香港中央结算有限公司', 'rank': 10, 'ratio': 0.26, 'change': '', 'shares': 2946479}, {'name': '中信证券股份有限公司', 'rank': 10, 'ratio': 0.14, 'change': '新进', 'shares': 1573110}, {'name': '招商银行股份有限公司-华夏中证1000交易型开放式指数证券投资基金', 'rank': 10, 'ratio': 0.18, 'change': '新进', 'shares': 2107520}, {'name': '招商银行股份有限公司-万家中证1000指数增强型发起式证券投资基金', 'rank': 10, 'ratio': 0.13, 'change': '新进', 'shares': 1536800}, {'name': 'EMERGING MAREETSSTRATEGIC FUND', 'rank': 10, 'ratio': 0.2702, 'change': '新进', 'shares': 319000}]",[],0.0000,0,2026-06-06 04:49:14.116271+00:00
1339,000019,2023-12-31,46547,0.0000,"[{'name': '中国工商银行-银河银泰理财分红证券投资基金', 'rank': 10, 'ratio': 0.32, 'change': '新进', 'shares': 799900}, {'name': '香港中央结算有限公司', 'rank': 10, 'ratio': 0.2, 'change': '', 'shares': 2361867}, {'name': '中国银行股份有限公司-国金量化多因子股票型证券投资基金', 'rank': 10, 'ratio': 0.11, 'change': '新进', 'shares': 1239300}, {'name': '本溪龙山泉啤酒有限公司', 'rank': 10, 'ratio': 0.1, 'change': '新进', 'shares': 1204740}, {'name': '本溪龙山泉啤酒有限公司', 'rank': 10, 'ratio': 0.1, 'change': '新进', 'shares': 1200000}, {'name': '香港中央结算有限公司', 'rank': 10, 'ratio': 0.26, 'change': '', 'shares': 2946479}, {'name': '中信证券股份有限公司', 'rank': 10, 'ratio': 0.14, 'change': '新进', 'shares': 1573110}, {'name': '招商银行股份有限公司-华夏中证1000交易型开放式指数证券投资基金', 'rank': 10, 'ratio': 0.18, 'change': '新进', 'shares': 2107520}, {'name': '招商银行股份有限公司-万家中证1000指数增强型发起式证券投资基金', 'rank': 10, 'ratio': 0.13, 'change': '新进', 'shares': 1536800}, {'name': 'EMERGING MAREETSSTRATEGIC FUND', 'rank': 10, 'ratio': 0.2702, 'change': '新进', 'shares': 319000}]",[],0.0000,0,2026-06-06 04:49:14.116271+00:00
1340,000020,2026-03-31,32033,30.5700,"[{'name': 'MORGAN STANLEY & CO. INTERNATIONAL PLC.', 'rank': 10, 'ratio': 0.43, 'change': '', 'shares': 1205098}, {'name': '华泰证券股份有限公司', 'rank': 10, 'ratio': 0.4, 'change': '新进', 'shares': 1143242}, {'name': '招商证券(香港)有限公司', 'rank': 10, 'ratio': 0.35, 'change': '', 'shares': 978873}, {'name': '勝銀投資有限公司', 'rank': 10, 'ratio': 0.5, 'change': '', 'shares': 1408600}, {'name': '招商证券(香港)有限公司', 'rank': 10, 'ratio': 0.35, 'change': '新进', 'shares': 978873}, {'name': '招商证券(香港)有限公司', 'rank': 10, 'ratio': 0.35, 'change': '', 'shares': 978873}, {'name': '胜银投资有限公司', 'rank': 10, 'ratio': 0.5, 'change': '', 'shares': 1408600}, {'name': 'SHEEN STRONG INVESTMENTSLTD', 'rank': 10, 'ratio': 0.1787, 'change': '新进', 'shares': 379500}, {'name': 'TEMPLETON CHINA WORLD FUND INC.', 'rank': 10, 'ratio': 0.3056, 'change': '', 'shares': 735691}, {'name': '华润深国投信托有限公司-雅利行胜于言1号集合资金信托计划', 'rank': 10, 'ratio': 0.31, 'change': '新进', 'shares': 866610}]",[],0.0000,0,2026-06-06 04:49:14.116271+00:00
1341,000020,2025-12-31,24534,-13.6200,"[{'name': 'MORGAN STANLEY & CO. INTERNATIONAL PLC.', 'rank': 10, 'ratio': 0.43, 'change': '', 'shares': 1205098}, {'name': '华泰证券股份有限公司', 'rank': 10, 'ratio': 0.4, 'change': '新进', 'shares': 1143242}, {'name': '招商证券(香港)有限公司', 'rank': 10, 'ratio': 0.35, 'change': '', 'shares': 978873}, {'name': '勝銀投資有限公司', 'rank': 10, 'ratio': 0.5, 'change': '', 'shares': 1408600}, {'name': '招商证券(香港)有限公司', 'rank': 10, 'ratio': 0.35, 'change': '新进', 'shares': 978873}, {'name': '招商证券(香港)有限公司', 'rank': 10, 'ratio': 0.35, 'change': '', 'shares': 978873}, {'name': '胜银投资有限公司', 'rank': 10, 'ratio': 0.5, 'change': '', 'shares': 1408600}, {'name': 'SHEEN STRONG INVESTMENTSLTD', 'rank': 10, 'ratio': 0.1787, 'change': '新进', 'shares': 379500}, {'name': 'TEMPLETON CHINA WORLD FUND INC.', 'rank': 10, 'ratio': 0.3056, 'change': '', 'shares': 735691}, {'name': '华润深国投信托有限公司-雅利行胜于言1号集合资金信托计划', 'rank': 10, 'ratio': 0.31, 'change': '新进', 'shares': 866610}]",[],0.0000,0,2026-06-06 04:49:14.116271+00:00
1342,000020,2025-09-30,28401,-0.0700,"[{'name': 'MORGAN STANLEY & CO. INTERNATIONAL PLC.', 'rank': 10, 'ratio': 0.43, 'change': '', 'shares': 1205098}, {'name': '华泰证券股份有限公司', 'rank': 10, 'ratio': 0.4, 'change': '新进', 'shares': 1143242}, {'name': '招商证券(香港)有限公司', 'rank': 10, 'ratio': 0.35, 'change': '', 'shares': 978873}, {'name': '勝銀投資有限公司', 'rank': 10, 'ratio': 0.5, 'change': '', 'shares': 1408600}, {'name': '招商证券(香港)有限公司', 'rank': 10, 'ratio': 0.35, 'change': '新进', 'shares': 978873}, {'name': '招商证券(香港)有限公司', 'rank': 10, 'ratio': 0.35, 'change': '', 'shares': 978873}, {'name': '胜银投资有限公司', 'rank': 10, 'ratio': 0.5, 'change': '', 'shares': 1408600}, {'name': 'SHEEN STRONG INVESTMENTSLTD', 'rank': 10, 'ratio': 0.1787, 'change': '新进', 'shares': 379500}, {'name': 'TEMPLETON CHINA WORLD FUND INC.', 'rank': 10, 'ratio': 0.3056, 'change': '', 'shares': 735691}, {'name': '华润深国投信托有限公司-雅利行胜于言1号集合资金信托计划', 'rank': 10, 'ratio': 0.31, 'change': '新进', 'shares': 866610}]",[],0.0000,0,2026-06-06 04:49:14.116271+00:00
1343,000020,2025-06-30,28422,21.5000,"[{'name': 'MORGAN STANLEY & CO. INTERNATIONAL PLC.', 'rank': 10, 'ratio': 0.43, 'change': '', 'shares': 1205098}, {'name': '华泰证券股份有限公司', 'rank': 10, 'ratio': 0.4, 'change': '新进', 'shares': 1143242}, {'name': '招商证券(香港)有限公司', 'rank': 10, 'ratio': 0.35, 'change': '', 'shares': 978873}, {'name': '勝銀投資有限公司', 'rank': 10, 'ratio': 0.5, 'change': '', 'shares': 1408600}, {'name': '招商证券(香港)有限公司', 'rank': 10, 'ratio': 0.35, 'change': '新进', 'shares': 978873}, {'name': '招商证券(香港)有限公司', 'rank': 10, 'ratio': 0.35, 'change': '', 'shares': 978873}, {'name': '胜银投资有限公司', 'rank': 10, 'ratio': 0.5, 'change': '', 'shares': 1408600}, {'name': 'SHEEN STRONG INVESTMENTSLTD', 'rank': 10, 'ratio': 0.1787, 'change': '新进', 'shares': 379500}, {'name': 'TEMPLETON CHINA WORLD FUND INC.', 'rank': 10, 'ratio': 0.3056, 'change': '', 'shares': 735691}, {'name': '华润深国投信托有限公司-雅利行胜于言1号集合资金信托计划', 'rank': 10, 'ratio': 0.31, 'change': '新进', 'shares': 866610}]",[],0.0000,0,2026-06-06 04:49:14.116271+00:00
1344,000020,2025-03-31,23392,-3.0600,"[{'name': 'MORGAN STANLEY & CO. INTERNATIONAL PLC.', 'rank': 10, 'ratio': 0.43, 'change': '', 'shares': 1205098}, {'name': '华泰证券股份有限公司', 'rank': 10, 'ratio': 0.4, 'change': '新进', 'shares': 1143242}, {'name': '招商证券(香港)有限公司', 'rank': 10, 'ratio': 0.35, 'change': '', 'shares': 978873}, {'name': '勝銀投資有限公司', 'rank': 10, 'ratio': 0.5, 'change': '', 'shares': 1408600}, {'name': '招商证券(香港)有限公司', 'rank': 10, 'ratio': 0.35, 'change': '新进', 'shares': 978873}, {'name': '招商证券(香港)有限公司', 'rank': 10, 'ratio': 0.35, 'change': '', 'shares': 978873}, {'name': '胜银投资有限公司', 'rank': 10, 'ratio': 0.5, 'change': '', 'shares': 1408600}, {'name': 'SHEEN STRONG INVESTMENTSLTD', 'rank': 10, 'ratio': 0.1787, 'change': '新进', 'shares': 379500}, {'name': 'TEMPLETON CHINA WORLD FUND INC.', 'rank': 10, 'ratio': 0.3056, 'change': '', 'shares': 735691}, {'name': '华润深国投信托有限公司-雅利行胜于言1号集合资金信托计划', 'rank': 10, 'ratio': 0.31, 'change': '新进', 'shares': 866610}]",[],0.0000,0,2026-06-06 04:49:14.116271+00:00
1345,000020,2024-12-31,24130,-24.6800,"[{'name': 'MORGAN STANLEY & CO. INTERNATIONAL PLC.', 'rank': 10, 'ratio': 0.43, 'change': '', 'shares': 1205098}, {'name': '华泰证券股份有限公司', 'rank': 10, 'ratio': 0.4, 'change': '新进', 'shares': 1143242}, {'name': '招商证券(香港)有限公司', 'rank': 10, 'ratio': 0.35, 'change': '', 'shares': 978873}, {'name': '勝銀投資有限公司', 'rank': 10, 'ratio': 0.5, 'change': '', 'shares': 1408600}, {'name': '招商证券(香港)有限公司', 'rank': 10, 'ratio': 0.35, 'change': '新进', 'shares': 978873}, {'name': '招商证券(香港)有限公司', 'rank': 10, 'ratio': 0.35, 'change': '', 'shares': 978873}, {'name': '胜银投资有限公司', 'rank': 10, 'ratio': 0.5, 'change': '', 'shares': 1408600}, {'name': 'SHEEN STRONG INVESTMENTSLTD', 'rank': 10, 'ratio': 0.1787, 'change': '新进', 'shares': 379500}, {'name': 'TEMPLETON CHINA WORLD FUND INC.', 'rank': 10, 'ratio': 0.3056, 'change': '', 'shares': 735691}, {'name': '华润深国投信托有限公司-雅利行胜于言1号集合资金信托计划', 'rank': 10, 'ratio': 0.31, 'change': '新进', 'shares': 866610}]",[],0.0000,0,2026-06-06 04:49:14.116271+00:00
1346,000020,2024-09-30,32037,22.2600,"[{'name': 'MORGAN STANLEY & CO. INTERNATIONAL PLC.', 'rank': 10, 'ratio': 0.43, 'change': '', 'shares': 1205098}, {'name': '华泰证券股份有限公司', 'rank': 10, 'ratio': 0.4, 'change': '新进', 'shares': 1143242}, {'name': '招商证券(香港)有限公司', 'rank': 10, 'ratio': 0.35, 'change': '', 'shares': 978873}, {'name': '勝銀投資有限公司', 'rank': 10, 'ratio': 0.5, 'change': '', 'shares': 1408600}, {'name': '招商证券(香港)有限公司', 'rank': 10, 'ratio': 0.35, 'change': '新进', 'shares': 978873}, {'name': '招商证券(香港)有限公司', 'rank': 10, 'ratio': 0.35, 'change': '', 'shares': 978873}, {'name': '胜银投资有限公司', 'rank': 10, 'ratio': 0.5, 'change': '', 'shares': 1408600}, {'name': 'SHEEN STRONG INVESTMENTSLTD', 'rank': 10, 'ratio': 0.1787, 'change': '新进', 'shares': 379500}, {'name': 'TEMPLETON CHINA WORLD FUND INC.', 'rank': 10, 'ratio': 0.3056, 'change': '', 'shares': 735691}, {'name': '华润深国投信托有限公司-雅利行胜于言1号集合资金信托计划', 'rank': 10, 'ratio': 0.31, 'change': '新进', 'shares': 866610}]",[],0.0000,0,2026-06-06 04:49:14.116271+00:00
1347,000020,2024-06-30,26203,-20.1800,"[{'name': 'MORGAN STANLEY & CO. INTERNATIONAL PLC.', 'rank': 10, 'ratio': 0.43, 'change': '', 'shares': 1205098}, {'name': '华泰证券股份有限公司', 'rank': 10, 'ratio': 0.4, 'change': '新进', 'shares': 1143242}, {'name': '招商证券(香港)有限公司', 'rank': 10, 'ratio': 0.35, 'change': '', 'shares': 978873}, {'name': '勝銀投資有限公司', 'rank': 10, 'ratio': 0.5, 'change': '', 'shares': 1408600}, {'name': '招商证券(香港)有限公司', 'rank': 10, 'ratio': 0.35, 'change': '新进', 'shares': 978873}, {'name': '招商证券(香港)有限公司', 'rank': 10, 'ratio': 0.35, 'change': '', 'shares': 978873}, {'name': '胜银投资有限公司', 'rank': 10, 'ratio': 0.5, 'change': '', 'shares': 1408600}, {'name': 'SHEEN STRONG INVESTMENTSLTD', 'rank': 10, 'ratio': 0.1787, 'change': '新进', 'shares': 379500}, {'name': 'TEMPLETON CHINA WORLD FUND INC.', 'rank': 10, 'ratio': 0.3056, 'change': '', 'shares': 735691}, {'name': '华润深国投信托有限公司-雅利行胜于言1号集合资金信托计划', 'rank': 10, 'ratio': 0.31, 'change': '新进', 'shares': 866610}]",[],0.0000,0,2026-06-06 04:49:14.116271+00:00
1348,000020,2024-03-31,32827,53.9400,"[{'name': 'MORGAN STANLEY & CO. INTERNATIONAL PLC.', 'rank': 10, 'ratio': 0.43, 'change': '', 'shares': 1205098}, {'name': '华泰证券股份有限公司', 'rank': 10, 'ratio': 0.4, 'change': '新进', 'shares': 1143242}, {'name': '招商证券(香港)有限公司', 'rank': 10, 'ratio': 0.35, 'change': '', 'shares': 978873}, {'name': '勝銀投資有限公司', 'rank': 10, 'ratio': 0.5, 'change': '', 'shares': 1408600}, {'name': '招商证券(香港)有限公司', 'rank': 10, 'ratio': 0.35, 'change': '新进', 'shares': 978873}, {'name': '招商证券(香港)有限公司', 'rank': 10, 'ratio': 0.35, 'change': '', 'shares': 978873}, {'name': '胜银投资有限公司', 'rank': 10, 'ratio': 0.5, 'change': '', 'shares': 1408600}, {'name': 'SHEEN STRONG INVESTMENTSLTD', 'rank': 10, 'ratio': 0.1787, 'change': '新进', 'shares': 379500}, {'name': 'TEMPLETON CHINA WORLD FUND INC.', 'rank': 10, 'ratio': 0.3056, 'change': '', 'shares': 735691}, {'name': '华润深国投信托有限公司-雅利行胜于言1号集合资金信托计划', 'rank': 10, 'ratio': 0.31, 'change': '新进', 'shares': 866610}]",[],0.0000,0,2026-06-06 04:49:14.116271+00:00
1349,000020,2023-12-31,21324,0.0000,"[{'name': 'MORGAN STANLEY & CO. INTERNATIONAL PLC.', 'rank': 10, 'ratio': 0.43, 'change': '', 'shares': 1205098}, {'name': '华泰证券股份有限公司', 'rank': 10, 'ratio': 0.4, 'change': '新进', 'shares': 1143242}, {'name': '招商证券(香港)有限公司', 'rank': 10, 'ratio': 0.35, 'change': '', 'shares': 978873}, {'name': '勝銀投資有限公司', 'rank': 10, 'ratio': 0.5, 'change': '', 'shares': 1408600}, {'name': '招商证券(香港)有限公司', 'rank': 10, 'ratio': 0.35, 'change': '新进', 'shares': 978873}, {'name': '招商证券(香港)有限公司', 'rank': 10, 'ratio': 0.35, 'change': '', 'shares': 978873}, {'name': '胜银投资有限公司', 'rank': 10, 'ratio': 0.5, 'change': '', 'shares': 1408600}, {'name': 'SHEEN STRONG INVESTMENTSLTD', 'rank': 10, 'ratio': 0.1787, 'change': '新进', 'shares': 379500}, {'name': 'TEMPLETON CHINA WORLD FUND INC.', 'rank': 10, 'ratio': 0.3056, 'change': '', 'shares': 735691}, {'name': '华润深国投信托有限公司-雅利行胜于言1号集合资金信托计划', 'rank': 10, 'ratio': 0.31, 'change': '新进', 'shares': 866610}]",[],0.0000,0,2026-06-06 04:49:14.116271+00:00
1350,000021,2026-05-29,386878,8.1400,"[{'name': '国泰君安证券股份有限公司', 'rank': 10, 'ratio': 0.25, 'change': '新进', 'shares': 3830479}, {'name': '深圳市和沣资产管理有限公司-和沣融慧私募基金', 'rank': 10, 'ratio': 0.29, 'change': '新进', 'shares': 4271210}, {'name': '中国人民财产保险股份有限公司-传统-普通保险产品', 'rank': 10, 'ratio': 0.34, 'change': '新进', 'shares': 5312900}, {'name': '中国人民人寿保险股份有限公司-传统-普通保险产品', 'rank': 10, 'ratio': 0.2, 'change': '新进', 'shares': 3155107}, {'name': '龙力控股有限公司', 'rank': 10, 'ratio': 0.18, 'change': '', 'shares': 2600000}, {'name': '合众人寿保险股份有限公司-分红-个险分红', 'rank': 10, 'ratio': 0.35, 'change': '新进', 'shares': 5499974}, {'name': '中国国际金融股份有限公司', 'rank': 10, 'ratio': 0.32, 'change': '新进', 'shares': 4964561}, {'name': '中国农业银行股份有限公司-中证500交易型开放式指数证券投资基金', 'rank': 10, 'ratio': 0.2, 'change': '', 'shares': 2989664}, {'name': '中国农业银行股份有限公司-中证500交易型开放式指数证券投资基金', 'rank': 10, 'ratio': 0.37, 'change': '', 'shares': 5756470}, {'name': '招商证券股份有限公司客户信用交易担保证券账户', 'rank': 10, 'ratio': 0.67, 'change': '新进', 'shares': 9803740}]",[],0.0000,0,2026-06-06 04:49:14.116271+00:00
1351,000021,2026-05-20,357759,50.4700,"[{'name': '国泰君安证券股份有限公司', 'rank': 10, 'ratio': 0.25, 'change': '新进', 'shares': 3830479}, {'name': '深圳市和沣资产管理有限公司-和沣融慧私募基金', 'rank': 10, 'ratio': 0.29, 'change': '新进', 'shares': 4271210}, {'name': '中国人民财产保险股份有限公司-传统-普通保险产品', 'rank': 10, 'ratio': 0.34, 'change': '新进', 'shares': 5312900}, {'name': '中国人民人寿保险股份有限公司-传统-普通保险产品', 'rank': 10, 'ratio': 0.2, 'change': '新进', 'shares': 3155107}, {'name': '龙力控股有限公司', 'rank': 10, 'ratio': 0.18, 'change': '', 'shares': 2600000}, {'name': '合众人寿保险股份有限公司-分红-个险分红', 'rank': 10, 'ratio': 0.35, 'change': '新进', 'shares': 5499974}, {'name': '中国国际金融股份有限公司', 'rank': 10, 'ratio': 0.32, 'change': '新进', 'shares': 4964561}, {'name': '中国农业银行股份有限公司-中证500交易型开放式指数证券投资基金', 'rank': 10, 'ratio': 0.2, 'change': '', 'shares': 2989664}, {'name': '中国农业银行股份有限公司-中证500交易型开放式指数证券投资基金', 'rank': 10, 'ratio': 0.37, 'change': '', 'shares': 5756470}, {'name': '招商证券股份有限公司客户信用交易担保证券账户', 'rank': 10, 'ratio': 0.67, 'change': '新进', 'shares': 9803740}]",[],0.0000,0,2026-06-06 04:49:14.116271+00:00
1352,000021,2026-04-30,237767,-5.2200,"[{'name': '国泰君安证券股份有限公司', 'rank': 10, 'ratio': 0.25, 'change': '新进', 'shares': 3830479}, {'name': '深圳市和沣资产管理有限公司-和沣融慧私募基金', 'rank': 10, 'ratio': 0.29, 'change': '新进', 'shares': 4271210}, {'name': '中国人民财产保险股份有限公司-传统-普通保险产品', 'rank': 10, 'ratio': 0.34, 'change': '新进', 'shares': 5312900}, {'name': '中国人民人寿保险股份有限公司-传统-普通保险产品', 'rank': 10, 'ratio': 0.2, 'change': '新进', 'shares': 3155107}, {'name': '龙力控股有限公司', 'rank': 10, 'ratio': 0.18, 'change': '', 'shares': 2600000}, {'name': '合众人寿保险股份有限公司-分红-个险分红', 'rank': 10, 'ratio': 0.35, 'change': '新进', 'shares': 5499974}, {'name': '中国国际金融股份有限公司', 'rank': 10, 'ratio': 0.32, 'change': '新进', 'shares': 4964561}, {'name': '中国农业银行股份有限公司-中证500交易型开放式指数证券投资基金', 'rank': 10, 'ratio': 0.2, 'change': '', 'shares': 2989664}, {'name': '中国农业银行股份有限公司-中证500交易型开放式指数证券投资基金', 'rank': 10, 'ratio': 0.37, 'change': '', 'shares': 5756470}, {'name': '招商证券股份有限公司客户信用交易担保证券账户', 'rank': 10, 'ratio': 0.67, 'change': '新进', 'shares': 9803740}]",[],0.0000,0,2026-06-06 04:49:14.116271+00:00
1353,000021,2026-04-10,250863,-0.5300,"[{'name': '国泰君安证券股份有限公司', 'rank': 10, 'ratio': 0.25, 'change': '新进', 'shares': 3830479}, {'name': '深圳市和沣资产管理有限公司-和沣融慧私募基金', 'rank': 10, 'ratio': 0.29, 'change': '新进', 'shares': 4271210}, {'name': '中国人民财产保险股份有限公司-传统-普通保险产品', 'rank': 10, 'ratio': 0.34, 'change': '新进', 'shares': 5312900}, {'name': '中国人民人寿保险股份有限公司-传统-普通保险产品', 'rank': 10, 'ratio': 0.2, 'change': '新进', 'shares': 3155107}, {'name': '龙力控股有限公司', 'rank': 10, 'ratio': 0.18, 'change': '', 'shares': 2600000}, {'name': '合众人寿保险股份有限公司-分红-个险分红', 'rank': 10, 'ratio': 0.35, 'change': '新进', 'shares': 5499974}, {'name': '中国国际金融股份有限公司', 'rank': 10, 'ratio': 0.32, 'change': '新进', 'shares': 4964561}, {'name': '中国农业银行股份有限公司-中证500交易型开放式指数证券投资基金', 'rank': 10, 'ratio': 0.2, 'change': '', 'shares': 2989664}, {'name': '中国农业银行股份有限公司-中证500交易型开放式指数证券投资基金', 'rank': 10, 'ratio': 0.37, 'change': '', 'shares': 5756470}, {'name': '招商证券股份有限公司客户信用交易担保证券账户', 'rank': 10, 'ratio': 0.67, 'change': '新进', 'shares': 9803740}]",[],0.0000,0,2026-06-06 04:49:14.116271+00:00
1354,000021,2026-03-31,252203,11.6600,"[{'name': '国泰君安证券股份有限公司', 'rank': 10, 'ratio': 0.25, 'change': '新进', 'shares': 3830479}, {'name': '深圳市和沣资产管理有限公司-和沣融慧私募基金', 'rank': 10, 'ratio': 0.29, 'change': '新进', 'shares': 4271210}, {'name': '中国人民财产保险股份有限公司-传统-普通保险产品', 'rank': 10, 'ratio': 0.34, 'change': '新进', 'shares': 5312900}, {'name': '中国人民人寿保险股份有限公司-传统-普通保险产品', 'rank': 10, 'ratio': 0.2, 'change': '新进', 'shares': 3155107}, {'name': '龙力控股有限公司', 'rank': 10, 'ratio': 0.18, 'change': '', 'shares': 2600000}, {'name': '合众人寿保险股份有限公司-分红-个险分红', 'rank': 10, 'ratio': 0.35, 'change': '新进', 'shares': 5499974}, {'name': '中国国际金融股份有限公司', 'rank': 10, 'ratio': 0.32, 'change': '新进', 'shares': 4964561}, {'name': '中国农业银行股份有限公司-中证500交易型开放式指数证券投资基金', 'rank': 10, 'ratio': 0.2, 'change': '', 'shares': 2989664}, {'name': '中国农业银行股份有限公司-中证500交易型开放式指数证券投资基金', 'rank': 10, 'ratio': 0.37, 'change': '', 'shares': 5756470}, {'name': '招商证券股份有限公司客户信用交易担保证券账户', 'rank': 10, 'ratio': 0.67, 'change': '新进', 'shares': 9803740}]",[],0.0000,0,2026-06-06 04:49:14.116271+00:00
1355,000021,2026-03-10,225861,-1.2400,"[{'name': '国泰君安证券股份有限公司', 'rank': 10, 'ratio': 0.25, 'change': '新进', 'shares': 3830479}, {'name': '深圳市和沣资产管理有限公司-和沣融慧私募基金', 'rank': 10, 'ratio': 0.29, 'change': '新进', 'shares': 4271210}, {'name': '中国人民财产保险股份有限公司-传统-普通保险产品', 'rank': 10, 'ratio': 0.34, 'change': '新进', 'shares': 5312900}, {'name': '中国人民人寿保险股份有限公司-传统-普通保险产品', 'rank': 10, 'ratio': 0.2, 'change': '新进', 'shares': 3155107}, {'name': '龙力控股有限公司', 'rank': 10, 'ratio': 0.18, 'change': '', 'shares': 2600000}, {'name': '合众人寿保险股份有限公司-分红-个险分红', 'rank': 10, 'ratio': 0.35, 'change': '新进', 'shares': 5499974}, {'name': '中国国际金融股份有限公司', 'rank': 10, 'ratio': 0.32, 'change': '新进', 'shares': 4964561}, {'name': '中国农业银行股份有限公司-中证500交易型开放式指数证券投资基金', 'rank': 10, 'ratio': 0.2, 'change': '', 'shares': 2989664}, {'name': '中国农业银行股份有限公司-中证500交易型开放式指数证券投资基金', 'rank': 10, 'ratio': 0.37, 'change': '', 'shares': 5756470}, {'name': '招商证券股份有限公司客户信用交易担保证券账户', 'rank': 10, 'ratio': 0.67, 'change': '新进', 'shares': 9803740}]",[],0.0000,0,2026-06-06 04:49:14.116271+00:00
1356,000021,2026-02-27,228694,29.0300,"[{'name': '国泰君安证券股份有限公司', 'rank': 10, 'ratio': 0.25, 'change': '新进', 'shares': 3830479}, {'name': '深圳市和沣资产管理有限公司-和沣融慧私募基金', 'rank': 10, 'ratio': 0.29, 'change': '新进', 'shares': 4271210}, {'name': '中国人民财产保险股份有限公司-传统-普通保险产品', 'rank': 10, 'ratio': 0.34, 'change': '新进', 'shares': 5312900}, {'name': '中国人民人寿保险股份有限公司-传统-普通保险产品', 'rank': 10, 'ratio': 0.2, 'change': '新进', 'shares': 3155107}, {'name': '龙力控股有限公司', 'rank': 10, 'ratio': 0.18, 'change': '', 'shares': 2600000}, {'name': '合众人寿保险股份有限公司-分红-个险分红', 'rank': 10, 'ratio': 0.35, 'change': '新进', 'shares': 5499974}, {'name': '中国国际金融股份有限公司', 'rank': 10, 'ratio': 0.32, 'change': '新进', 'shares': 4964561}, {'name': '中国农业银行股份有限公司-中证500交易型开放式指数证券投资基金', 'rank': 10, 'ratio': 0.2, 'change': '', 'shares': 2989664}, {'name': '中国农业银行股份有限公司-中证500交易型开放式指数证券投资基金', 'rank': 10, 'ratio': 0.37, 'change': '', 'shares': 5756470}, {'name': '招商证券股份有限公司客户信用交易担保证券账户', 'rank': 10, 'ratio': 0.67, 'change': '新进', 'shares': 9803740}]",[],0.0000,0,2026-06-06 04:49:14.116271+00:00
1357,000021,2026-02-13,177240,-11.6300,"[{'name': '国泰君安证券股份有限公司', 'rank': 10, 'ratio': 0.25, 'change': '新进', 'shares': 3830479}, {'name': '深圳市和沣资产管理有限公司-和沣融慧私募基金', 'rank': 10, 'ratio': 0.29, 'change': '新进', 'shares': 4271210}, {'name': '中国人民财产保险股份有限公司-传统-普通保险产品', 'rank': 10, 'ratio': 0.34, 'change': '新进', 'shares': 5312900}, {'name': '中国人民人寿保险股份有限公司-传统-普通保险产品', 'rank': 10, 'ratio': 0.2, 'change': '新进', 'shares': 3155107}, {'name': '龙力控股有限公司', 'rank': 10, 'ratio': 0.18, 'change': '', 'shares': 2600000}, {'name': '合众人寿保险股份有限公司-分红-个险分红', 'rank': 10, 'ratio': 0.35, 'change': '新进', 'shares': 5499974}, {'name': '中国国际金融股份有限公司', 'rank': 10, 'ratio': 0.32, 'change': '新进', 'shares': 4964561}, {'name': '中国农业银行股份有限公司-中证500交易型开放式指数证券投资基金', 'rank': 10, 'ratio': 0.2, 'change': '', 'shares': 2989664}, {'name': '中国农业银行股份有限公司-中证500交易型开放式指数证券投资基金', 'rank': 10, 'ratio': 0.37, 'change': '', 'shares': 5756470}, {'name': '招商证券股份有限公司客户信用交易担保证券账户', 'rank': 10, 'ratio': 0.67, 'change': '新进', 'shares': 9803740}]",[],0.0000,0,2026-06-06 04:49:14.116271+00:00
1358,000021,2026-02-10,200575,-0.7800,"[{'name': '国泰君安证券股份有限公司', 'rank': 10, 'ratio': 0.25, 'change': '新进', 'shares': 3830479}, {'name': '深圳市和沣资产管理有限公司-和沣融慧私募基金', 'rank': 10, 'ratio': 0.29, 'change': '新进', 'shares': 4271210}, {'name': '中国人民财产保险股份有限公司-传统-普通保险产品', 'rank': 10, 'ratio': 0.34, 'change': '新进', 'shares': 5312900}, {'name': '中国人民人寿保险股份有限公司-传统-普通保险产品', 'rank': 10, 'ratio': 0.2, 'change': '新进', 'shares': 3155107}, {'name': '龙力控股有限公司', 'rank': 10, 'ratio': 0.18, 'change': '', 'shares': 2600000}, {'name': '合众人寿保险股份有限公司-分红-个险分红', 'rank': 10, 'ratio': 0.35, 'change': '新进', 'shares': 5499974}, {'name': '中国国际金融股份有限公司', 'rank': 10, 'ratio': 0.32, 'change': '新进', 'shares': 4964561}, {'name': '中国农业银行股份有限公司-中证500交易型开放式指数证券投资基金', 'rank': 10, 'ratio': 0.2, 'change': '', 'shares': 2989664}, {'name': '中国农业银行股份有限公司-中证500交易型开放式指数证券投资基金', 'rank': 10, 'ratio': 0.37, 'change': '', 'shares': 5756470}, {'name': '招商证券股份有限公司客户信用交易担保证券账户', 'rank': 10, 'ratio': 0.67, 'change': '新进', 'shares': 9803740}]",[],0.0000,0,2026-06-06 04:49:14.116271+00:00
1359,000021,2026-01-30,202160,0.0000,"[{'name': '国泰君安证券股份有限公司', 'rank': 10, 'ratio': 0.25, 'change': '新进', 'shares': 3830479}, {'name': '深圳市和沣资产管理有限公司-和沣融慧私募基金', 'rank': 10, 'ratio': 0.29, 'change': '新进', 'shares': 4271210}, {'name': '中国人民财产保险股份有限公司-传统-普通保险产品', 'rank': 10, 'ratio': 0.34, 'change': '新进', 'shares': 5312900}, {'name': '中国人民人寿保险股份有限公司-传统-普通保险产品', 'rank': 10, 'ratio': 0.2, 'change': '新进', 'shares': 3155107}, {'name': '龙力控股有限公司', 'rank': 10, 'ratio': 0.18, 'change': '', 'shares': 2600000}, {'name': '合众人寿保险股份有限公司-分红-个险分红', 'rank': 10, 'ratio': 0.35, 'change': '新进', 'shares': 5499974}, {'name': '中国国际金融股份有限公司', 'rank': 10, 'ratio': 0.32, 'change': '新进', 'shares': 4964561}, {'name': '中国农业银行股份有限公司-中证500交易型开放式指数证券投资基金', 'rank': 10, 'ratio': 0.2, 'change': '', 'shares': 2989664}, {'name': '中国农业银行股份有限公司-中证500交易型开放式指数证券投资基金', 'rank': 10, 'ratio': 0.37, 'change': '', 'shares': 5756470}, {'name': '招商证券股份有限公司客户信用交易担保证券账户', 'rank': 10, 'ratio': 0.67, 'change': '新进', 'shares': 9803740}]",[],0.0000,0,2026-06-06 04:49:14.116271+00:00
1360,000025,2026-04-30,46821,-1.0600,"[{'name': 'GLAMOUR DRAGONINTERNATIONAL LTD.', 'rank': 10, 'ratio': 0.2996, 'change': '新进', 'shares': 500000}, {'name': '汇添富基金管理股份有限公司-社保基金一五零二组合', 'rank': 10, 'ratio': 0.11, 'change': '新进', 'shares': 494600}, {'name': '时富证券有限公司', 'rank': 10, 'ratio': 0.07, 'change': '新进', 'shares': 196226}, {'name': '南京盛泉恒元投资有限公司-盛泉恒元量化套利专项70号私募证券投资基金', 'rank': 10, 'ratio': 0.19, 'change': '新进', 'shares': 810000}, {'name': '香港中央结算有限公司', 'rank': 10, 'ratio': 0.19, 'change': '', 'shares': 838870}, {'name': '招商银行股份有限公司-华夏中证1000交易型开放式指数证券投资基金', 'rank': 10, 'ratio': 0.2, 'change': '', 'shares': 872880}, {'name': '中国农业银行股份有限公司-中证500交易型开放式指数证券投资基金', 'rank': 10, 'ratio': 0.08, 'change': '新进', 'shares': 236100}, {'name': '中国建设银行股份有限公司-摩根士丹利华鑫多因子精选策略股票型证券投资基金', 'rank': 10, 'ratio': 0.27, 'change': '', 'shares': 808268}, {'name': '中国农业银行股份有限公司-中证500交易型开放式指数证券投资基金', 'rank': 10, 'ratio': 0.07, 'change': '新进', 'shares': 216800}, {'name': 'CHEEROLL LTD', 'rank': 10, 'ratio': 0.1105, 'change': '新进', 'shares': 243400}]",[],0.0000,0,2026-06-06 04:49:14.116271+00:00
1361,000025,2026-04-20,47322,-0.1500,"[{'name': 'GLAMOUR DRAGONINTERNATIONAL LTD.', 'rank': 10, 'ratio': 0.2996, 'change': '新进', 'shares': 500000}, {'name': '汇添富基金管理股份有限公司-社保基金一五零二组合', 'rank': 10, 'ratio': 0.11, 'change': '新进', 'shares': 494600}, {'name': '时富证券有限公司', 'rank': 10, 'ratio': 0.07, 'change': '新进', 'shares': 196226}, {'name': '南京盛泉恒元投资有限公司-盛泉恒元量化套利专项70号私募证券投资基金', 'rank': 10, 'ratio': 0.19, 'change': '新进', 'shares': 810000}, {'name': '香港中央结算有限公司', 'rank': 10, 'ratio': 0.19, 'change': '', 'shares': 838870}, {'name': '招商银行股份有限公司-华夏中证1000交易型开放式指数证券投资基金', 'rank': 10, 'ratio': 0.2, 'change': '', 'shares': 872880}, {'name': '中国农业银行股份有限公司-中证500交易型开放式指数证券投资基金', 'rank': 10, 'ratio': 0.08, 'change': '新进', 'shares': 236100}, {'name': '中国建设银行股份有限公司-摩根士丹利华鑫多因子精选策略股票型证券投资基金', 'rank': 10, 'ratio': 0.27, 'change': '', 'shares': 808268}, {'name': '中国农业银行股份有限公司-中证500交易型开放式指数证券投资基金', 'rank': 10, 'ratio': 0.07, 'change': '新进', 'shares': 216800}, {'name': 'CHEEROLL LTD', 'rank': 10, 'ratio': 0.1105, 'change': '新进', 'shares': 243400}]",[],0.0000,0,2026-06-06 04:49:14.116271+00:00
1362,000025,2026-04-10,47395,-0.5300,"[{'name': 'GLAMOUR DRAGONINTERNATIONAL LTD.', 'rank': 10, 'ratio': 0.2996, 'change': '新进', 'shares': 500000}, {'name': '汇添富基金管理股份有限公司-社保基金一五零二组合', 'rank': 10, 'ratio': 0.11, 'change': '新进', 'shares': 494600}, {'name': '时富证券有限公司', 'rank': 10, 'ratio': 0.07, 'change': '新进', 'shares': 196226}, {'name': '南京盛泉恒元投资有限公司-盛泉恒元量化套利专项70号私募证券投资基金', 'rank': 10, 'ratio': 0.19, 'change': '新进', 'shares': 810000}, {'name': '香港中央结算有限公司', 'rank': 10, 'ratio': 0.19, 'change': '', 'shares': 838870}, {'name': '招商银行股份有限公司-华夏中证1000交易型开放式指数证券投资基金', 'rank': 10, 'ratio': 0.2, 'change': '', 'shares': 872880}, {'name': '中国农业银行股份有限公司-中证500交易型开放式指数证券投资基金', 'rank': 10, 'ratio': 0.08, 'change': '新进', 'shares': 236100}, {'name': '中国建设银行股份有限公司-摩根士丹利华鑫多因子精选策略股票型证券投资基金', 'rank': 10, 'ratio': 0.27, 'change': '', 'shares': 808268}, {'name': '中国农业银行股份有限公司-中证500交易型开放式指数证券投资基金', 'rank': 10, 'ratio': 0.07, 'change': '新进', 'shares': 216800}, {'name': 'CHEEROLL LTD', 'rank': 10, 'ratio': 0.1105, 'change': '新进', 'shares': 243400}]",[],0.0000,0,2026-06-06 04:49:14.116271+00:00
1363,000025,2026-03-31,47647,0.8100,"[{'name': 'GLAMOUR DRAGONINTERNATIONAL LTD.', 'rank': 10, 'ratio': 0.2996, 'change': '新进', 'shares': 500000}, {'name': '汇添富基金管理股份有限公司-社保基金一五零二组合', 'rank': 10, 'ratio': 0.11, 'change': '新进', 'shares': 494600}, {'name': '时富证券有限公司', 'rank': 10, 'ratio': 0.07, 'change': '新进', 'shares': 196226}, {'name': '南京盛泉恒元投资有限公司-盛泉恒元量化套利专项70号私募证券投资基金', 'rank': 10, 'ratio': 0.19, 'change': '新进', 'shares': 810000}, {'name': '香港中央结算有限公司', 'rank': 10, 'ratio': 0.19, 'change': '', 'shares': 838870}, {'name': '招商银行股份有限公司-华夏中证1000交易型开放式指数证券投资基金', 'rank': 10, 'ratio': 0.2, 'change': '', 'shares': 872880}, {'name': '中国农业银行股份有限公司-中证500交易型开放式指数证券投资基金', 'rank': 10, 'ratio': 0.08, 'change': '新进', 'shares': 236100}, {'name': '中国建设银行股份有限公司-摩根士丹利华鑫多因子精选策略股票型证券投资基金', 'rank': 10, 'ratio': 0.27, 'change': '', 'shares': 808268}, {'name': '中国农业银行股份有限公司-中证500交易型开放式指数证券投资基金', 'rank': 10, 'ratio': 0.07, 'change': '新进', 'shares': 216800}, {'name': 'CHEEROLL LTD', 'rank': 10, 'ratio': 0.1105, 'change': '新进', 'shares': 243400}]",[],0.0000,0,2026-06-06 04:49:14.116271+00:00
1364,000025,2026-03-20,47266,-1.0900,"[{'name': 'GLAMOUR DRAGONINTERNATIONAL LTD.', 'rank': 10, 'ratio': 0.2996, 'change': '新进', 'shares': 500000}, {'name': '汇添富基金管理股份有限公司-社保基金一五零二组合', 'rank': 10, 'ratio': 0.11, 'change': '新进', 'shares': 494600}, {'name': '时富证券有限公司', 'rank': 10, 'ratio': 0.07, 'change': '新进', 'shares': 196226}, {'name': '南京盛泉恒元投资有限公司-盛泉恒元量化套利专项70号私募证券投资基金', 'rank': 10, 'ratio': 0.19, 'change': '新进', 'shares': 810000}, {'name': '香港中央结算有限公司', 'rank': 10, 'ratio': 0.19, 'change': '', 'shares': 838870}, {'name': '招商银行股份有限公司-华夏中证1000交易型开放式指数证券投资基金', 'rank': 10, 'ratio': 0.2, 'change': '', 'shares': 872880}, {'name': '中国农业银行股份有限公司-中证500交易型开放式指数证券投资基金', 'rank': 10, 'ratio': 0.08, 'change': '新进', 'shares': 236100}, {'name': '中国建设银行股份有限公司-摩根士丹利华鑫多因子精选策略股票型证券投资基金', 'rank': 10, 'ratio': 0.27, 'change': '', 'shares': 808268}, {'name': '中国农业银行股份有限公司-中证500交易型开放式指数证券投资基金', 'rank': 10, 'ratio': 0.07, 'change': '新进', 'shares': 216800}, {'name': 'CHEEROLL LTD', 'rank': 10, 'ratio': 0.1105, 'change': '新进', 'shares': 243400}]",[],0.0000,0,2026-06-06 04:49:14.116271+00:00
1365,000025,2026-03-10,47785,-0.2400,"[{'name': 'GLAMOUR DRAGONINTERNATIONAL LTD.', 'rank': 10, 'ratio': 0.2996, 'change': '新进', 'shares': 500000}, {'name': '汇添富基金管理股份有限公司-社保基金一五零二组合', 'rank': 10, 'ratio': 0.11, 'change': '新进', 'shares': 494600}, {'name': '时富证券有限公司', 'rank': 10, 'ratio': 0.07, 'change': '新进', 'shares': 196226}, {'name': '南京盛泉恒元投资有限公司-盛泉恒元量化套利专项70号私募证券投资基金', 'rank': 10, 'ratio': 0.19, 'change': '新进', 'shares': 810000}, {'name': '香港中央结算有限公司', 'rank': 10, 'ratio': 0.19, 'change': '', 'shares': 838870}, {'name': '招商银行股份有限公司-华夏中证1000交易型开放式指数证券投资基金', 'rank': 10, 'ratio': 0.2, 'change': '', 'shares': 872880}, {'name': '中国农业银行股份有限公司-中证500交易型开放式指数证券投资基金', 'rank': 10, 'ratio': 0.08, 'change': '新进', 'shares': 236100}, {'name': '中国建设银行股份有限公司-摩根士丹利华鑫多因子精选策略股票型证券投资基金', 'rank': 10, 'ratio': 0.27, 'change': '', 'shares': 808268}, {'name': '中国农业银行股份有限公司-中证500交易型开放式指数证券投资基金', 'rank': 10, 'ratio': 0.07, 'change': '新进', 'shares': 216800}, {'name': 'CHEEROLL LTD', 'rank': 10, 'ratio': 0.1105, 'change': '新进', 'shares': 243400}]",[],0.0000,0,2026-06-06 04:49:14.116271+00:00
1366,000025,2026-02-27,47900,-1.5000,"[{'name': 'GLAMOUR DRAGONINTERNATIONAL LTD.', 'rank': 10, 'ratio': 0.2996, 'change': '新进', 'shares': 500000}, {'name': '汇添富基金管理股份有限公司-社保基金一五零二组合', 'rank': 10, 'ratio': 0.11, 'change': '新进', 'shares': 494600}, {'name': '时富证券有限公司', 'rank': 10, 'ratio': 0.07, 'change': '新进', 'shares': 196226}, {'name': '南京盛泉恒元投资有限公司-盛泉恒元量化套利专项70号私募证券投资基金', 'rank': 10, 'ratio': 0.19, 'change': '新进', 'shares': 810000}, {'name': '香港中央结算有限公司', 'rank': 10, 'ratio': 0.19, 'change': '', 'shares': 838870}, {'name': '招商银行股份有限公司-华夏中证1000交易型开放式指数证券投资基金', 'rank': 10, 'ratio': 0.2, 'change': '', 'shares': 872880}, {'name': '中国农业银行股份有限公司-中证500交易型开放式指数证券投资基金', 'rank': 10, 'ratio': 0.08, 'change': '新进', 'shares': 236100}, {'name': '中国建设银行股份有限公司-摩根士丹利华鑫多因子精选策略股票型证券投资基金', 'rank': 10, 'ratio': 0.27, 'change': '', 'shares': 808268}, {'name': '中国农业银行股份有限公司-中证500交易型开放式指数证券投资基金', 'rank': 10, 'ratio': 0.07, 'change': '新进', 'shares': 216800}, {'name': 'CHEEROLL LTD', 'rank': 10, 'ratio': 0.1105, 'change': '新进', 'shares': 243400}]",[],0.0000,0,2026-06-06 04:49:14.116271+00:00
1367,000025,2026-01-30,48630,-1.4900,"[{'name': 'GLAMOUR DRAGONINTERNATIONAL LTD.', 'rank': 10, 'ratio': 0.2996, 'change': '新进', 'shares': 500000}, {'name': '汇添富基金管理股份有限公司-社保基金一五零二组合', 'rank': 10, 'ratio': 0.11, 'change': '新进', 'shares': 494600}, {'name': '时富证券有限公司', 'rank': 10, 'ratio': 0.07, 'change': '新进', 'shares': 196226}, {'name': '南京盛泉恒元投资有限公司-盛泉恒元量化套利专项70号私募证券投资基金', 'rank': 10, 'ratio': 0.19, 'change': '新进', 'shares': 810000}, {'name': '香港中央结算有限公司', 'rank': 10, 'ratio': 0.19, 'change': '', 'shares': 838870}, {'name': '招商银行股份有限公司-华夏中证1000交易型开放式指数证券投资基金', 'rank': 10, 'ratio': 0.2, 'change': '', 'shares': 872880}, {'name': '中国农业银行股份有限公司-中证500交易型开放式指数证券投资基金', 'rank': 10, 'ratio': 0.08, 'change': '新进', 'shares': 236100}, {'name': '中国建设银行股份有限公司-摩根士丹利华鑫多因子精选策略股票型证券投资基金', 'rank': 10, 'ratio': 0.27, 'change': '', 'shares': 808268}, {'name': '中国农业银行股份有限公司-中证500交易型开放式指数证券投资基金', 'rank': 10, 'ratio': 0.07, 'change': '新进', 'shares': 216800}, {'name': 'CHEEROLL LTD', 'rank': 10, 'ratio': 0.1105, 'change': '新进', 'shares': 243400}]",[],0.0000,0,2026-06-06 04:49:14.116271+00:00
1368,000025,2025-12-31,49366,0.3900,"[{'name': 'GLAMOUR DRAGONINTERNATIONAL LTD.', 'rank': 10, 'ratio': 0.2996, 'change': '新进', 'shares': 500000}, {'name': '汇添富基金管理股份有限公司-社保基金一五零二组合', 'rank': 10, 'ratio': 0.11, 'change': '新进', 'shares': 494600}, {'name': '时富证券有限公司', 'rank': 10, 'ratio': 0.07, 'change': '新进', 'shares': 196226}, {'name': '南京盛泉恒元投资有限公司-盛泉恒元量化套利专项70号私募证券投资基金', 'rank': 10, 'ratio': 0.19, 'change': '新进', 'shares': 810000}, {'name': '香港中央结算有限公司', 'rank': 10, 'ratio': 0.19, 'change': '', 'shares': 838870}, {'name': '招商银行股份有限公司-华夏中证1000交易型开放式指数证券投资基金', 'rank': 10, 'ratio': 0.2, 'change': '', 'shares': 872880}, {'name': '中国农业银行股份有限公司-中证500交易型开放式指数证券投资基金', 'rank': 10, 'ratio': 0.08, 'change': '新进', 'shares': 236100}, {'name': '中国建设银行股份有限公司-摩根士丹利华鑫多因子精选策略股票型证券投资基金', 'rank': 10, 'ratio': 0.27, 'change': '', 'shares': 808268}, {'name': '中国农业银行股份有限公司-中证500交易型开放式指数证券投资基金', 'rank': 10, 'ratio': 0.07, 'change': '新进', 'shares': 216800}, {'name': 'CHEEROLL LTD', 'rank': 10, 'ratio': 0.1105, 'change': '新进', 'shares': 243400}]",[],0.0000,0,2026-06-06 04:49:14.116271+00:00
1369,000025,2025-12-19,49172,0.0000,"[{'name': 'GLAMOUR DRAGONINTERNATIONAL LTD.', 'rank': 10, 'ratio': 0.2996, 'change': '新进', 'shares': 500000}, {'name': '汇添富基金管理股份有限公司-社保基金一五零二组合', 'rank': 10, 'ratio': 0.11, 'change': '新进', 'shares': 494600}, {'name': '时富证券有限公司', 'rank': 10, 'ratio': 0.07, 'change': '新进', 'shares': 196226}, {'name': '南京盛泉恒元投资有限公司-盛泉恒元量化套利专项70号私募证券投资基金', 'rank': 10, 'ratio': 0.19, 'change': '新进', 'shares': 810000}, {'name': '香港中央结算有限公司', 'rank': 10, 'ratio': 0.19, 'change': '', 'shares': 838870}, {'name': '招商银行股份有限公司-华夏中证1000交易型开放式指数证券投资基金', 'rank': 10, 'ratio': 0.2, 'change': '', 'shares': 872880}, {'name': '中国农业银行股份有限公司-中证500交易型开放式指数证券投资基金', 'rank': 10, 'ratio': 0.08, 'change': '新进', 'shares': 236100}, {'name': '中国建设银行股份有限公司-摩根士丹利华鑫多因子精选策略股票型证券投资基金', 'rank': 10, 'ratio': 0.27, 'change': '', 'shares': 808268}, {'name': '中国农业银行股份有限公司-中证500交易型开放式指数证券投资基金', 'rank': 10, 'ratio': 0.07, 'change': '新进', 'shares': 216800}, {'name': 'CHEEROLL LTD', 'rank': 10, 'ratio': 0.1105, 'change': '新进', 'shares': 243400}]",[],0.0000,0,2026-06-06 04:49:14.116271+00:00
1370,000026,2026-05-20,34015,-0.8800,"[{'name': 'PITWATER LTD.INV', 'rank': 10, 'ratio': 0.7049, 'change': '新进', 'shares': 430000}, {'name': '中国建设银行股份有限公司-汇添富中证国新央企股东回报交易型开放式指数证券投资基金', 'rank': 10, 'ratio': 0.26, 'change': '', 'shares': 1071900}, {'name': '招商证券香港有限公司', 'rank': 10, 'ratio': 0.2, 'change': '新进', 'shares': 904371}, {'name': '深圳市仟叶汇融投资有限公司', 'rank': 10, 'ratio': 0.68, 'change': '', 'shares': 3000000}, {'name': 'GOOD NATION INVESTMENT', 'rank': 10, 'ratio': 0.6918, 'change': '新进', 'shares': 422000}, {'name': 'PING AN INSURANCE (USA) CO.LTD', 'rank': 10, 'ratio': 0.6153, 'change': '新进', 'shares': 563000}, {'name': '森生实业公司', 'rank': 10, 'ratio': 0.395639304021, 'change': '', 'shares': 548000}, {'name': '中海信托股份有限公司-中海聚发-新股约定申购3资金信托', 'rank': 10, 'ratio': 0.45, 'change': '', 'shares': 1996160}, {'name': '交通银行股份有限公司-长信量化中小盘股票型证券投资基金', 'rank': 10, 'ratio': 0.27, 'change': '新进', 'shares': 1201200}, {'name': '全国社保基金六零四组合', 'rank': 10, 'ratio': 0.87, 'change': '', 'shares': 1930672}]",[],0.0000,0,2026-06-06 04:49:14.116271+00:00
1371,000026,2026-04-30,34318,6.4500,"[{'name': 'PITWATER LTD.INV', 'rank': 10, 'ratio': 0.7049, 'change': '新进', 'shares': 430000}, {'name': '中国建设银行股份有限公司-汇添富中证国新央企股东回报交易型开放式指数证券投资基金', 'rank': 10, 'ratio': 0.26, 'change': '', 'shares': 1071900}, {'name': '招商证券香港有限公司', 'rank': 10, 'ratio': 0.2, 'change': '新进', 'shares': 904371}, {'name': '深圳市仟叶汇融投资有限公司', 'rank': 10, 'ratio': 0.68, 'change': '', 'shares': 3000000}, {'name': 'GOOD NATION INVESTMENT', 'rank': 10, 'ratio': 0.6918, 'change': '新进', 'shares': 422000}, {'name': 'PING AN INSURANCE (USA) CO.LTD', 'rank': 10, 'ratio': 0.6153, 'change': '新进', 'shares': 563000}, {'name': '森生实业公司', 'rank': 10, 'ratio': 0.395639304021, 'change': '', 'shares': 548000}, {'name': '中海信托股份有限公司-中海聚发-新股约定申购3资金信托', 'rank': 10, 'ratio': 0.45, 'change': '', 'shares': 1996160}, {'name': '交通银行股份有限公司-长信量化中小盘股票型证券投资基金', 'rank': 10, 'ratio': 0.27, 'change': '新进', 'shares': 1201200}, {'name': '全国社保基金六零四组合', 'rank': 10, 'ratio': 0.87, 'change': '', 'shares': 1930672}]",[],0.0000,0,2026-06-06 04:49:14.116271+00:00
1372,000026,2026-04-10,32238,-2.3200,"[{'name': 'PITWATER LTD.INV', 'rank': 10, 'ratio': 0.7049, 'change': '新进', 'shares': 430000}, {'name': '中国建设银行股份有限公司-汇添富中证国新央企股东回报交易型开放式指数证券投资基金', 'rank': 10, 'ratio': 0.26, 'change': '', 'shares': 1071900}, {'name': '招商证券香港有限公司', 'rank': 10, 'ratio': 0.2, 'change': '新进', 'shares': 904371}, {'name': '深圳市仟叶汇融投资有限公司', 'rank': 10, 'ratio': 0.68, 'change': '', 'shares': 3000000}, {'name': 'GOOD NATION INVESTMENT', 'rank': 10, 'ratio': 0.6918, 'change': '新进', 'shares': 422000}, {'name': 'PING AN INSURANCE (USA) CO.LTD', 'rank': 10, 'ratio': 0.6153, 'change': '新进', 'shares': 563000}, {'name': '森生实业公司', 'rank': 10, 'ratio': 0.395639304021, 'change': '', 'shares': 548000}, {'name': '中海信托股份有限公司-中海聚发-新股约定申购3资金信托', 'rank': 10, 'ratio': 0.45, 'change': '', 'shares': 1996160}, {'name': '交通银行股份有限公司-长信量化中小盘股票型证券投资基金', 'rank': 10, 'ratio': 0.27, 'change': '新进', 'shares': 1201200}, {'name': '全国社保基金六零四组合', 'rank': 10, 'ratio': 0.87, 'change': '', 'shares': 1930672}]",[],0.0000,0,2026-06-06 04:49:14.116271+00:00
1373,000026,2026-03-31,33003,-3.1500,"[{'name': 'PITWATER LTD.INV', 'rank': 10, 'ratio': 0.7049, 'change': '新进', 'shares': 430000}, {'name': '中国建设银行股份有限公司-汇添富中证国新央企股东回报交易型开放式指数证券投资基金', 'rank': 10, 'ratio': 0.26, 'change': '', 'shares': 1071900}, {'name': '招商证券香港有限公司', 'rank': 10, 'ratio': 0.2, 'change': '新进', 'shares': 904371}, {'name': '深圳市仟叶汇融投资有限公司', 'rank': 10, 'ratio': 0.68, 'change': '', 'shares': 3000000}, {'name': 'GOOD NATION INVESTMENT', 'rank': 10, 'ratio': 0.6918, 'change': '新进', 'shares': 422000}, {'name': 'PING AN INSURANCE (USA) CO.LTD', 'rank': 10, 'ratio': 0.6153, 'change': '新进', 'shares': 563000}, {'name': '森生实业公司', 'rank': 10, 'ratio': 0.395639304021, 'change': '', 'shares': 548000}, {'name': '中海信托股份有限公司-中海聚发-新股约定申购3资金信托', 'rank': 10, 'ratio': 0.45, 'change': '', 'shares': 1996160}, {'name': '交通银行股份有限公司-长信量化中小盘股票型证券投资基金', 'rank': 10, 'ratio': 0.27, 'change': '新进', 'shares': 1201200}, {'name': '全国社保基金六零四组合', 'rank': 10, 'ratio': 0.87, 'change': '', 'shares': 1930672}]",[],0.0000,0,2026-06-06 04:49:14.116271+00:00
1374,000026,2026-03-10,34077,-1.1500,"[{'name': 'PITWATER LTD.INV', 'rank': 10, 'ratio': 0.7049, 'change': '新进', 'shares': 430000}, {'name': '中国建设银行股份有限公司-汇添富中证国新央企股东回报交易型开放式指数证券投资基金', 'rank': 10, 'ratio': 0.26, 'change': '', 'shares': 1071900}, {'name': '招商证券香港有限公司', 'rank': 10, 'ratio': 0.2, 'change': '新进', 'shares': 904371}, {'name': '深圳市仟叶汇融投资有限公司', 'rank': 10, 'ratio': 0.68, 'change': '', 'shares': 3000000}, {'name': 'GOOD NATION INVESTMENT', 'rank': 10, 'ratio': 0.6918, 'change': '新进', 'shares': 422000}, {'name': 'PING AN INSURANCE (USA) CO.LTD', 'rank': 10, 'ratio': 0.6153, 'change': '新进', 'shares': 563000}, {'name': '森生实业公司', 'rank': 10, 'ratio': 0.395639304021, 'change': '', 'shares': 548000}, {'name': '中海信托股份有限公司-中海聚发-新股约定申购3资金信托', 'rank': 10, 'ratio': 0.45, 'change': '', 'shares': 1996160}, {'name': '交通银行股份有限公司-长信量化中小盘股票型证券投资基金', 'rank': 10, 'ratio': 0.27, 'change': '新进', 'shares': 1201200}, {'name': '全国社保基金六零四组合', 'rank': 10, 'ratio': 0.87, 'change': '', 'shares': 1930672}]",[],0.0000,0,2026-06-06 04:49:14.116271+00:00
1375,000026,2026-02-28,34475,0.0000,"[{'name': 'PITWATER LTD.INV', 'rank': 10, 'ratio': 0.7049, 'change': '新进', 'shares': 430000}, {'name': '中国建设银行股份有限公司-汇添富中证国新央企股东回报交易型开放式指数证券投资基金', 'rank': 10, 'ratio': 0.26, 'change': '', 'shares': 1071900}, {'name': '招商证券香港有限公司', 'rank': 10, 'ratio': 0.2, 'change': '新进', 'shares': 904371}, {'name': '深圳市仟叶汇融投资有限公司', 'rank': 10, 'ratio': 0.68, 'change': '', 'shares': 3000000}, {'name': 'GOOD NATION INVESTMENT', 'rank': 10, 'ratio': 0.6918, 'change': '新进', 'shares': 422000}, {'name': 'PING AN INSURANCE (USA) CO.LTD', 'rank': 10, 'ratio': 0.6153, 'change': '新进', 'shares': 563000}, {'name': '森生实业公司', 'rank': 10, 'ratio': 0.395639304021, 'change': '', 'shares': 548000}, {'name': '中海信托股份有限公司-中海聚发-新股约定申购3资金信托', 'rank': 10, 'ratio': 0.45, 'change': '', 'shares': 1996160}, {'name': '交通银行股份有限公司-长信量化中小盘股票型证券投资基金', 'rank': 10, 'ratio': 0.27, 'change': '新进', 'shares': 1201200}, {'name': '全国社保基金六零四组合', 'rank': 10, 'ratio': 0.87, 'change': '', 'shares': 1930672}]",[],0.0000,0,2026-06-06 04:49:14.116271+00:00
1376,000026,2026-02-27,34475,-4.2900,"[{'name': 'PITWATER LTD.INV', 'rank': 10, 'ratio': 0.7049, 'change': '新进', 'shares': 430000}, {'name': '中国建设银行股份有限公司-汇添富中证国新央企股东回报交易型开放式指数证券投资基金', 'rank': 10, 'ratio': 0.26, 'change': '', 'shares': 1071900}, {'name': '招商证券香港有限公司', 'rank': 10, 'ratio': 0.2, 'change': '新进', 'shares': 904371}, {'name': '深圳市仟叶汇融投资有限公司', 'rank': 10, 'ratio': 0.68, 'change': '', 'shares': 3000000}, {'name': 'GOOD NATION INVESTMENT', 'rank': 10, 'ratio': 0.6918, 'change': '新进', 'shares': 422000}, {'name': 'PING AN INSURANCE (USA) CO.LTD', 'rank': 10, 'ratio': 0.6153, 'change': '新进', 'shares': 563000}, {'name': '森生实业公司', 'rank': 10, 'ratio': 0.395639304021, 'change': '', 'shares': 548000}, {'name': '中海信托股份有限公司-中海聚发-新股约定申购3资金信托', 'rank': 10, 'ratio': 0.45, 'change': '', 'shares': 1996160}, {'name': '交通银行股份有限公司-长信量化中小盘股票型证券投资基金', 'rank': 10, 'ratio': 0.27, 'change': '新进', 'shares': 1201200}, {'name': '全国社保基金六零四组合', 'rank': 10, 'ratio': 0.87, 'change': '', 'shares': 1930672}]",[],0.0000,0,2026-06-06 04:49:14.116271+00:00
1377,000026,2026-01-20,36021,-4.7500,"[{'name': 'PITWATER LTD.INV', 'rank': 10, 'ratio': 0.7049, 'change': '新进', 'shares': 430000}, {'name': '中国建设银行股份有限公司-汇添富中证国新央企股东回报交易型开放式指数证券投资基金', 'rank': 10, 'ratio': 0.26, 'change': '', 'shares': 1071900}, {'name': '招商证券香港有限公司', 'rank': 10, 'ratio': 0.2, 'change': '新进', 'shares': 904371}, {'name': '深圳市仟叶汇融投资有限公司', 'rank': 10, 'ratio': 0.68, 'change': '', 'shares': 3000000}, {'name': 'GOOD NATION INVESTMENT', 'rank': 10, 'ratio': 0.6918, 'change': '新进', 'shares': 422000}, {'name': 'PING AN INSURANCE (USA) CO.LTD', 'rank': 10, 'ratio': 0.6153, 'change': '新进', 'shares': 563000}, {'name': '森生实业公司', 'rank': 10, 'ratio': 0.395639304021, 'change': '', 'shares': 548000}, {'name': '中海信托股份有限公司-中海聚发-新股约定申购3资金信托', 'rank': 10, 'ratio': 0.45, 'change': '', 'shares': 1996160}, {'name': '交通银行股份有限公司-长信量化中小盘股票型证券投资基金', 'rank': 10, 'ratio': 0.27, 'change': '新进', 'shares': 1201200}, {'name': '全国社保基金六零四组合', 'rank': 10, 'ratio': 0.87, 'change': '', 'shares': 1930672}]",[],0.0000,0,2026-06-06 04:49:14.116271+00:00
1378,000026,2026-01-09,37816,9.6300,"[{'name': 'PITWATER LTD.INV', 'rank': 10, 'ratio': 0.7049, 'change': '新进', 'shares': 430000}, {'name': '中国建设银行股份有限公司-汇添富中证国新央企股东回报交易型开放式指数证券投资基金', 'rank': 10, 'ratio': 0.26, 'change': '', 'shares': 1071900}, {'name': '招商证券香港有限公司', 'rank': 10, 'ratio': 0.2, 'change': '新进', 'shares': 904371}, {'name': '深圳市仟叶汇融投资有限公司', 'rank': 10, 'ratio': 0.68, 'change': '', 'shares': 3000000}, {'name': 'GOOD NATION INVESTMENT', 'rank': 10, 'ratio': 0.6918, 'change': '新进', 'shares': 422000}, {'name': 'PING AN INSURANCE (USA) CO.LTD', 'rank': 10, 'ratio': 0.6153, 'change': '新进', 'shares': 563000}, {'name': '森生实业公司', 'rank': 10, 'ratio': 0.395639304021, 'change': '', 'shares': 548000}, {'name': '中海信托股份有限公司-中海聚发-新股约定申购3资金信托', 'rank': 10, 'ratio': 0.45, 'change': '', 'shares': 1996160}, {'name': '交通银行股份有限公司-长信量化中小盘股票型证券投资基金', 'rank': 10, 'ratio': 0.27, 'change': '新进', 'shares': 1201200}, {'name': '全国社保基金六零四组合', 'rank': 10, 'ratio': 0.87, 'change': '', 'shares': 1930672}]",[],0.0000,0,2026-06-06 04:49:14.116271+00:00
1379,000026,2025-12-31,34494,0.0000,"[{'name': 'PITWATER LTD.INV', 'rank': 10, 'ratio': 0.7049, 'change': '新进', 'shares': 430000}, {'name': '中国建设银行股份有限公司-汇添富中证国新央企股东回报交易型开放式指数证券投资基金', 'rank': 10, 'ratio': 0.26, 'change': '', 'shares': 1071900}, {'name': '招商证券香港有限公司', 'rank': 10, 'ratio': 0.2, 'change': '新进', 'shares': 904371}, {'name': '深圳市仟叶汇融投资有限公司', 'rank': 10, 'ratio': 0.68, 'change': '', 'shares': 3000000}, {'name': 'GOOD NATION INVESTMENT', 'rank': 10, 'ratio': 0.6918, 'change': '新进', 'shares': 422000}, {'name': 'PING AN INSURANCE (USA) CO.LTD', 'rank': 10, 'ratio': 0.6153, 'change': '新进', 'shares': 563000}, {'name': '森生实业公司', 'rank': 10, 'ratio': 0.395639304021, 'change': '', 'shares': 548000}, {'name': '中海信托股份有限公司-中海聚发-新股约定申购3资金信托', 'rank': 10, 'ratio': 0.45, 'change': '', 'shares': 1996160}, {'name': '交通银行股份有限公司-长信量化中小盘股票型证券投资基金', 'rank': 10, 'ratio': 0.27, 'change': '新进', 'shares': 1201200}, {'name': '全国社保基金六零四组合', 'rank': 10, 'ratio': 0.87, 'change': '', 'shares': 1930672}]",[],0.0000,0,2026-06-06 04:49:14.116271+00:00
1380,000027,2026-05-29,120416,1.9500,"[{'name': '深圳市科学技术协会', 'rank': 24, 'ratio': 0.023, 'change': '', 'shares': 277000}, {'name': '深圳市金达科技实业有限公司', 'rank': 24, 'ratio': 0.023, 'change': '', 'shares': 277000}, {'name': '深圳市儿童福利会', 'rank': 23, 'ratio': 0.0288, 'change': '', 'shares': 346200}, {'name': '宜兴市昌丰水处理设备有限公司', 'rank': 22, 'ratio': 0.029, 'change': '', 'shares': 348800}, {'name': '上海万馨投资管理有限公司', 'rank': 21, 'ratio': 0.0363, 'change': '', 'shares': 436500}, {'name': '杭州锦园丝绸有限公司', 'rank': 20, 'ratio': 0.0499, 'change': '', 'shares': 599500}, {'name': '综合开发研究院', 'rank': 18, 'ratio': 0.0576, 'change': '', 'shares': 692400}, {'name': '深圳外商投资企业协会', 'rank': 18, 'ratio': 0.0576, 'change': '', 'shares': 692400}, {'name': '昆山华利能源实业公司', 'rank': 17, 'ratio': 0.1037, 'change': '', 'shares': 1246400}, {'name': '深圳市金达科技实业有限公司', 'rank': 16, 'ratio': 0.0254, 'change': '新进', 'shares': 304920}]",[],0.0000,0,2026-06-06 04:49:14.116271+00:00
1381,000027,2026-05-20,118118,-0.9000,"[{'name': '深圳市科学技术协会', 'rank': 24, 'ratio': 0.023, 'change': '', 'shares': 277000}, {'name': '深圳市金达科技实业有限公司', 'rank': 24, 'ratio': 0.023, 'change': '', 'shares': 277000}, {'name': '深圳市儿童福利会', 'rank': 23, 'ratio': 0.0288, 'change': '', 'shares': 346200}, {'name': '宜兴市昌丰水处理设备有限公司', 'rank': 22, 'ratio': 0.029, 'change': '', 'shares': 348800}, {'name': '上海万馨投资管理有限公司', 'rank': 21, 'ratio': 0.0363, 'change': '', 'shares': 436500}, {'name': '杭州锦园丝绸有限公司', 'rank': 20, 'ratio': 0.0499, 'change': '', 'shares': 599500}, {'name': '综合开发研究院', 'rank': 18, 'ratio': 0.0576, 'change': '', 'shares': 692400}, {'name': '深圳外商投资企业协会', 'rank': 18, 'ratio': 0.0576, 'change': '', 'shares': 692400}, {'name': '昆山华利能源实业公司', 'rank': 17, 'ratio': 0.1037, 'change': '', 'shares': 1246400}, {'name': '深圳市金达科技实业有限公司', 'rank': 16, 'ratio': 0.0254, 'change': '新进', 'shares': 304920}]",[],0.0000,0,2026-06-06 04:49:14.116271+00:00
1386,000027,2026-03-31,123164,10.3800,"[{'name': '深圳市科学技术协会', 'rank': 24, 'ratio': 0.023, 'change': '', 'shares': 277000}, {'name': '深圳市金达科技实业有限公司', 'rank': 24, 'ratio': 0.023, 'change': '', 'shares': 277000}, {'name': '深圳市儿童福利会', 'rank': 23, 'ratio': 0.0288, 'change': '', 'shares': 346200}, {'name': '宜兴市昌丰水处理设备有限公司', 'rank': 22, 'ratio': 0.029, 'change': '', 'shares': 348800}, {'name': '上海万馨投资管理有限公司', 'rank': 21, 'ratio': 0.0363, 'change': '', 'shares': 436500}, {'name': '杭州锦园丝绸有限公司', 'rank': 20, 'ratio': 0.0499, 'change': '', 'shares': 599500}, {'name': '综合开发研究院', 'rank': 18, 'ratio': 0.0576, 'change': '', 'shares': 692400}, {'name': '深圳外商投资企业协会', 'rank': 18, 'ratio': 0.0576, 'change': '', 'shares': 692400}, {'name': '昆山华利能源实业公司', 'rank': 17, 'ratio': 0.1037, 'change': '', 'shares': 1246400}, {'name': '深圳市金达科技实业有限公司', 'rank': 16, 'ratio': 0.0254, 'change': '新进', 'shares': 304920}]",[],0.0000,0,2026-06-06 04:49:14.116271+00:00
1387,000027,2026-03-20,111579,-0.6100,"[{'name': '深圳市科学技术协会', 'rank': 24, 'ratio': 0.023, 'change': '', 'shares': 277000}, {'name': '深圳市金达科技实业有限公司', 'rank': 24, 'ratio': 0.023, 'change': '', 'shares': 277000}, {'name': '深圳市儿童福利会', 'rank': 23, 'ratio': 0.0288, 'change': '', 'shares': 346200}, {'name': '宜兴市昌丰水处理设备有限公司', 'rank': 22, 'ratio': 0.029, 'change': '', 'shares': 348800}, {'name': '上海万馨投资管理有限公司', 'rank': 21, 'ratio': 0.0363, 'change': '', 'shares': 436500}, {'name': '杭州锦园丝绸有限公司', 'rank': 20, 'ratio': 0.0499, 'change': '', 'shares': 599500}, {'name': '综合开发研究院', 'rank': 18, 'ratio': 0.0576, 'change': '', 'shares': 692400}, {'name': '深圳外商投资企业协会', 'rank': 18, 'ratio': 0.0576, 'change': '', 'shares': 692400}, {'name': '昆山华利能源实业公司', 'rank': 17, 'ratio': 0.1037, 'change': '', 'shares': 1246400}, {'name': '深圳市金达科技实业有限公司', 'rank': 16, 'ratio': 0.0254, 'change': '新进', 'shares': 304920}]",[],0.0000,0,2026-06-06 04:49:14.116271+00:00
1388,000027,2026-03-10,112262,-1.3600,"[{'name': '深圳市科学技术协会', 'rank': 24, 'ratio': 0.023, 'change': '', 'shares': 277000}, {'name': '深圳市金达科技实业有限公司', 'rank': 24, 'ratio': 0.023, 'change': '', 'shares': 277000}, {'name': '深圳市儿童福利会', 'rank': 23, 'ratio': 0.0288, 'change': '', 'shares': 346200}, {'name': '宜兴市昌丰水处理设备有限公司', 'rank': 22, 'ratio': 0.029, 'change': '', 'shares': 348800}, {'name': '上海万馨投资管理有限公司', 'rank': 21, 'ratio': 0.0363, 'change': '', 'shares': 436500}, {'name': '杭州锦园丝绸有限公司', 'rank': 20, 'ratio': 0.0499, 'change': '', 'shares': 599500}, {'name': '综合开发研究院', 'rank': 18, 'ratio': 0.0576, 'change': '', 'shares': 692400}, {'name': '深圳外商投资企业协会', 'rank': 18, 'ratio': 0.0576, 'change': '', 'shares': 692400}, {'name': '昆山华利能源实业公司', 'rank': 17, 'ratio': 0.1037, 'change': '', 'shares': 1246400}, {'name': '深圳市金达科技实业有限公司', 'rank': 16, 'ratio': 0.0254, 'change': '新进', 'shares': 304920}]",[],0.0000,0,2026-06-06 04:49:14.116271+00:00
1389,000027,2026-02-27,113805,0.0000,"[{'name': '深圳市科学技术协会', 'rank': 24, 'ratio': 0.023, 'change': '', 'shares': 277000}, {'name': '深圳市金达科技实业有限公司', 'rank': 24, 'ratio': 0.023, 'change': '', 'shares': 277000}, {'name': '深圳市儿童福利会', 'rank': 23, 'ratio': 0.0288, 'change': '', 'shares': 346200}, {'name': '宜兴市昌丰水处理设备有限公司', 'rank': 22, 'ratio': 0.029, 'change': '', 'shares': 348800}, {'name': '上海万馨投资管理有限公司', 'rank': 21, 'ratio': 0.0363, 'change': '', 'shares': 436500}, {'name': '杭州锦园丝绸有限公司', 'rank': 20, 'ratio': 0.0499, 'change': '', 'shares': 599500}, {'name': '综合开发研究院', 'rank': 18, 'ratio': 0.0576, 'change': '', 'shares': 692400}, {'name': '深圳外商投资企业协会', 'rank': 18, 'ratio': 0.0576, 'change': '', 'shares': 692400}, {'name': '昆山华利能源实业公司', 'rank': 17, 'ratio': 0.1037, 'change': '', 'shares': 1246400}, {'name': '深圳市金达科技实业有限公司', 'rank': 16, 'ratio': 0.0254, 'change': '新进', 'shares': 304920}]",[],0.0000,0,2026-06-06 04:49:14.116271+00:00
1390,000028,2026-03-31,39430,-3.9300,"[{'name': 'BBH BOS S/A FIDELITY FD - CHINA FOCUS FD', 'rank': 10, 'ratio': 0.5, 'change': '', 'shares': 2795304}, {'name': 'UBS AG LONDON BRANCH', 'rank': 10, 'ratio': 0.4, 'change': '新进', 'shares': 1710508}, {'name': '中信证券股份有限公司', 'rank': 10, 'ratio': 0.86, 'change': '', 'shares': 3681300}, {'name': 'VANGUARD EMERGING MARKETS STOCK INDEX FUND', 'rank': 10, 'ratio': 0.41, 'change': '新进', 'shares': 1756387}, {'name': '中国银行股份有限公司-嘉实沪港深精选股票型证券投资基金', 'rank': 10, 'ratio': 0.83, 'change': '', 'shares': 3554700}, {'name': '中国建设银行股份有限公司-富国精准医疗灵活配置混合型证券投资基金', 'rank': 10, 'ratio': 0.38, 'change': '新进', 'shares': 1625700}, {'name': '中国工商银行-国联安德盛小盘精选证券投资基金', 'rank': 10, 'ratio': 0.38, 'change': '新进', 'shares': 1632000}, {'name': 'VALUE PARTNERS CLASSIC FUND', 'rank': 10, 'ratio': 0.64, 'change': '新进', 'shares': 2747418}, {'name': 'VALUE PARTNERS CLASSIC FUND', 'rank': 10, 'ratio': 0.71, 'change': '新进', 'shares': 3038918}, {'name': '中国建设银行-华宝兴业行业精选股票型证券投资基金', 'rank': 10, 'ratio': 1.26, 'change': '新进', 'shares': 3631063}]",[],0.0000,0,2026-06-06 04:49:14.116271+00:00
1391,000028,2025-12-31,41045,-0.8200,"[{'name': 'BBH BOS S/A FIDELITY FD - CHINA FOCUS FD', 'rank': 10, 'ratio': 0.5, 'change': '', 'shares': 2795304}, {'name': 'UBS AG LONDON BRANCH', 'rank': 10, 'ratio': 0.4, 'change': '新进', 'shares': 1710508}, {'name': '中信证券股份有限公司', 'rank': 10, 'ratio': 0.86, 'change': '', 'shares': 3681300}, {'name': 'VANGUARD EMERGING MARKETS STOCK INDEX FUND', 'rank': 10, 'ratio': 0.41, 'change': '新进', 'shares': 1756387}, {'name': '中国银行股份有限公司-嘉实沪港深精选股票型证券投资基金', 'rank': 10, 'ratio': 0.83, 'change': '', 'shares': 3554700}, {'name': '中国建设银行股份有限公司-富国精准医疗灵活配置混合型证券投资基金', 'rank': 10, 'ratio': 0.38, 'change': '新进', 'shares': 1625700}, {'name': '中国工商银行-国联安德盛小盘精选证券投资基金', 'rank': 10, 'ratio': 0.38, 'change': '新进', 'shares': 1632000}, {'name': 'VALUE PARTNERS CLASSIC FUND', 'rank': 10, 'ratio': 0.64, 'change': '新进', 'shares': 2747418}, {'name': 'VALUE PARTNERS CLASSIC FUND', 'rank': 10, 'ratio': 0.71, 'change': '新进', 'shares': 3038918}, {'name': '中国建设银行-华宝兴业行业精选股票型证券投资基金', 'rank': 10, 'ratio': 1.26, 'change': '新进', 'shares': 3631063}]",[],0.0000,0,2026-06-06 04:49:14.116271+00:00
1392,000028,2025-09-30,41385,2.0200,"[{'name': 'BBH BOS S/A FIDELITY FD - CHINA FOCUS FD', 'rank': 10, 'ratio': 0.5, 'change': '', 'shares': 2795304}, {'name': 'UBS AG LONDON BRANCH', 'rank': 10, 'ratio': 0.4, 'change': '新进', 'shares': 1710508}, {'name': '中信证券股份有限公司', 'rank': 10, 'ratio': 0.86, 'change': '', 'shares': 3681300}, {'name': 'VANGUARD EMERGING MARKETS STOCK INDEX FUND', 'rank': 10, 'ratio': 0.41, 'change': '新进', 'shares': 1756387}, {'name': '中国银行股份有限公司-嘉实沪港深精选股票型证券投资基金', 'rank': 10, 'ratio': 0.83, 'change': '', 'shares': 3554700}, {'name': '中国建设银行股份有限公司-富国精准医疗灵活配置混合型证券投资基金', 'rank': 10, 'ratio': 0.38, 'change': '新进', 'shares': 1625700}, {'name': '中国工商银行-国联安德盛小盘精选证券投资基金', 'rank': 10, 'ratio': 0.38, 'change': '新进', 'shares': 1632000}, {'name': 'VALUE PARTNERS CLASSIC FUND', 'rank': 10, 'ratio': 0.64, 'change': '新进', 'shares': 2747418}, {'name': 'VALUE PARTNERS CLASSIC FUND', 'rank': 10, 'ratio': 0.71, 'change': '新进', 'shares': 3038918}, {'name': '中国建设银行-华宝兴业行业精选股票型证券投资基金', 'rank': 10, 'ratio': 1.26, 'change': '新进', 'shares': 3631063}]",[],0.0000,0,2026-06-06 04:49:14.116271+00:00
1393,000028,2025-06-30,40566,0.3400,"[{'name': 'BBH BOS S/A FIDELITY FD - CHINA FOCUS FD', 'rank': 10, 'ratio': 0.5, 'change': '', 'shares': 2795304}, {'name': 'UBS AG LONDON BRANCH', 'rank': 10, 'ratio': 0.4, 'change': '新进', 'shares': 1710508}, {'name': '中信证券股份有限公司', 'rank': 10, 'ratio': 0.86, 'change': '', 'shares': 3681300}, {'name': 'VANGUARD EMERGING MARKETS STOCK INDEX FUND', 'rank': 10, 'ratio': 0.41, 'change': '新进', 'shares': 1756387}, {'name': '中国银行股份有限公司-嘉实沪港深精选股票型证券投资基金', 'rank': 10, 'ratio': 0.83, 'change': '', 'shares': 3554700}, {'name': '中国建设银行股份有限公司-富国精准医疗灵活配置混合型证券投资基金', 'rank': 10, 'ratio': 0.38, 'change': '新进', 'shares': 1625700}, {'name': '中国工商银行-国联安德盛小盘精选证券投资基金', 'rank': 10, 'ratio': 0.38, 'change': '新进', 'shares': 1632000}, {'name': 'VALUE PARTNERS CLASSIC FUND', 'rank': 10, 'ratio': 0.64, 'change': '新进', 'shares': 2747418}, {'name': 'VALUE PARTNERS CLASSIC FUND', 'rank': 10, 'ratio': 0.71, 'change': '新进', 'shares': 3038918}, {'name': '中国建设银行-华宝兴业行业精选股票型证券投资基金', 'rank': 10, 'ratio': 1.26, 'change': '新进', 'shares': 3631063}]",[],0.0000,0,2026-06-06 04:49:14.116271+00:00
1394,000028,2025-03-31,40428,16.1100,"[{'name': 'BBH BOS S/A FIDELITY FD - CHINA FOCUS FD', 'rank': 10, 'ratio': 0.5, 'change': '', 'shares': 2795304}, {'name': 'UBS AG LONDON BRANCH', 'rank': 10, 'ratio': 0.4, 'change': '新进', 'shares': 1710508}, {'name': '中信证券股份有限公司', 'rank': 10, 'ratio': 0.86, 'change': '', 'shares': 3681300}, {'name': 'VANGUARD EMERGING MARKETS STOCK INDEX FUND', 'rank': 10, 'ratio': 0.41, 'change': '新进', 'shares': 1756387}, {'name': '中国银行股份有限公司-嘉实沪港深精选股票型证券投资基金', 'rank': 10, 'ratio': 0.83, 'change': '', 'shares': 3554700}, {'name': '中国建设银行股份有限公司-富国精准医疗灵活配置混合型证券投资基金', 'rank': 10, 'ratio': 0.38, 'change': '新进', 'shares': 1625700}, {'name': '中国工商银行-国联安德盛小盘精选证券投资基金', 'rank': 10, 'ratio': 0.38, 'change': '新进', 'shares': 1632000}, {'name': 'VALUE PARTNERS CLASSIC FUND', 'rank': 10, 'ratio': 0.64, 'change': '新进', 'shares': 2747418}, {'name': 'VALUE PARTNERS CLASSIC FUND', 'rank': 10, 'ratio': 0.71, 'change': '新进', 'shares': 3038918}, {'name': '中国建设银行-华宝兴业行业精选股票型证券投资基金', 'rank': 10, 'ratio': 1.26, 'change': '新进', 'shares': 3631063}]",[],0.0000,0,2026-06-06 04:49:14.116271+00:00
1395,000028,2024-12-31,34820,5.6600,"[{'name': 'BBH BOS S/A FIDELITY FD - CHINA FOCUS FD', 'rank': 10, 'ratio': 0.5, 'change': '', 'shares': 2795304}, {'name': 'UBS AG LONDON BRANCH', 'rank': 10, 'ratio': 0.4, 'change': '新进', 'shares': 1710508}, {'name': '中信证券股份有限公司', 'rank': 10, 'ratio': 0.86, 'change': '', 'shares': 3681300}, {'name': 'VANGUARD EMERGING MARKETS STOCK INDEX FUND', 'rank': 10, 'ratio': 0.41, 'change': '新进', 'shares': 1756387}, {'name': '中国银行股份有限公司-嘉实沪港深精选股票型证券投资基金', 'rank': 10, 'ratio': 0.83, 'change': '', 'shares': 3554700}, {'name': '中国建设银行股份有限公司-富国精准医疗灵活配置混合型证券投资基金', 'rank': 10, 'ratio': 0.38, 'change': '新进', 'shares': 1625700}, {'name': '中国工商银行-国联安德盛小盘精选证券投资基金', 'rank': 10, 'ratio': 0.38, 'change': '新进', 'shares': 1632000}, {'name': 'VALUE PARTNERS CLASSIC FUND', 'rank': 10, 'ratio': 0.64, 'change': '新进', 'shares': 2747418}, {'name': 'VALUE PARTNERS CLASSIC FUND', 'rank': 10, 'ratio': 0.71, 'change': '新进', 'shares': 3038918}, {'name': '中国建设银行-华宝兴业行业精选股票型证券投资基金', 'rank': 10, 'ratio': 1.26, 'change': '新进', 'shares': 3631063}]",[],0.0000,0,2026-06-06 04:49:14.116271+00:00
1396,000028,2024-09-30,32954,17.3300,"[{'name': 'BBH BOS S/A FIDELITY FD - CHINA FOCUS FD', 'rank': 10, 'ratio': 0.5, 'change': '', 'shares': 2795304}, {'name': 'UBS AG LONDON BRANCH', 'rank': 10, 'ratio': 0.4, 'change': '新进', 'shares': 1710508}, {'name': '中信证券股份有限公司', 'rank': 10, 'ratio': 0.86, 'change': '', 'shares': 3681300}, {'name': 'VANGUARD EMERGING MARKETS STOCK INDEX FUND', 'rank': 10, 'ratio': 0.41, 'change': '新进', 'shares': 1756387}, {'name': '中国银行股份有限公司-嘉实沪港深精选股票型证券投资基金', 'rank': 10, 'ratio': 0.83, 'change': '', 'shares': 3554700}, {'name': '中国建设银行股份有限公司-富国精准医疗灵活配置混合型证券投资基金', 'rank': 10, 'ratio': 0.38, 'change': '新进', 'shares': 1625700}, {'name': '中国工商银行-国联安德盛小盘精选证券投资基金', 'rank': 10, 'ratio': 0.38, 'change': '新进', 'shares': 1632000}, {'name': 'VALUE PARTNERS CLASSIC FUND', 'rank': 10, 'ratio': 0.64, 'change': '新进', 'shares': 2747418}, {'name': 'VALUE PARTNERS CLASSIC FUND', 'rank': 10, 'ratio': 0.71, 'change': '新进', 'shares': 3038918}, {'name': '中国建设银行-华宝兴业行业精选股票型证券投资基金', 'rank': 10, 'ratio': 1.26, 'change': '新进', 'shares': 3631063}]",[],0.0000,0,2026-06-06 04:49:14.116271+00:00
1397,000028,2024-06-30,28086,-14.0600,"[{'name': 'BBH BOS S/A FIDELITY FD - CHINA FOCUS FD', 'rank': 10, 'ratio': 0.5, 'change': '', 'shares': 2795304}, {'name': 'UBS AG LONDON BRANCH', 'rank': 10, 'ratio': 0.4, 'change': '新进', 'shares': 1710508}, {'name': '中信证券股份有限公司', 'rank': 10, 'ratio': 0.86, 'change': '', 'shares': 3681300}, {'name': 'VANGUARD EMERGING MARKETS STOCK INDEX FUND', 'rank': 10, 'ratio': 0.41, 'change': '新进', 'shares': 1756387}, {'name': '中国银行股份有限公司-嘉实沪港深精选股票型证券投资基金', 'rank': 10, 'ratio': 0.83, 'change': '', 'shares': 3554700}, {'name': '中国建设银行股份有限公司-富国精准医疗灵活配置混合型证券投资基金', 'rank': 10, 'ratio': 0.38, 'change': '新进', 'shares': 1625700}, {'name': '中国工商银行-国联安德盛小盘精选证券投资基金', 'rank': 10, 'ratio': 0.38, 'change': '新进', 'shares': 1632000}, {'name': 'VALUE PARTNERS CLASSIC FUND', 'rank': 10, 'ratio': 0.64, 'change': '新进', 'shares': 2747418}, {'name': 'VALUE PARTNERS CLASSIC FUND', 'rank': 10, 'ratio': 0.71, 'change': '新进', 'shares': 3038918}, {'name': '中国建设银行-华宝兴业行业精选股票型证券投资基金', 'rank': 10, 'ratio': 1.26, 'change': '新进', 'shares': 3631063}]",[],0.0000,0,2026-06-06 04:49:14.116271+00:00
1398,000028,2024-03-31,32682,-7.4500,"[{'name': 'BBH BOS S/A FIDELITY FD - CHINA FOCUS FD', 'rank': 10, 'ratio': 0.5, 'change': '', 'shares': 2795304}, {'name': 'UBS AG LONDON BRANCH', 'rank': 10, 'ratio': 0.4, 'change': '新进', 'shares': 1710508}, {'name': '中信证券股份有限公司', 'rank': 10, 'ratio': 0.86, 'change': '', 'shares': 3681300}, {'name': 'VANGUARD EMERGING MARKETS STOCK INDEX FUND', 'rank': 10, 'ratio': 0.41, 'change': '新进', 'shares': 1756387}, {'name': '中国银行股份有限公司-嘉实沪港深精选股票型证券投资基金', 'rank': 10, 'ratio': 0.83, 'change': '', 'shares': 3554700}, {'name': '中国建设银行股份有限公司-富国精准医疗灵活配置混合型证券投资基金', 'rank': 10, 'ratio': 0.38, 'change': '新进', 'shares': 1625700}, {'name': '中国工商银行-国联安德盛小盘精选证券投资基金', 'rank': 10, 'ratio': 0.38, 'change': '新进', 'shares': 1632000}, {'name': 'VALUE PARTNERS CLASSIC FUND', 'rank': 10, 'ratio': 0.64, 'change': '新进', 'shares': 2747418}, {'name': 'VALUE PARTNERS CLASSIC FUND', 'rank': 10, 'ratio': 0.71, 'change': '新进', 'shares': 3038918}, {'name': '中国建设银行-华宝兴业行业精选股票型证券投资基金', 'rank': 10, 'ratio': 1.26, 'change': '新进', 'shares': 3631063}]",[],0.0000,0,2026-06-06 04:49:14.116271+00:00
1399,000028,2023-12-31,35313,0.0000,"[{'name': 'BBH BOS S/A FIDELITY FD - CHINA FOCUS FD', 'rank': 10, 'ratio': 0.5, 'change': '', 'shares': 2795304}, {'name': 'UBS AG LONDON BRANCH', 'rank': 10, 'ratio': 0.4, 'change': '新进', 'shares': 1710508}, {'name': '中信证券股份有限公司', 'rank': 10, 'ratio': 0.86, 'change': '', 'shares': 3681300}, {'name': 'VANGUARD EMERGING MARKETS STOCK INDEX FUND', 'rank': 10, 'ratio': 0.41, 'change': '新进', 'shares': 1756387}, {'name': '中国银行股份有限公司-嘉实沪港深精选股票型证券投资基金', 'rank': 10, 'ratio': 0.83, 'change': '', 'shares': 3554700}, {'name': '中国建设银行股份有限公司-富国精准医疗灵活配置混合型证券投资基金', 'rank': 10, 'ratio': 0.38, 'change': '新进', 'shares': 1625700}, {'name': '中国工商银行-国联安德盛小盘精选证券投资基金', 'rank': 10, 'ratio': 0.38, 'change': '新进', 'shares': 1632000}, {'name': 'VALUE PARTNERS CLASSIC FUND', 'rank': 10, 'ratio': 0.64, 'change': '新进', 'shares': 2747418}, {'name': 'VALUE PARTNERS CLASSIC FUND', 'rank': 10, 'ratio': 0.71, 'change': '新进', 'shares': 3038918}, {'name': '中国建设银行-华宝兴业行业精选股票型证券投资基金', 'rank': 10, 'ratio': 1.26, 'change': '新进', 'shares': 3631063}]",[],0.0000,0,2026-06-06 04:49:14.116271+00:00
1400,000029,2026-03-31,38109,-2.2800,"[{'name': 'GUO TAI JUNAN SECURITIES(HONGKONG) LIMITED', 'rank': 10, 'ratio': 0.1, 'change': '', 'shares': 1015683}, {'name': 'GUOTAI JUNAN SECURITIES(HONGKONG) LIMITED', 'rank': 10, 'ratio': 0.1, 'change': '', 'shares': 1015683}, {'name': '深圳市宝安松岗华美实业公司', 'rank': 10, 'ratio': 0.2, 'change': '加仓', 'shares': 2021200}, {'name': 'GUOTAI JUNAN SECURITIES (HONGKONG) LIMITED', 'rank': 10, 'ratio': 0.1, 'change': '新进', 'shares': 1015683}, {'name': 'GUOTAI JUNAN SECURITIES(HONGKONG) LIMITED', 'rank': 10, 'ratio': 0.1, 'change': '', 'shares': 1015683}, {'name': 'GUOTAI JUNAN SECURITIES(HONGKONG) LIMITED', 'rank': 10, 'ratio': 0.1, 'change': '', 'shares': 1015683}, {'name': 'GUOTAI JUNAN SECURITIES(HONGKONG)LIMITED', 'rank': 10, 'ratio': 0.1, 'change': '', 'shares': 1015683}, {'name': '中国国际金融股份有限公司', 'rank': 10, 'ratio': 0.21, 'change': '新进', 'shares': 2147724}, {'name': 'GUOTAI JUNAN SECURITIES (HONGKONG) LIMITED', 'rank': 10, 'ratio': 0.1, 'change': '', 'shares': 1015683}, {'name': 'GUOTAI JUNAN SECURITIES(HONGKONG) LIMITED', 'rank': 10, 'ratio': 0.1, 'change': '', 'shares': 1015683}]",[],0.0000,0,2026-06-06 04:49:14.116271+00:00
1401,000029,2026-02-28,38997,2.5300,"[{'name': 'GUO TAI JUNAN SECURITIES(HONGKONG) LIMITED', 'rank': 10, 'ratio': 0.1, 'change': '', 'shares': 1015683}, {'name': 'GUOTAI JUNAN SECURITIES(HONGKONG) LIMITED', 'rank': 10, 'ratio': 0.1, 'change': '', 'shares': 1015683}, {'name': '深圳市宝安松岗华美实业公司', 'rank': 10, 'ratio': 0.2, 'change': '加仓', 'shares': 2021200}, {'name': 'GUOTAI JUNAN SECURITIES (HONGKONG) LIMITED', 'rank': 10, 'ratio': 0.1, 'change': '新进', 'shares': 1015683}, {'name': 'GUOTAI JUNAN SECURITIES(HONGKONG) LIMITED', 'rank': 10, 'ratio': 0.1, 'change': '', 'shares': 1015683}, {'name': 'GUOTAI JUNAN SECURITIES(HONGKONG) LIMITED', 'rank': 10, 'ratio': 0.1, 'change': '', 'shares': 1015683}, {'name': 'GUOTAI JUNAN SECURITIES(HONGKONG)LIMITED', 'rank': 10, 'ratio': 0.1, 'change': '', 'shares': 1015683}, {'name': '中国国际金融股份有限公司', 'rank': 10, 'ratio': 0.21, 'change': '新进', 'shares': 2147724}, {'name': 'GUOTAI JUNAN SECURITIES (HONGKONG) LIMITED', 'rank': 10, 'ratio': 0.1, 'change': '', 'shares': 1015683}, {'name': 'GUOTAI JUNAN SECURITIES(HONGKONG) LIMITED', 'rank': 10, 'ratio': 0.1, 'change': '', 'shares': 1015683}]",[],0.0000,0,2026-06-06 04:49:14.116271+00:00
1402,000029,2025-12-31,38034,-1.0000,"[{'name': 'GUO TAI JUNAN SECURITIES(HONGKONG) LIMITED', 'rank': 10, 'ratio': 0.1, 'change': '', 'shares': 1015683}, {'name': 'GUOTAI JUNAN SECURITIES(HONGKONG) LIMITED', 'rank': 10, 'ratio': 0.1, 'change': '', 'shares': 1015683}, {'name': '深圳市宝安松岗华美实业公司', 'rank': 10, 'ratio': 0.2, 'change': '加仓', 'shares': 2021200}, {'name': 'GUOTAI JUNAN SECURITIES (HONGKONG) LIMITED', 'rank': 10, 'ratio': 0.1, 'change': '新进', 'shares': 1015683}, {'name': 'GUOTAI JUNAN SECURITIES(HONGKONG) LIMITED', 'rank': 10, 'ratio': 0.1, 'change': '', 'shares': 1015683}, {'name': 'GUOTAI JUNAN SECURITIES(HONGKONG) LIMITED', 'rank': 10, 'ratio': 0.1, 'change': '', 'shares': 1015683}, {'name': 'GUOTAI JUNAN SECURITIES(HONGKONG)LIMITED', 'rank': 10, 'ratio': 0.1, 'change': '', 'shares': 1015683}, {'name': '中国国际金融股份有限公司', 'rank': 10, 'ratio': 0.21, 'change': '新进', 'shares': 2147724}, {'name': 'GUOTAI JUNAN SECURITIES (HONGKONG) LIMITED', 'rank': 10, 'ratio': 0.1, 'change': '', 'shares': 1015683}, {'name': 'GUOTAI JUNAN SECURITIES(HONGKONG) LIMITED', 'rank': 10, 'ratio': 0.1, 'change': '', 'shares': 1015683}]",[],0.0000,0,2026-06-06 04:49:14.116271+00:00
1403,000029,2025-09-30,38419,5.6900,"[{'name': 'GUO TAI JUNAN SECURITIES(HONGKONG) LIMITED', 'rank': 10, 'ratio': 0.1, 'change': '', 'shares': 1015683}, {'name': 'GUOTAI JUNAN SECURITIES(HONGKONG) LIMITED', 'rank': 10, 'ratio': 0.1, 'change': '', 'shares': 1015683}, {'name': '深圳市宝安松岗华美实业公司', 'rank': 10, 'ratio': 0.2, 'change': '加仓', 'shares': 2021200}, {'name': 'GUOTAI JUNAN SECURITIES (HONGKONG) LIMITED', 'rank': 10, 'ratio': 0.1, 'change': '新进', 'shares': 1015683}, {'name': 'GUOTAI JUNAN SECURITIES(HONGKONG) LIMITED', 'rank': 10, 'ratio': 0.1, 'change': '', 'shares': 1015683}, {'name': 'GUOTAI JUNAN SECURITIES(HONGKONG) LIMITED', 'rank': 10, 'ratio': 0.1, 'change': '', 'shares': 1015683}, {'name': 'GUOTAI JUNAN SECURITIES(HONGKONG)LIMITED', 'rank': 10, 'ratio': 0.1, 'change': '', 'shares': 1015683}, {'name': '中国国际金融股份有限公司', 'rank': 10, 'ratio': 0.21, 'change': '新进', 'shares': 2147724}, {'name': 'GUOTAI JUNAN SECURITIES (HONGKONG) LIMITED', 'rank': 10, 'ratio': 0.1, 'change': '', 'shares': 1015683}, {'name': 'GUOTAI JUNAN SECURITIES(HONGKONG) LIMITED', 'rank': 10, 'ratio': 0.1, 'change': '', 'shares': 1015683}]",[],0.0000,0,2026-06-06 04:49:14.116271+00:00
1404,000029,2025-06-30,36349,-5.9600,"[{'name': 'GUO TAI JUNAN SECURITIES(HONGKONG) LIMITED', 'rank': 10, 'ratio': 0.1, 'change': '', 'shares': 1015683}, {'name': 'GUOTAI JUNAN SECURITIES(HONGKONG) LIMITED', 'rank': 10, 'ratio': 0.1, 'change': '', 'shares': 1015683}, {'name': '深圳市宝安松岗华美实业公司', 'rank': 10, 'ratio': 0.2, 'change': '加仓', 'shares': 2021200}, {'name': 'GUOTAI JUNAN SECURITIES (HONGKONG) LIMITED', 'rank': 10, 'ratio': 0.1, 'change': '新进', 'shares': 1015683}, {'name': 'GUOTAI JUNAN SECURITIES(HONGKONG) LIMITED', 'rank': 10, 'ratio': 0.1, 'change': '', 'shares': 1015683}, {'name': 'GUOTAI JUNAN SECURITIES(HONGKONG) LIMITED', 'rank': 10, 'ratio': 0.1, 'change': '', 'shares': 1015683}, {'name': 'GUOTAI JUNAN SECURITIES(HONGKONG)LIMITED', 'rank': 10, 'ratio': 0.1, 'change': '', 'shares': 1015683}, {'name': '中国国际金融股份有限公司', 'rank': 10, 'ratio': 0.21, 'change': '新进', 'shares': 2147724}, {'name': 'GUOTAI JUNAN SECURITIES (HONGKONG) LIMITED', 'rank': 10, 'ratio': 0.1, 'change': '', 'shares': 1015683}, {'name': 'GUOTAI JUNAN SECURITIES(HONGKONG) LIMITED', 'rank': 10, 'ratio': 0.1, 'change': '', 'shares': 1015683}]",[],0.0000,0,2026-06-06 04:49:14.116271+00:00
1405,000029,2025-03-31,38651,-2.8600,"[{'name': 'GUO TAI JUNAN SECURITIES(HONGKONG) LIMITED', 'rank': 10, 'ratio': 0.1, 'change': '', 'shares': 1015683}, {'name': 'GUOTAI JUNAN SECURITIES(HONGKONG) LIMITED', 'rank': 10, 'ratio': 0.1, 'change': '', 'shares': 1015683}, {'name': '深圳市宝安松岗华美实业公司', 'rank': 10, 'ratio': 0.2, 'change': '加仓', 'shares': 2021200}, {'name': 'GUOTAI JUNAN SECURITIES (HONGKONG) LIMITED', 'rank': 10, 'ratio': 0.1, 'change': '新进', 'shares': 1015683}, {'name': 'GUOTAI JUNAN SECURITIES(HONGKONG) LIMITED', 'rank': 10, 'ratio': 0.1, 'change': '', 'shares': 1015683}, {'name': 'GUOTAI JUNAN SECURITIES(HONGKONG) LIMITED', 'rank': 10, 'ratio': 0.1, 'change': '', 'shares': 1015683}, {'name': 'GUOTAI JUNAN SECURITIES(HONGKONG)LIMITED', 'rank': 10, 'ratio': 0.1, 'change': '', 'shares': 1015683}, {'name': '中国国际金融股份有限公司', 'rank': 10, 'ratio': 0.21, 'change': '新进', 'shares': 2147724}, {'name': 'GUOTAI JUNAN SECURITIES (HONGKONG) LIMITED', 'rank': 10, 'ratio': 0.1, 'change': '', 'shares': 1015683}, {'name': 'GUOTAI JUNAN SECURITIES(HONGKONG) LIMITED', 'rank': 10, 'ratio': 0.1, 'change': '', 'shares': 1015683}]",[],0.0000,0,2026-06-06 04:49:14.116271+00:00
1406,000029,2025-02-28,39791,-1.3500,"[{'name': 'GUO TAI JUNAN SECURITIES(HONGKONG) LIMITED', 'rank': 10, 'ratio': 0.1, 'change': '', 'shares': 1015683}, {'name': 'GUOTAI JUNAN SECURITIES(HONGKONG) LIMITED', 'rank': 10, 'ratio': 0.1, 'change': '', 'shares': 1015683}, {'name': '深圳市宝安松岗华美实业公司', 'rank': 10, 'ratio': 0.2, 'change': '加仓', 'shares': 2021200}, {'name': 'GUOTAI JUNAN SECURITIES (HONGKONG) LIMITED', 'rank': 10, 'ratio': 0.1, 'change': '新进', 'shares': 1015683}, {'name': 'GUOTAI JUNAN SECURITIES(HONGKONG) LIMITED', 'rank': 10, 'ratio': 0.1, 'change': '', 'shares': 1015683}, {'name': 'GUOTAI JUNAN SECURITIES(HONGKONG) LIMITED', 'rank': 10, 'ratio': 0.1, 'change': '', 'shares': 1015683}, {'name': 'GUOTAI JUNAN SECURITIES(HONGKONG)LIMITED', 'rank': 10, 'ratio': 0.1, 'change': '', 'shares': 1015683}, {'name': '中国国际金融股份有限公司', 'rank': 10, 'ratio': 0.21, 'change': '新进', 'shares': 2147724}, {'name': 'GUOTAI JUNAN SECURITIES (HONGKONG) LIMITED', 'rank': 10, 'ratio': 0.1, 'change': '', 'shares': 1015683}, {'name': 'GUOTAI JUNAN SECURITIES(HONGKONG) LIMITED', 'rank': 10, 'ratio': 0.1, 'change': '', 'shares': 1015683}]",[],0.0000,0,2026-06-06 04:49:14.116271+00:00
1407,000029,2024-12-31,40335,-26.0000,"[{'name': 'GUO TAI JUNAN SECURITIES(HONGKONG) LIMITED', 'rank': 10, 'ratio': 0.1, 'change': '', 'shares': 1015683}, {'name': 'GUOTAI JUNAN SECURITIES(HONGKONG) LIMITED', 'rank': 10, 'ratio': 0.1, 'change': '', 'shares': 1015683}, {'name': '深圳市宝安松岗华美实业公司', 'rank': 10, 'ratio': 0.2, 'change': '加仓', 'shares': 2021200}, {'name': 'GUOTAI JUNAN SECURITIES (HONGKONG) LIMITED', 'rank': 10, 'ratio': 0.1, 'change': '新进', 'shares': 1015683}, {'name': 'GUOTAI JUNAN SECURITIES(HONGKONG) LIMITED', 'rank': 10, 'ratio': 0.1, 'change': '', 'shares': 1015683}, {'name': 'GUOTAI JUNAN SECURITIES(HONGKONG) LIMITED', 'rank': 10, 'ratio': 0.1, 'change': '', 'shares': 1015683}, {'name': 'GUOTAI JUNAN SECURITIES(HONGKONG)LIMITED', 'rank': 10, 'ratio': 0.1, 'change': '', 'shares': 1015683}, {'name': '中国国际金融股份有限公司', 'rank': 10, 'ratio': 0.21, 'change': '新进', 'shares': 2147724}, {'name': 'GUOTAI JUNAN SECURITIES (HONGKONG) LIMITED', 'rank': 10, 'ratio': 0.1, 'change': '', 'shares': 1015683}, {'name': 'GUOTAI JUNAN SECURITIES(HONGKONG) LIMITED', 'rank': 10, 'ratio': 0.1, 'change': '', 'shares': 1015683}]",[],0.0000,0,2026-06-06 04:49:14.116271+00:00
1408,000029,2024-09-30,54508,31.0900,"[{'name': 'GUO TAI JUNAN SECURITIES(HONGKONG) LIMITED', 'rank': 10, 'ratio': 0.1, 'change': '', 'shares': 1015683}, {'name': 'GUOTAI JUNAN SECURITIES(HONGKONG) LIMITED', 'rank': 10, 'ratio': 0.1, 'change': '', 'shares': 1015683}, {'name': '深圳市宝安松岗华美实业公司', 'rank': 10, 'ratio': 0.2, 'change': '加仓', 'shares': 2021200}, {'name': 'GUOTAI JUNAN SECURITIES (HONGKONG) LIMITED', 'rank': 10, 'ratio': 0.1, 'change': '新进', 'shares': 1015683}, {'name': 'GUOTAI JUNAN SECURITIES(HONGKONG) LIMITED', 'rank': 10, 'ratio': 0.1, 'change': '', 'shares': 1015683}, {'name': 'GUOTAI JUNAN SECURITIES(HONGKONG) LIMITED', 'rank': 10, 'ratio': 0.1, 'change': '', 'shares': 1015683}, {'name': 'GUOTAI JUNAN SECURITIES(HONGKONG)LIMITED', 'rank': 10, 'ratio': 0.1, 'change': '', 'shares': 1015683}, {'name': '中国国际金融股份有限公司', 'rank': 10, 'ratio': 0.21, 'change': '新进', 'shares': 2147724}, {'name': 'GUOTAI JUNAN SECURITIES (HONGKONG) LIMITED', 'rank': 10, 'ratio': 0.1, 'change': '', 'shares': 1015683}, {'name': 'GUOTAI JUNAN SECURITIES(HONGKONG) LIMITED', 'rank': 10, 'ratio': 0.1, 'change': '', 'shares': 1015683}]",[],0.0000,0,2026-06-06 04:49:14.116271+00:00
1409,000029,2024-06-30,41580,0.0000,"[{'name': 'GUO TAI JUNAN SECURITIES(HONGKONG) LIMITED', 'rank': 10, 'ratio': 0.1, 'change': '', 'shares': 1015683}, {'name': 'GUOTAI JUNAN SECURITIES(HONGKONG) LIMITED', 'rank': 10, 'ratio': 0.1, 'change': '', 'shares': 1015683}, {'name': '深圳市宝安松岗华美实业公司', 'rank': 10, 'ratio': 0.2, 'change': '加仓', 'shares': 2021200}, {'name': 'GUOTAI JUNAN SECURITIES (HONGKONG) LIMITED', 'rank': 10, 'ratio': 0.1, 'change': '新进', 'shares': 1015683}, {'name': 'GUOTAI JUNAN SECURITIES(HONGKONG) LIMITED', 'rank': 10, 'ratio': 0.1, 'change': '', 'shares': 1015683}, {'name': 'GUOTAI JUNAN SECURITIES(HONGKONG) LIMITED', 'rank': 10, 'ratio': 0.1, 'change': '', 'shares': 1015683}, {'name': 'GUOTAI JUNAN SECURITIES(HONGKONG)LIMITED', 'rank': 10, 'ratio': 0.1, 'change': '', 'shares': 1015683}, {'name': '中国国际金融股份有限公司', 'rank': 10, 'ratio': 0.21, 'change': '新进', 'shares': 2147724}, {'name': 'GUOTAI JUNAN SECURITIES (HONGKONG) LIMITED', 'rank': 10, 'ratio': 0.1, 'change': '', 'shares': 1015683}, {'name': 'GUOTAI JUNAN SECURITIES(HONGKONG) LIMITED', 'rank': 10, 'ratio': 0.1, 'change': '', 'shares': 1015683}]",[],0.0000,0,2026-06-06 04:49:14.116271+00:00
1410,000030,2026-05-08,34062,11.4700,"[{'name': '南方基金-农业银行-南方中证金融资产管理计划', 'rank': 10, 'ratio': 0.44, 'change': '', 'shares': 7602100}, {'name': '香港中央结算有限公司', 'rank': 10, 'ratio': 0.48, 'change': '', 'shares': 8653151}, {'name': '中国光大银行股份有限公司-汇安泓阳三年持有期混合型证券投资基金', 'rank': 10, 'ratio': 0.5, 'change': '', 'shares': 9000000}, {'name': '银华基金-农业银行-银华中证金融资产管理计划', 'rank': 10, 'ratio': 0.42, 'change': '', 'shares': 7320929}, {'name': '银华基金-农业银行-银华中证金融资产管理计划', 'rank': 10, 'ratio': 0.42, 'change': '', 'shares': 7320929}, {'name': '银华基金-农业银行-银华中证金融资产管理计划', 'rank': 10, 'ratio': 0.42, 'change': '新进', 'shares': 7320929}, {'name': '大成基金-农业银行-大成中证金融资产管理计划', 'rank': 10, 'ratio': 0.41, 'change': '', 'shares': 7114300}, {'name': '工银瑞信基金-农业银行-工银瑞信中证金融资产管理计划', 'rank': 10, 'ratio': 0.47, 'change': '', 'shares': 6078000}, {'name': '中国工商银行股份有限公司-南方大数据100指数证券投资基金', 'rank': 10, 'ratio': 0.49, 'change': '新进', 'shares': 6393196}, {'name': '工银瑞信基金-农业银行-工银瑞信中证金融资产管理计划', 'rank': 10, 'ratio': 0.47, 'change': '新进', 'shares': 8509200}]",[],0.0000,0,2026-06-06 04:49:14.116271+00:00
1411,000030,2026-03-31,30557,0.1600,"[{'name': '南方基金-农业银行-南方中证金融资产管理计划', 'rank': 10, 'ratio': 0.44, 'change': '', 'shares': 7602100}, {'name': '香港中央结算有限公司', 'rank': 10, 'ratio': 0.48, 'change': '', 'shares': 8653151}, {'name': '中国光大银行股份有限公司-汇安泓阳三年持有期混合型证券投资基金', 'rank': 10, 'ratio': 0.5, 'change': '', 'shares': 9000000}, {'name': '银华基金-农业银行-银华中证金融资产管理计划', 'rank': 10, 'ratio': 0.42, 'change': '', 'shares': 7320929}, {'name': '银华基金-农业银行-银华中证金融资产管理计划', 'rank': 10, 'ratio': 0.42, 'change': '', 'shares': 7320929}, {'name': '银华基金-农业银行-银华中证金融资产管理计划', 'rank': 10, 'ratio': 0.42, 'change': '新进', 'shares': 7320929}, {'name': '大成基金-农业银行-大成中证金融资产管理计划', 'rank': 10, 'ratio': 0.41, 'change': '', 'shares': 7114300}, {'name': '工银瑞信基金-农业银行-工银瑞信中证金融资产管理计划', 'rank': 10, 'ratio': 0.47, 'change': '', 'shares': 6078000}, {'name': '中国工商银行股份有限公司-南方大数据100指数证券投资基金', 'rank': 10, 'ratio': 0.49, 'change': '新进', 'shares': 6393196}, {'name': '工银瑞信基金-农业银行-工银瑞信中证金融资产管理计划', 'rank': 10, 'ratio': 0.47, 'change': '新进', 'shares': 8509200}]",[],0.0000,0,2026-06-06 04:49:14.116271+00:00
1412,000030,2026-03-20,30507,0.7700,"[{'name': '南方基金-农业银行-南方中证金融资产管理计划', 'rank': 10, 'ratio': 0.44, 'change': '', 'shares': 7602100}, {'name': '香港中央结算有限公司', 'rank': 10, 'ratio': 0.48, 'change': '', 'shares': 8653151}, {'name': '中国光大银行股份有限公司-汇安泓阳三年持有期混合型证券投资基金', 'rank': 10, 'ratio': 0.5, 'change': '', 'shares': 9000000}, {'name': '银华基金-农业银行-银华中证金融资产管理计划', 'rank': 10, 'ratio': 0.42, 'change': '', 'shares': 7320929}, {'name': '银华基金-农业银行-银华中证金融资产管理计划', 'rank': 10, 'ratio': 0.42, 'change': '', 'shares': 7320929}, {'name': '银华基金-农业银行-银华中证金融资产管理计划', 'rank': 10, 'ratio': 0.42, 'change': '新进', 'shares': 7320929}, {'name': '大成基金-农业银行-大成中证金融资产管理计划', 'rank': 10, 'ratio': 0.41, 'change': '', 'shares': 7114300}, {'name': '工银瑞信基金-农业银行-工银瑞信中证金融资产管理计划', 'rank': 10, 'ratio': 0.47, 'change': '', 'shares': 6078000}, {'name': '中国工商银行股份有限公司-南方大数据100指数证券投资基金', 'rank': 10, 'ratio': 0.49, 'change': '新进', 'shares': 6393196}, {'name': '工银瑞信基金-农业银行-工银瑞信中证金融资产管理计划', 'rank': 10, 'ratio': 0.47, 'change': '新进', 'shares': 8509200}]",[],0.0000,0,2026-06-06 04:49:14.116271+00:00
1413,000030,2026-03-10,30273,0.5600,"[{'name': '南方基金-农业银行-南方中证金融资产管理计划', 'rank': 10, 'ratio': 0.44, 'change': '', 'shares': 7602100}, {'name': '香港中央结算有限公司', 'rank': 10, 'ratio': 0.48, 'change': '', 'shares': 8653151}, {'name': '中国光大银行股份有限公司-汇安泓阳三年持有期混合型证券投资基金', 'rank': 10, 'ratio': 0.5, 'change': '', 'shares': 9000000}, {'name': '银华基金-农业银行-银华中证金融资产管理计划', 'rank': 10, 'ratio': 0.42, 'change': '', 'shares': 7320929}, {'name': '银华基金-农业银行-银华中证金融资产管理计划', 'rank': 10, 'ratio': 0.42, 'change': '', 'shares': 7320929}, {'name': '银华基金-农业银行-银华中证金融资产管理计划', 'rank': 10, 'ratio': 0.42, 'change': '新进', 'shares': 7320929}, {'name': '大成基金-农业银行-大成中证金融资产管理计划', 'rank': 10, 'ratio': 0.41, 'change': '', 'shares': 7114300}, {'name': '工银瑞信基金-农业银行-工银瑞信中证金融资产管理计划', 'rank': 10, 'ratio': 0.47, 'change': '', 'shares': 6078000}, {'name': '中国工商银行股份有限公司-南方大数据100指数证券投资基金', 'rank': 10, 'ratio': 0.49, 'change': '新进', 'shares': 6393196}, {'name': '工银瑞信基金-农业银行-工银瑞信中证金融资产管理计划', 'rank': 10, 'ratio': 0.47, 'change': '新进', 'shares': 8509200}]",[],0.0000,0,2026-06-06 04:49:14.116271+00:00
1414,000030,2026-02-27,30103,-0.7100,"[{'name': '南方基金-农业银行-南方中证金融资产管理计划', 'rank': 10, 'ratio': 0.44, 'change': '', 'shares': 7602100}, {'name': '香港中央结算有限公司', 'rank': 10, 'ratio': 0.48, 'change': '', 'shares': 8653151}, {'name': '中国光大银行股份有限公司-汇安泓阳三年持有期混合型证券投资基金', 'rank': 10, 'ratio': 0.5, 'change': '', 'shares': 9000000}, {'name': '银华基金-农业银行-银华中证金融资产管理计划', 'rank': 10, 'ratio': 0.42, 'change': '', 'shares': 7320929}, {'name': '银华基金-农业银行-银华中证金融资产管理计划', 'rank': 10, 'ratio': 0.42, 'change': '', 'shares': 7320929}, {'name': '银华基金-农业银行-银华中证金融资产管理计划', 'rank': 10, 'ratio': 0.42, 'change': '新进', 'shares': 7320929}, {'name': '大成基金-农业银行-大成中证金融资产管理计划', 'rank': 10, 'ratio': 0.41, 'change': '', 'shares': 7114300}, {'name': '工银瑞信基金-农业银行-工银瑞信中证金融资产管理计划', 'rank': 10, 'ratio': 0.47, 'change': '', 'shares': 6078000}, {'name': '中国工商银行股份有限公司-南方大数据100指数证券投资基金', 'rank': 10, 'ratio': 0.49, 'change': '新进', 'shares': 6393196}, {'name': '工银瑞信基金-农业银行-工银瑞信中证金融资产管理计划', 'rank': 10, 'ratio': 0.47, 'change': '新进', 'shares': 8509200}]",[],0.0000,0,2026-06-06 04:49:14.116271+00:00
1415,000030,2026-02-13,30317,1.2000,"[{'name': '南方基金-农业银行-南方中证金融资产管理计划', 'rank': 10, 'ratio': 0.44, 'change': '', 'shares': 7602100}, {'name': '香港中央结算有限公司', 'rank': 10, 'ratio': 0.48, 'change': '', 'shares': 8653151}, {'name': '中国光大银行股份有限公司-汇安泓阳三年持有期混合型证券投资基金', 'rank': 10, 'ratio': 0.5, 'change': '', 'shares': 9000000}, {'name': '银华基金-农业银行-银华中证金融资产管理计划', 'rank': 10, 'ratio': 0.42, 'change': '', 'shares': 7320929}, {'name': '银华基金-农业银行-银华中证金融资产管理计划', 'rank': 10, 'ratio': 0.42, 'change': '', 'shares': 7320929}, {'name': '银华基金-农业银行-银华中证金融资产管理计划', 'rank': 10, 'ratio': 0.42, 'change': '新进', 'shares': 7320929}, {'name': '大成基金-农业银行-大成中证金融资产管理计划', 'rank': 10, 'ratio': 0.41, 'change': '', 'shares': 7114300}, {'name': '工银瑞信基金-农业银行-工银瑞信中证金融资产管理计划', 'rank': 10, 'ratio': 0.47, 'change': '', 'shares': 6078000}, {'name': '中国工商银行股份有限公司-南方大数据100指数证券投资基金', 'rank': 10, 'ratio': 0.49, 'change': '新进', 'shares': 6393196}, {'name': '工银瑞信基金-农业银行-工银瑞信中证金融资产管理计划', 'rank': 10, 'ratio': 0.47, 'change': '新进', 'shares': 8509200}]",[],0.0000,0,2026-06-06 04:49:14.116271+00:00
1416,000030,2026-02-10,29957,0.4500,"[{'name': '南方基金-农业银行-南方中证金融资产管理计划', 'rank': 10, 'ratio': 0.44, 'change': '', 'shares': 7602100}, {'name': '香港中央结算有限公司', 'rank': 10, 'ratio': 0.48, 'change': '', 'shares': 8653151}, {'name': '中国光大银行股份有限公司-汇安泓阳三年持有期混合型证券投资基金', 'rank': 10, 'ratio': 0.5, 'change': '', 'shares': 9000000}, {'name': '银华基金-农业银行-银华中证金融资产管理计划', 'rank': 10, 'ratio': 0.42, 'change': '', 'shares': 7320929}, {'name': '银华基金-农业银行-银华中证金融资产管理计划', 'rank': 10, 'ratio': 0.42, 'change': '', 'shares': 7320929}, {'name': '银华基金-农业银行-银华中证金融资产管理计划', 'rank': 10, 'ratio': 0.42, 'change': '新进', 'shares': 7320929}, {'name': '大成基金-农业银行-大成中证金融资产管理计划', 'rank': 10, 'ratio': 0.41, 'change': '', 'shares': 7114300}, {'name': '工银瑞信基金-农业银行-工银瑞信中证金融资产管理计划', 'rank': 10, 'ratio': 0.47, 'change': '', 'shares': 6078000}, {'name': '中国工商银行股份有限公司-南方大数据100指数证券投资基金', 'rank': 10, 'ratio': 0.49, 'change': '新进', 'shares': 6393196}, {'name': '工银瑞信基金-农业银行-工银瑞信中证金融资产管理计划', 'rank': 10, 'ratio': 0.47, 'change': '新进', 'shares': 8509200}]",[],0.0000,0,2026-06-06 04:49:14.116271+00:00
1417,000030,2026-01-30,29824,0.0700,"[{'name': '南方基金-农业银行-南方中证金融资产管理计划', 'rank': 10, 'ratio': 0.44, 'change': '', 'shares': 7602100}, {'name': '香港中央结算有限公司', 'rank': 10, 'ratio': 0.48, 'change': '', 'shares': 8653151}, {'name': '中国光大银行股份有限公司-汇安泓阳三年持有期混合型证券投资基金', 'rank': 10, 'ratio': 0.5, 'change': '', 'shares': 9000000}, {'name': '银华基金-农业银行-银华中证金融资产管理计划', 'rank': 10, 'ratio': 0.42, 'change': '', 'shares': 7320929}, {'name': '银华基金-农业银行-银华中证金融资产管理计划', 'rank': 10, 'ratio': 0.42, 'change': '', 'shares': 7320929}, {'name': '银华基金-农业银行-银华中证金融资产管理计划', 'rank': 10, 'ratio': 0.42, 'change': '新进', 'shares': 7320929}, {'name': '大成基金-农业银行-大成中证金融资产管理计划', 'rank': 10, 'ratio': 0.41, 'change': '', 'shares': 7114300}, {'name': '工银瑞信基金-农业银行-工银瑞信中证金融资产管理计划', 'rank': 10, 'ratio': 0.47, 'change': '', 'shares': 6078000}, {'name': '中国工商银行股份有限公司-南方大数据100指数证券投资基金', 'rank': 10, 'ratio': 0.49, 'change': '新进', 'shares': 6393196}, {'name': '工银瑞信基金-农业银行-工银瑞信中证金融资产管理计划', 'rank': 10, 'ratio': 0.47, 'change': '新进', 'shares': 8509200}]",[],0.0000,0,2026-06-06 04:49:14.116271+00:00
1418,000030,2026-01-20,29803,5.9900,"[{'name': '南方基金-农业银行-南方中证金融资产管理计划', 'rank': 10, 'ratio': 0.44, 'change': '', 'shares': 7602100}, {'name': '香港中央结算有限公司', 'rank': 10, 'ratio': 0.48, 'change': '', 'shares': 8653151}, {'name': '中国光大银行股份有限公司-汇安泓阳三年持有期混合型证券投资基金', 'rank': 10, 'ratio': 0.5, 'change': '', 'shares': 9000000}, {'name': '银华基金-农业银行-银华中证金融资产管理计划', 'rank': 10, 'ratio': 0.42, 'change': '', 'shares': 7320929}, {'name': '银华基金-农业银行-银华中证金融资产管理计划', 'rank': 10, 'ratio': 0.42, 'change': '', 'shares': 7320929}, {'name': '银华基金-农业银行-银华中证金融资产管理计划', 'rank': 10, 'ratio': 0.42, 'change': '新进', 'shares': 7320929}, {'name': '大成基金-农业银行-大成中证金融资产管理计划', 'rank': 10, 'ratio': 0.41, 'change': '', 'shares': 7114300}, {'name': '工银瑞信基金-农业银行-工银瑞信中证金融资产管理计划', 'rank': 10, 'ratio': 0.47, 'change': '', 'shares': 6078000}, {'name': '中国工商银行股份有限公司-南方大数据100指数证券投资基金', 'rank': 10, 'ratio': 0.49, 'change': '新进', 'shares': 6393196}, {'name': '工银瑞信基金-农业银行-工银瑞信中证金融资产管理计划', 'rank': 10, 'ratio': 0.47, 'change': '新进', 'shares': 8509200}]",[],0.0000,0,2026-06-06 04:49:14.116271+00:00
1419,000030,2026-01-09,28118,0.0000,"[{'name': '南方基金-农业银行-南方中证金融资产管理计划', 'rank': 10, 'ratio': 0.44, 'change': '', 'shares': 7602100}, {'name': '香港中央结算有限公司', 'rank': 10, 'ratio': 0.48, 'change': '', 'shares': 8653151}, {'name': '中国光大银行股份有限公司-汇安泓阳三年持有期混合型证券投资基金', 'rank': 10, 'ratio': 0.5, 'change': '', 'shares': 9000000}, {'name': '银华基金-农业银行-银华中证金融资产管理计划', 'rank': 10, 'ratio': 0.42, 'change': '', 'shares': 7320929}, {'name': '银华基金-农业银行-银华中证金融资产管理计划', 'rank': 10, 'ratio': 0.42, 'change': '', 'shares': 7320929}, {'name': '银华基金-农业银行-银华中证金融资产管理计划', 'rank': 10, 'ratio': 0.42, 'change': '新进', 'shares': 7320929}, {'name': '大成基金-农业银行-大成中证金融资产管理计划', 'rank': 10, 'ratio': 0.41, 'change': '', 'shares': 7114300}, {'name': '工银瑞信基金-农业银行-工银瑞信中证金融资产管理计划', 'rank': 10, 'ratio': 0.47, 'change': '', 'shares': 6078000}, {'name': '中国工商银行股份有限公司-南方大数据100指数证券投资基金', 'rank': 10, 'ratio': 0.49, 'change': '新进', 'shares': 6393196}, {'name': '工银瑞信基金-农业银行-工银瑞信中证金融资产管理计划', 'rank': 10, 'ratio': 0.47, 'change': '新进', 'shares': 8509200}]",[],0.0000,0,2026-06-06 04:49:14.116271+00:00
1420,000031,2026-03-31,86115,-3.0500,"[{'name': '中国农业银行股份有限公司-交银施罗德国企改革灵活配置混合型证券投资基金', 'rank': 10, 'ratio': 0.21, 'change': '新进', 'shares': 3750800}, {'name': '中国工商银行股份有限公司-南方中证全指房地产交易型开放式指数证券投资基金', 'rank': 10, 'ratio': 0.2, 'change': '', 'shares': 8748600}, {'name': '易方达基金-工商银行-易方达基金臻选2号资产管理计划', 'rank': 10, 'ratio': 0.19, 'change': '新进', 'shares': 7619375}, {'name': '中国农业银行-中邮核心成长股票型证券投资基金', 'rank': 10, 'ratio': 0.5317, 'change': '新进', 'shares': 4821363}, {'name': '华泰保兴基金-浦发银行-华泰保兴光明1号资产管理计划', 'rank': 10, 'ratio': 0.24, 'change': '', 'shares': 4370000}, {'name': '中国农业银行股份有限公司-中证500交易型开放式指数证券投资基金', 'rank': 10, 'ratio': 0.26, 'change': '新进', 'shares': 11144592}, {'name': '华安兴业行业精选股票型证券投资基金', 'rank': 10, 'ratio': 0.4821, 'change': '新进', 'shares': 4372243}, {'name': '中国农业银行股份有限公司-中证500交易型开放式指数证券投资基金', 'rank': 10, 'ratio': 0.14, 'change': '', 'shares': 5891992}, {'name': '阿拉丁传奇科技有限公司', 'rank': 10, 'ratio': 0.18, 'change': '新进', 'shares': 7648300}, {'name': '中国银行股份有限公司-博时新兴消费主题混合型证券投资基金', 'rank': 10, 'ratio': 0.14, 'change': '新进', 'shares': 5500000}]",[],0.0000,0,2026-06-06 04:49:14.116271+00:00
1421,000031,2025-12-31,88828,-0.9200,"[{'name': '中国农业银行股份有限公司-交银施罗德国企改革灵活配置混合型证券投资基金', 'rank': 10, 'ratio': 0.21, 'change': '新进', 'shares': 3750800}, {'name': '中国工商银行股份有限公司-南方中证全指房地产交易型开放式指数证券投资基金', 'rank': 10, 'ratio': 0.2, 'change': '', 'shares': 8748600}, {'name': '易方达基金-工商银行-易方达基金臻选2号资产管理计划', 'rank': 10, 'ratio': 0.19, 'change': '新进', 'shares': 7619375}, {'name': '中国农业银行-中邮核心成长股票型证券投资基金', 'rank': 10, 'ratio': 0.5317, 'change': '新进', 'shares': 4821363}, {'name': '华泰保兴基金-浦发银行-华泰保兴光明1号资产管理计划', 'rank': 10, 'ratio': 0.24, 'change': '', 'shares': 4370000}, {'name': '中国农业银行股份有限公司-中证500交易型开放式指数证券投资基金', 'rank': 10, 'ratio': 0.26, 'change': '新进', 'shares': 11144592}, {'name': '华安兴业行业精选股票型证券投资基金', 'rank': 10, 'ratio': 0.4821, 'change': '新进', 'shares': 4372243}, {'name': '中国农业银行股份有限公司-中证500交易型开放式指数证券投资基金', 'rank': 10, 'ratio': 0.14, 'change': '', 'shares': 5891992}, {'name': '阿拉丁传奇科技有限公司', 'rank': 10, 'ratio': 0.18, 'change': '新进', 'shares': 7648300}, {'name': '中国银行股份有限公司-博时新兴消费主题混合型证券投资基金', 'rank': 10, 'ratio': 0.14, 'change': '新进', 'shares': 5500000}]",[],0.0000,0,2026-06-06 04:49:14.116271+00:00
1422,000031,2025-09-30,89652,-7.1600,"[{'name': '中国农业银行股份有限公司-交银施罗德国企改革灵活配置混合型证券投资基金', 'rank': 10, 'ratio': 0.21, 'change': '新进', 'shares': 3750800}, {'name': '中国工商银行股份有限公司-南方中证全指房地产交易型开放式指数证券投资基金', 'rank': 10, 'ratio': 0.2, 'change': '', 'shares': 8748600}, {'name': '易方达基金-工商银行-易方达基金臻选2号资产管理计划', 'rank': 10, 'ratio': 0.19, 'change': '新进', 'shares': 7619375}, {'name': '中国农业银行-中邮核心成长股票型证券投资基金', 'rank': 10, 'ratio': 0.5317, 'change': '新进', 'shares': 4821363}, {'name': '华泰保兴基金-浦发银行-华泰保兴光明1号资产管理计划', 'rank': 10, 'ratio': 0.24, 'change': '', 'shares': 4370000}, {'name': '中国农业银行股份有限公司-中证500交易型开放式指数证券投资基金', 'rank': 10, 'ratio': 0.26, 'change': '新进', 'shares': 11144592}, {'name': '华安兴业行业精选股票型证券投资基金', 'rank': 10, 'ratio': 0.4821, 'change': '新进', 'shares': 4372243}, {'name': '中国农业银行股份有限公司-中证500交易型开放式指数证券投资基金', 'rank': 10, 'ratio': 0.14, 'change': '', 'shares': 5891992}, {'name': '阿拉丁传奇科技有限公司', 'rank': 10, 'ratio': 0.18, 'change': '新进', 'shares': 7648300}, {'name': '中国银行股份有限公司-博时新兴消费主题混合型证券投资基金', 'rank': 10, 'ratio': 0.14, 'change': '新进', 'shares': 5500000}]",[],0.0000,0,2026-06-06 04:49:14.116271+00:00
1423,000031,2025-06-30,96562,-2.6000,"[{'name': '中国农业银行股份有限公司-交银施罗德国企改革灵活配置混合型证券投资基金', 'rank': 10, 'ratio': 0.21, 'change': '新进', 'shares': 3750800}, {'name': '中国工商银行股份有限公司-南方中证全指房地产交易型开放式指数证券投资基金', 'rank': 10, 'ratio': 0.2, 'change': '', 'shares': 8748600}, {'name': '易方达基金-工商银行-易方达基金臻选2号资产管理计划', 'rank': 10, 'ratio': 0.19, 'change': '新进', 'shares': 7619375}, {'name': '中国农业银行-中邮核心成长股票型证券投资基金', 'rank': 10, 'ratio': 0.5317, 'change': '新进', 'shares': 4821363}, {'name': '华泰保兴基金-浦发银行-华泰保兴光明1号资产管理计划', 'rank': 10, 'ratio': 0.24, 'change': '', 'shares': 4370000}, {'name': '中国农业银行股份有限公司-中证500交易型开放式指数证券投资基金', 'rank': 10, 'ratio': 0.26, 'change': '新进', 'shares': 11144592}, {'name': '华安兴业行业精选股票型证券投资基金', 'rank': 10, 'ratio': 0.4821, 'change': '新进', 'shares': 4372243}, {'name': '中国农业银行股份有限公司-中证500交易型开放式指数证券投资基金', 'rank': 10, 'ratio': 0.14, 'change': '', 'shares': 5891992}, {'name': '阿拉丁传奇科技有限公司', 'rank': 10, 'ratio': 0.18, 'change': '新进', 'shares': 7648300}, {'name': '中国银行股份有限公司-博时新兴消费主题混合型证券投资基金', 'rank': 10, 'ratio': 0.14, 'change': '新进', 'shares': 5500000}]",[],0.0000,0,2026-06-06 04:49:14.116271+00:00
1424,000031,2025-03-31,99143,-5.1900,"[{'name': '中国农业银行股份有限公司-交银施罗德国企改革灵活配置混合型证券投资基金', 'rank': 10, 'ratio': 0.21, 'change': '新进', 'shares': 3750800}, {'name': '中国工商银行股份有限公司-南方中证全指房地产交易型开放式指数证券投资基金', 'rank': 10, 'ratio': 0.2, 'change': '', 'shares': 8748600}, {'name': '易方达基金-工商银行-易方达基金臻选2号资产管理计划', 'rank': 10, 'ratio': 0.19, 'change': '新进', 'shares': 7619375}, {'name': '中国农业银行-中邮核心成长股票型证券投资基金', 'rank': 10, 'ratio': 0.5317, 'change': '新进', 'shares': 4821363}, {'name': '华泰保兴基金-浦发银行-华泰保兴光明1号资产管理计划', 'rank': 10, 'ratio': 0.24, 'change': '', 'shares': 4370000}, {'name': '中国农业银行股份有限公司-中证500交易型开放式指数证券投资基金', 'rank': 10, 'ratio': 0.26, 'change': '新进', 'shares': 11144592}, {'name': '华安兴业行业精选股票型证券投资基金', 'rank': 10, 'ratio': 0.4821, 'change': '新进', 'shares': 4372243}, {'name': '中国农业银行股份有限公司-中证500交易型开放式指数证券投资基金', 'rank': 10, 'ratio': 0.14, 'change': '', 'shares': 5891992}, {'name': '阿拉丁传奇科技有限公司', 'rank': 10, 'ratio': 0.18, 'change': '新进', 'shares': 7648300}, {'name': '中国银行股份有限公司-博时新兴消费主题混合型证券投资基金', 'rank': 10, 'ratio': 0.14, 'change': '新进', 'shares': 5500000}]",[],0.0000,0,2026-06-06 04:49:14.116271+00:00
1425,000031,2024-12-31,104572,3.2600,"[{'name': '中国农业银行股份有限公司-交银施罗德国企改革灵活配置混合型证券投资基金', 'rank': 10, 'ratio': 0.21, 'change': '新进', 'shares': 3750800}, {'name': '中国工商银行股份有限公司-南方中证全指房地产交易型开放式指数证券投资基金', 'rank': 10, 'ratio': 0.2, 'change': '', 'shares': 8748600}, {'name': '易方达基金-工商银行-易方达基金臻选2号资产管理计划', 'rank': 10, 'ratio': 0.19, 'change': '新进', 'shares': 7619375}, {'name': '中国农业银行-中邮核心成长股票型证券投资基金', 'rank': 10, 'ratio': 0.5317, 'change': '新进', 'shares': 4821363}, {'name': '华泰保兴基金-浦发银行-华泰保兴光明1号资产管理计划', 'rank': 10, 'ratio': 0.24, 'change': '', 'shares': 4370000}, {'name': '中国农业银行股份有限公司-中证500交易型开放式指数证券投资基金', 'rank': 10, 'ratio': 0.26, 'change': '新进', 'shares': 11144592}, {'name': '华安兴业行业精选股票型证券投资基金', 'rank': 10, 'ratio': 0.4821, 'change': '新进', 'shares': 4372243}, {'name': '中国农业银行股份有限公司-中证500交易型开放式指数证券投资基金', 'rank': 10, 'ratio': 0.14, 'change': '', 'shares': 5891992}, {'name': '阿拉丁传奇科技有限公司', 'rank': 10, 'ratio': 0.18, 'change': '新进', 'shares': 7648300}, {'name': '中国银行股份有限公司-博时新兴消费主题混合型证券投资基金', 'rank': 10, 'ratio': 0.14, 'change': '新进', 'shares': 5500000}]",[],0.0000,0,2026-06-06 04:49:14.116271+00:00
1426,000031,2024-09-30,101272,1.4700,"[{'name': '中国农业银行股份有限公司-交银施罗德国企改革灵活配置混合型证券投资基金', 'rank': 10, 'ratio': 0.21, 'change': '新进', 'shares': 3750800}, {'name': '中国工商银行股份有限公司-南方中证全指房地产交易型开放式指数证券投资基金', 'rank': 10, 'ratio': 0.2, 'change': '', 'shares': 8748600}, {'name': '易方达基金-工商银行-易方达基金臻选2号资产管理计划', 'rank': 10, 'ratio': 0.19, 'change': '新进', 'shares': 7619375}, {'name': '中国农业银行-中邮核心成长股票型证券投资基金', 'rank': 10, 'ratio': 0.5317, 'change': '新进', 'shares': 4821363}, {'name': '华泰保兴基金-浦发银行-华泰保兴光明1号资产管理计划', 'rank': 10, 'ratio': 0.24, 'change': '', 'shares': 4370000}, {'name': '中国农业银行股份有限公司-中证500交易型开放式指数证券投资基金', 'rank': 10, 'ratio': 0.26, 'change': '新进', 'shares': 11144592}, {'name': '华安兴业行业精选股票型证券投资基金', 'rank': 10, 'ratio': 0.4821, 'change': '新进', 'shares': 4372243}, {'name': '中国农业银行股份有限公司-中证500交易型开放式指数证券投资基金', 'rank': 10, 'ratio': 0.14, 'change': '', 'shares': 5891992}, {'name': '阿拉丁传奇科技有限公司', 'rank': 10, 'ratio': 0.18, 'change': '新进', 'shares': 7648300}, {'name': '中国银行股份有限公司-博时新兴消费主题混合型证券投资基金', 'rank': 10, 'ratio': 0.14, 'change': '新进', 'shares': 5500000}]",[],0.0000,0,2026-06-06 04:49:14.116271+00:00
1427,000031,2024-06-30,99806,-2.4300,"[{'name': '中国农业银行股份有限公司-交银施罗德国企改革灵活配置混合型证券投资基金', 'rank': 10, 'ratio': 0.21, 'change': '新进', 'shares': 3750800}, {'name': '中国工商银行股份有限公司-南方中证全指房地产交易型开放式指数证券投资基金', 'rank': 10, 'ratio': 0.2, 'change': '', 'shares': 8748600}, {'name': '易方达基金-工商银行-易方达基金臻选2号资产管理计划', 'rank': 10, 'ratio': 0.19, 'change': '新进', 'shares': 7619375}, {'name': '中国农业银行-中邮核心成长股票型证券投资基金', 'rank': 10, 'ratio': 0.5317, 'change': '新进', 'shares': 4821363}, {'name': '华泰保兴基金-浦发银行-华泰保兴光明1号资产管理计划', 'rank': 10, 'ratio': 0.24, 'change': '', 'shares': 4370000}, {'name': '中国农业银行股份有限公司-中证500交易型开放式指数证券投资基金', 'rank': 10, 'ratio': 0.26, 'change': '新进', 'shares': 11144592}, {'name': '华安兴业行业精选股票型证券投资基金', 'rank': 10, 'ratio': 0.4821, 'change': '新进', 'shares': 4372243}, {'name': '中国农业银行股份有限公司-中证500交易型开放式指数证券投资基金', 'rank': 10, 'ratio': 0.14, 'change': '', 'shares': 5891992}, {'name': '阿拉丁传奇科技有限公司', 'rank': 10, 'ratio': 0.18, 'change': '新进', 'shares': 7648300}, {'name': '中国银行股份有限公司-博时新兴消费主题混合型证券投资基金', 'rank': 10, 'ratio': 0.14, 'change': '新进', 'shares': 5500000}]",[],0.0000,0,2026-06-06 04:49:14.116271+00:00
1428,000031,2024-03-31,102294,-2.0600,"[{'name': '中国农业银行股份有限公司-交银施罗德国企改革灵活配置混合型证券投资基金', 'rank': 10, 'ratio': 0.21, 'change': '新进', 'shares': 3750800}, {'name': '中国工商银行股份有限公司-南方中证全指房地产交易型开放式指数证券投资基金', 'rank': 10, 'ratio': 0.2, 'change': '', 'shares': 8748600}, {'name': '易方达基金-工商银行-易方达基金臻选2号资产管理计划', 'rank': 10, 'ratio': 0.19, 'change': '新进', 'shares': 7619375}, {'name': '中国农业银行-中邮核心成长股票型证券投资基金', 'rank': 10, 'ratio': 0.5317, 'change': '新进', 'shares': 4821363}, {'name': '华泰保兴基金-浦发银行-华泰保兴光明1号资产管理计划', 'rank': 10, 'ratio': 0.24, 'change': '', 'shares': 4370000}, {'name': '中国农业银行股份有限公司-中证500交易型开放式指数证券投资基金', 'rank': 10, 'ratio': 0.26, 'change': '新进', 'shares': 11144592}, {'name': '华安兴业行业精选股票型证券投资基金', 'rank': 10, 'ratio': 0.4821, 'change': '新进', 'shares': 4372243}, {'name': '中国农业银行股份有限公司-中证500交易型开放式指数证券投资基金', 'rank': 10, 'ratio': 0.14, 'change': '', 'shares': 5891992}, {'name': '阿拉丁传奇科技有限公司', 'rank': 10, 'ratio': 0.18, 'change': '新进', 'shares': 7648300}, {'name': '中国银行股份有限公司-博时新兴消费主题混合型证券投资基金', 'rank': 10, 'ratio': 0.14, 'change': '新进', 'shares': 5500000}]",[],0.0000,0,2026-06-06 04:49:14.116271+00:00
1429,000031,2023-12-31,104445,0.0000,"[{'name': '中国农业银行股份有限公司-交银施罗德国企改革灵活配置混合型证券投资基金', 'rank': 10, 'ratio': 0.21, 'change': '新进', 'shares': 3750800}, {'name': '中国工商银行股份有限公司-南方中证全指房地产交易型开放式指数证券投资基金', 'rank': 10, 'ratio': 0.2, 'change': '', 'shares': 8748600}, {'name': '易方达基金-工商银行-易方达基金臻选2号资产管理计划', 'rank': 10, 'ratio': 0.19, 'change': '新进', 'shares': 7619375}, {'name': '中国农业银行-中邮核心成长股票型证券投资基金', 'rank': 10, 'ratio': 0.5317, 'change': '新进', 'shares': 4821363}, {'name': '华泰保兴基金-浦发银行-华泰保兴光明1号资产管理计划', 'rank': 10, 'ratio': 0.24, 'change': '', 'shares': 4370000}, {'name': '中国农业银行股份有限公司-中证500交易型开放式指数证券投资基金', 'rank': 10, 'ratio': 0.26, 'change': '新进', 'shares': 11144592}, {'name': '华安兴业行业精选股票型证券投资基金', 'rank': 10, 'ratio': 0.4821, 'change': '新进', 'shares': 4372243}, {'name': '中国农业银行股份有限公司-中证500交易型开放式指数证券投资基金', 'rank': 10, 'ratio': 0.14, 'change': '', 'shares': 5891992}, {'name': '阿拉丁传奇科技有限公司', 'rank': 10, 'ratio': 0.18, 'change': '新进', 'shares': 7648300}, {'name': '中国银行股份有限公司-博时新兴消费主题混合型证券投资基金', 'rank': 10, 'ratio': 0.14, 'change': '新进', 'shares': 5500000}]",[],0.0000,0,2026-06-06 04:49:14.116271+00:00
1430,000032,2026-03-31,70444,-1.3700,"[{'name': '中国人民人寿保险股份有限公司-自有资金', 'rank': 10, 'ratio': 0.47, 'change': '', 'shares': 1999923}, {'name': '中国瑞达投资发展集团有限公司', 'rank': 10, 'ratio': 1.71, 'change': '', 'shares': 19438188}, {'name': '横琴宏达嘉业投资中心(有限合伙)', 'rank': 10, 'ratio': 2.87, 'change': '新进', 'shares': 30697758}, {'name': '中国人民人寿保险股份有限公司-自有资金', 'rank': 10, 'ratio': 0.47, 'change': '新进', 'shares': 1999923}, {'name': '北京盈生房地产开发有限公司', 'rank': 10, 'ratio': 0.084, 'change': '新进', 'shares': 110000}, {'name': '中国人民人寿保险股份有限公司-自有资金', 'rank': 10, 'ratio': 0.48, 'change': '', 'shares': 1999923}, {'name': '中国人民人寿保险股份有限公司-自有资金', 'rank': 10, 'ratio': 0.48, 'change': '', 'shares': 1999923}, {'name': '中国人民人寿保险股份有限公司-自有资金', 'rank': 10, 'ratio': 0.48, 'change': '', 'shares': 1999923}, {'name': '中国农业银行-华夏平稳增长混合型证券投资基金', 'rank': 10, 'ratio': 0.78, 'change': '', 'shares': 1813570}, {'name': '横琴宏达嘉业投资中心(有限合伙)', 'rank': 10, 'ratio': 2.87, 'change': '', 'shares': 30697758}]",[],0.0000,0,2026-06-06 04:49:14.116271+00:00
1431,000032,2025-12-31,71420,2.3300,"[{'name': '中国人民人寿保险股份有限公司-自有资金', 'rank': 10, 'ratio': 0.47, 'change': '', 'shares': 1999923}, {'name': '中国瑞达投资发展集团有限公司', 'rank': 10, 'ratio': 1.71, 'change': '', 'shares': 19438188}, {'name': '横琴宏达嘉业投资中心(有限合伙)', 'rank': 10, 'ratio': 2.87, 'change': '新进', 'shares': 30697758}, {'name': '中国人民人寿保险股份有限公司-自有资金', 'rank': 10, 'ratio': 0.47, 'change': '新进', 'shares': 1999923}, {'name': '北京盈生房地产开发有限公司', 'rank': 10, 'ratio': 0.084, 'change': '新进', 'shares': 110000}, {'name': '中国人民人寿保险股份有限公司-自有资金', 'rank': 10, 'ratio': 0.48, 'change': '', 'shares': 1999923}, {'name': '中国人民人寿保险股份有限公司-自有资金', 'rank': 10, 'ratio': 0.48, 'change': '', 'shares': 1999923}, {'name': '中国人民人寿保险股份有限公司-自有资金', 'rank': 10, 'ratio': 0.48, 'change': '', 'shares': 1999923}, {'name': '中国农业银行-华夏平稳增长混合型证券投资基金', 'rank': 10, 'ratio': 0.78, 'change': '', 'shares': 1813570}, {'name': '横琴宏达嘉业投资中心(有限合伙)', 'rank': 10, 'ratio': 2.87, 'change': '', 'shares': 30697758}]",[],0.0000,0,2026-06-06 04:49:14.116271+00:00
1432,000032,2025-09-30,69795,4.5400,"[{'name': '中国人民人寿保险股份有限公司-自有资金', 'rank': 10, 'ratio': 0.47, 'change': '', 'shares': 1999923}, {'name': '中国瑞达投资发展集团有限公司', 'rank': 10, 'ratio': 1.71, 'change': '', 'shares': 19438188}, {'name': '横琴宏达嘉业投资中心(有限合伙)', 'rank': 10, 'ratio': 2.87, 'change': '新进', 'shares': 30697758}, {'name': '中国人民人寿保险股份有限公司-自有资金', 'rank': 10, 'ratio': 0.47, 'change': '新进', 'shares': 1999923}, {'name': '北京盈生房地产开发有限公司', 'rank': 10, 'ratio': 0.084, 'change': '新进', 'shares': 110000}, {'name': '中国人民人寿保险股份有限公司-自有资金', 'rank': 10, 'ratio': 0.48, 'change': '', 'shares': 1999923}, {'name': '中国人民人寿保险股份有限公司-自有资金', 'rank': 10, 'ratio': 0.48, 'change': '', 'shares': 1999923}, {'name': '中国人民人寿保险股份有限公司-自有资金', 'rank': 10, 'ratio': 0.48, 'change': '', 'shares': 1999923}, {'name': '中国农业银行-华夏平稳增长混合型证券投资基金', 'rank': 10, 'ratio': 0.78, 'change': '', 'shares': 1813570}, {'name': '横琴宏达嘉业投资中心(有限合伙)', 'rank': 10, 'ratio': 2.87, 'change': '', 'shares': 30697758}]",[],0.0000,0,2026-06-06 04:49:14.116271+00:00
1433,000032,2025-06-30,66763,-11.7800,"[{'name': '中国人民人寿保险股份有限公司-自有资金', 'rank': 10, 'ratio': 0.47, 'change': '', 'shares': 1999923}, {'name': '中国瑞达投资发展集团有限公司', 'rank': 10, 'ratio': 1.71, 'change': '', 'shares': 19438188}, {'name': '横琴宏达嘉业投资中心(有限合伙)', 'rank': 10, 'ratio': 2.87, 'change': '新进', 'shares': 30697758}, {'name': '中国人民人寿保险股份有限公司-自有资金', 'rank': 10, 'ratio': 0.47, 'change': '新进', 'shares': 1999923}, {'name': '北京盈生房地产开发有限公司', 'rank': 10, 'ratio': 0.084, 'change': '新进', 'shares': 110000}, {'name': '中国人民人寿保险股份有限公司-自有资金', 'rank': 10, 'ratio': 0.48, 'change': '', 'shares': 1999923}, {'name': '中国人民人寿保险股份有限公司-自有资金', 'rank': 10, 'ratio': 0.48, 'change': '', 'shares': 1999923}, {'name': '中国人民人寿保险股份有限公司-自有资金', 'rank': 10, 'ratio': 0.48, 'change': '', 'shares': 1999923}, {'name': '中国农业银行-华夏平稳增长混合型证券投资基金', 'rank': 10, 'ratio': 0.78, 'change': '', 'shares': 1813570}, {'name': '横琴宏达嘉业投资中心(有限合伙)', 'rank': 10, 'ratio': 2.87, 'change': '', 'shares': 30697758}]",[],0.0000,0,2026-06-06 04:49:14.116271+00:00
1434,000032,2025-03-31,75674,13.5500,"[{'name': '中国人民人寿保险股份有限公司-自有资金', 'rank': 10, 'ratio': 0.47, 'change': '', 'shares': 1999923}, {'name': '中国瑞达投资发展集团有限公司', 'rank': 10, 'ratio': 1.71, 'change': '', 'shares': 19438188}, {'name': '横琴宏达嘉业投资中心(有限合伙)', 'rank': 10, 'ratio': 2.87, 'change': '新进', 'shares': 30697758}, {'name': '中国人民人寿保险股份有限公司-自有资金', 'rank': 10, 'ratio': 0.47, 'change': '新进', 'shares': 1999923}, {'name': '北京盈生房地产开发有限公司', 'rank': 10, 'ratio': 0.084, 'change': '新进', 'shares': 110000}, {'name': '中国人民人寿保险股份有限公司-自有资金', 'rank': 10, 'ratio': 0.48, 'change': '', 'shares': 1999923}, {'name': '中国人民人寿保险股份有限公司-自有资金', 'rank': 10, 'ratio': 0.48, 'change': '', 'shares': 1999923}, {'name': '中国人民人寿保险股份有限公司-自有资金', 'rank': 10, 'ratio': 0.48, 'change': '', 'shares': 1999923}, {'name': '中国农业银行-华夏平稳增长混合型证券投资基金', 'rank': 10, 'ratio': 0.78, 'change': '', 'shares': 1813570}, {'name': '横琴宏达嘉业投资中心(有限合伙)', 'rank': 10, 'ratio': 2.87, 'change': '', 'shares': 30697758}]",[],0.0000,0,2026-06-06 04:49:14.116271+00:00
1435,000032,2024-12-31,66643,6.2000,"[{'name': '中国人民人寿保险股份有限公司-自有资金', 'rank': 10, 'ratio': 0.47, 'change': '', 'shares': 1999923}, {'name': '中国瑞达投资发展集团有限公司', 'rank': 10, 'ratio': 1.71, 'change': '', 'shares': 19438188}, {'name': '横琴宏达嘉业投资中心(有限合伙)', 'rank': 10, 'ratio': 2.87, 'change': '新进', 'shares': 30697758}, {'name': '中国人民人寿保险股份有限公司-自有资金', 'rank': 10, 'ratio': 0.47, 'change': '新进', 'shares': 1999923}, {'name': '北京盈生房地产开发有限公司', 'rank': 10, 'ratio': 0.084, 'change': '新进', 'shares': 110000}, {'name': '中国人民人寿保险股份有限公司-自有资金', 'rank': 10, 'ratio': 0.48, 'change': '', 'shares': 1999923}, {'name': '中国人民人寿保险股份有限公司-自有资金', 'rank': 10, 'ratio': 0.48, 'change': '', 'shares': 1999923}, {'name': '中国人民人寿保险股份有限公司-自有资金', 'rank': 10, 'ratio': 0.48, 'change': '', 'shares': 1999923}, {'name': '中国农业银行-华夏平稳增长混合型证券投资基金', 'rank': 10, 'ratio': 0.78, 'change': '', 'shares': 1813570}, {'name': '横琴宏达嘉业投资中心(有限合伙)', 'rank': 10, 'ratio': 2.87, 'change': '', 'shares': 30697758}]",[],0.0000,0,2026-06-06 04:49:14.116271+00:00
1436,000032,2024-09-30,62751,-6.7600,"[{'name': '中国人民人寿保险股份有限公司-自有资金', 'rank': 10, 'ratio': 0.47, 'change': '', 'shares': 1999923}, {'name': '中国瑞达投资发展集团有限公司', 'rank': 10, 'ratio': 1.71, 'change': '', 'shares': 19438188}, {'name': '横琴宏达嘉业投资中心(有限合伙)', 'rank': 10, 'ratio': 2.87, 'change': '新进', 'shares': 30697758}, {'name': '中国人民人寿保险股份有限公司-自有资金', 'rank': 10, 'ratio': 0.47, 'change': '新进', 'shares': 1999923}, {'name': '北京盈生房地产开发有限公司', 'rank': 10, 'ratio': 0.084, 'change': '新进', 'shares': 110000}, {'name': '中国人民人寿保险股份有限公司-自有资金', 'rank': 10, 'ratio': 0.48, 'change': '', 'shares': 1999923}, {'name': '中国人民人寿保险股份有限公司-自有资金', 'rank': 10, 'ratio': 0.48, 'change': '', 'shares': 1999923}, {'name': '中国人民人寿保险股份有限公司-自有资金', 'rank': 10, 'ratio': 0.48, 'change': '', 'shares': 1999923}, {'name': '中国农业银行-华夏平稳增长混合型证券投资基金', 'rank': 10, 'ratio': 0.78, 'change': '', 'shares': 1813570}, {'name': '横琴宏达嘉业投资中心(有限合伙)', 'rank': 10, 'ratio': 2.87, 'change': '', 'shares': 30697758}]",[],0.0000,0,2026-06-06 04:49:14.116271+00:00
1437,000032,2024-06-30,67301,2.6300,"[{'name': '中国人民人寿保险股份有限公司-自有资金', 'rank': 10, 'ratio': 0.47, 'change': '', 'shares': 1999923}, {'name': '中国瑞达投资发展集团有限公司', 'rank': 10, 'ratio': 1.71, 'change': '', 'shares': 19438188}, {'name': '横琴宏达嘉业投资中心(有限合伙)', 'rank': 10, 'ratio': 2.87, 'change': '新进', 'shares': 30697758}, {'name': '中国人民人寿保险股份有限公司-自有资金', 'rank': 10, 'ratio': 0.47, 'change': '新进', 'shares': 1999923}, {'name': '北京盈生房地产开发有限公司', 'rank': 10, 'ratio': 0.084, 'change': '新进', 'shares': 110000}, {'name': '中国人民人寿保险股份有限公司-自有资金', 'rank': 10, 'ratio': 0.48, 'change': '', 'shares': 1999923}, {'name': '中国人民人寿保险股份有限公司-自有资金', 'rank': 10, 'ratio': 0.48, 'change': '', 'shares': 1999923}, {'name': '中国人民人寿保险股份有限公司-自有资金', 'rank': 10, 'ratio': 0.48, 'change': '', 'shares': 1999923}, {'name': '中国农业银行-华夏平稳增长混合型证券投资基金', 'rank': 10, 'ratio': 0.78, 'change': '', 'shares': 1813570}, {'name': '横琴宏达嘉业投资中心(有限合伙)', 'rank': 10, 'ratio': 2.87, 'change': '', 'shares': 30697758}]",[],0.0000,0,2026-06-06 04:49:14.116271+00:00
1438,000032,2024-03-31,65576,-12.5900,"[{'name': '中国人民人寿保险股份有限公司-自有资金', 'rank': 10, 'ratio': 0.47, 'change': '', 'shares': 1999923}, {'name': '中国瑞达投资发展集团有限公司', 'rank': 10, 'ratio': 1.71, 'change': '', 'shares': 19438188}, {'name': '横琴宏达嘉业投资中心(有限合伙)', 'rank': 10, 'ratio': 2.87, 'change': '新进', 'shares': 30697758}, {'name': '中国人民人寿保险股份有限公司-自有资金', 'rank': 10, 'ratio': 0.47, 'change': '新进', 'shares': 1999923}, {'name': '北京盈生房地产开发有限公司', 'rank': 10, 'ratio': 0.084, 'change': '新进', 'shares': 110000}, {'name': '中国人民人寿保险股份有限公司-自有资金', 'rank': 10, 'ratio': 0.48, 'change': '', 'shares': 1999923}, {'name': '中国人民人寿保险股份有限公司-自有资金', 'rank': 10, 'ratio': 0.48, 'change': '', 'shares': 1999923}, {'name': '中国人民人寿保险股份有限公司-自有资金', 'rank': 10, 'ratio': 0.48, 'change': '', 'shares': 1999923}, {'name': '中国农业银行-华夏平稳增长混合型证券投资基金', 'rank': 10, 'ratio': 0.78, 'change': '', 'shares': 1813570}, {'name': '横琴宏达嘉业投资中心(有限合伙)', 'rank': 10, 'ratio': 2.87, 'change': '', 'shares': 30697758}]",[],0.0000,0,2026-06-06 04:49:14.116271+00:00
1439,000032,2023-12-31,75018,0.0000,"[{'name': '中国人民人寿保险股份有限公司-自有资金', 'rank': 10, 'ratio': 0.47, 'change': '', 'shares': 1999923}, {'name': '中国瑞达投资发展集团有限公司', 'rank': 10, 'ratio': 1.71, 'change': '', 'shares': 19438188}, {'name': '横琴宏达嘉业投资中心(有限合伙)', 'rank': 10, 'ratio': 2.87, 'change': '新进', 'shares': 30697758}, {'name': '中国人民人寿保险股份有限公司-自有资金', 'rank': 10, 'ratio': 0.47, 'change': '新进', 'shares': 1999923}, {'name': '北京盈生房地产开发有限公司', 'rank': 10, 'ratio': 0.084, 'change': '新进', 'shares': 110000}, {'name': '中国人民人寿保险股份有限公司-自有资金', 'rank': 10, 'ratio': 0.48, 'change': '', 'shares': 1999923}, {'name': '中国人民人寿保险股份有限公司-自有资金', 'rank': 10, 'ratio': 0.48, 'change': '', 'shares': 1999923}, {'name': '中国人民人寿保险股份有限公司-自有资金', 'rank': 10, 'ratio': 0.48, 'change': '', 'shares': 1999923}, {'name': '中国农业银行-华夏平稳增长混合型证券投资基金', 'rank': 10, 'ratio': 0.78, 'change': '', 'shares': 1813570}, {'name': '横琴宏达嘉业投资中心(有限合伙)', 'rank': 10, 'ratio': 2.87, 'change': '', 'shares': 30697758}]",[],0.0000,0,2026-06-06 04:49:14.116271+00:00
1440,000034,2026-05-20,138100,9.4300,"[{'name': '上海亿阳电脑网络技术有限公司', 'rank': 21, 'ratio': 0.0279, 'change': '新进', 'shares': 100000}, {'name': '海南明欣工贸有限公司', 'rank': 21, 'ratio': 0.0279, 'change': '新进', 'shares': 100000}, {'name': '深圳市富致嘉贸易有限公司', 'rank': 20, 'ratio': 0.0559, 'change': '新进', 'shares': 200000}, {'name': '上海敏雄贸易有限公司', 'rank': 19, 'ratio': 0.0838, 'change': '新进', 'shares': 300000}, {'name': '深圳市百惠园家政服务有限公司', 'rank': 18, 'ratio': 0.0866, 'change': '新进', 'shares': 310000}, {'name': '上海江龙建设工程有限公司', 'rank': 17, 'ratio': 0.1006, 'change': '新进', 'shares': 360000}, {'name': '上海超人贸易有限公司', 'rank': 16, 'ratio': 0.1397, 'change': '新进', 'shares': 500000}, {'name': '上海浦东任辰贸易有限公司', 'rank': 15, 'ratio': 0.1508, 'change': '新进', 'shares': 540000}, {'name': '上海亿阳电脑网络技术有限公司', 'rank': 15, 'ratio': 0.032139934705, 'change': '新进', 'shares': 100000}, {'name': '海南明欣工贸有限公司', 'rank': 15, 'ratio': 0.032139934705, 'change': '新进', 'shares': 100000}]",[],0.0000,0,2026-06-06 04:49:14.116271+00:00
1441,000034,2026-05-10,126200,1.6100,"[{'name': '上海亿阳电脑网络技术有限公司', 'rank': 21, 'ratio': 0.0279, 'change': '新进', 'shares': 100000}, {'name': '海南明欣工贸有限公司', 'rank': 21, 'ratio': 0.0279, 'change': '新进', 'shares': 100000}, {'name': '深圳市富致嘉贸易有限公司', 'rank': 20, 'ratio': 0.0559, 'change': '新进', 'shares': 200000}, {'name': '上海敏雄贸易有限公司', 'rank': 19, 'ratio': 0.0838, 'change': '新进', 'shares': 300000}, {'name': '深圳市百惠园家政服务有限公司', 'rank': 18, 'ratio': 0.0866, 'change': '新进', 'shares': 310000}, {'name': '上海江龙建设工程有限公司', 'rank': 17, 'ratio': 0.1006, 'change': '新进', 'shares': 360000}, {'name': '上海超人贸易有限公司', 'rank': 16, 'ratio': 0.1397, 'change': '新进', 'shares': 500000}, {'name': '上海浦东任辰贸易有限公司', 'rank': 15, 'ratio': 0.1508, 'change': '新进', 'shares': 540000}, {'name': '上海亿阳电脑网络技术有限公司', 'rank': 15, 'ratio': 0.032139934705, 'change': '新进', 'shares': 100000}, {'name': '海南明欣工贸有限公司', 'rank': 15, 'ratio': 0.032139934705, 'change': '新进', 'shares': 100000}]",[],0.0000,0,2026-06-06 04:49:14.116271+00:00
1442,000034,2026-04-30,124200,1.8000,"[{'name': '上海亿阳电脑网络技术有限公司', 'rank': 21, 'ratio': 0.0279, 'change': '新进', 'shares': 100000}, {'name': '海南明欣工贸有限公司', 'rank': 21, 'ratio': 0.0279, 'change': '新进', 'shares': 100000}, {'name': '深圳市富致嘉贸易有限公司', 'rank': 20, 'ratio': 0.0559, 'change': '新进', 'shares': 200000}, {'name': '上海敏雄贸易有限公司', 'rank': 19, 'ratio': 0.0838, 'change': '新进', 'shares': 300000}, {'name': '深圳市百惠园家政服务有限公司', 'rank': 18, 'ratio': 0.0866, 'change': '新进', 'shares': 310000}, {'name': '上海江龙建设工程有限公司', 'rank': 17, 'ratio': 0.1006, 'change': '新进', 'shares': 360000}, {'name': '上海超人贸易有限公司', 'rank': 16, 'ratio': 0.1397, 'change': '新进', 'shares': 500000}, {'name': '上海浦东任辰贸易有限公司', 'rank': 15, 'ratio': 0.1508, 'change': '新进', 'shares': 540000}, {'name': '上海亿阳电脑网络技术有限公司', 'rank': 15, 'ratio': 0.032139934705, 'change': '新进', 'shares': 100000}, {'name': '海南明欣工贸有限公司', 'rank': 15, 'ratio': 0.032139934705, 'change': '新进', 'shares': 100000}]",[],0.0000,0,2026-06-06 04:49:14.116271+00:00
1443,000034,2026-04-20,122000,-4.0900,"[{'name': '上海亿阳电脑网络技术有限公司', 'rank': 21, 'ratio': 0.0279, 'change': '新进', 'shares': 100000}, {'name': '海南明欣工贸有限公司', 'rank': 21, 'ratio': 0.0279, 'change': '新进', 'shares': 100000}, {'name': '深圳市富致嘉贸易有限公司', 'rank': 20, 'ratio': 0.0559, 'change': '新进', 'shares': 200000}, {'name': '上海敏雄贸易有限公司', 'rank': 19, 'ratio': 0.0838, 'change': '新进', 'shares': 300000}, {'name': '深圳市百惠园家政服务有限公司', 'rank': 18, 'ratio': 0.0866, 'change': '新进', 'shares': 310000}, {'name': '上海江龙建设工程有限公司', 'rank': 17, 'ratio': 0.1006, 'change': '新进', 'shares': 360000}, {'name': '上海超人贸易有限公司', 'rank': 16, 'ratio': 0.1397, 'change': '新进', 'shares': 500000}, {'name': '上海浦东任辰贸易有限公司', 'rank': 15, 'ratio': 0.1508, 'change': '新进', 'shares': 540000}, {'name': '上海亿阳电脑网络技术有限公司', 'rank': 15, 'ratio': 0.032139934705, 'change': '新进', 'shares': 100000}, {'name': '海南明欣工贸有限公司', 'rank': 15, 'ratio': 0.032139934705, 'change': '新进', 'shares': 100000}]",[],0.0000,0,2026-06-06 04:49:14.116271+00:00
1444,000034,2026-04-10,127200,0.5500,"[{'name': '上海亿阳电脑网络技术有限公司', 'rank': 21, 'ratio': 0.0279, 'change': '新进', 'shares': 100000}, {'name': '海南明欣工贸有限公司', 'rank': 21, 'ratio': 0.0279, 'change': '新进', 'shares': 100000}, {'name': '深圳市富致嘉贸易有限公司', 'rank': 20, 'ratio': 0.0559, 'change': '新进', 'shares': 200000}, {'name': '上海敏雄贸易有限公司', 'rank': 19, 'ratio': 0.0838, 'change': '新进', 'shares': 300000}, {'name': '深圳市百惠园家政服务有限公司', 'rank': 18, 'ratio': 0.0866, 'change': '新进', 'shares': 310000}, {'name': '上海江龙建设工程有限公司', 'rank': 17, 'ratio': 0.1006, 'change': '新进', 'shares': 360000}, {'name': '上海超人贸易有限公司', 'rank': 16, 'ratio': 0.1397, 'change': '新进', 'shares': 500000}, {'name': '上海浦东任辰贸易有限公司', 'rank': 15, 'ratio': 0.1508, 'change': '新进', 'shares': 540000}, {'name': '上海亿阳电脑网络技术有限公司', 'rank': 15, 'ratio': 0.032139934705, 'change': '新进', 'shares': 100000}, {'name': '海南明欣工贸有限公司', 'rank': 15, 'ratio': 0.032139934705, 'change': '新进', 'shares': 100000}]",[],0.0000,0,2026-06-06 04:49:14.116271+00:00
1445,000034,2026-03-31,126510,-1.0100,"[{'name': '上海亿阳电脑网络技术有限公司', 'rank': 21, 'ratio': 0.0279, 'change': '新进', 'shares': 100000}, {'name': '海南明欣工贸有限公司', 'rank': 21, 'ratio': 0.0279, 'change': '新进', 'shares': 100000}, {'name': '深圳市富致嘉贸易有限公司', 'rank': 20, 'ratio': 0.0559, 'change': '新进', 'shares': 200000}, {'name': '上海敏雄贸易有限公司', 'rank': 19, 'ratio': 0.0838, 'change': '新进', 'shares': 300000}, {'name': '深圳市百惠园家政服务有限公司', 'rank': 18, 'ratio': 0.0866, 'change': '新进', 'shares': 310000}, {'name': '上海江龙建设工程有限公司', 'rank': 17, 'ratio': 0.1006, 'change': '新进', 'shares': 360000}, {'name': '上海超人贸易有限公司', 'rank': 16, 'ratio': 0.1397, 'change': '新进', 'shares': 500000}, {'name': '上海浦东任辰贸易有限公司', 'rank': 15, 'ratio': 0.1508, 'change': '新进', 'shares': 540000}, {'name': '上海亿阳电脑网络技术有限公司', 'rank': 15, 'ratio': 0.032139934705, 'change': '新进', 'shares': 100000}, {'name': '海南明欣工贸有限公司', 'rank': 15, 'ratio': 0.032139934705, 'change': '新进', 'shares': 100000}]",[],0.0000,0,2026-06-06 04:49:14.116271+00:00
1446,000034,2026-03-20,127800,0.4700,"[{'name': '上海亿阳电脑网络技术有限公司', 'rank': 21, 'ratio': 0.0279, 'change': '新进', 'shares': 100000}, {'name': '海南明欣工贸有限公司', 'rank': 21, 'ratio': 0.0279, 'change': '新进', 'shares': 100000}, {'name': '深圳市富致嘉贸易有限公司', 'rank': 20, 'ratio': 0.0559, 'change': '新进', 'shares': 200000}, {'name': '上海敏雄贸易有限公司', 'rank': 19, 'ratio': 0.0838, 'change': '新进', 'shares': 300000}, {'name': '深圳市百惠园家政服务有限公司', 'rank': 18, 'ratio': 0.0866, 'change': '新进', 'shares': 310000}, {'name': '上海江龙建设工程有限公司', 'rank': 17, 'ratio': 0.1006, 'change': '新进', 'shares': 360000}, {'name': '上海超人贸易有限公司', 'rank': 16, 'ratio': 0.1397, 'change': '新进', 'shares': 500000}, {'name': '上海浦东任辰贸易有限公司', 'rank': 15, 'ratio': 0.1508, 'change': '新进', 'shares': 540000}, {'name': '上海亿阳电脑网络技术有限公司', 'rank': 15, 'ratio': 0.032139934705, 'change': '新进', 'shares': 100000}, {'name': '海南明欣工贸有限公司', 'rank': 15, 'ratio': 0.032139934705, 'change': '新进', 'shares': 100000}]",[],0.0000,0,2026-06-06 04:49:14.116271+00:00
1447,000034,2026-03-10,127200,0.2600,"[{'name': '上海亿阳电脑网络技术有限公司', 'rank': 21, 'ratio': 0.0279, 'change': '新进', 'shares': 100000}, {'name': '海南明欣工贸有限公司', 'rank': 21, 'ratio': 0.0279, 'change': '新进', 'shares': 100000}, {'name': '深圳市富致嘉贸易有限公司', 'rank': 20, 'ratio': 0.0559, 'change': '新进', 'shares': 200000}, {'name': '上海敏雄贸易有限公司', 'rank': 19, 'ratio': 0.0838, 'change': '新进', 'shares': 300000}, {'name': '深圳市百惠园家政服务有限公司', 'rank': 18, 'ratio': 0.0866, 'change': '新进', 'shares': 310000}, {'name': '上海江龙建设工程有限公司', 'rank': 17, 'ratio': 0.1006, 'change': '新进', 'shares': 360000}, {'name': '上海超人贸易有限公司', 'rank': 16, 'ratio': 0.1397, 'change': '新进', 'shares': 500000}, {'name': '上海浦东任辰贸易有限公司', 'rank': 15, 'ratio': 0.1508, 'change': '新进', 'shares': 540000}, {'name': '上海亿阳电脑网络技术有限公司', 'rank': 15, 'ratio': 0.032139934705, 'change': '新进', 'shares': 100000}, {'name': '海南明欣工贸有限公司', 'rank': 15, 'ratio': 0.032139934705, 'change': '新进', 'shares': 100000}]",[],0.0000,0,2026-06-06 04:49:14.116271+00:00
1448,000034,2026-02-28,126868,2.4800,"[{'name': '上海亿阳电脑网络技术有限公司', 'rank': 21, 'ratio': 0.0279, 'change': '新进', 'shares': 100000}, {'name': '海南明欣工贸有限公司', 'rank': 21, 'ratio': 0.0279, 'change': '新进', 'shares': 100000}, {'name': '深圳市富致嘉贸易有限公司', 'rank': 20, 'ratio': 0.0559, 'change': '新进', 'shares': 200000}, {'name': '上海敏雄贸易有限公司', 'rank': 19, 'ratio': 0.0838, 'change': '新进', 'shares': 300000}, {'name': '深圳市百惠园家政服务有限公司', 'rank': 18, 'ratio': 0.0866, 'change': '新进', 'shares': 310000}, {'name': '上海江龙建设工程有限公司', 'rank': 17, 'ratio': 0.1006, 'change': '新进', 'shares': 360000}, {'name': '上海超人贸易有限公司', 'rank': 16, 'ratio': 0.1397, 'change': '新进', 'shares': 500000}, {'name': '上海浦东任辰贸易有限公司', 'rank': 15, 'ratio': 0.1508, 'change': '新进', 'shares': 540000}, {'name': '上海亿阳电脑网络技术有限公司', 'rank': 15, 'ratio': 0.032139934705, 'change': '新进', 'shares': 100000}, {'name': '海南明欣工贸有限公司', 'rank': 15, 'ratio': 0.032139934705, 'change': '新进', 'shares': 100000}]",[],0.0000,0,2026-06-06 04:49:14.116271+00:00
1449,000034,2026-02-20,123800,0.0000,"[{'name': '上海亿阳电脑网络技术有限公司', 'rank': 21, 'ratio': 0.0279, 'change': '新进', 'shares': 100000}, {'name': '海南明欣工贸有限公司', 'rank': 21, 'ratio': 0.0279, 'change': '新进', 'shares': 100000}, {'name': '深圳市富致嘉贸易有限公司', 'rank': 20, 'ratio': 0.0559, 'change': '新进', 'shares': 200000}, {'name': '上海敏雄贸易有限公司', 'rank': 19, 'ratio': 0.0838, 'change': '新进', 'shares': 300000}, {'name': '深圳市百惠园家政服务有限公司', 'rank': 18, 'ratio': 0.0866, 'change': '新进', 'shares': 310000}, {'name': '上海江龙建设工程有限公司', 'rank': 17, 'ratio': 0.1006, 'change': '新进', 'shares': 360000}, {'name': '上海超人贸易有限公司', 'rank': 16, 'ratio': 0.1397, 'change': '新进', 'shares': 500000}, {'name': '上海浦东任辰贸易有限公司', 'rank': 15, 'ratio': 0.1508, 'change': '新进', 'shares': 540000}, {'name': '上海亿阳电脑网络技术有限公司', 'rank': 15, 'ratio': 0.032139934705, 'change': '新进', 'shares': 100000}, {'name': '海南明欣工贸有限公司', 'rank': 15, 'ratio': 0.032139934705, 'change': '新进', 'shares': 100000}]",[],0.0000,0,2026-06-06 04:49:14.116271+00:00
1450,000035,2026-03-31,76462,81.2500,"[{'name': '常州市常信房地产开发有限公司', 'rank': 10, 'ratio': 0.41, 'change': '新进', 'shares': 5120000}, {'name': '上海中平国瑀并购股权投资基金合伙企业(有限合伙)', 'rank': 10, 'ratio': 1.83, 'change': '', 'shares': 46297097}, {'name': '中信证券-中国华融资产管理股份有限公司-中信证券-开元单一资产管理计划', 'rank': 10, 'ratio': 1.48, 'change': '', 'shares': 37240917}, {'name': '申万菱信资产-工商银行-国金证券股份有限公司', 'rank': 10, 'ratio': 0.51, 'change': '', 'shares': 6344080}, {'name': '中国东方资产管理公司', 'rank': 10, 'ratio': 1.71, 'change': '', 'shares': 10616472}, {'name': '上海信银海丝投资管理有限公司-珠海市信生永汇投资合伙企业(有限合伙)', 'rank': 10, 'ratio': 2.15, 'change': '', 'shares': 52497095}, {'name': '东源(天津)股权投资基金管理股份有限公司', 'rank': 10, 'ratio': 1.47, 'change': '新进', 'shares': 37000000}, {'name': '上海信银海丝投资管理有限公司-珠海市信生永汇投资合伙企业(有限合伙)', 'rank': 10, 'ratio': 2.08, 'change': '', 'shares': 52497095}, {'name': '浙江弘银投资有限公司', 'rank': 10, 'ratio': 1.21, 'change': '新进', 'shares': 6862963}, {'name': '太海联股权投资江阴有限公司', 'rank': 10, 'ratio': 1.21, 'change': '', 'shares': 6862963}]",[],0.0000,0,2026-06-06 04:49:14.116271+00:00
1451,000035,2025-12-31,42185,-2.6100,"[{'name': '常州市常信房地产开发有限公司', 'rank': 10, 'ratio': 0.41, 'change': '新进', 'shares': 5120000}, {'name': '上海中平国瑀并购股权投资基金合伙企业(有限合伙)', 'rank': 10, 'ratio': 1.83, 'change': '', 'shares': 46297097}, {'name': '中信证券-中国华融资产管理股份有限公司-中信证券-开元单一资产管理计划', 'rank': 10, 'ratio': 1.48, 'change': '', 'shares': 37240917}, {'name': '申万菱信资产-工商银行-国金证券股份有限公司', 'rank': 10, 'ratio': 0.51, 'change': '', 'shares': 6344080}, {'name': '中国东方资产管理公司', 'rank': 10, 'ratio': 1.71, 'change': '', 'shares': 10616472}, {'name': '上海信银海丝投资管理有限公司-珠海市信生永汇投资合伙企业(有限合伙)', 'rank': 10, 'ratio': 2.15, 'change': '', 'shares': 52497095}, {'name': '东源(天津)股权投资基金管理股份有限公司', 'rank': 10, 'ratio': 1.47, 'change': '新进', 'shares': 37000000}, {'name': '上海信银海丝投资管理有限公司-珠海市信生永汇投资合伙企业(有限合伙)', 'rank': 10, 'ratio': 2.08, 'change': '', 'shares': 52497095}, {'name': '浙江弘银投资有限公司', 'rank': 10, 'ratio': 1.21, 'change': '新进', 'shares': 6862963}, {'name': '太海联股权投资江阴有限公司', 'rank': 10, 'ratio': 1.21, 'change': '', 'shares': 6862963}]",[],0.0000,0,2026-06-06 04:49:14.116271+00:00
1452,000035,2025-09-30,43317,-7.6300,"[{'name': '常州市常信房地产开发有限公司', 'rank': 10, 'ratio': 0.41, 'change': '新进', 'shares': 5120000}, {'name': '上海中平国瑀并购股权投资基金合伙企业(有限合伙)', 'rank': 10, 'ratio': 1.83, 'change': '', 'shares': 46297097}, {'name': '中信证券-中国华融资产管理股份有限公司-中信证券-开元单一资产管理计划', 'rank': 10, 'ratio': 1.48, 'change': '', 'shares': 37240917}, {'name': '申万菱信资产-工商银行-国金证券股份有限公司', 'rank': 10, 'ratio': 0.51, 'change': '', 'shares': 6344080}, {'name': '中国东方资产管理公司', 'rank': 10, 'ratio': 1.71, 'change': '', 'shares': 10616472}, {'name': '上海信银海丝投资管理有限公司-珠海市信生永汇投资合伙企业(有限合伙)', 'rank': 10, 'ratio': 2.15, 'change': '', 'shares': 52497095}, {'name': '东源(天津)股权投资基金管理股份有限公司', 'rank': 10, 'ratio': 1.47, 'change': '新进', 'shares': 37000000}, {'name': '上海信银海丝投资管理有限公司-珠海市信生永汇投资合伙企业(有限合伙)', 'rank': 10, 'ratio': 2.08, 'change': '', 'shares': 52497095}, {'name': '浙江弘银投资有限公司', 'rank': 10, 'ratio': 1.21, 'change': '新进', 'shares': 6862963}, {'name': '太海联股权投资江阴有限公司', 'rank': 10, 'ratio': 1.21, 'change': '', 'shares': 6862963}]",[],0.0000,0,2026-06-06 04:49:14.116271+00:00
1453,000035,2025-06-30,46897,-3.3400,"[{'name': '常州市常信房地产开发有限公司', 'rank': 10, 'ratio': 0.41, 'change': '新进', 'shares': 5120000}, {'name': '上海中平国瑀并购股权投资基金合伙企业(有限合伙)', 'rank': 10, 'ratio': 1.83, 'change': '', 'shares': 46297097}, {'name': '中信证券-中国华融资产管理股份有限公司-中信证券-开元单一资产管理计划', 'rank': 10, 'ratio': 1.48, 'change': '', 'shares': 37240917}, {'name': '申万菱信资产-工商银行-国金证券股份有限公司', 'rank': 10, 'ratio': 0.51, 'change': '', 'shares': 6344080}, {'name': '中国东方资产管理公司', 'rank': 10, 'ratio': 1.71, 'change': '', 'shares': 10616472}, {'name': '上海信银海丝投资管理有限公司-珠海市信生永汇投资合伙企业(有限合伙)', 'rank': 10, 'ratio': 2.15, 'change': '', 'shares': 52497095}, {'name': '东源(天津)股权投资基金管理股份有限公司', 'rank': 10, 'ratio': 1.47, 'change': '新进', 'shares': 37000000}, {'name': '上海信银海丝投资管理有限公司-珠海市信生永汇投资合伙企业(有限合伙)', 'rank': 10, 'ratio': 2.08, 'change': '', 'shares': 52497095}, {'name': '浙江弘银投资有限公司', 'rank': 10, 'ratio': 1.21, 'change': '新进', 'shares': 6862963}, {'name': '太海联股权投资江阴有限公司', 'rank': 10, 'ratio': 1.21, 'change': '', 'shares': 6862963}]",[],0.0000,0,2026-06-06 04:49:14.116271+00:00
1454,000035,2025-03-31,48518,9.6400,"[{'name': '常州市常信房地产开发有限公司', 'rank': 10, 'ratio': 0.41, 'change': '新进', 'shares': 5120000}, {'name': '上海中平国瑀并购股权投资基金合伙企业(有限合伙)', 'rank': 10, 'ratio': 1.83, 'change': '', 'shares': 46297097}, {'name': '中信证券-中国华融资产管理股份有限公司-中信证券-开元单一资产管理计划', 'rank': 10, 'ratio': 1.48, 'change': '', 'shares': 37240917}, {'name': '申万菱信资产-工商银行-国金证券股份有限公司', 'rank': 10, 'ratio': 0.51, 'change': '', 'shares': 6344080}, {'name': '中国东方资产管理公司', 'rank': 10, 'ratio': 1.71, 'change': '', 'shares': 10616472}, {'name': '上海信银海丝投资管理有限公司-珠海市信生永汇投资合伙企业(有限合伙)', 'rank': 10, 'ratio': 2.15, 'change': '', 'shares': 52497095}, {'name': '东源(天津)股权投资基金管理股份有限公司', 'rank': 10, 'ratio': 1.47, 'change': '新进', 'shares': 37000000}, {'name': '上海信银海丝投资管理有限公司-珠海市信生永汇投资合伙企业(有限合伙)', 'rank': 10, 'ratio': 2.08, 'change': '', 'shares': 52497095}, {'name': '浙江弘银投资有限公司', 'rank': 10, 'ratio': 1.21, 'change': '新进', 'shares': 6862963}, {'name': '太海联股权投资江阴有限公司', 'rank': 10, 'ratio': 1.21, 'change': '', 'shares': 6862963}]",[],0.0000,0,2026-06-06 04:49:14.116271+00:00
1455,000035,2024-12-31,44253,12.8300,"[{'name': '常州市常信房地产开发有限公司', 'rank': 10, 'ratio': 0.41, 'change': '新进', 'shares': 5120000}, {'name': '上海中平国瑀并购股权投资基金合伙企业(有限合伙)', 'rank': 10, 'ratio': 1.83, 'change': '', 'shares': 46297097}, {'name': '中信证券-中国华融资产管理股份有限公司-中信证券-开元单一资产管理计划', 'rank': 10, 'ratio': 1.48, 'change': '', 'shares': 37240917}, {'name': '申万菱信资产-工商银行-国金证券股份有限公司', 'rank': 10, 'ratio': 0.51, 'change': '', 'shares': 6344080}, {'name': '中国东方资产管理公司', 'rank': 10, 'ratio': 1.71, 'change': '', 'shares': 10616472}, {'name': '上海信银海丝投资管理有限公司-珠海市信生永汇投资合伙企业(有限合伙)', 'rank': 10, 'ratio': 2.15, 'change': '', 'shares': 52497095}, {'name': '东源(天津)股权投资基金管理股份有限公司', 'rank': 10, 'ratio': 1.47, 'change': '新进', 'shares': 37000000}, {'name': '上海信银海丝投资管理有限公司-珠海市信生永汇投资合伙企业(有限合伙)', 'rank': 10, 'ratio': 2.08, 'change': '', 'shares': 52497095}, {'name': '浙江弘银投资有限公司', 'rank': 10, 'ratio': 1.21, 'change': '新进', 'shares': 6862963}, {'name': '太海联股权投资江阴有限公司', 'rank': 10, 'ratio': 1.21, 'change': '', 'shares': 6862963}]",[],0.0000,0,2026-06-06 04:49:14.116271+00:00
1456,000035,2024-09-30,39221,-3.4000,"[{'name': '常州市常信房地产开发有限公司', 'rank': 10, 'ratio': 0.41, 'change': '新进', 'shares': 5120000}, {'name': '上海中平国瑀并购股权投资基金合伙企业(有限合伙)', 'rank': 10, 'ratio': 1.83, 'change': '', 'shares': 46297097}, {'name': '中信证券-中国华融资产管理股份有限公司-中信证券-开元单一资产管理计划', 'rank': 10, 'ratio': 1.48, 'change': '', 'shares': 37240917}, {'name': '申万菱信资产-工商银行-国金证券股份有限公司', 'rank': 10, 'ratio': 0.51, 'change': '', 'shares': 6344080}, {'name': '中国东方资产管理公司', 'rank': 10, 'ratio': 1.71, 'change': '', 'shares': 10616472}, {'name': '上海信银海丝投资管理有限公司-珠海市信生永汇投资合伙企业(有限合伙)', 'rank': 10, 'ratio': 2.15, 'change': '', 'shares': 52497095}, {'name': '东源(天津)股权投资基金管理股份有限公司', 'rank': 10, 'ratio': 1.47, 'change': '新进', 'shares': 37000000}, {'name': '上海信银海丝投资管理有限公司-珠海市信生永汇投资合伙企业(有限合伙)', 'rank': 10, 'ratio': 2.08, 'change': '', 'shares': 52497095}, {'name': '浙江弘银投资有限公司', 'rank': 10, 'ratio': 1.21, 'change': '新进', 'shares': 6862963}, {'name': '太海联股权投资江阴有限公司', 'rank': 10, 'ratio': 1.21, 'change': '', 'shares': 6862963}]",[],0.0000,0,2026-06-06 04:49:14.116271+00:00
1457,000035,2024-06-30,40600,-1.6500,"[{'name': '常州市常信房地产开发有限公司', 'rank': 10, 'ratio': 0.41, 'change': '新进', 'shares': 5120000}, {'name': '上海中平国瑀并购股权投资基金合伙企业(有限合伙)', 'rank': 10, 'ratio': 1.83, 'change': '', 'shares': 46297097}, {'name': '中信证券-中国华融资产管理股份有限公司-中信证券-开元单一资产管理计划', 'rank': 10, 'ratio': 1.48, 'change': '', 'shares': 37240917}, {'name': '申万菱信资产-工商银行-国金证券股份有限公司', 'rank': 10, 'ratio': 0.51, 'change': '', 'shares': 6344080}, {'name': '中国东方资产管理公司', 'rank': 10, 'ratio': 1.71, 'change': '', 'shares': 10616472}, {'name': '上海信银海丝投资管理有限公司-珠海市信生永汇投资合伙企业(有限合伙)', 'rank': 10, 'ratio': 2.15, 'change': '', 'shares': 52497095}, {'name': '东源(天津)股权投资基金管理股份有限公司', 'rank': 10, 'ratio': 1.47, 'change': '新进', 'shares': 37000000}, {'name': '上海信银海丝投资管理有限公司-珠海市信生永汇投资合伙企业(有限合伙)', 'rank': 10, 'ratio': 2.08, 'change': '', 'shares': 52497095}, {'name': '浙江弘银投资有限公司', 'rank': 10, 'ratio': 1.21, 'change': '新进', 'shares': 6862963}, {'name': '太海联股权投资江阴有限公司', 'rank': 10, 'ratio': 1.21, 'change': '', 'shares': 6862963}]",[],0.0000,0,2026-06-06 04:49:14.116271+00:00
1458,000035,2024-03-31,41281,11.4300,"[{'name': '常州市常信房地产开发有限公司', 'rank': 10, 'ratio': 0.41, 'change': '新进', 'shares': 5120000}, {'name': '上海中平国瑀并购股权投资基金合伙企业(有限合伙)', 'rank': 10, 'ratio': 1.83, 'change': '', 'shares': 46297097}, {'name': '中信证券-中国华融资产管理股份有限公司-中信证券-开元单一资产管理计划', 'rank': 10, 'ratio': 1.48, 'change': '', 'shares': 37240917}, {'name': '申万菱信资产-工商银行-国金证券股份有限公司', 'rank': 10, 'ratio': 0.51, 'change': '', 'shares': 6344080}, {'name': '中国东方资产管理公司', 'rank': 10, 'ratio': 1.71, 'change': '', 'shares': 10616472}, {'name': '上海信银海丝投资管理有限公司-珠海市信生永汇投资合伙企业(有限合伙)', 'rank': 10, 'ratio': 2.15, 'change': '', 'shares': 52497095}, {'name': '东源(天津)股权投资基金管理股份有限公司', 'rank': 10, 'ratio': 1.47, 'change': '新进', 'shares': 37000000}, {'name': '上海信银海丝投资管理有限公司-珠海市信生永汇投资合伙企业(有限合伙)', 'rank': 10, 'ratio': 2.08, 'change': '', 'shares': 52497095}, {'name': '浙江弘银投资有限公司', 'rank': 10, 'ratio': 1.21, 'change': '新进', 'shares': 6862963}, {'name': '太海联股权投资江阴有限公司', 'rank': 10, 'ratio': 1.21, 'change': '', 'shares': 6862963}]",[],0.0000,0,2026-06-06 04:49:14.116271+00:00
1459,000035,2023-12-31,37048,0.0000,"[{'name': '常州市常信房地产开发有限公司', 'rank': 10, 'ratio': 0.41, 'change': '新进', 'shares': 5120000}, {'name': '上海中平国瑀并购股权投资基金合伙企业(有限合伙)', 'rank': 10, 'ratio': 1.83, 'change': '', 'shares': 46297097}, {'name': '中信证券-中国华融资产管理股份有限公司-中信证券-开元单一资产管理计划', 'rank': 10, 'ratio': 1.48, 'change': '', 'shares': 37240917}, {'name': '申万菱信资产-工商银行-国金证券股份有限公司', 'rank': 10, 'ratio': 0.51, 'change': '', 'shares': 6344080}, {'name': '中国东方资产管理公司', 'rank': 10, 'ratio': 1.71, 'change': '', 'shares': 10616472}, {'name': '上海信银海丝投资管理有限公司-珠海市信生永汇投资合伙企业(有限合伙)', 'rank': 10, 'ratio': 2.15, 'change': '', 'shares': 52497095}, {'name': '东源(天津)股权投资基金管理股份有限公司', 'rank': 10, 'ratio': 1.47, 'change': '新进', 'shares': 37000000}, {'name': '上海信银海丝投资管理有限公司-珠海市信生永汇投资合伙企业(有限合伙)', 'rank': 10, 'ratio': 2.08, 'change': '', 'shares': 52497095}, {'name': '浙江弘银投资有限公司', 'rank': 10, 'ratio': 1.21, 'change': '新进', 'shares': 6862963}, {'name': '太海联股权投资江阴有限公司', 'rank': 10, 'ratio': 1.21, 'change': '', 'shares': 6862963}]",[],0.0000,0,2026-06-06 04:49:14.116271+00:00
1460,000036,2026-05-20,46139,-3.3300,"[{'name': '柳州瑞恒机电有限责任公司', 'rank': 10, 'ratio': 0.48, 'change': '加仓', 'shares': 7115400}, {'name': '柳州佳力房地产开发有限责任公司', 'rank': 10, 'ratio': 0.47, 'change': '新进', 'shares': 6936300}, {'name': '中国银行股份有限公司-博道嘉丰混合型证券投资基金', 'rank': 10, 'ratio': 0.48, 'change': '新进', 'shares': 7068763}, {'name': '柳州佳力房地产开发有限责任公司', 'rank': 10, 'ratio': 0.47, 'change': '新进', 'shares': 6996000}, {'name': '柳州瑞恒机电有限责任公司', 'rank': 10, 'ratio': 0.39, 'change': '', 'shares': 5839500}, {'name': '国都证券有限责任公司', 'rank': 10, 'ratio': 0.5469, 'change': '新进', 'shares': 2458830}, {'name': '柳州瑞恒机电有限责任公司', 'rank': 10, 'ratio': 0.45, 'change': '', 'shares': 6725000}, {'name': '中国工商银行股份有限公司-南方中证全指房地产交易型开放式指数证券投资基金', 'rank': 10, 'ratio': 0.42, 'change': '', 'shares': 6284020}, {'name': '基本养老保险基金一一零一组合', 'rank': 10, 'ratio': 0.39, 'change': '新进', 'shares': 5834940}, {'name': '柳州瑞恒机电有限责任公司', 'rank': 10, 'ratio': 0.35, 'change': '新进', 'shares': 4047600}]",[],0.0000,0,2026-06-06 04:49:14.116271+00:00
1461,000036,2026-04-30,47726,-0.7300,"[{'name': '柳州瑞恒机电有限责任公司', 'rank': 10, 'ratio': 0.48, 'change': '加仓', 'shares': 7115400}, {'name': '柳州佳力房地产开发有限责任公司', 'rank': 10, 'ratio': 0.47, 'change': '新进', 'shares': 6936300}, {'name': '中国银行股份有限公司-博道嘉丰混合型证券投资基金', 'rank': 10, 'ratio': 0.48, 'change': '新进', 'shares': 7068763}, {'name': '柳州佳力房地产开发有限责任公司', 'rank': 10, 'ratio': 0.47, 'change': '新进', 'shares': 6996000}, {'name': '柳州瑞恒机电有限责任公司', 'rank': 10, 'ratio': 0.39, 'change': '', 'shares': 5839500}, {'name': '国都证券有限责任公司', 'rank': 10, 'ratio': 0.5469, 'change': '新进', 'shares': 2458830}, {'name': '柳州瑞恒机电有限责任公司', 'rank': 10, 'ratio': 0.45, 'change': '', 'shares': 6725000}, {'name': '中国工商银行股份有限公司-南方中证全指房地产交易型开放式指数证券投资基金', 'rank': 10, 'ratio': 0.42, 'change': '', 'shares': 6284020}, {'name': '基本养老保险基金一一零一组合', 'rank': 10, 'ratio': 0.39, 'change': '新进', 'shares': 5834940}, {'name': '柳州瑞恒机电有限责任公司', 'rank': 10, 'ratio': 0.35, 'change': '新进', 'shares': 4047600}]",[],0.0000,0,2026-06-06 04:49:14.116271+00:00
1462,000036,2026-04-20,48075,-4.3400,"[{'name': '柳州瑞恒机电有限责任公司', 'rank': 10, 'ratio': 0.48, 'change': '加仓', 'shares': 7115400}, {'name': '柳州佳力房地产开发有限责任公司', 'rank': 10, 'ratio': 0.47, 'change': '新进', 'shares': 6936300}, {'name': '中国银行股份有限公司-博道嘉丰混合型证券投资基金', 'rank': 10, 'ratio': 0.48, 'change': '新进', 'shares': 7068763}, {'name': '柳州佳力房地产开发有限责任公司', 'rank': 10, 'ratio': 0.47, 'change': '新进', 'shares': 6996000}, {'name': '柳州瑞恒机电有限责任公司', 'rank': 10, 'ratio': 0.39, 'change': '', 'shares': 5839500}, {'name': '国都证券有限责任公司', 'rank': 10, 'ratio': 0.5469, 'change': '新进', 'shares': 2458830}, {'name': '柳州瑞恒机电有限责任公司', 'rank': 10, 'ratio': 0.45, 'change': '', 'shares': 6725000}, {'name': '中国工商银行股份有限公司-南方中证全指房地产交易型开放式指数证券投资基金', 'rank': 10, 'ratio': 0.42, 'change': '', 'shares': 6284020}, {'name': '基本养老保险基金一一零一组合', 'rank': 10, 'ratio': 0.39, 'change': '新进', 'shares': 5834940}, {'name': '柳州瑞恒机电有限责任公司', 'rank': 10, 'ratio': 0.35, 'change': '新进', 'shares': 4047600}]",[],0.0000,0,2026-06-06 04:49:14.116271+00:00
1463,000036,2026-03-31,50257,8.7400,"[{'name': '柳州瑞恒机电有限责任公司', 'rank': 10, 'ratio': 0.48, 'change': '加仓', 'shares': 7115400}, {'name': '柳州佳力房地产开发有限责任公司', 'rank': 10, 'ratio': 0.47, 'change': '新进', 'shares': 6936300}, {'name': '中国银行股份有限公司-博道嘉丰混合型证券投资基金', 'rank': 10, 'ratio': 0.48, 'change': '新进', 'shares': 7068763}, {'name': '柳州佳力房地产开发有限责任公司', 'rank': 10, 'ratio': 0.47, 'change': '新进', 'shares': 6996000}, {'name': '柳州瑞恒机电有限责任公司', 'rank': 10, 'ratio': 0.39, 'change': '', 'shares': 5839500}, {'name': '国都证券有限责任公司', 'rank': 10, 'ratio': 0.5469, 'change': '新进', 'shares': 2458830}, {'name': '柳州瑞恒机电有限责任公司', 'rank': 10, 'ratio': 0.45, 'change': '', 'shares': 6725000}, {'name': '中国工商银行股份有限公司-南方中证全指房地产交易型开放式指数证券投资基金', 'rank': 10, 'ratio': 0.42, 'change': '', 'shares': 6284020}, {'name': '基本养老保险基金一一零一组合', 'rank': 10, 'ratio': 0.39, 'change': '新进', 'shares': 5834940}, {'name': '柳州瑞恒机电有限责任公司', 'rank': 10, 'ratio': 0.35, 'change': '新进', 'shares': 4047600}]",[],0.0000,0,2026-06-06 04:49:14.116271+00:00
1464,000036,2026-02-13,46219,2.3700,"[{'name': '柳州瑞恒机电有限责任公司', 'rank': 10, 'ratio': 0.48, 'change': '加仓', 'shares': 7115400}, {'name': '柳州佳力房地产开发有限责任公司', 'rank': 10, 'ratio': 0.47, 'change': '新进', 'shares': 6936300}, {'name': '中国银行股份有限公司-博道嘉丰混合型证券投资基金', 'rank': 10, 'ratio': 0.48, 'change': '新进', 'shares': 7068763}, {'name': '柳州佳力房地产开发有限责任公司', 'rank': 10, 'ratio': 0.47, 'change': '新进', 'shares': 6996000}, {'name': '柳州瑞恒机电有限责任公司', 'rank': 10, 'ratio': 0.39, 'change': '', 'shares': 5839500}, {'name': '国都证券有限责任公司', 'rank': 10, 'ratio': 0.5469, 'change': '新进', 'shares': 2458830}, {'name': '柳州瑞恒机电有限责任公司', 'rank': 10, 'ratio': 0.45, 'change': '', 'shares': 6725000}, {'name': '中国工商银行股份有限公司-南方中证全指房地产交易型开放式指数证券投资基金', 'rank': 10, 'ratio': 0.42, 'change': '', 'shares': 6284020}, {'name': '基本养老保险基金一一零一组合', 'rank': 10, 'ratio': 0.39, 'change': '新进', 'shares': 5834940}, {'name': '柳州瑞恒机电有限责任公司', 'rank': 10, 'ratio': 0.35, 'change': '新进', 'shares': 4047600}]",[],0.0000,0,2026-06-06 04:49:14.116271+00:00
1465,000036,2026-01-20,45147,-3.5000,"[{'name': '柳州瑞恒机电有限责任公司', 'rank': 10, 'ratio': 0.48, 'change': '加仓', 'shares': 7115400}, {'name': '柳州佳力房地产开发有限责任公司', 'rank': 10, 'ratio': 0.47, 'change': '新进', 'shares': 6936300}, {'name': '中国银行股份有限公司-博道嘉丰混合型证券投资基金', 'rank': 10, 'ratio': 0.48, 'change': '新进', 'shares': 7068763}, {'name': '柳州佳力房地产开发有限责任公司', 'rank': 10, 'ratio': 0.47, 'change': '新进', 'shares': 6996000}, {'name': '柳州瑞恒机电有限责任公司', 'rank': 10, 'ratio': 0.39, 'change': '', 'shares': 5839500}, {'name': '国都证券有限责任公司', 'rank': 10, 'ratio': 0.5469, 'change': '新进', 'shares': 2458830}, {'name': '柳州瑞恒机电有限责任公司', 'rank': 10, 'ratio': 0.45, 'change': '', 'shares': 6725000}, {'name': '中国工商银行股份有限公司-南方中证全指房地产交易型开放式指数证券投资基金', 'rank': 10, 'ratio': 0.42, 'change': '', 'shares': 6284020}, {'name': '基本养老保险基金一一零一组合', 'rank': 10, 'ratio': 0.39, 'change': '新进', 'shares': 5834940}, {'name': '柳州瑞恒机电有限责任公司', 'rank': 10, 'ratio': 0.35, 'change': '新进', 'shares': 4047600}]",[],0.0000,0,2026-06-06 04:49:14.116271+00:00
1466,000036,2025-12-31,46783,18.4700,"[{'name': '柳州瑞恒机电有限责任公司', 'rank': 10, 'ratio': 0.48, 'change': '加仓', 'shares': 7115400}, {'name': '柳州佳力房地产开发有限责任公司', 'rank': 10, 'ratio': 0.47, 'change': '新进', 'shares': 6936300}, {'name': '中国银行股份有限公司-博道嘉丰混合型证券投资基金', 'rank': 10, 'ratio': 0.48, 'change': '新进', 'shares': 7068763}, {'name': '柳州佳力房地产开发有限责任公司', 'rank': 10, 'ratio': 0.47, 'change': '新进', 'shares': 6996000}, {'name': '柳州瑞恒机电有限责任公司', 'rank': 10, 'ratio': 0.39, 'change': '', 'shares': 5839500}, {'name': '国都证券有限责任公司', 'rank': 10, 'ratio': 0.5469, 'change': '新进', 'shares': 2458830}, {'name': '柳州瑞恒机电有限责任公司', 'rank': 10, 'ratio': 0.45, 'change': '', 'shares': 6725000}, {'name': '中国工商银行股份有限公司-南方中证全指房地产交易型开放式指数证券投资基金', 'rank': 10, 'ratio': 0.42, 'change': '', 'shares': 6284020}, {'name': '基本养老保险基金一一零一组合', 'rank': 10, 'ratio': 0.39, 'change': '新进', 'shares': 5834940}, {'name': '柳州瑞恒机电有限责任公司', 'rank': 10, 'ratio': 0.35, 'change': '新进', 'shares': 4047600}]",[],0.0000,0,2026-06-06 04:49:14.116271+00:00
1467,000036,2025-11-10,39490,2.1300,"[{'name': '柳州瑞恒机电有限责任公司', 'rank': 10, 'ratio': 0.48, 'change': '加仓', 'shares': 7115400}, {'name': '柳州佳力房地产开发有限责任公司', 'rank': 10, 'ratio': 0.47, 'change': '新进', 'shares': 6936300}, {'name': '中国银行股份有限公司-博道嘉丰混合型证券投资基金', 'rank': 10, 'ratio': 0.48, 'change': '新进', 'shares': 7068763}, {'name': '柳州佳力房地产开发有限责任公司', 'rank': 10, 'ratio': 0.47, 'change': '新进', 'shares': 6996000}, {'name': '柳州瑞恒机电有限责任公司', 'rank': 10, 'ratio': 0.39, 'change': '', 'shares': 5839500}, {'name': '国都证券有限责任公司', 'rank': 10, 'ratio': 0.5469, 'change': '新进', 'shares': 2458830}, {'name': '柳州瑞恒机电有限责任公司', 'rank': 10, 'ratio': 0.45, 'change': '', 'shares': 6725000}, {'name': '中国工商银行股份有限公司-南方中证全指房地产交易型开放式指数证券投资基金', 'rank': 10, 'ratio': 0.42, 'change': '', 'shares': 6284020}, {'name': '基本养老保险基金一一零一组合', 'rank': 10, 'ratio': 0.39, 'change': '新进', 'shares': 5834940}, {'name': '柳州瑞恒机电有限责任公司', 'rank': 10, 'ratio': 0.35, 'change': '新进', 'shares': 4047600}]",[],0.0000,0,2026-06-06 04:49:14.116271+00:00
1468,000036,2025-10-20,38668,0.7100,"[{'name': '柳州瑞恒机电有限责任公司', 'rank': 10, 'ratio': 0.48, 'change': '加仓', 'shares': 7115400}, {'name': '柳州佳力房地产开发有限责任公司', 'rank': 10, 'ratio': 0.47, 'change': '新进', 'shares': 6936300}, {'name': '中国银行股份有限公司-博道嘉丰混合型证券投资基金', 'rank': 10, 'ratio': 0.48, 'change': '新进', 'shares': 7068763}, {'name': '柳州佳力房地产开发有限责任公司', 'rank': 10, 'ratio': 0.47, 'change': '新进', 'shares': 6996000}, {'name': '柳州瑞恒机电有限责任公司', 'rank': 10, 'ratio': 0.39, 'change': '', 'shares': 5839500}, {'name': '国都证券有限责任公司', 'rank': 10, 'ratio': 0.5469, 'change': '新进', 'shares': 2458830}, {'name': '柳州瑞恒机电有限责任公司', 'rank': 10, 'ratio': 0.45, 'change': '', 'shares': 6725000}, {'name': '中国工商银行股份有限公司-南方中证全指房地产交易型开放式指数证券投资基金', 'rank': 10, 'ratio': 0.42, 'change': '', 'shares': 6284020}, {'name': '基本养老保险基金一一零一组合', 'rank': 10, 'ratio': 0.39, 'change': '新进', 'shares': 5834940}, {'name': '柳州瑞恒机电有限责任公司', 'rank': 10, 'ratio': 0.35, 'change': '新进', 'shares': 4047600}]",[],0.0000,0,2026-06-06 04:49:14.116271+00:00
1469,000036,2025-10-10,38394,0.0000,"[{'name': '柳州瑞恒机电有限责任公司', 'rank': 10, 'ratio': 0.48, 'change': '加仓', 'shares': 7115400}, {'name': '柳州佳力房地产开发有限责任公司', 'rank': 10, 'ratio': 0.47, 'change': '新进', 'shares': 6936300}, {'name': '中国银行股份有限公司-博道嘉丰混合型证券投资基金', 'rank': 10, 'ratio': 0.48, 'change': '新进', 'shares': 7068763}, {'name': '柳州佳力房地产开发有限责任公司', 'rank': 10, 'ratio': 0.47, 'change': '新进', 'shares': 6996000}, {'name': '柳州瑞恒机电有限责任公司', 'rank': 10, 'ratio': 0.39, 'change': '', 'shares': 5839500}, {'name': '国都证券有限责任公司', 'rank': 10, 'ratio': 0.5469, 'change': '新进', 'shares': 2458830}, {'name': '柳州瑞恒机电有限责任公司', 'rank': 10, 'ratio': 0.45, 'change': '', 'shares': 6725000}, {'name': '中国工商银行股份有限公司-南方中证全指房地产交易型开放式指数证券投资基金', 'rank': 10, 'ratio': 0.42, 'change': '', 'shares': 6284020}, {'name': '基本养老保险基金一一零一组合', 'rank': 10, 'ratio': 0.39, 'change': '新进', 'shares': 5834940}, {'name': '柳州瑞恒机电有限责任公司', 'rank': 10, 'ratio': 0.35, 'change': '新进', 'shares': 4047600}]",[],0.0000,0,2026-06-06 04:49:14.116271+00:00
1470,000037,2026-03-31,63118,29.5100,"[{'name': '国信证券(香港)经纪有限公司', 'rank': 10, 'ratio': 0.61, 'change': '', 'shares': 3651901}, {'name': 'GUOTAI JUNAN SECURITIES(HONGKONG)LIMITED', 'rank': 10, 'ratio': 0.61, 'change': '', 'shares': 3649690}, {'name': 'Haitong International Securities Company Limited-Account Client', 'rank': 10, 'ratio': 0.65, 'change': '', 'shares': 3908357}, {'name': '鹏华资产-浦发银行-鹏华资产金润21号资产管理计划', 'rank': 10, 'ratio': 0.61, 'change': '新进', 'shares': 3648653}, {'name': 'ING ASIA PRIVATE BANK LIMITED', 'rank': 10, 'ratio': 0.2199, 'change': '新进', 'shares': 1325561}, {'name': '国信证券(香港)经纪有限公司', 'rank': 10, 'ratio': 0.61, 'change': '', 'shares': 3651901}, {'name': '国信证券(香港)经纪有限公司', 'rank': 10, 'ratio': 0.61, 'change': '新进', 'shares': 3651901}, {'name': 'Haitong International Securities Company Limited-Account Client', 'rank': 10, 'ratio': 0.65, 'change': '新进', 'shares': 3909357}, {'name': '美颐投资置业有限公司', 'rank': 10, 'ratio': 0.59, 'change': '', 'shares': 3579300}, {'name': 'Haitong International Securities Company Limited-Account Client', 'rank': 10, 'ratio': 0.65, 'change': '', 'shares': 3908357}]",[],0.0000,0,2026-06-06 04:49:14.116271+00:00
1471,000037,2025-12-31,48735,4.2000,"[{'name': '国信证券(香港)经纪有限公司', 'rank': 10, 'ratio': 0.61, 'change': '', 'shares': 3651901}, {'name': 'GUOTAI JUNAN SECURITIES(HONGKONG)LIMITED', 'rank': 10, 'ratio': 0.61, 'change': '', 'shares': 3649690}, {'name': 'Haitong International Securities Company Limited-Account Client', 'rank': 10, 'ratio': 0.65, 'change': '', 'shares': 3908357}, {'name': '鹏华资产-浦发银行-鹏华资产金润21号资产管理计划', 'rank': 10, 'ratio': 0.61, 'change': '新进', 'shares': 3648653}, {'name': 'ING ASIA PRIVATE BANK LIMITED', 'rank': 10, 'ratio': 0.2199, 'change': '新进', 'shares': 1325561}, {'name': '国信证券(香港)经纪有限公司', 'rank': 10, 'ratio': 0.61, 'change': '', 'shares': 3651901}, {'name': '国信证券(香港)经纪有限公司', 'rank': 10, 'ratio': 0.61, 'change': '新进', 'shares': 3651901}, {'name': 'Haitong International Securities Company Limited-Account Client', 'rank': 10, 'ratio': 0.65, 'change': '新进', 'shares': 3909357}, {'name': '美颐投资置业有限公司', 'rank': 10, 'ratio': 0.59, 'change': '', 'shares': 3579300}, {'name': 'Haitong International Securities Company Limited-Account Client', 'rank': 10, 'ratio': 0.65, 'change': '', 'shares': 3908357}]",[],0.0000,0,2026-06-06 04:49:14.116271+00:00
1533,000050,2026-04-20,78209,0.1100,"[{'name': '华夏人寿保险股份有限公司-万能保险产品', 'rank': 10, 'ratio': 0.96, 'change': '', 'shares': 13497017}, {'name': '全国社保基金一一三组合', 'rank': 10, 'ratio': 0.94, 'change': '', 'shares': 13221258}, {'name': '北京泰生鸿明投资中心(有限合伙)', 'rank': 10, 'ratio': 1.35, 'change': '', 'shares': 18936026}, {'name': '中国航空技术厦门有限公司', 'rank': 10, 'ratio': 1.49, 'change': '', 'shares': 36525940}, {'name': '上海光通信公司', 'rank': 10, 'ratio': 1.39, 'change': '新进', 'shares': 14090730}, {'name': '国际金融-汇丰- MORGAN STANLEY &CO. INTERNATIONAL LIMITED', 'rank': 10, 'ratio': 0.56, 'change': '', 'shares': 2126241}, {'name': '深圳市通产集团有限公司', 'rank': 10, 'ratio': 1.51, 'change': '', 'shares': 30926973}, {'name': '香港中央结算有限公司', 'rank': 10, 'ratio': 1.15, 'change': '新进', 'shares': 23482393}, {'name': '中国国有企业结构调整基金股份有限公司', 'rank': 10, 'ratio': 1.49, 'change': '新进', 'shares': 36603221}, {'name': '中国航空技术厦门有限公司', 'rank': 10, 'ratio': 1.49, 'change': '', 'shares': 36525940}]",[],0.0000,0,2026-06-06 04:49:14.116271+00:00
1472,000037,2025-09-30,46770,6.5600,"[{'name': '国信证券(香港)经纪有限公司', 'rank': 10, 'ratio': 0.61, 'change': '', 'shares': 3651901}, {'name': 'GUOTAI JUNAN SECURITIES(HONGKONG)LIMITED', 'rank': 10, 'ratio': 0.61, 'change': '', 'shares': 3649690}, {'name': 'Haitong International Securities Company Limited-Account Client', 'rank': 10, 'ratio': 0.65, 'change': '', 'shares': 3908357}, {'name': '鹏华资产-浦发银行-鹏华资产金润21号资产管理计划', 'rank': 10, 'ratio': 0.61, 'change': '新进', 'shares': 3648653}, {'name': 'ING ASIA PRIVATE BANK LIMITED', 'rank': 10, 'ratio': 0.2199, 'change': '新进', 'shares': 1325561}, {'name': '国信证券(香港)经纪有限公司', 'rank': 10, 'ratio': 0.61, 'change': '', 'shares': 3651901}, {'name': '国信证券(香港)经纪有限公司', 'rank': 10, 'ratio': 0.61, 'change': '新进', 'shares': 3651901}, {'name': 'Haitong International Securities Company Limited-Account Client', 'rank': 10, 'ratio': 0.65, 'change': '新进', 'shares': 3909357}, {'name': '美颐投资置业有限公司', 'rank': 10, 'ratio': 0.59, 'change': '', 'shares': 3579300}, {'name': 'Haitong International Securities Company Limited-Account Client', 'rank': 10, 'ratio': 0.65, 'change': '', 'shares': 3908357}]",[],0.0000,0,2026-06-06 04:49:14.116271+00:00
1473,000037,2025-06-30,43890,8.5700,"[{'name': '国信证券(香港)经纪有限公司', 'rank': 10, 'ratio': 0.61, 'change': '', 'shares': 3651901}, {'name': 'GUOTAI JUNAN SECURITIES(HONGKONG)LIMITED', 'rank': 10, 'ratio': 0.61, 'change': '', 'shares': 3649690}, {'name': 'Haitong International Securities Company Limited-Account Client', 'rank': 10, 'ratio': 0.65, 'change': '', 'shares': 3908357}, {'name': '鹏华资产-浦发银行-鹏华资产金润21号资产管理计划', 'rank': 10, 'ratio': 0.61, 'change': '新进', 'shares': 3648653}, {'name': 'ING ASIA PRIVATE BANK LIMITED', 'rank': 10, 'ratio': 0.2199, 'change': '新进', 'shares': 1325561}, {'name': '国信证券(香港)经纪有限公司', 'rank': 10, 'ratio': 0.61, 'change': '', 'shares': 3651901}, {'name': '国信证券(香港)经纪有限公司', 'rank': 10, 'ratio': 0.61, 'change': '新进', 'shares': 3651901}, {'name': 'Haitong International Securities Company Limited-Account Client', 'rank': 10, 'ratio': 0.65, 'change': '新进', 'shares': 3909357}, {'name': '美颐投资置业有限公司', 'rank': 10, 'ratio': 0.59, 'change': '', 'shares': 3579300}, {'name': 'Haitong International Securities Company Limited-Account Client', 'rank': 10, 'ratio': 0.65, 'change': '', 'shares': 3908357}]",[],0.0000,0,2026-06-06 04:49:14.116271+00:00
1474,000037,2025-03-31,40424,2.0600,"[{'name': '国信证券(香港)经纪有限公司', 'rank': 10, 'ratio': 0.61, 'change': '', 'shares': 3651901}, {'name': 'GUOTAI JUNAN SECURITIES(HONGKONG)LIMITED', 'rank': 10, 'ratio': 0.61, 'change': '', 'shares': 3649690}, {'name': 'Haitong International Securities Company Limited-Account Client', 'rank': 10, 'ratio': 0.65, 'change': '', 'shares': 3908357}, {'name': '鹏华资产-浦发银行-鹏华资产金润21号资产管理计划', 'rank': 10, 'ratio': 0.61, 'change': '新进', 'shares': 3648653}, {'name': 'ING ASIA PRIVATE BANK LIMITED', 'rank': 10, 'ratio': 0.2199, 'change': '新进', 'shares': 1325561}, {'name': '国信证券(香港)经纪有限公司', 'rank': 10, 'ratio': 0.61, 'change': '', 'shares': 3651901}, {'name': '国信证券(香港)经纪有限公司', 'rank': 10, 'ratio': 0.61, 'change': '新进', 'shares': 3651901}, {'name': 'Haitong International Securities Company Limited-Account Client', 'rank': 10, 'ratio': 0.65, 'change': '新进', 'shares': 3909357}, {'name': '美颐投资置业有限公司', 'rank': 10, 'ratio': 0.59, 'change': '', 'shares': 3579300}, {'name': 'Haitong International Securities Company Limited-Account Client', 'rank': 10, 'ratio': 0.65, 'change': '', 'shares': 3908357}]",[],0.0000,0,2026-06-06 04:49:14.116271+00:00
1475,000037,2024-12-31,39609,-22.2800,"[{'name': '国信证券(香港)经纪有限公司', 'rank': 10, 'ratio': 0.61, 'change': '', 'shares': 3651901}, {'name': 'GUOTAI JUNAN SECURITIES(HONGKONG)LIMITED', 'rank': 10, 'ratio': 0.61, 'change': '', 'shares': 3649690}, {'name': 'Haitong International Securities Company Limited-Account Client', 'rank': 10, 'ratio': 0.65, 'change': '', 'shares': 3908357}, {'name': '鹏华资产-浦发银行-鹏华资产金润21号资产管理计划', 'rank': 10, 'ratio': 0.61, 'change': '新进', 'shares': 3648653}, {'name': 'ING ASIA PRIVATE BANK LIMITED', 'rank': 10, 'ratio': 0.2199, 'change': '新进', 'shares': 1325561}, {'name': '国信证券(香港)经纪有限公司', 'rank': 10, 'ratio': 0.61, 'change': '', 'shares': 3651901}, {'name': '国信证券(香港)经纪有限公司', 'rank': 10, 'ratio': 0.61, 'change': '新进', 'shares': 3651901}, {'name': 'Haitong International Securities Company Limited-Account Client', 'rank': 10, 'ratio': 0.65, 'change': '新进', 'shares': 3909357}, {'name': '美颐投资置业有限公司', 'rank': 10, 'ratio': 0.59, 'change': '', 'shares': 3579300}, {'name': 'Haitong International Securities Company Limited-Account Client', 'rank': 10, 'ratio': 0.65, 'change': '', 'shares': 3908357}]",[],0.0000,0,2026-06-06 04:49:14.116271+00:00
1476,000037,2024-09-30,50966,-14.7700,"[{'name': '国信证券(香港)经纪有限公司', 'rank': 10, 'ratio': 0.61, 'change': '', 'shares': 3651901}, {'name': 'GUOTAI JUNAN SECURITIES(HONGKONG)LIMITED', 'rank': 10, 'ratio': 0.61, 'change': '', 'shares': 3649690}, {'name': 'Haitong International Securities Company Limited-Account Client', 'rank': 10, 'ratio': 0.65, 'change': '', 'shares': 3908357}, {'name': '鹏华资产-浦发银行-鹏华资产金润21号资产管理计划', 'rank': 10, 'ratio': 0.61, 'change': '新进', 'shares': 3648653}, {'name': 'ING ASIA PRIVATE BANK LIMITED', 'rank': 10, 'ratio': 0.2199, 'change': '新进', 'shares': 1325561}, {'name': '国信证券(香港)经纪有限公司', 'rank': 10, 'ratio': 0.61, 'change': '', 'shares': 3651901}, {'name': '国信证券(香港)经纪有限公司', 'rank': 10, 'ratio': 0.61, 'change': '新进', 'shares': 3651901}, {'name': 'Haitong International Securities Company Limited-Account Client', 'rank': 10, 'ratio': 0.65, 'change': '新进', 'shares': 3909357}, {'name': '美颐投资置业有限公司', 'rank': 10, 'ratio': 0.59, 'change': '', 'shares': 3579300}, {'name': 'Haitong International Securities Company Limited-Account Client', 'rank': 10, 'ratio': 0.65, 'change': '', 'shares': 3908357}]",[],0.0000,0,2026-06-06 04:49:14.116271+00:00
1477,000037,2024-06-30,59801,9.7900,"[{'name': '国信证券(香港)经纪有限公司', 'rank': 10, 'ratio': 0.61, 'change': '', 'shares': 3651901}, {'name': 'GUOTAI JUNAN SECURITIES(HONGKONG)LIMITED', 'rank': 10, 'ratio': 0.61, 'change': '', 'shares': 3649690}, {'name': 'Haitong International Securities Company Limited-Account Client', 'rank': 10, 'ratio': 0.65, 'change': '', 'shares': 3908357}, {'name': '鹏华资产-浦发银行-鹏华资产金润21号资产管理计划', 'rank': 10, 'ratio': 0.61, 'change': '新进', 'shares': 3648653}, {'name': 'ING ASIA PRIVATE BANK LIMITED', 'rank': 10, 'ratio': 0.2199, 'change': '新进', 'shares': 1325561}, {'name': '国信证券(香港)经纪有限公司', 'rank': 10, 'ratio': 0.61, 'change': '', 'shares': 3651901}, {'name': '国信证券(香港)经纪有限公司', 'rank': 10, 'ratio': 0.61, 'change': '新进', 'shares': 3651901}, {'name': 'Haitong International Securities Company Limited-Account Client', 'rank': 10, 'ratio': 0.65, 'change': '新进', 'shares': 3909357}, {'name': '美颐投资置业有限公司', 'rank': 10, 'ratio': 0.59, 'change': '', 'shares': 3579300}, {'name': 'Haitong International Securities Company Limited-Account Client', 'rank': 10, 'ratio': 0.65, 'change': '', 'shares': 3908357}]",[],0.0000,0,2026-06-06 04:49:14.116271+00:00
1478,000037,2024-03-31,54471,11.4300,"[{'name': '国信证券(香港)经纪有限公司', 'rank': 10, 'ratio': 0.61, 'change': '', 'shares': 3651901}, {'name': 'GUOTAI JUNAN SECURITIES(HONGKONG)LIMITED', 'rank': 10, 'ratio': 0.61, 'change': '', 'shares': 3649690}, {'name': 'Haitong International Securities Company Limited-Account Client', 'rank': 10, 'ratio': 0.65, 'change': '', 'shares': 3908357}, {'name': '鹏华资产-浦发银行-鹏华资产金润21号资产管理计划', 'rank': 10, 'ratio': 0.61, 'change': '新进', 'shares': 3648653}, {'name': 'ING ASIA PRIVATE BANK LIMITED', 'rank': 10, 'ratio': 0.2199, 'change': '新进', 'shares': 1325561}, {'name': '国信证券(香港)经纪有限公司', 'rank': 10, 'ratio': 0.61, 'change': '', 'shares': 3651901}, {'name': '国信证券(香港)经纪有限公司', 'rank': 10, 'ratio': 0.61, 'change': '新进', 'shares': 3651901}, {'name': 'Haitong International Securities Company Limited-Account Client', 'rank': 10, 'ratio': 0.65, 'change': '新进', 'shares': 3909357}, {'name': '美颐投资置业有限公司', 'rank': 10, 'ratio': 0.59, 'change': '', 'shares': 3579300}, {'name': 'Haitong International Securities Company Limited-Account Client', 'rank': 10, 'ratio': 0.65, 'change': '', 'shares': 3908357}]",[],0.0000,0,2026-06-06 04:49:14.116271+00:00
1479,000037,2023-12-31,48884,0.0000,"[{'name': '国信证券(香港)经纪有限公司', 'rank': 10, 'ratio': 0.61, 'change': '', 'shares': 3651901}, {'name': 'GUOTAI JUNAN SECURITIES(HONGKONG)LIMITED', 'rank': 10, 'ratio': 0.61, 'change': '', 'shares': 3649690}, {'name': 'Haitong International Securities Company Limited-Account Client', 'rank': 10, 'ratio': 0.65, 'change': '', 'shares': 3908357}, {'name': '鹏华资产-浦发银行-鹏华资产金润21号资产管理计划', 'rank': 10, 'ratio': 0.61, 'change': '新进', 'shares': 3648653}, {'name': 'ING ASIA PRIVATE BANK LIMITED', 'rank': 10, 'ratio': 0.2199, 'change': '新进', 'shares': 1325561}, {'name': '国信证券(香港)经纪有限公司', 'rank': 10, 'ratio': 0.61, 'change': '', 'shares': 3651901}, {'name': '国信证券(香港)经纪有限公司', 'rank': 10, 'ratio': 0.61, 'change': '新进', 'shares': 3651901}, {'name': 'Haitong International Securities Company Limited-Account Client', 'rank': 10, 'ratio': 0.65, 'change': '新进', 'shares': 3909357}, {'name': '美颐投资置业有限公司', 'rank': 10, 'ratio': 0.59, 'change': '', 'shares': 3579300}, {'name': 'Haitong International Securities Company Limited-Account Client', 'rank': 10, 'ratio': 0.65, 'change': '', 'shares': 3908357}]",[],0.0000,0,2026-06-06 04:49:14.116271+00:00
1480,000039,2026-03-31,75680,-9.3900,"[{'name': '中信保诚人寿保险有限公司-分红账户', 'rank': 11, 'ratio': 0.55, 'change': '', 'shares': 19733298}, {'name': '招商银行股份有限公司-光大保德信优势配置股票型证券投资基金', 'rank': 11, 'ratio': 0.5, 'change': '新进', 'shares': 13312936}, {'name': 'BBH A/C VANGUARD EMERGING MARKETS STOCK INDEX FUND', 'rank': 11, 'ratio': 0.44, 'change': '加仓', 'shares': 11839498}, {'name': '河南伊洛投资管理有限公司-君行4号私募基金', 'rank': 10, 'ratio': 0.54, 'change': '', 'shares': 19354105}, {'name': '中国人寿保险股份有限公司-传统-普通保险产品-005L-CT001沪', 'rank': 10, 'ratio': 0.36, 'change': '新进', 'shares': 19496750}, {'name': '河南伊洛投资管理有限公司-君行4号私募基金', 'rank': 10, 'ratio': 0.65, 'change': '加仓', 'shares': 23393874}, {'name': '大成基金-农业银行-大成中证金融资产管理计划', 'rank': 10, 'ratio': 0.31, 'change': '', 'shares': 16470540}, {'name': '银华基金-农业银行-银华中证金融资产管理计划', 'rank': 10, 'ratio': 0.3, 'change': '', 'shares': 9094100}, {'name': '鸿阳证券投资基金', 'rank': 10, 'ratio': 0.88, 'change': '新进', 'shares': 5516269}, {'name': '大成基金-农业银行-大成中证金融资产管理计划', 'rank': 10, 'ratio': 0.31, 'change': '', 'shares': 16470540}]",[],0.0000,0,2026-06-06 04:49:14.116271+00:00
1581,000060,2025-12-31,150671,19.1700,"[{'name': '上海强汇通信设备有限公司', 'rank': 14, 'ratio': 0.006944444444, 'change': '', 'shares': 30000}, {'name': '上海强汇通信设备有限公司', 'rank': 14, 'ratio': 0.0069, 'change': '新进', 'shares': 30000}, {'name': '上海兴岚经贸有限公司', 'rank': 13, 'ratio': 0.009259259259, 'change': '', 'shares': 40000}, {'name': '上海兴岚经贸有限公司', 'rank': 13, 'ratio': 0.0093, 'change': '新进', 'shares': 40000}, {'name': '哈尔滨市东安保险片厂', 'rank': 12, 'ratio': 0.008641898148, 'change': '', 'shares': 37333}, {'name': '上海市浦东新区高桥龙富工贸公司', 'rank': 12, 'ratio': 0.0116, 'change': '新进', 'shares': 50000}, {'name': '上海市浦东新区高桥龙富工贸公司', 'rank': 12, 'ratio': 0.008641898148, 'change': '', 'shares': 37333}, {'name': '慈溪市曙光投资信息咨询有限公司', 'rank': 12, 'ratio': 0.008641898148, 'change': '', 'shares': 37333}, {'name': '宁波市镇海恒盛工贸有限公司', 'rank': 12, 'ratio': 0.008641898148, 'change': '', 'shares': 37333}, {'name': '上海爱姆意机电设备连锁有限公司', 'rank': 12, 'ratio': 0.008641898148, 'change': '', 'shares': 37333}]",[],0.0000,0,2026-06-06 04:49:14.116271+00:00
1481,000039,2026-02-28,83519,-7.7300,"[{'name': '中信保诚人寿保险有限公司-分红账户', 'rank': 11, 'ratio': 0.55, 'change': '', 'shares': 19733298}, {'name': '招商银行股份有限公司-光大保德信优势配置股票型证券投资基金', 'rank': 11, 'ratio': 0.5, 'change': '新进', 'shares': 13312936}, {'name': 'BBH A/C VANGUARD EMERGING MARKETS STOCK INDEX FUND', 'rank': 11, 'ratio': 0.44, 'change': '加仓', 'shares': 11839498}, {'name': '河南伊洛投资管理有限公司-君行4号私募基金', 'rank': 10, 'ratio': 0.54, 'change': '', 'shares': 19354105}, {'name': '中国人寿保险股份有限公司-传统-普通保险产品-005L-CT001沪', 'rank': 10, 'ratio': 0.36, 'change': '新进', 'shares': 19496750}, {'name': '河南伊洛投资管理有限公司-君行4号私募基金', 'rank': 10, 'ratio': 0.65, 'change': '加仓', 'shares': 23393874}, {'name': '大成基金-农业银行-大成中证金融资产管理计划', 'rank': 10, 'ratio': 0.31, 'change': '', 'shares': 16470540}, {'name': '银华基金-农业银行-银华中证金融资产管理计划', 'rank': 10, 'ratio': 0.3, 'change': '', 'shares': 9094100}, {'name': '鸿阳证券投资基金', 'rank': 10, 'ratio': 0.88, 'change': '新进', 'shares': 5516269}, {'name': '大成基金-农业银行-大成中证金融资产管理计划', 'rank': 10, 'ratio': 0.31, 'change': '', 'shares': 16470540}]",[],0.0000,0,2026-06-06 04:49:14.116271+00:00
1482,000039,2025-12-31,90519,-21.8800,"[{'name': '中信保诚人寿保险有限公司-分红账户', 'rank': 11, 'ratio': 0.55, 'change': '', 'shares': 19733298}, {'name': '招商银行股份有限公司-光大保德信优势配置股票型证券投资基金', 'rank': 11, 'ratio': 0.5, 'change': '新进', 'shares': 13312936}, {'name': 'BBH A/C VANGUARD EMERGING MARKETS STOCK INDEX FUND', 'rank': 11, 'ratio': 0.44, 'change': '加仓', 'shares': 11839498}, {'name': '河南伊洛投资管理有限公司-君行4号私募基金', 'rank': 10, 'ratio': 0.54, 'change': '', 'shares': 19354105}, {'name': '中国人寿保险股份有限公司-传统-普通保险产品-005L-CT001沪', 'rank': 10, 'ratio': 0.36, 'change': '新进', 'shares': 19496750}, {'name': '河南伊洛投资管理有限公司-君行4号私募基金', 'rank': 10, 'ratio': 0.65, 'change': '加仓', 'shares': 23393874}, {'name': '大成基金-农业银行-大成中证金融资产管理计划', 'rank': 10, 'ratio': 0.31, 'change': '', 'shares': 16470540}, {'name': '银华基金-农业银行-银华中证金融资产管理计划', 'rank': 10, 'ratio': 0.3, 'change': '', 'shares': 9094100}, {'name': '鸿阳证券投资基金', 'rank': 10, 'ratio': 0.88, 'change': '新进', 'shares': 5516269}, {'name': '大成基金-农业银行-大成中证金融资产管理计划', 'rank': 10, 'ratio': 0.31, 'change': '', 'shares': 16470540}]",[],0.0000,0,2026-06-06 04:49:14.116271+00:00
1483,000039,2025-09-30,115873,-13.0000,"[{'name': '中信保诚人寿保险有限公司-分红账户', 'rank': 11, 'ratio': 0.55, 'change': '', 'shares': 19733298}, {'name': '招商银行股份有限公司-光大保德信优势配置股票型证券投资基金', 'rank': 11, 'ratio': 0.5, 'change': '新进', 'shares': 13312936}, {'name': 'BBH A/C VANGUARD EMERGING MARKETS STOCK INDEX FUND', 'rank': 11, 'ratio': 0.44, 'change': '加仓', 'shares': 11839498}, {'name': '河南伊洛投资管理有限公司-君行4号私募基金', 'rank': 10, 'ratio': 0.54, 'change': '', 'shares': 19354105}, {'name': '中国人寿保险股份有限公司-传统-普通保险产品-005L-CT001沪', 'rank': 10, 'ratio': 0.36, 'change': '新进', 'shares': 19496750}, {'name': '河南伊洛投资管理有限公司-君行4号私募基金', 'rank': 10, 'ratio': 0.65, 'change': '加仓', 'shares': 23393874}, {'name': '大成基金-农业银行-大成中证金融资产管理计划', 'rank': 10, 'ratio': 0.31, 'change': '', 'shares': 16470540}, {'name': '银华基金-农业银行-银华中证金融资产管理计划', 'rank': 10, 'ratio': 0.3, 'change': '', 'shares': 9094100}, {'name': '鸿阳证券投资基金', 'rank': 10, 'ratio': 0.88, 'change': '新进', 'shares': 5516269}, {'name': '大成基金-农业银行-大成中证金融资产管理计划', 'rank': 10, 'ratio': 0.31, 'change': '', 'shares': 16470540}]",[],0.0000,0,2026-06-06 04:49:14.116271+00:00
1484,000039,2025-06-30,133183,11.4200,"[{'name': '中信保诚人寿保险有限公司-分红账户', 'rank': 11, 'ratio': 0.55, 'change': '', 'shares': 19733298}, {'name': '招商银行股份有限公司-光大保德信优势配置股票型证券投资基金', 'rank': 11, 'ratio': 0.5, 'change': '新进', 'shares': 13312936}, {'name': 'BBH A/C VANGUARD EMERGING MARKETS STOCK INDEX FUND', 'rank': 11, 'ratio': 0.44, 'change': '加仓', 'shares': 11839498}, {'name': '河南伊洛投资管理有限公司-君行4号私募基金', 'rank': 10, 'ratio': 0.54, 'change': '', 'shares': 19354105}, {'name': '中国人寿保险股份有限公司-传统-普通保险产品-005L-CT001沪', 'rank': 10, 'ratio': 0.36, 'change': '新进', 'shares': 19496750}, {'name': '河南伊洛投资管理有限公司-君行4号私募基金', 'rank': 10, 'ratio': 0.65, 'change': '加仓', 'shares': 23393874}, {'name': '大成基金-农业银行-大成中证金融资产管理计划', 'rank': 10, 'ratio': 0.31, 'change': '', 'shares': 16470540}, {'name': '银华基金-农业银行-银华中证金融资产管理计划', 'rank': 10, 'ratio': 0.3, 'change': '', 'shares': 9094100}, {'name': '鸿阳证券投资基金', 'rank': 10, 'ratio': 0.88, 'change': '新进', 'shares': 5516269}, {'name': '大成基金-农业银行-大成中证金融资产管理计划', 'rank': 10, 'ratio': 0.31, 'change': '', 'shares': 16470540}]",[],0.0000,0,2026-06-06 04:49:14.116271+00:00
1734,300197,2026-04-30,52822,0.4000,[],[],0.0000,56136,2026-06-06 05:05:38.580953+00:00
1485,000039,2025-03-31,119534,31.5200,"[{'name': '中信保诚人寿保险有限公司-分红账户', 'rank': 11, 'ratio': 0.55, 'change': '', 'shares': 19733298}, {'name': '招商银行股份有限公司-光大保德信优势配置股票型证券投资基金', 'rank': 11, 'ratio': 0.5, 'change': '新进', 'shares': 13312936}, {'name': 'BBH A/C VANGUARD EMERGING MARKETS STOCK INDEX FUND', 'rank': 11, 'ratio': 0.44, 'change': '加仓', 'shares': 11839498}, {'name': '河南伊洛投资管理有限公司-君行4号私募基金', 'rank': 10, 'ratio': 0.54, 'change': '', 'shares': 19354105}, {'name': '中国人寿保险股份有限公司-传统-普通保险产品-005L-CT001沪', 'rank': 10, 'ratio': 0.36, 'change': '新进', 'shares': 19496750}, {'name': '河南伊洛投资管理有限公司-君行4号私募基金', 'rank': 10, 'ratio': 0.65, 'change': '加仓', 'shares': 23393874}, {'name': '大成基金-农业银行-大成中证金融资产管理计划', 'rank': 10, 'ratio': 0.31, 'change': '', 'shares': 16470540}, {'name': '银华基金-农业银行-银华中证金融资产管理计划', 'rank': 10, 'ratio': 0.3, 'change': '', 'shares': 9094100}, {'name': '鸿阳证券投资基金', 'rank': 10, 'ratio': 0.88, 'change': '新进', 'shares': 5516269}, {'name': '大成基金-农业银行-大成中证金融资产管理计划', 'rank': 10, 'ratio': 0.31, 'change': '', 'shares': 16470540}]",[],0.0000,0,2026-06-06 04:49:14.116271+00:00
1486,000039,2025-02-28,90889,-2.7400,"[{'name': '中信保诚人寿保险有限公司-分红账户', 'rank': 11, 'ratio': 0.55, 'change': '', 'shares': 19733298}, {'name': '招商银行股份有限公司-光大保德信优势配置股票型证券投资基金', 'rank': 11, 'ratio': 0.5, 'change': '新进', 'shares': 13312936}, {'name': 'BBH A/C VANGUARD EMERGING MARKETS STOCK INDEX FUND', 'rank': 11, 'ratio': 0.44, 'change': '加仓', 'shares': 11839498}, {'name': '河南伊洛投资管理有限公司-君行4号私募基金', 'rank': 10, 'ratio': 0.54, 'change': '', 'shares': 19354105}, {'name': '中国人寿保险股份有限公司-传统-普通保险产品-005L-CT001沪', 'rank': 10, 'ratio': 0.36, 'change': '新进', 'shares': 19496750}, {'name': '河南伊洛投资管理有限公司-君行4号私募基金', 'rank': 10, 'ratio': 0.65, 'change': '加仓', 'shares': 23393874}, {'name': '大成基金-农业银行-大成中证金融资产管理计划', 'rank': 10, 'ratio': 0.31, 'change': '', 'shares': 16470540}, {'name': '银华基金-农业银行-银华中证金融资产管理计划', 'rank': 10, 'ratio': 0.3, 'change': '', 'shares': 9094100}, {'name': '鸿阳证券投资基金', 'rank': 10, 'ratio': 0.88, 'change': '新进', 'shares': 5516269}, {'name': '大成基金-农业银行-大成中证金融资产管理计划', 'rank': 10, 'ratio': 0.31, 'change': '', 'shares': 16470540}]",[],0.0000,0,2026-06-06 04:49:14.116271+00:00
1487,000039,2024-12-31,93448,15.5100,"[{'name': '中信保诚人寿保险有限公司-分红账户', 'rank': 11, 'ratio': 0.55, 'change': '', 'shares': 19733298}, {'name': '招商银行股份有限公司-光大保德信优势配置股票型证券投资基金', 'rank': 11, 'ratio': 0.5, 'change': '新进', 'shares': 13312936}, {'name': 'BBH A/C VANGUARD EMERGING MARKETS STOCK INDEX FUND', 'rank': 11, 'ratio': 0.44, 'change': '加仓', 'shares': 11839498}, {'name': '河南伊洛投资管理有限公司-君行4号私募基金', 'rank': 10, 'ratio': 0.54, 'change': '', 'shares': 19354105}, {'name': '中国人寿保险股份有限公司-传统-普通保险产品-005L-CT001沪', 'rank': 10, 'ratio': 0.36, 'change': '新进', 'shares': 19496750}, {'name': '河南伊洛投资管理有限公司-君行4号私募基金', 'rank': 10, 'ratio': 0.65, 'change': '加仓', 'shares': 23393874}, {'name': '大成基金-农业银行-大成中证金融资产管理计划', 'rank': 10, 'ratio': 0.31, 'change': '', 'shares': 16470540}, {'name': '银华基金-农业银行-银华中证金融资产管理计划', 'rank': 10, 'ratio': 0.3, 'change': '', 'shares': 9094100}, {'name': '鸿阳证券投资基金', 'rank': 10, 'ratio': 0.88, 'change': '新进', 'shares': 5516269}, {'name': '大成基金-农业银行-大成中证金融资产管理计划', 'rank': 10, 'ratio': 0.31, 'change': '', 'shares': 16470540}]",[],0.0000,0,2026-06-06 04:49:14.116271+00:00
1488,000039,2024-09-30,80898,4.7700,"[{'name': '中信保诚人寿保险有限公司-分红账户', 'rank': 11, 'ratio': 0.55, 'change': '', 'shares': 19733298}, {'name': '招商银行股份有限公司-光大保德信优势配置股票型证券投资基金', 'rank': 11, 'ratio': 0.5, 'change': '新进', 'shares': 13312936}, {'name': 'BBH A/C VANGUARD EMERGING MARKETS STOCK INDEX FUND', 'rank': 11, 'ratio': 0.44, 'change': '加仓', 'shares': 11839498}, {'name': '河南伊洛投资管理有限公司-君行4号私募基金', 'rank': 10, 'ratio': 0.54, 'change': '', 'shares': 19354105}, {'name': '中国人寿保险股份有限公司-传统-普通保险产品-005L-CT001沪', 'rank': 10, 'ratio': 0.36, 'change': '新进', 'shares': 19496750}, {'name': '河南伊洛投资管理有限公司-君行4号私募基金', 'rank': 10, 'ratio': 0.65, 'change': '加仓', 'shares': 23393874}, {'name': '大成基金-农业银行-大成中证金融资产管理计划', 'rank': 10, 'ratio': 0.31, 'change': '', 'shares': 16470540}, {'name': '银华基金-农业银行-银华中证金融资产管理计划', 'rank': 10, 'ratio': 0.3, 'change': '', 'shares': 9094100}, {'name': '鸿阳证券投资基金', 'rank': 10, 'ratio': 0.88, 'change': '新进', 'shares': 5516269}, {'name': '大成基金-农业银行-大成中证金融资产管理计划', 'rank': 10, 'ratio': 0.31, 'change': '', 'shares': 16470540}]",[],0.0000,0,2026-06-06 04:49:14.116271+00:00
1489,000039,2024-06-30,77217,0.0000,"[{'name': '中信保诚人寿保险有限公司-分红账户', 'rank': 11, 'ratio': 0.55, 'change': '', 'shares': 19733298}, {'name': '招商银行股份有限公司-光大保德信优势配置股票型证券投资基金', 'rank': 11, 'ratio': 0.5, 'change': '新进', 'shares': 13312936}, {'name': 'BBH A/C VANGUARD EMERGING MARKETS STOCK INDEX FUND', 'rank': 11, 'ratio': 0.44, 'change': '加仓', 'shares': 11839498}, {'name': '河南伊洛投资管理有限公司-君行4号私募基金', 'rank': 10, 'ratio': 0.54, 'change': '', 'shares': 19354105}, {'name': '中国人寿保险股份有限公司-传统-普通保险产品-005L-CT001沪', 'rank': 10, 'ratio': 0.36, 'change': '新进', 'shares': 19496750}, {'name': '河南伊洛投资管理有限公司-君行4号私募基金', 'rank': 10, 'ratio': 0.65, 'change': '加仓', 'shares': 23393874}, {'name': '大成基金-农业银行-大成中证金融资产管理计划', 'rank': 10, 'ratio': 0.31, 'change': '', 'shares': 16470540}, {'name': '银华基金-农业银行-银华中证金融资产管理计划', 'rank': 10, 'ratio': 0.3, 'change': '', 'shares': 9094100}, {'name': '鸿阳证券投资基金', 'rank': 10, 'ratio': 0.88, 'change': '新进', 'shares': 5516269}, {'name': '大成基金-农业银行-大成中证金融资产管理计划', 'rank': 10, 'ratio': 0.31, 'change': '', 'shares': 16470540}]",[],0.0000,0,2026-06-06 04:49:14.116271+00:00
1490,000042,2026-04-30,16424,2.6400,"[{'name': '博时基金-中国银行-平安人寿-平安人寿委托投资1号资产管理计划', 'rank': 10, 'ratio': 0.6, 'change': '新进', 'shares': 3999959}, {'name': '上海枫叶林私募基金管理有限公司-枫叶林红枫一号私募证券投资基金', 'rank': 10, 'ratio': 0.29, 'change': '新进', 'shares': 1908800}, {'name': '云南国际信托有限公司-云霞3期证券投资集合资金信托计划', 'rank': 10, 'ratio': 0.97, 'change': '新进', 'shares': 6446205}, {'name': '陕西省国际信托股份有限公司-陕国投·金元宝68号证券投资集合资金信托计划', 'rank': 10, 'ratio': 0.96, 'change': '', 'shares': 6367400}, {'name': '上海枫叶林私募基金管理有限公司-枫叶林红枫一号私募证券投资基金', 'rank': 10, 'ratio': 0.33, 'change': '新进', 'shares': 2208800}, {'name': '鹏华资产-浦发银行-鹏华资产金润25号资产管理计划', 'rank': 10, 'ratio': 0.93, 'change': '', 'shares': 6179282}, {'name': '鹏华资产-浦发银行-鹏华资产金润25号资产管理计划', 'rank': 10, 'ratio': 0.84, 'change': '', 'shares': 5608701}, {'name': '鹏华资产-浦发银行-鹏华资产金润25号资产管理计划', 'rank': 10, 'ratio': 0.84, 'change': '', 'shares': 5608701}, {'name': '云南国际信托有限公司-云霞3期证券投资集合资金信托计划', 'rank': 10, 'ratio': 0.97, 'change': '', 'shares': 6440405}, {'name': '陕西省国际信托股份有限公司-陕国投·金元宝68号证券投资集合资金信托计划', 'rank': 10, 'ratio': 0.96, 'change': '', 'shares': 6367400}]",[],0.0000,0,2026-06-06 04:49:14.116271+00:00
1491,000042,2026-04-20,16001,2.2600,"[{'name': '博时基金-中国银行-平安人寿-平安人寿委托投资1号资产管理计划', 'rank': 10, 'ratio': 0.6, 'change': '新进', 'shares': 3999959}, {'name': '上海枫叶林私募基金管理有限公司-枫叶林红枫一号私募证券投资基金', 'rank': 10, 'ratio': 0.29, 'change': '新进', 'shares': 1908800}, {'name': '云南国际信托有限公司-云霞3期证券投资集合资金信托计划', 'rank': 10, 'ratio': 0.97, 'change': '新进', 'shares': 6446205}, {'name': '陕西省国际信托股份有限公司-陕国投·金元宝68号证券投资集合资金信托计划', 'rank': 10, 'ratio': 0.96, 'change': '', 'shares': 6367400}, {'name': '上海枫叶林私募基金管理有限公司-枫叶林红枫一号私募证券投资基金', 'rank': 10, 'ratio': 0.33, 'change': '新进', 'shares': 2208800}, {'name': '鹏华资产-浦发银行-鹏华资产金润25号资产管理计划', 'rank': 10, 'ratio': 0.93, 'change': '', 'shares': 6179282}, {'name': '鹏华资产-浦发银行-鹏华资产金润25号资产管理计划', 'rank': 10, 'ratio': 0.84, 'change': '', 'shares': 5608701}, {'name': '鹏华资产-浦发银行-鹏华资产金润25号资产管理计划', 'rank': 10, 'ratio': 0.84, 'change': '', 'shares': 5608701}, {'name': '云南国际信托有限公司-云霞3期证券投资集合资金信托计划', 'rank': 10, 'ratio': 0.97, 'change': '', 'shares': 6440405}, {'name': '陕西省国际信托股份有限公司-陕国投·金元宝68号证券投资集合资金信托计划', 'rank': 10, 'ratio': 0.96, 'change': '', 'shares': 6367400}]",[],0.0000,0,2026-06-06 04:49:14.116271+00:00
1492,000042,2026-04-10,15648,-3.3700,"[{'name': '博时基金-中国银行-平安人寿-平安人寿委托投资1号资产管理计划', 'rank': 10, 'ratio': 0.6, 'change': '新进', 'shares': 3999959}, {'name': '上海枫叶林私募基金管理有限公司-枫叶林红枫一号私募证券投资基金', 'rank': 10, 'ratio': 0.29, 'change': '新进', 'shares': 1908800}, {'name': '云南国际信托有限公司-云霞3期证券投资集合资金信托计划', 'rank': 10, 'ratio': 0.97, 'change': '新进', 'shares': 6446205}, {'name': '陕西省国际信托股份有限公司-陕国投·金元宝68号证券投资集合资金信托计划', 'rank': 10, 'ratio': 0.96, 'change': '', 'shares': 6367400}, {'name': '上海枫叶林私募基金管理有限公司-枫叶林红枫一号私募证券投资基金', 'rank': 10, 'ratio': 0.33, 'change': '新进', 'shares': 2208800}, {'name': '鹏华资产-浦发银行-鹏华资产金润25号资产管理计划', 'rank': 10, 'ratio': 0.93, 'change': '', 'shares': 6179282}, {'name': '鹏华资产-浦发银行-鹏华资产金润25号资产管理计划', 'rank': 10, 'ratio': 0.84, 'change': '', 'shares': 5608701}, {'name': '鹏华资产-浦发银行-鹏华资产金润25号资产管理计划', 'rank': 10, 'ratio': 0.84, 'change': '', 'shares': 5608701}, {'name': '云南国际信托有限公司-云霞3期证券投资集合资金信托计划', 'rank': 10, 'ratio': 0.97, 'change': '', 'shares': 6440405}, {'name': '陕西省国际信托股份有限公司-陕国投·金元宝68号证券投资集合资金信托计划', 'rank': 10, 'ratio': 0.96, 'change': '', 'shares': 6367400}]",[],0.0000,0,2026-06-06 04:49:14.116271+00:00
1493,000042,2026-03-31,16194,-1.2900,"[{'name': '博时基金-中国银行-平安人寿-平安人寿委托投资1号资产管理计划', 'rank': 10, 'ratio': 0.6, 'change': '新进', 'shares': 3999959}, {'name': '上海枫叶林私募基金管理有限公司-枫叶林红枫一号私募证券投资基金', 'rank': 10, 'ratio': 0.29, 'change': '新进', 'shares': 1908800}, {'name': '云南国际信托有限公司-云霞3期证券投资集合资金信托计划', 'rank': 10, 'ratio': 0.97, 'change': '新进', 'shares': 6446205}, {'name': '陕西省国际信托股份有限公司-陕国投·金元宝68号证券投资集合资金信托计划', 'rank': 10, 'ratio': 0.96, 'change': '', 'shares': 6367400}, {'name': '上海枫叶林私募基金管理有限公司-枫叶林红枫一号私募证券投资基金', 'rank': 10, 'ratio': 0.33, 'change': '新进', 'shares': 2208800}, {'name': '鹏华资产-浦发银行-鹏华资产金润25号资产管理计划', 'rank': 10, 'ratio': 0.93, 'change': '', 'shares': 6179282}, {'name': '鹏华资产-浦发银行-鹏华资产金润25号资产管理计划', 'rank': 10, 'ratio': 0.84, 'change': '', 'shares': 5608701}, {'name': '鹏华资产-浦发银行-鹏华资产金润25号资产管理计划', 'rank': 10, 'ratio': 0.84, 'change': '', 'shares': 5608701}, {'name': '云南国际信托有限公司-云霞3期证券投资集合资金信托计划', 'rank': 10, 'ratio': 0.97, 'change': '', 'shares': 6440405}, {'name': '陕西省国际信托股份有限公司-陕国投·金元宝68号证券投资集合资金信托计划', 'rank': 10, 'ratio': 0.96, 'change': '', 'shares': 6367400}]",[],0.0000,0,2026-06-06 04:49:14.116271+00:00
1494,000042,2026-03-20,16405,-1.8300,"[{'name': '博时基金-中国银行-平安人寿-平安人寿委托投资1号资产管理计划', 'rank': 10, 'ratio': 0.6, 'change': '新进', 'shares': 3999959}, {'name': '上海枫叶林私募基金管理有限公司-枫叶林红枫一号私募证券投资基金', 'rank': 10, 'ratio': 0.29, 'change': '新进', 'shares': 1908800}, {'name': '云南国际信托有限公司-云霞3期证券投资集合资金信托计划', 'rank': 10, 'ratio': 0.97, 'change': '新进', 'shares': 6446205}, {'name': '陕西省国际信托股份有限公司-陕国投·金元宝68号证券投资集合资金信托计划', 'rank': 10, 'ratio': 0.96, 'change': '', 'shares': 6367400}, {'name': '上海枫叶林私募基金管理有限公司-枫叶林红枫一号私募证券投资基金', 'rank': 10, 'ratio': 0.33, 'change': '新进', 'shares': 2208800}, {'name': '鹏华资产-浦发银行-鹏华资产金润25号资产管理计划', 'rank': 10, 'ratio': 0.93, 'change': '', 'shares': 6179282}, {'name': '鹏华资产-浦发银行-鹏华资产金润25号资产管理计划', 'rank': 10, 'ratio': 0.84, 'change': '', 'shares': 5608701}, {'name': '鹏华资产-浦发银行-鹏华资产金润25号资产管理计划', 'rank': 10, 'ratio': 0.84, 'change': '', 'shares': 5608701}, {'name': '云南国际信托有限公司-云霞3期证券投资集合资金信托计划', 'rank': 10, 'ratio': 0.97, 'change': '', 'shares': 6440405}, {'name': '陕西省国际信托股份有限公司-陕国投·金元宝68号证券投资集合资金信托计划', 'rank': 10, 'ratio': 0.96, 'change': '', 'shares': 6367400}]",[],0.0000,0,2026-06-06 04:49:14.116271+00:00
1495,000042,2026-03-10,16711,3.5100,"[{'name': '博时基金-中国银行-平安人寿-平安人寿委托投资1号资产管理计划', 'rank': 10, 'ratio': 0.6, 'change': '新进', 'shares': 3999959}, {'name': '上海枫叶林私募基金管理有限公司-枫叶林红枫一号私募证券投资基金', 'rank': 10, 'ratio': 0.29, 'change': '新进', 'shares': 1908800}, {'name': '云南国际信托有限公司-云霞3期证券投资集合资金信托计划', 'rank': 10, 'ratio': 0.97, 'change': '新进', 'shares': 6446205}, {'name': '陕西省国际信托股份有限公司-陕国投·金元宝68号证券投资集合资金信托计划', 'rank': 10, 'ratio': 0.96, 'change': '', 'shares': 6367400}, {'name': '上海枫叶林私募基金管理有限公司-枫叶林红枫一号私募证券投资基金', 'rank': 10, 'ratio': 0.33, 'change': '新进', 'shares': 2208800}, {'name': '鹏华资产-浦发银行-鹏华资产金润25号资产管理计划', 'rank': 10, 'ratio': 0.93, 'change': '', 'shares': 6179282}, {'name': '鹏华资产-浦发银行-鹏华资产金润25号资产管理计划', 'rank': 10, 'ratio': 0.84, 'change': '', 'shares': 5608701}, {'name': '鹏华资产-浦发银行-鹏华资产金润25号资产管理计划', 'rank': 10, 'ratio': 0.84, 'change': '', 'shares': 5608701}, {'name': '云南国际信托有限公司-云霞3期证券投资集合资金信托计划', 'rank': 10, 'ratio': 0.97, 'change': '', 'shares': 6440405}, {'name': '陕西省国际信托股份有限公司-陕国投·金元宝68号证券投资集合资金信托计划', 'rank': 10, 'ratio': 0.96, 'change': '', 'shares': 6367400}]",[],0.0000,0,2026-06-06 04:49:14.116271+00:00
1496,000042,2026-02-27,16144,-0.3700,"[{'name': '博时基金-中国银行-平安人寿-平安人寿委托投资1号资产管理计划', 'rank': 10, 'ratio': 0.6, 'change': '新进', 'shares': 3999959}, {'name': '上海枫叶林私募基金管理有限公司-枫叶林红枫一号私募证券投资基金', 'rank': 10, 'ratio': 0.29, 'change': '新进', 'shares': 1908800}, {'name': '云南国际信托有限公司-云霞3期证券投资集合资金信托计划', 'rank': 10, 'ratio': 0.97, 'change': '新进', 'shares': 6446205}, {'name': '陕西省国际信托股份有限公司-陕国投·金元宝68号证券投资集合资金信托计划', 'rank': 10, 'ratio': 0.96, 'change': '', 'shares': 6367400}, {'name': '上海枫叶林私募基金管理有限公司-枫叶林红枫一号私募证券投资基金', 'rank': 10, 'ratio': 0.33, 'change': '新进', 'shares': 2208800}, {'name': '鹏华资产-浦发银行-鹏华资产金润25号资产管理计划', 'rank': 10, 'ratio': 0.93, 'change': '', 'shares': 6179282}, {'name': '鹏华资产-浦发银行-鹏华资产金润25号资产管理计划', 'rank': 10, 'ratio': 0.84, 'change': '', 'shares': 5608701}, {'name': '鹏华资产-浦发银行-鹏华资产金润25号资产管理计划', 'rank': 10, 'ratio': 0.84, 'change': '', 'shares': 5608701}, {'name': '云南国际信托有限公司-云霞3期证券投资集合资金信托计划', 'rank': 10, 'ratio': 0.97, 'change': '', 'shares': 6440405}, {'name': '陕西省国际信托股份有限公司-陕国投·金元宝68号证券投资集合资金信托计划', 'rank': 10, 'ratio': 0.96, 'change': '', 'shares': 6367400}]",[],0.0000,0,2026-06-06 04:49:14.116271+00:00
1497,000042,2026-02-10,16204,-3.0800,"[{'name': '博时基金-中国银行-平安人寿-平安人寿委托投资1号资产管理计划', 'rank': 10, 'ratio': 0.6, 'change': '新进', 'shares': 3999959}, {'name': '上海枫叶林私募基金管理有限公司-枫叶林红枫一号私募证券投资基金', 'rank': 10, 'ratio': 0.29, 'change': '新进', 'shares': 1908800}, {'name': '云南国际信托有限公司-云霞3期证券投资集合资金信托计划', 'rank': 10, 'ratio': 0.97, 'change': '新进', 'shares': 6446205}, {'name': '陕西省国际信托股份有限公司-陕国投·金元宝68号证券投资集合资金信托计划', 'rank': 10, 'ratio': 0.96, 'change': '', 'shares': 6367400}, {'name': '上海枫叶林私募基金管理有限公司-枫叶林红枫一号私募证券投资基金', 'rank': 10, 'ratio': 0.33, 'change': '新进', 'shares': 2208800}, {'name': '鹏华资产-浦发银行-鹏华资产金润25号资产管理计划', 'rank': 10, 'ratio': 0.93, 'change': '', 'shares': 6179282}, {'name': '鹏华资产-浦发银行-鹏华资产金润25号资产管理计划', 'rank': 10, 'ratio': 0.84, 'change': '', 'shares': 5608701}, {'name': '鹏华资产-浦发银行-鹏华资产金润25号资产管理计划', 'rank': 10, 'ratio': 0.84, 'change': '', 'shares': 5608701}, {'name': '云南国际信托有限公司-云霞3期证券投资集合资金信托计划', 'rank': 10, 'ratio': 0.97, 'change': '', 'shares': 6440405}, {'name': '陕西省国际信托股份有限公司-陕国投·金元宝68号证券投资集合资金信托计划', 'rank': 10, 'ratio': 0.96, 'change': '', 'shares': 6367400}]",[],0.0000,0,2026-06-06 04:49:14.116271+00:00
1498,000042,2026-01-30,16719,3.4000,"[{'name': '博时基金-中国银行-平安人寿-平安人寿委托投资1号资产管理计划', 'rank': 10, 'ratio': 0.6, 'change': '新进', 'shares': 3999959}, {'name': '上海枫叶林私募基金管理有限公司-枫叶林红枫一号私募证券投资基金', 'rank': 10, 'ratio': 0.29, 'change': '新进', 'shares': 1908800}, {'name': '云南国际信托有限公司-云霞3期证券投资集合资金信托计划', 'rank': 10, 'ratio': 0.97, 'change': '新进', 'shares': 6446205}, {'name': '陕西省国际信托股份有限公司-陕国投·金元宝68号证券投资集合资金信托计划', 'rank': 10, 'ratio': 0.96, 'change': '', 'shares': 6367400}, {'name': '上海枫叶林私募基金管理有限公司-枫叶林红枫一号私募证券投资基金', 'rank': 10, 'ratio': 0.33, 'change': '新进', 'shares': 2208800}, {'name': '鹏华资产-浦发银行-鹏华资产金润25号资产管理计划', 'rank': 10, 'ratio': 0.93, 'change': '', 'shares': 6179282}, {'name': '鹏华资产-浦发银行-鹏华资产金润25号资产管理计划', 'rank': 10, 'ratio': 0.84, 'change': '', 'shares': 5608701}, {'name': '鹏华资产-浦发银行-鹏华资产金润25号资产管理计划', 'rank': 10, 'ratio': 0.84, 'change': '', 'shares': 5608701}, {'name': '云南国际信托有限公司-云霞3期证券投资集合资金信托计划', 'rank': 10, 'ratio': 0.97, 'change': '', 'shares': 6440405}, {'name': '陕西省国际信托股份有限公司-陕国投·金元宝68号证券投资集合资金信托计划', 'rank': 10, 'ratio': 0.96, 'change': '', 'shares': 6367400}]",[],0.0000,0,2026-06-06 04:49:14.116271+00:00
1499,000042,2026-01-20,16169,0.0000,"[{'name': '博时基金-中国银行-平安人寿-平安人寿委托投资1号资产管理计划', 'rank': 10, 'ratio': 0.6, 'change': '新进', 'shares': 3999959}, {'name': '上海枫叶林私募基金管理有限公司-枫叶林红枫一号私募证券投资基金', 'rank': 10, 'ratio': 0.29, 'change': '新进', 'shares': 1908800}, {'name': '云南国际信托有限公司-云霞3期证券投资集合资金信托计划', 'rank': 10, 'ratio': 0.97, 'change': '新进', 'shares': 6446205}, {'name': '陕西省国际信托股份有限公司-陕国投·金元宝68号证券投资集合资金信托计划', 'rank': 10, 'ratio': 0.96, 'change': '', 'shares': 6367400}, {'name': '上海枫叶林私募基金管理有限公司-枫叶林红枫一号私募证券投资基金', 'rank': 10, 'ratio': 0.33, 'change': '新进', 'shares': 2208800}, {'name': '鹏华资产-浦发银行-鹏华资产金润25号资产管理计划', 'rank': 10, 'ratio': 0.93, 'change': '', 'shares': 6179282}, {'name': '鹏华资产-浦发银行-鹏华资产金润25号资产管理计划', 'rank': 10, 'ratio': 0.84, 'change': '', 'shares': 5608701}, {'name': '鹏华资产-浦发银行-鹏华资产金润25号资产管理计划', 'rank': 10, 'ratio': 0.84, 'change': '', 'shares': 5608701}, {'name': '云南国际信托有限公司-云霞3期证券投资集合资金信托计划', 'rank': 10, 'ratio': 0.97, 'change': '', 'shares': 6440405}, {'name': '陕西省国际信托股份有限公司-陕国投·金元宝68号证券投资集合资金信托计划', 'rank': 10, 'ratio': 0.96, 'change': '', 'shares': 6367400}]",[],0.0000,0,2026-06-06 04:49:14.116271+00:00
1500,000045,2026-03-31,40673,17.3500,"[{'name': '北京福林斯坦投资咨询有限公司', 'rank': 10, 'ratio': 0.4, 'change': '', 'shares': 1349119}, {'name': '青岛猎马资产管理有限公司-猎马锐赢私募证券投资基金', 'rank': 10, 'ratio': 0.23, 'change': '新进', 'shares': 1181694}, {'name': '重庆国际信托股份有限公司-兴国2号集合资金信托', 'rank': 10, 'ratio': 0.24, 'change': '加仓', 'shares': 1210000}, {'name': '上海浦东发展银行股份有限公司-信澳领先智选混合型证券投资基金', 'rank': 10, 'ratio': 0.43, 'change': '新进', 'shares': 2163027}, {'name': '招商证券香港有限公司', 'rank': 10, 'ratio': 0.2843, 'change': '新进', 'shares': 956617}, {'name': '中国建设银行股份有限公司-信达澳银新能源产业股票型证券投资基金', 'rank': 10, 'ratio': 0.43, 'change': '', 'shares': 2174610}, {'name': '北京神州牧投资基金管理有限公司-红炎神州牧基金', 'rank': 10, 'ratio': 0.36, 'change': '', 'shares': 1831100}, {'name': '香港中央结算有限公司', 'rank': 10, 'ratio': 0.36, 'change': '新进', 'shares': 1843603}, {'name': '上海亚鞅资产管理有限公司-亚鞅平常心远望私募证券投资基金', 'rank': 10, 'ratio': 0.39, 'change': '新进', 'shares': 1991700}, {'name': '中央汇金资产管理有限责任公司', 'rank': 10, 'ratio': 0.19, 'change': '新进', 'shares': 958300}]",[],0.0000,0,2026-06-06 04:49:14.116271+00:00
1501,000045,2026-02-28,34660,-2.0200,"[{'name': '北京福林斯坦投资咨询有限公司', 'rank': 10, 'ratio': 0.4, 'change': '', 'shares': 1349119}, {'name': '青岛猎马资产管理有限公司-猎马锐赢私募证券投资基金', 'rank': 10, 'ratio': 0.23, 'change': '新进', 'shares': 1181694}, {'name': '重庆国际信托股份有限公司-兴国2号集合资金信托', 'rank': 10, 'ratio': 0.24, 'change': '加仓', 'shares': 1210000}, {'name': '上海浦东发展银行股份有限公司-信澳领先智选混合型证券投资基金', 'rank': 10, 'ratio': 0.43, 'change': '新进', 'shares': 2163027}, {'name': '招商证券香港有限公司', 'rank': 10, 'ratio': 0.2843, 'change': '新进', 'shares': 956617}, {'name': '中国建设银行股份有限公司-信达澳银新能源产业股票型证券投资基金', 'rank': 10, 'ratio': 0.43, 'change': '', 'shares': 2174610}, {'name': '北京神州牧投资基金管理有限公司-红炎神州牧基金', 'rank': 10, 'ratio': 0.36, 'change': '', 'shares': 1831100}, {'name': '香港中央结算有限公司', 'rank': 10, 'ratio': 0.36, 'change': '新进', 'shares': 1843603}, {'name': '上海亚鞅资产管理有限公司-亚鞅平常心远望私募证券投资基金', 'rank': 10, 'ratio': 0.39, 'change': '新进', 'shares': 1991700}, {'name': '中央汇金资产管理有限责任公司', 'rank': 10, 'ratio': 0.19, 'change': '新进', 'shares': 958300}]",[],0.0000,0,2026-06-06 04:49:14.116271+00:00
1502,000045,2025-12-31,35373,2.9500,"[{'name': '北京福林斯坦投资咨询有限公司', 'rank': 10, 'ratio': 0.4, 'change': '', 'shares': 1349119}, {'name': '青岛猎马资产管理有限公司-猎马锐赢私募证券投资基金', 'rank': 10, 'ratio': 0.23, 'change': '新进', 'shares': 1181694}, {'name': '重庆国际信托股份有限公司-兴国2号集合资金信托', 'rank': 10, 'ratio': 0.24, 'change': '加仓', 'shares': 1210000}, {'name': '上海浦东发展银行股份有限公司-信澳领先智选混合型证券投资基金', 'rank': 10, 'ratio': 0.43, 'change': '新进', 'shares': 2163027}, {'name': '招商证券香港有限公司', 'rank': 10, 'ratio': 0.2843, 'change': '新进', 'shares': 956617}, {'name': '中国建设银行股份有限公司-信达澳银新能源产业股票型证券投资基金', 'rank': 10, 'ratio': 0.43, 'change': '', 'shares': 2174610}, {'name': '北京神州牧投资基金管理有限公司-红炎神州牧基金', 'rank': 10, 'ratio': 0.36, 'change': '', 'shares': 1831100}, {'name': '香港中央结算有限公司', 'rank': 10, 'ratio': 0.36, 'change': '新进', 'shares': 1843603}, {'name': '上海亚鞅资产管理有限公司-亚鞅平常心远望私募证券投资基金', 'rank': 10, 'ratio': 0.39, 'change': '新进', 'shares': 1991700}, {'name': '中央汇金资产管理有限责任公司', 'rank': 10, 'ratio': 0.19, 'change': '新进', 'shares': 958300}]",[],0.0000,0,2026-06-06 04:49:14.116271+00:00
1503,000045,2025-09-30,34361,8.7400,"[{'name': '北京福林斯坦投资咨询有限公司', 'rank': 10, 'ratio': 0.4, 'change': '', 'shares': 1349119}, {'name': '青岛猎马资产管理有限公司-猎马锐赢私募证券投资基金', 'rank': 10, 'ratio': 0.23, 'change': '新进', 'shares': 1181694}, {'name': '重庆国际信托股份有限公司-兴国2号集合资金信托', 'rank': 10, 'ratio': 0.24, 'change': '加仓', 'shares': 1210000}, {'name': '上海浦东发展银行股份有限公司-信澳领先智选混合型证券投资基金', 'rank': 10, 'ratio': 0.43, 'change': '新进', 'shares': 2163027}, {'name': '招商证券香港有限公司', 'rank': 10, 'ratio': 0.2843, 'change': '新进', 'shares': 956617}, {'name': '中国建设银行股份有限公司-信达澳银新能源产业股票型证券投资基金', 'rank': 10, 'ratio': 0.43, 'change': '', 'shares': 2174610}, {'name': '北京神州牧投资基金管理有限公司-红炎神州牧基金', 'rank': 10, 'ratio': 0.36, 'change': '', 'shares': 1831100}, {'name': '香港中央结算有限公司', 'rank': 10, 'ratio': 0.36, 'change': '新进', 'shares': 1843603}, {'name': '上海亚鞅资产管理有限公司-亚鞅平常心远望私募证券投资基金', 'rank': 10, 'ratio': 0.39, 'change': '新进', 'shares': 1991700}, {'name': '中央汇金资产管理有限责任公司', 'rank': 10, 'ratio': 0.19, 'change': '新进', 'shares': 958300}]",[],0.0000,0,2026-06-06 04:49:14.116271+00:00
1504,000045,2025-06-30,31598,-9.8900,"[{'name': '北京福林斯坦投资咨询有限公司', 'rank': 10, 'ratio': 0.4, 'change': '', 'shares': 1349119}, {'name': '青岛猎马资产管理有限公司-猎马锐赢私募证券投资基金', 'rank': 10, 'ratio': 0.23, 'change': '新进', 'shares': 1181694}, {'name': '重庆国际信托股份有限公司-兴国2号集合资金信托', 'rank': 10, 'ratio': 0.24, 'change': '加仓', 'shares': 1210000}, {'name': '上海浦东发展银行股份有限公司-信澳领先智选混合型证券投资基金', 'rank': 10, 'ratio': 0.43, 'change': '新进', 'shares': 2163027}, {'name': '招商证券香港有限公司', 'rank': 10, 'ratio': 0.2843, 'change': '新进', 'shares': 956617}, {'name': '中国建设银行股份有限公司-信达澳银新能源产业股票型证券投资基金', 'rank': 10, 'ratio': 0.43, 'change': '', 'shares': 2174610}, {'name': '北京神州牧投资基金管理有限公司-红炎神州牧基金', 'rank': 10, 'ratio': 0.36, 'change': '', 'shares': 1831100}, {'name': '香港中央结算有限公司', 'rank': 10, 'ratio': 0.36, 'change': '新进', 'shares': 1843603}, {'name': '上海亚鞅资产管理有限公司-亚鞅平常心远望私募证券投资基金', 'rank': 10, 'ratio': 0.39, 'change': '新进', 'shares': 1991700}, {'name': '中央汇金资产管理有限责任公司', 'rank': 10, 'ratio': 0.19, 'change': '新进', 'shares': 958300}]",[],0.0000,0,2026-06-06 04:49:14.116271+00:00
1505,000045,2025-03-31,35067,8.6900,"[{'name': '北京福林斯坦投资咨询有限公司', 'rank': 10, 'ratio': 0.4, 'change': '', 'shares': 1349119}, {'name': '青岛猎马资产管理有限公司-猎马锐赢私募证券投资基金', 'rank': 10, 'ratio': 0.23, 'change': '新进', 'shares': 1181694}, {'name': '重庆国际信托股份有限公司-兴国2号集合资金信托', 'rank': 10, 'ratio': 0.24, 'change': '加仓', 'shares': 1210000}, {'name': '上海浦东发展银行股份有限公司-信澳领先智选混合型证券投资基金', 'rank': 10, 'ratio': 0.43, 'change': '新进', 'shares': 2163027}, {'name': '招商证券香港有限公司', 'rank': 10, 'ratio': 0.2843, 'change': '新进', 'shares': 956617}, {'name': '中国建设银行股份有限公司-信达澳银新能源产业股票型证券投资基金', 'rank': 10, 'ratio': 0.43, 'change': '', 'shares': 2174610}, {'name': '北京神州牧投资基金管理有限公司-红炎神州牧基金', 'rank': 10, 'ratio': 0.36, 'change': '', 'shares': 1831100}, {'name': '香港中央结算有限公司', 'rank': 10, 'ratio': 0.36, 'change': '新进', 'shares': 1843603}, {'name': '上海亚鞅资产管理有限公司-亚鞅平常心远望私募证券投资基金', 'rank': 10, 'ratio': 0.39, 'change': '新进', 'shares': 1991700}, {'name': '中央汇金资产管理有限责任公司', 'rank': 10, 'ratio': 0.19, 'change': '新进', 'shares': 958300}]",[],0.0000,0,2026-06-06 04:49:14.116271+00:00
1506,000045,2025-02-28,32264,-4.0400,"[{'name': '北京福林斯坦投资咨询有限公司', 'rank': 10, 'ratio': 0.4, 'change': '', 'shares': 1349119}, {'name': '青岛猎马资产管理有限公司-猎马锐赢私募证券投资基金', 'rank': 10, 'ratio': 0.23, 'change': '新进', 'shares': 1181694}, {'name': '重庆国际信托股份有限公司-兴国2号集合资金信托', 'rank': 10, 'ratio': 0.24, 'change': '加仓', 'shares': 1210000}, {'name': '上海浦东发展银行股份有限公司-信澳领先智选混合型证券投资基金', 'rank': 10, 'ratio': 0.43, 'change': '新进', 'shares': 2163027}, {'name': '招商证券香港有限公司', 'rank': 10, 'ratio': 0.2843, 'change': '新进', 'shares': 956617}, {'name': '中国建设银行股份有限公司-信达澳银新能源产业股票型证券投资基金', 'rank': 10, 'ratio': 0.43, 'change': '', 'shares': 2174610}, {'name': '北京神州牧投资基金管理有限公司-红炎神州牧基金', 'rank': 10, 'ratio': 0.36, 'change': '', 'shares': 1831100}, {'name': '香港中央结算有限公司', 'rank': 10, 'ratio': 0.36, 'change': '新进', 'shares': 1843603}, {'name': '上海亚鞅资产管理有限公司-亚鞅平常心远望私募证券投资基金', 'rank': 10, 'ratio': 0.39, 'change': '新进', 'shares': 1991700}, {'name': '中央汇金资产管理有限责任公司', 'rank': 10, 'ratio': 0.19, 'change': '新进', 'shares': 958300}]",[],0.0000,0,2026-06-06 04:49:14.116271+00:00
1507,000045,2024-12-31,33622,14.3000,"[{'name': '北京福林斯坦投资咨询有限公司', 'rank': 10, 'ratio': 0.4, 'change': '', 'shares': 1349119}, {'name': '青岛猎马资产管理有限公司-猎马锐赢私募证券投资基金', 'rank': 10, 'ratio': 0.23, 'change': '新进', 'shares': 1181694}, {'name': '重庆国际信托股份有限公司-兴国2号集合资金信托', 'rank': 10, 'ratio': 0.24, 'change': '加仓', 'shares': 1210000}, {'name': '上海浦东发展银行股份有限公司-信澳领先智选混合型证券投资基金', 'rank': 10, 'ratio': 0.43, 'change': '新进', 'shares': 2163027}, {'name': '招商证券香港有限公司', 'rank': 10, 'ratio': 0.2843, 'change': '新进', 'shares': 956617}, {'name': '中国建设银行股份有限公司-信达澳银新能源产业股票型证券投资基金', 'rank': 10, 'ratio': 0.43, 'change': '', 'shares': 2174610}, {'name': '北京神州牧投资基金管理有限公司-红炎神州牧基金', 'rank': 10, 'ratio': 0.36, 'change': '', 'shares': 1831100}, {'name': '香港中央结算有限公司', 'rank': 10, 'ratio': 0.36, 'change': '新进', 'shares': 1843603}, {'name': '上海亚鞅资产管理有限公司-亚鞅平常心远望私募证券投资基金', 'rank': 10, 'ratio': 0.39, 'change': '新进', 'shares': 1991700}, {'name': '中央汇金资产管理有限责任公司', 'rank': 10, 'ratio': 0.19, 'change': '新进', 'shares': 958300}]",[],0.0000,0,2026-06-06 04:49:14.116271+00:00
1508,000045,2024-09-30,29415,11.9900,"[{'name': '北京福林斯坦投资咨询有限公司', 'rank': 10, 'ratio': 0.4, 'change': '', 'shares': 1349119}, {'name': '青岛猎马资产管理有限公司-猎马锐赢私募证券投资基金', 'rank': 10, 'ratio': 0.23, 'change': '新进', 'shares': 1181694}, {'name': '重庆国际信托股份有限公司-兴国2号集合资金信托', 'rank': 10, 'ratio': 0.24, 'change': '加仓', 'shares': 1210000}, {'name': '上海浦东发展银行股份有限公司-信澳领先智选混合型证券投资基金', 'rank': 10, 'ratio': 0.43, 'change': '新进', 'shares': 2163027}, {'name': '招商证券香港有限公司', 'rank': 10, 'ratio': 0.2843, 'change': '新进', 'shares': 956617}, {'name': '中国建设银行股份有限公司-信达澳银新能源产业股票型证券投资基金', 'rank': 10, 'ratio': 0.43, 'change': '', 'shares': 2174610}, {'name': '北京神州牧投资基金管理有限公司-红炎神州牧基金', 'rank': 10, 'ratio': 0.36, 'change': '', 'shares': 1831100}, {'name': '香港中央结算有限公司', 'rank': 10, 'ratio': 0.36, 'change': '新进', 'shares': 1843603}, {'name': '上海亚鞅资产管理有限公司-亚鞅平常心远望私募证券投资基金', 'rank': 10, 'ratio': 0.39, 'change': '新进', 'shares': 1991700}, {'name': '中央汇金资产管理有限责任公司', 'rank': 10, 'ratio': 0.19, 'change': '新进', 'shares': 958300}]",[],0.0000,0,2026-06-06 04:49:14.116271+00:00
1509,000045,2024-06-30,26265,0.0000,"[{'name': '北京福林斯坦投资咨询有限公司', 'rank': 10, 'ratio': 0.4, 'change': '', 'shares': 1349119}, {'name': '青岛猎马资产管理有限公司-猎马锐赢私募证券投资基金', 'rank': 10, 'ratio': 0.23, 'change': '新进', 'shares': 1181694}, {'name': '重庆国际信托股份有限公司-兴国2号集合资金信托', 'rank': 10, 'ratio': 0.24, 'change': '加仓', 'shares': 1210000}, {'name': '上海浦东发展银行股份有限公司-信澳领先智选混合型证券投资基金', 'rank': 10, 'ratio': 0.43, 'change': '新进', 'shares': 2163027}, {'name': '招商证券香港有限公司', 'rank': 10, 'ratio': 0.2843, 'change': '新进', 'shares': 956617}, {'name': '中国建设银行股份有限公司-信达澳银新能源产业股票型证券投资基金', 'rank': 10, 'ratio': 0.43, 'change': '', 'shares': 2174610}, {'name': '北京神州牧投资基金管理有限公司-红炎神州牧基金', 'rank': 10, 'ratio': 0.36, 'change': '', 'shares': 1831100}, {'name': '香港中央结算有限公司', 'rank': 10, 'ratio': 0.36, 'change': '新进', 'shares': 1843603}, {'name': '上海亚鞅资产管理有限公司-亚鞅平常心远望私募证券投资基金', 'rank': 10, 'ratio': 0.39, 'change': '新进', 'shares': 1991700}, {'name': '中央汇金资产管理有限责任公司', 'rank': 10, 'ratio': 0.19, 'change': '新进', 'shares': 958300}]",[],0.0000,0,2026-06-06 04:49:14.116271+00:00
1510,000048,2026-03-31,21181,17.3900,"[{'name': '上海肇达投资咨询有限公司', 'rank': 11, 'ratio': 0.841790615297, 'change': '', 'shares': 3289454}, {'name': '华润深国投信托有限公司-润之信18期集合资金信托计划', 'rank': 10, 'ratio': 1.22, 'change': '新进', 'shares': 4750000}, {'name': '银华基金管理股份有限公司-社保基金1105组合', 'rank': 10, 'ratio': 0.33, 'change': '新进', 'shares': 1720278}, {'name': '深圳市钜盛华股份有限公司', 'rank': 10, 'ratio': 0.34, 'change': '新进', 'shares': 1380152}, {'name': '香港中央结算有限公司', 'rank': 10, 'ratio': 0.34, 'change': '', 'shares': 1805919}, {'name': '香港中央结算有限公司', 'rank': 10, 'ratio': 0.33, 'change': '', 'shares': 1762427}, {'name': '招商银行股份有限公司-南方中证1000交易型开放式指数证券投资基金', 'rank': 10, 'ratio': 0.57, 'change': '新进', 'shares': 3035000}, {'name': '中国工商银行股份有限公司-南方中证全指房地产交易型开放式指数证券投资基金', 'rank': 10, 'ratio': 0.39, 'change': '', 'shares': 2092422}, {'name': '广州期货股份有限公司-广州期货北海1号资产管理计划', 'rank': 10, 'ratio': 1.22, 'change': '', 'shares': 4780700}, {'name': '深圳宝达金融服务有限公司', 'rank': 10, 'ratio': 1.22, 'change': '', 'shares': 4750000}]",[],0.0000,0,2026-06-06 04:49:14.116271+00:00
1511,000048,2025-12-31,18044,9.2800,"[{'name': '上海肇达投资咨询有限公司', 'rank': 11, 'ratio': 0.841790615297, 'change': '', 'shares': 3289454}, {'name': '华润深国投信托有限公司-润之信18期集合资金信托计划', 'rank': 10, 'ratio': 1.22, 'change': '新进', 'shares': 4750000}, {'name': '银华基金管理股份有限公司-社保基金1105组合', 'rank': 10, 'ratio': 0.33, 'change': '新进', 'shares': 1720278}, {'name': '深圳市钜盛华股份有限公司', 'rank': 10, 'ratio': 0.34, 'change': '新进', 'shares': 1380152}, {'name': '香港中央结算有限公司', 'rank': 10, 'ratio': 0.34, 'change': '', 'shares': 1805919}, {'name': '香港中央结算有限公司', 'rank': 10, 'ratio': 0.33, 'change': '', 'shares': 1762427}, {'name': '招商银行股份有限公司-南方中证1000交易型开放式指数证券投资基金', 'rank': 10, 'ratio': 0.57, 'change': '新进', 'shares': 3035000}, {'name': '中国工商银行股份有限公司-南方中证全指房地产交易型开放式指数证券投资基金', 'rank': 10, 'ratio': 0.39, 'change': '', 'shares': 2092422}, {'name': '广州期货股份有限公司-广州期货北海1号资产管理计划', 'rank': 10, 'ratio': 1.22, 'change': '', 'shares': 4780700}, {'name': '深圳宝达金融服务有限公司', 'rank': 10, 'ratio': 1.22, 'change': '', 'shares': 4750000}]",[],0.0000,0,2026-06-06 04:49:14.116271+00:00
1512,000048,2025-09-30,16511,2.4400,"[{'name': '上海肇达投资咨询有限公司', 'rank': 11, 'ratio': 0.841790615297, 'change': '', 'shares': 3289454}, {'name': '华润深国投信托有限公司-润之信18期集合资金信托计划', 'rank': 10, 'ratio': 1.22, 'change': '新进', 'shares': 4750000}, {'name': '银华基金管理股份有限公司-社保基金1105组合', 'rank': 10, 'ratio': 0.33, 'change': '新进', 'shares': 1720278}, {'name': '深圳市钜盛华股份有限公司', 'rank': 10, 'ratio': 0.34, 'change': '新进', 'shares': 1380152}, {'name': '香港中央结算有限公司', 'rank': 10, 'ratio': 0.34, 'change': '', 'shares': 1805919}, {'name': '香港中央结算有限公司', 'rank': 10, 'ratio': 0.33, 'change': '', 'shares': 1762427}, {'name': '招商银行股份有限公司-南方中证1000交易型开放式指数证券投资基金', 'rank': 10, 'ratio': 0.57, 'change': '新进', 'shares': 3035000}, {'name': '中国工商银行股份有限公司-南方中证全指房地产交易型开放式指数证券投资基金', 'rank': 10, 'ratio': 0.39, 'change': '', 'shares': 2092422}, {'name': '广州期货股份有限公司-广州期货北海1号资产管理计划', 'rank': 10, 'ratio': 1.22, 'change': '', 'shares': 4780700}, {'name': '深圳宝达金融服务有限公司', 'rank': 10, 'ratio': 1.22, 'change': '', 'shares': 4750000}]",[],0.0000,0,2026-06-06 04:49:14.116271+00:00
1513,000048,2025-06-30,16118,7.6600,"[{'name': '上海肇达投资咨询有限公司', 'rank': 11, 'ratio': 0.841790615297, 'change': '', 'shares': 3289454}, {'name': '华润深国投信托有限公司-润之信18期集合资金信托计划', 'rank': 10, 'ratio': 1.22, 'change': '新进', 'shares': 4750000}, {'name': '银华基金管理股份有限公司-社保基金1105组合', 'rank': 10, 'ratio': 0.33, 'change': '新进', 'shares': 1720278}, {'name': '深圳市钜盛华股份有限公司', 'rank': 10, 'ratio': 0.34, 'change': '新进', 'shares': 1380152}, {'name': '香港中央结算有限公司', 'rank': 10, 'ratio': 0.34, 'change': '', 'shares': 1805919}, {'name': '香港中央结算有限公司', 'rank': 10, 'ratio': 0.33, 'change': '', 'shares': 1762427}, {'name': '招商银行股份有限公司-南方中证1000交易型开放式指数证券投资基金', 'rank': 10, 'ratio': 0.57, 'change': '新进', 'shares': 3035000}, {'name': '中国工商银行股份有限公司-南方中证全指房地产交易型开放式指数证券投资基金', 'rank': 10, 'ratio': 0.39, 'change': '', 'shares': 2092422}, {'name': '广州期货股份有限公司-广州期货北海1号资产管理计划', 'rank': 10, 'ratio': 1.22, 'change': '', 'shares': 4780700}, {'name': '深圳宝达金融服务有限公司', 'rank': 10, 'ratio': 1.22, 'change': '', 'shares': 4750000}]",[],0.0000,0,2026-06-06 04:49:14.116271+00:00
1514,000048,2025-03-31,14971,-5.6500,"[{'name': '上海肇达投资咨询有限公司', 'rank': 11, 'ratio': 0.841790615297, 'change': '', 'shares': 3289454}, {'name': '华润深国投信托有限公司-润之信18期集合资金信托计划', 'rank': 10, 'ratio': 1.22, 'change': '新进', 'shares': 4750000}, {'name': '银华基金管理股份有限公司-社保基金1105组合', 'rank': 10, 'ratio': 0.33, 'change': '新进', 'shares': 1720278}, {'name': '深圳市钜盛华股份有限公司', 'rank': 10, 'ratio': 0.34, 'change': '新进', 'shares': 1380152}, {'name': '香港中央结算有限公司', 'rank': 10, 'ratio': 0.34, 'change': '', 'shares': 1805919}, {'name': '香港中央结算有限公司', 'rank': 10, 'ratio': 0.33, 'change': '', 'shares': 1762427}, {'name': '招商银行股份有限公司-南方中证1000交易型开放式指数证券投资基金', 'rank': 10, 'ratio': 0.57, 'change': '新进', 'shares': 3035000}, {'name': '中国工商银行股份有限公司-南方中证全指房地产交易型开放式指数证券投资基金', 'rank': 10, 'ratio': 0.39, 'change': '', 'shares': 2092422}, {'name': '广州期货股份有限公司-广州期货北海1号资产管理计划', 'rank': 10, 'ratio': 1.22, 'change': '', 'shares': 4780700}, {'name': '深圳宝达金融服务有限公司', 'rank': 10, 'ratio': 1.22, 'change': '', 'shares': 4750000}]",[],0.0000,0,2026-06-06 04:49:14.116271+00:00
1515,000048,2025-02-28,15867,24.4700,"[{'name': '上海肇达投资咨询有限公司', 'rank': 11, 'ratio': 0.841790615297, 'change': '', 'shares': 3289454}, {'name': '华润深国投信托有限公司-润之信18期集合资金信托计划', 'rank': 10, 'ratio': 1.22, 'change': '新进', 'shares': 4750000}, {'name': '银华基金管理股份有限公司-社保基金1105组合', 'rank': 10, 'ratio': 0.33, 'change': '新进', 'shares': 1720278}, {'name': '深圳市钜盛华股份有限公司', 'rank': 10, 'ratio': 0.34, 'change': '新进', 'shares': 1380152}, {'name': '香港中央结算有限公司', 'rank': 10, 'ratio': 0.34, 'change': '', 'shares': 1805919}, {'name': '香港中央结算有限公司', 'rank': 10, 'ratio': 0.33, 'change': '', 'shares': 1762427}, {'name': '招商银行股份有限公司-南方中证1000交易型开放式指数证券投资基金', 'rank': 10, 'ratio': 0.57, 'change': '新进', 'shares': 3035000}, {'name': '中国工商银行股份有限公司-南方中证全指房地产交易型开放式指数证券投资基金', 'rank': 10, 'ratio': 0.39, 'change': '', 'shares': 2092422}, {'name': '广州期货股份有限公司-广州期货北海1号资产管理计划', 'rank': 10, 'ratio': 1.22, 'change': '', 'shares': 4780700}, {'name': '深圳宝达金融服务有限公司', 'rank': 10, 'ratio': 1.22, 'change': '', 'shares': 4750000}]",[],0.0000,0,2026-06-06 04:49:14.116271+00:00
1516,000048,2024-12-31,12748,-10.2400,"[{'name': '上海肇达投资咨询有限公司', 'rank': 11, 'ratio': 0.841790615297, 'change': '', 'shares': 3289454}, {'name': '华润深国投信托有限公司-润之信18期集合资金信托计划', 'rank': 10, 'ratio': 1.22, 'change': '新进', 'shares': 4750000}, {'name': '银华基金管理股份有限公司-社保基金1105组合', 'rank': 10, 'ratio': 0.33, 'change': '新进', 'shares': 1720278}, {'name': '深圳市钜盛华股份有限公司', 'rank': 10, 'ratio': 0.34, 'change': '新进', 'shares': 1380152}, {'name': '香港中央结算有限公司', 'rank': 10, 'ratio': 0.34, 'change': '', 'shares': 1805919}, {'name': '香港中央结算有限公司', 'rank': 10, 'ratio': 0.33, 'change': '', 'shares': 1762427}, {'name': '招商银行股份有限公司-南方中证1000交易型开放式指数证券投资基金', 'rank': 10, 'ratio': 0.57, 'change': '新进', 'shares': 3035000}, {'name': '中国工商银行股份有限公司-南方中证全指房地产交易型开放式指数证券投资基金', 'rank': 10, 'ratio': 0.39, 'change': '', 'shares': 2092422}, {'name': '广州期货股份有限公司-广州期货北海1号资产管理计划', 'rank': 10, 'ratio': 1.22, 'change': '', 'shares': 4780700}, {'name': '深圳宝达金融服务有限公司', 'rank': 10, 'ratio': 1.22, 'change': '', 'shares': 4750000}]",[],0.0000,0,2026-06-06 04:49:14.116271+00:00
1517,000048,2024-09-30,14203,-14.1100,"[{'name': '上海肇达投资咨询有限公司', 'rank': 11, 'ratio': 0.841790615297, 'change': '', 'shares': 3289454}, {'name': '华润深国投信托有限公司-润之信18期集合资金信托计划', 'rank': 10, 'ratio': 1.22, 'change': '新进', 'shares': 4750000}, {'name': '银华基金管理股份有限公司-社保基金1105组合', 'rank': 10, 'ratio': 0.33, 'change': '新进', 'shares': 1720278}, {'name': '深圳市钜盛华股份有限公司', 'rank': 10, 'ratio': 0.34, 'change': '新进', 'shares': 1380152}, {'name': '香港中央结算有限公司', 'rank': 10, 'ratio': 0.34, 'change': '', 'shares': 1805919}, {'name': '香港中央结算有限公司', 'rank': 10, 'ratio': 0.33, 'change': '', 'shares': 1762427}, {'name': '招商银行股份有限公司-南方中证1000交易型开放式指数证券投资基金', 'rank': 10, 'ratio': 0.57, 'change': '新进', 'shares': 3035000}, {'name': '中国工商银行股份有限公司-南方中证全指房地产交易型开放式指数证券投资基金', 'rank': 10, 'ratio': 0.39, 'change': '', 'shares': 2092422}, {'name': '广州期货股份有限公司-广州期货北海1号资产管理计划', 'rank': 10, 'ratio': 1.22, 'change': '', 'shares': 4780700}, {'name': '深圳宝达金融服务有限公司', 'rank': 10, 'ratio': 1.22, 'change': '', 'shares': 4750000}]",[],0.0000,0,2026-06-06 04:49:14.116271+00:00
1518,000048,2024-06-30,16537,-7.5600,"[{'name': '上海肇达投资咨询有限公司', 'rank': 11, 'ratio': 0.841790615297, 'change': '', 'shares': 3289454}, {'name': '华润深国投信托有限公司-润之信18期集合资金信托计划', 'rank': 10, 'ratio': 1.22, 'change': '新进', 'shares': 4750000}, {'name': '银华基金管理股份有限公司-社保基金1105组合', 'rank': 10, 'ratio': 0.33, 'change': '新进', 'shares': 1720278}, {'name': '深圳市钜盛华股份有限公司', 'rank': 10, 'ratio': 0.34, 'change': '新进', 'shares': 1380152}, {'name': '香港中央结算有限公司', 'rank': 10, 'ratio': 0.34, 'change': '', 'shares': 1805919}, {'name': '香港中央结算有限公司', 'rank': 10, 'ratio': 0.33, 'change': '', 'shares': 1762427}, {'name': '招商银行股份有限公司-南方中证1000交易型开放式指数证券投资基金', 'rank': 10, 'ratio': 0.57, 'change': '新进', 'shares': 3035000}, {'name': '中国工商银行股份有限公司-南方中证全指房地产交易型开放式指数证券投资基金', 'rank': 10, 'ratio': 0.39, 'change': '', 'shares': 2092422}, {'name': '广州期货股份有限公司-广州期货北海1号资产管理计划', 'rank': 10, 'ratio': 1.22, 'change': '', 'shares': 4780700}, {'name': '深圳宝达金融服务有限公司', 'rank': 10, 'ratio': 1.22, 'change': '', 'shares': 4750000}]",[],0.0000,0,2026-06-06 04:49:14.116271+00:00
1519,000048,2024-03-31,17889,0.0000,"[{'name': '上海肇达投资咨询有限公司', 'rank': 11, 'ratio': 0.841790615297, 'change': '', 'shares': 3289454}, {'name': '华润深国投信托有限公司-润之信18期集合资金信托计划', 'rank': 10, 'ratio': 1.22, 'change': '新进', 'shares': 4750000}, {'name': '银华基金管理股份有限公司-社保基金1105组合', 'rank': 10, 'ratio': 0.33, 'change': '新进', 'shares': 1720278}, {'name': '深圳市钜盛华股份有限公司', 'rank': 10, 'ratio': 0.34, 'change': '新进', 'shares': 1380152}, {'name': '香港中央结算有限公司', 'rank': 10, 'ratio': 0.34, 'change': '', 'shares': 1805919}, {'name': '香港中央结算有限公司', 'rank': 10, 'ratio': 0.33, 'change': '', 'shares': 1762427}, {'name': '招商银行股份有限公司-南方中证1000交易型开放式指数证券投资基金', 'rank': 10, 'ratio': 0.57, 'change': '新进', 'shares': 3035000}, {'name': '中国工商银行股份有限公司-南方中证全指房地产交易型开放式指数证券投资基金', 'rank': 10, 'ratio': 0.39, 'change': '', 'shares': 2092422}, {'name': '广州期货股份有限公司-广州期货北海1号资产管理计划', 'rank': 10, 'ratio': 1.22, 'change': '', 'shares': 4780700}, {'name': '深圳宝达金融服务有限公司', 'rank': 10, 'ratio': 1.22, 'change': '', 'shares': 4750000}]",[],0.0000,0,2026-06-06 04:49:14.116271+00:00
1520,000049,2026-05-20,56746,-3.2100,"[{'name': '中国工商银行股份有限公司-易方达科翔混合型证券投资基金', 'rank': 10, 'ratio': 0.62, 'change': '加仓', 'shares': 1263437}, {'name': '招商银行股份有限公司-汇添富数字经济引领发展三年持有期混合型证券投资基金', 'rank': 10, 'ratio': 0.47, 'change': '新进', 'shares': 1423261}, {'name': '中国银行股份有限公司-嘉实新能源新材料股票型证券投资基金', 'rank': 10, 'ratio': 1.17, 'change': '加仓', 'shares': 2418772}, {'name': '中国银行股份有限公司-嘉实新能源新材料股票型证券投资基金', 'rank': 10, 'ratio': 1.01, 'change': '加仓', 'shares': 2092629}, {'name': '华泰证券股份有限公司', 'rank': 10, 'ratio': 0.23, 'change': '新进', 'shares': 897185}, {'name': '汇添富基金管理股份有限公司-社保基金一五零二组合', 'rank': 10, 'ratio': 0.49, 'change': '新进', 'shares': 1007300}, {'name': '中国建设银行股份有限公司-信诚精萃成长混合型证券投资基金', 'rank': 10, 'ratio': 0.49, 'change': '新进', 'shares': 1000000}, {'name': '全国社保基金四零一组合', 'rank': 10, 'ratio': 0.46, 'change': '新进', 'shares': 1382500}, {'name': '中国工商银行股份有限公司-嘉实新机遇灵活配置混合型发起式证券投资基金', 'rank': 10, 'ratio': 0.58, 'change': '', 'shares': 1180994}, {'name': '上海银行股份有限公司-中欧产业前瞻混合型证券投资基金', 'rank': 10, 'ratio': 1.0, 'change': '新进', 'shares': 2999923}]",[],0.0000,0,2026-06-06 04:49:14.116271+00:00
1521,000049,2026-05-08,58629,0.5200,"[{'name': '中国工商银行股份有限公司-易方达科翔混合型证券投资基金', 'rank': 10, 'ratio': 0.62, 'change': '加仓', 'shares': 1263437}, {'name': '招商银行股份有限公司-汇添富数字经济引领发展三年持有期混合型证券投资基金', 'rank': 10, 'ratio': 0.47, 'change': '新进', 'shares': 1423261}, {'name': '中国银行股份有限公司-嘉实新能源新材料股票型证券投资基金', 'rank': 10, 'ratio': 1.17, 'change': '加仓', 'shares': 2418772}, {'name': '中国银行股份有限公司-嘉实新能源新材料股票型证券投资基金', 'rank': 10, 'ratio': 1.01, 'change': '加仓', 'shares': 2092629}, {'name': '华泰证券股份有限公司', 'rank': 10, 'ratio': 0.23, 'change': '新进', 'shares': 897185}, {'name': '汇添富基金管理股份有限公司-社保基金一五零二组合', 'rank': 10, 'ratio': 0.49, 'change': '新进', 'shares': 1007300}, {'name': '中国建设银行股份有限公司-信诚精萃成长混合型证券投资基金', 'rank': 10, 'ratio': 0.49, 'change': '新进', 'shares': 1000000}, {'name': '全国社保基金四零一组合', 'rank': 10, 'ratio': 0.46, 'change': '新进', 'shares': 1382500}, {'name': '中国工商银行股份有限公司-嘉实新机遇灵活配置混合型发起式证券投资基金', 'rank': 10, 'ratio': 0.58, 'change': '', 'shares': 1180994}, {'name': '上海银行股份有限公司-中欧产业前瞻混合型证券投资基金', 'rank': 10, 'ratio': 1.0, 'change': '新进', 'shares': 2999923}]",[],0.0000,0,2026-06-06 04:49:14.116271+00:00
1522,000049,2026-04-30,58323,11.8900,"[{'name': '中国工商银行股份有限公司-易方达科翔混合型证券投资基金', 'rank': 10, 'ratio': 0.62, 'change': '加仓', 'shares': 1263437}, {'name': '招商银行股份有限公司-汇添富数字经济引领发展三年持有期混合型证券投资基金', 'rank': 10, 'ratio': 0.47, 'change': '新进', 'shares': 1423261}, {'name': '中国银行股份有限公司-嘉实新能源新材料股票型证券投资基金', 'rank': 10, 'ratio': 1.17, 'change': '加仓', 'shares': 2418772}, {'name': '中国银行股份有限公司-嘉实新能源新材料股票型证券投资基金', 'rank': 10, 'ratio': 1.01, 'change': '加仓', 'shares': 2092629}, {'name': '华泰证券股份有限公司', 'rank': 10, 'ratio': 0.23, 'change': '新进', 'shares': 897185}, {'name': '汇添富基金管理股份有限公司-社保基金一五零二组合', 'rank': 10, 'ratio': 0.49, 'change': '新进', 'shares': 1007300}, {'name': '中国建设银行股份有限公司-信诚精萃成长混合型证券投资基金', 'rank': 10, 'ratio': 0.49, 'change': '新进', 'shares': 1000000}, {'name': '全国社保基金四零一组合', 'rank': 10, 'ratio': 0.46, 'change': '新进', 'shares': 1382500}, {'name': '中国工商银行股份有限公司-嘉实新机遇灵活配置混合型发起式证券投资基金', 'rank': 10, 'ratio': 0.58, 'change': '', 'shares': 1180994}, {'name': '上海银行股份有限公司-中欧产业前瞻混合型证券投资基金', 'rank': 10, 'ratio': 1.0, 'change': '新进', 'shares': 2999923}]",[],0.0000,0,2026-06-06 04:49:14.116271+00:00
1523,000049,2026-04-20,52124,-5.9200,"[{'name': '中国工商银行股份有限公司-易方达科翔混合型证券投资基金', 'rank': 10, 'ratio': 0.62, 'change': '加仓', 'shares': 1263437}, {'name': '招商银行股份有限公司-汇添富数字经济引领发展三年持有期混合型证券投资基金', 'rank': 10, 'ratio': 0.47, 'change': '新进', 'shares': 1423261}, {'name': '中国银行股份有限公司-嘉实新能源新材料股票型证券投资基金', 'rank': 10, 'ratio': 1.17, 'change': '加仓', 'shares': 2418772}, {'name': '中国银行股份有限公司-嘉实新能源新材料股票型证券投资基金', 'rank': 10, 'ratio': 1.01, 'change': '加仓', 'shares': 2092629}, {'name': '华泰证券股份有限公司', 'rank': 10, 'ratio': 0.23, 'change': '新进', 'shares': 897185}, {'name': '汇添富基金管理股份有限公司-社保基金一五零二组合', 'rank': 10, 'ratio': 0.49, 'change': '新进', 'shares': 1007300}, {'name': '中国建设银行股份有限公司-信诚精萃成长混合型证券投资基金', 'rank': 10, 'ratio': 0.49, 'change': '新进', 'shares': 1000000}, {'name': '全国社保基金四零一组合', 'rank': 10, 'ratio': 0.46, 'change': '新进', 'shares': 1382500}, {'name': '中国工商银行股份有限公司-嘉实新机遇灵活配置混合型发起式证券投资基金', 'rank': 10, 'ratio': 0.58, 'change': '', 'shares': 1180994}, {'name': '上海银行股份有限公司-中欧产业前瞻混合型证券投资基金', 'rank': 10, 'ratio': 1.0, 'change': '新进', 'shares': 2999923}]",[],0.0000,0,2026-06-06 04:49:14.116271+00:00
1524,000049,2026-04-10,55401,-4.8800,"[{'name': '中国工商银行股份有限公司-易方达科翔混合型证券投资基金', 'rank': 10, 'ratio': 0.62, 'change': '加仓', 'shares': 1263437}, {'name': '招商银行股份有限公司-汇添富数字经济引领发展三年持有期混合型证券投资基金', 'rank': 10, 'ratio': 0.47, 'change': '新进', 'shares': 1423261}, {'name': '中国银行股份有限公司-嘉实新能源新材料股票型证券投资基金', 'rank': 10, 'ratio': 1.17, 'change': '加仓', 'shares': 2418772}, {'name': '中国银行股份有限公司-嘉实新能源新材料股票型证券投资基金', 'rank': 10, 'ratio': 1.01, 'change': '加仓', 'shares': 2092629}, {'name': '华泰证券股份有限公司', 'rank': 10, 'ratio': 0.23, 'change': '新进', 'shares': 897185}, {'name': '汇添富基金管理股份有限公司-社保基金一五零二组合', 'rank': 10, 'ratio': 0.49, 'change': '新进', 'shares': 1007300}, {'name': '中国建设银行股份有限公司-信诚精萃成长混合型证券投资基金', 'rank': 10, 'ratio': 0.49, 'change': '新进', 'shares': 1000000}, {'name': '全国社保基金四零一组合', 'rank': 10, 'ratio': 0.46, 'change': '新进', 'shares': 1382500}, {'name': '中国工商银行股份有限公司-嘉实新机遇灵活配置混合型发起式证券投资基金', 'rank': 10, 'ratio': 0.58, 'change': '', 'shares': 1180994}, {'name': '上海银行股份有限公司-中欧产业前瞻混合型证券投资基金', 'rank': 10, 'ratio': 1.0, 'change': '新进', 'shares': 2999923}]",[],0.0000,0,2026-06-06 04:49:14.116271+00:00
1525,000049,2026-03-31,58246,8.3000,"[{'name': '中国工商银行股份有限公司-易方达科翔混合型证券投资基金', 'rank': 10, 'ratio': 0.62, 'change': '加仓', 'shares': 1263437}, {'name': '招商银行股份有限公司-汇添富数字经济引领发展三年持有期混合型证券投资基金', 'rank': 10, 'ratio': 0.47, 'change': '新进', 'shares': 1423261}, {'name': '中国银行股份有限公司-嘉实新能源新材料股票型证券投资基金', 'rank': 10, 'ratio': 1.17, 'change': '加仓', 'shares': 2418772}, {'name': '中国银行股份有限公司-嘉实新能源新材料股票型证券投资基金', 'rank': 10, 'ratio': 1.01, 'change': '加仓', 'shares': 2092629}, {'name': '华泰证券股份有限公司', 'rank': 10, 'ratio': 0.23, 'change': '新进', 'shares': 897185}, {'name': '汇添富基金管理股份有限公司-社保基金一五零二组合', 'rank': 10, 'ratio': 0.49, 'change': '新进', 'shares': 1007300}, {'name': '中国建设银行股份有限公司-信诚精萃成长混合型证券投资基金', 'rank': 10, 'ratio': 0.49, 'change': '新进', 'shares': 1000000}, {'name': '全国社保基金四零一组合', 'rank': 10, 'ratio': 0.46, 'change': '新进', 'shares': 1382500}, {'name': '中国工商银行股份有限公司-嘉实新机遇灵活配置混合型发起式证券投资基金', 'rank': 10, 'ratio': 0.58, 'change': '', 'shares': 1180994}, {'name': '上海银行股份有限公司-中欧产业前瞻混合型证券投资基金', 'rank': 10, 'ratio': 1.0, 'change': '新进', 'shares': 2999923}]",[],0.0000,0,2026-06-06 04:49:14.116271+00:00
1526,000049,2026-03-20,53780,-3.9000,"[{'name': '中国工商银行股份有限公司-易方达科翔混合型证券投资基金', 'rank': 10, 'ratio': 0.62, 'change': '加仓', 'shares': 1263437}, {'name': '招商银行股份有限公司-汇添富数字经济引领发展三年持有期混合型证券投资基金', 'rank': 10, 'ratio': 0.47, 'change': '新进', 'shares': 1423261}, {'name': '中国银行股份有限公司-嘉实新能源新材料股票型证券投资基金', 'rank': 10, 'ratio': 1.17, 'change': '加仓', 'shares': 2418772}, {'name': '中国银行股份有限公司-嘉实新能源新材料股票型证券投资基金', 'rank': 10, 'ratio': 1.01, 'change': '加仓', 'shares': 2092629}, {'name': '华泰证券股份有限公司', 'rank': 10, 'ratio': 0.23, 'change': '新进', 'shares': 897185}, {'name': '汇添富基金管理股份有限公司-社保基金一五零二组合', 'rank': 10, 'ratio': 0.49, 'change': '新进', 'shares': 1007300}, {'name': '中国建设银行股份有限公司-信诚精萃成长混合型证券投资基金', 'rank': 10, 'ratio': 0.49, 'change': '新进', 'shares': 1000000}, {'name': '全国社保基金四零一组合', 'rank': 10, 'ratio': 0.46, 'change': '新进', 'shares': 1382500}, {'name': '中国工商银行股份有限公司-嘉实新机遇灵活配置混合型发起式证券投资基金', 'rank': 10, 'ratio': 0.58, 'change': '', 'shares': 1180994}, {'name': '上海银行股份有限公司-中欧产业前瞻混合型证券投资基金', 'rank': 10, 'ratio': 1.0, 'change': '新进', 'shares': 2999923}]",[],0.0000,0,2026-06-06 04:49:14.116271+00:00
1527,000049,2026-03-10,55963,-0.9600,"[{'name': '中国工商银行股份有限公司-易方达科翔混合型证券投资基金', 'rank': 10, 'ratio': 0.62, 'change': '加仓', 'shares': 1263437}, {'name': '招商银行股份有限公司-汇添富数字经济引领发展三年持有期混合型证券投资基金', 'rank': 10, 'ratio': 0.47, 'change': '新进', 'shares': 1423261}, {'name': '中国银行股份有限公司-嘉实新能源新材料股票型证券投资基金', 'rank': 10, 'ratio': 1.17, 'change': '加仓', 'shares': 2418772}, {'name': '中国银行股份有限公司-嘉实新能源新材料股票型证券投资基金', 'rank': 10, 'ratio': 1.01, 'change': '加仓', 'shares': 2092629}, {'name': '华泰证券股份有限公司', 'rank': 10, 'ratio': 0.23, 'change': '新进', 'shares': 897185}, {'name': '汇添富基金管理股份有限公司-社保基金一五零二组合', 'rank': 10, 'ratio': 0.49, 'change': '新进', 'shares': 1007300}, {'name': '中国建设银行股份有限公司-信诚精萃成长混合型证券投资基金', 'rank': 10, 'ratio': 0.49, 'change': '新进', 'shares': 1000000}, {'name': '全国社保基金四零一组合', 'rank': 10, 'ratio': 0.46, 'change': '新进', 'shares': 1382500}, {'name': '中国工商银行股份有限公司-嘉实新机遇灵活配置混合型发起式证券投资基金', 'rank': 10, 'ratio': 0.58, 'change': '', 'shares': 1180994}, {'name': '上海银行股份有限公司-中欧产业前瞻混合型证券投资基金', 'rank': 10, 'ratio': 1.0, 'change': '新进', 'shares': 2999923}]",[],0.0000,0,2026-06-06 04:49:14.116271+00:00
1528,000049,2026-02-27,56505,-0.2800,"[{'name': '中国工商银行股份有限公司-易方达科翔混合型证券投资基金', 'rank': 10, 'ratio': 0.62, 'change': '加仓', 'shares': 1263437}, {'name': '招商银行股份有限公司-汇添富数字经济引领发展三年持有期混合型证券投资基金', 'rank': 10, 'ratio': 0.47, 'change': '新进', 'shares': 1423261}, {'name': '中国银行股份有限公司-嘉实新能源新材料股票型证券投资基金', 'rank': 10, 'ratio': 1.17, 'change': '加仓', 'shares': 2418772}, {'name': '中国银行股份有限公司-嘉实新能源新材料股票型证券投资基金', 'rank': 10, 'ratio': 1.01, 'change': '加仓', 'shares': 2092629}, {'name': '华泰证券股份有限公司', 'rank': 10, 'ratio': 0.23, 'change': '新进', 'shares': 897185}, {'name': '汇添富基金管理股份有限公司-社保基金一五零二组合', 'rank': 10, 'ratio': 0.49, 'change': '新进', 'shares': 1007300}, {'name': '中国建设银行股份有限公司-信诚精萃成长混合型证券投资基金', 'rank': 10, 'ratio': 0.49, 'change': '新进', 'shares': 1000000}, {'name': '全国社保基金四零一组合', 'rank': 10, 'ratio': 0.46, 'change': '新进', 'shares': 1382500}, {'name': '中国工商银行股份有限公司-嘉实新机遇灵活配置混合型发起式证券投资基金', 'rank': 10, 'ratio': 0.58, 'change': '', 'shares': 1180994}, {'name': '上海银行股份有限公司-中欧产业前瞻混合型证券投资基金', 'rank': 10, 'ratio': 1.0, 'change': '新进', 'shares': 2999923}]",[],0.0000,0,2026-06-06 04:49:14.116271+00:00
1529,000049,2026-02-13,56662,0.0000,"[{'name': '中国工商银行股份有限公司-易方达科翔混合型证券投资基金', 'rank': 10, 'ratio': 0.62, 'change': '加仓', 'shares': 1263437}, {'name': '招商银行股份有限公司-汇添富数字经济引领发展三年持有期混合型证券投资基金', 'rank': 10, 'ratio': 0.47, 'change': '新进', 'shares': 1423261}, {'name': '中国银行股份有限公司-嘉实新能源新材料股票型证券投资基金', 'rank': 10, 'ratio': 1.17, 'change': '加仓', 'shares': 2418772}, {'name': '中国银行股份有限公司-嘉实新能源新材料股票型证券投资基金', 'rank': 10, 'ratio': 1.01, 'change': '加仓', 'shares': 2092629}, {'name': '华泰证券股份有限公司', 'rank': 10, 'ratio': 0.23, 'change': '新进', 'shares': 897185}, {'name': '汇添富基金管理股份有限公司-社保基金一五零二组合', 'rank': 10, 'ratio': 0.49, 'change': '新进', 'shares': 1007300}, {'name': '中国建设银行股份有限公司-信诚精萃成长混合型证券投资基金', 'rank': 10, 'ratio': 0.49, 'change': '新进', 'shares': 1000000}, {'name': '全国社保基金四零一组合', 'rank': 10, 'ratio': 0.46, 'change': '新进', 'shares': 1382500}, {'name': '中国工商银行股份有限公司-嘉实新机遇灵活配置混合型发起式证券投资基金', 'rank': 10, 'ratio': 0.58, 'change': '', 'shares': 1180994}, {'name': '上海银行股份有限公司-中欧产业前瞻混合型证券投资基金', 'rank': 10, 'ratio': 1.0, 'change': '新进', 'shares': 2999923}]",[],0.0000,0,2026-06-06 04:49:14.116271+00:00
1530,000050,2026-05-20,77139,-0.2900,"[{'name': '华夏人寿保险股份有限公司-万能保险产品', 'rank': 10, 'ratio': 0.96, 'change': '', 'shares': 13497017}, {'name': '全国社保基金一一三组合', 'rank': 10, 'ratio': 0.94, 'change': '', 'shares': 13221258}, {'name': '北京泰生鸿明投资中心(有限合伙)', 'rank': 10, 'ratio': 1.35, 'change': '', 'shares': 18936026}, {'name': '中国航空技术厦门有限公司', 'rank': 10, 'ratio': 1.49, 'change': '', 'shares': 36525940}, {'name': '上海光通信公司', 'rank': 10, 'ratio': 1.39, 'change': '新进', 'shares': 14090730}, {'name': '国际金融-汇丰- MORGAN STANLEY &CO. INTERNATIONAL LIMITED', 'rank': 10, 'ratio': 0.56, 'change': '', 'shares': 2126241}, {'name': '深圳市通产集团有限公司', 'rank': 10, 'ratio': 1.51, 'change': '', 'shares': 30926973}, {'name': '香港中央结算有限公司', 'rank': 10, 'ratio': 1.15, 'change': '新进', 'shares': 23482393}, {'name': '中国国有企业结构调整基金股份有限公司', 'rank': 10, 'ratio': 1.49, 'change': '新进', 'shares': 36603221}, {'name': '中国航空技术厦门有限公司', 'rank': 10, 'ratio': 1.49, 'change': '', 'shares': 36525940}]",[],0.0000,0,2026-06-06 04:49:14.116271+00:00
1531,000050,2026-05-08,77362,0.0100,"[{'name': '华夏人寿保险股份有限公司-万能保险产品', 'rank': 10, 'ratio': 0.96, 'change': '', 'shares': 13497017}, {'name': '全国社保基金一一三组合', 'rank': 10, 'ratio': 0.94, 'change': '', 'shares': 13221258}, {'name': '北京泰生鸿明投资中心(有限合伙)', 'rank': 10, 'ratio': 1.35, 'change': '', 'shares': 18936026}, {'name': '中国航空技术厦门有限公司', 'rank': 10, 'ratio': 1.49, 'change': '', 'shares': 36525940}, {'name': '上海光通信公司', 'rank': 10, 'ratio': 1.39, 'change': '新进', 'shares': 14090730}, {'name': '国际金融-汇丰- MORGAN STANLEY &CO. INTERNATIONAL LIMITED', 'rank': 10, 'ratio': 0.56, 'change': '', 'shares': 2126241}, {'name': '深圳市通产集团有限公司', 'rank': 10, 'ratio': 1.51, 'change': '', 'shares': 30926973}, {'name': '香港中央结算有限公司', 'rank': 10, 'ratio': 1.15, 'change': '新进', 'shares': 23482393}, {'name': '中国国有企业结构调整基金股份有限公司', 'rank': 10, 'ratio': 1.49, 'change': '新进', 'shares': 36603221}, {'name': '中国航空技术厦门有限公司', 'rank': 10, 'ratio': 1.49, 'change': '', 'shares': 36525940}]",[],0.0000,0,2026-06-06 04:49:14.116271+00:00
1532,000050,2026-04-30,77354,-1.0900,"[{'name': '华夏人寿保险股份有限公司-万能保险产品', 'rank': 10, 'ratio': 0.96, 'change': '', 'shares': 13497017}, {'name': '全国社保基金一一三组合', 'rank': 10, 'ratio': 0.94, 'change': '', 'shares': 13221258}, {'name': '北京泰生鸿明投资中心(有限合伙)', 'rank': 10, 'ratio': 1.35, 'change': '', 'shares': 18936026}, {'name': '中国航空技术厦门有限公司', 'rank': 10, 'ratio': 1.49, 'change': '', 'shares': 36525940}, {'name': '上海光通信公司', 'rank': 10, 'ratio': 1.39, 'change': '新进', 'shares': 14090730}, {'name': '国际金融-汇丰- MORGAN STANLEY &CO. INTERNATIONAL LIMITED', 'rank': 10, 'ratio': 0.56, 'change': '', 'shares': 2126241}, {'name': '深圳市通产集团有限公司', 'rank': 10, 'ratio': 1.51, 'change': '', 'shares': 30926973}, {'name': '香港中央结算有限公司', 'rank': 10, 'ratio': 1.15, 'change': '新进', 'shares': 23482393}, {'name': '中国国有企业结构调整基金股份有限公司', 'rank': 10, 'ratio': 1.49, 'change': '新进', 'shares': 36603221}, {'name': '中国航空技术厦门有限公司', 'rank': 10, 'ratio': 1.49, 'change': '', 'shares': 36525940}]",[],0.0000,0,2026-06-06 04:49:14.116271+00:00
1753,000725,2024-09-30,1164635,2.6900,"[{'name': '北京国有资本运营管理有限公司', 'rank': 1, 'ratio': 10.79, 'state': '', 'trend': '不变', 'change': '不变', 'shares': 4063333333}, {'name': '香港中央结算有限公司', 'rank': 2, 'ratio': 7.13, 'state': '', 'trend': '减持', 'change': '-332649483', 'shares': 2682567255}, {'name': '北京京东方投资发展有限公司', 'rank': 3, 'ratio': 2.18, 'state': '', 'trend': '不变', 'change': '不变', 'shares': 822092180}, {'name': '北京京国瑞国企改革发展基金(有限合伙)', 'rank': 4, 'ratio': 1.91, 'state': '', 'trend': '不变', 'change': '不变', 'shares': 718132854}, {'name': '中国工商银行股份有限公司-华泰柏瑞沪深300交易型开放式指数证券投资基金', 'rank': 5, 'ratio': 1.88, 'state': '加仓', 'trend': '增持', 'change': '270744500', 'shares': 707161547}, {'name': '合肥建翔投资有限公司', 'rank': 6, 'ratio': 1.77, 'state': '', 'trend': '不变', 'change': '不变', 'shares': 666195772}, {'name': '福清市汇融创业投资集团有限公司', 'rank': 7, 'ratio': 1.43, 'state': '', 'trend': '不变', 'change': '不变', 'shares': 538599640}, {'name': '中国建设银行股份有限公司-易方达沪深300交易型开放式指数发起式证券投资基金', 'rank': 8, 'ratio': 1.25, 'state': '新进', 'trend': '新进', 'change': '新进', 'shares': 470565623}, {'name': '上海高毅资产管理合伙企业(有限合伙)-高毅晓峰2号致信基金', 'rank': 9, 'ratio': 0.94, 'state': '', 'trend': '不变', 'change': '不变', 'shares': 352999919}, {'name': '宁夏日盛高新产业股份有限公司', 'rank': 10, 'ratio': 0.88, 'state': '', 'trend': '不变', 'change': '不变', 'shares': 331487366}]","[{'name': '中国对外经济贸易信托有限公司-外贸信托-高毅晓峰鸿远集合资金信托计划', 'rank': 10, 'ratio': 0.88, 'state': '新进', 'trend': '退出', 'change': '新进', 'shares': 329988907}]",0.0000,32237,2026-06-06 05:34:29.682205+00:00
1534,000050,2026-04-10,78125,0.0400,"[{'name': '华夏人寿保险股份有限公司-万能保险产品', 'rank': 10, 'ratio': 0.96, 'change': '', 'shares': 13497017}, {'name': '全国社保基金一一三组合', 'rank': 10, 'ratio': 0.94, 'change': '', 'shares': 13221258}, {'name': '北京泰生鸿明投资中心(有限合伙)', 'rank': 10, 'ratio': 1.35, 'change': '', 'shares': 18936026}, {'name': '中国航空技术厦门有限公司', 'rank': 10, 'ratio': 1.49, 'change': '', 'shares': 36525940}, {'name': '上海光通信公司', 'rank': 10, 'ratio': 1.39, 'change': '新进', 'shares': 14090730}, {'name': '国际金融-汇丰- MORGAN STANLEY &CO. INTERNATIONAL LIMITED', 'rank': 10, 'ratio': 0.56, 'change': '', 'shares': 2126241}, {'name': '深圳市通产集团有限公司', 'rank': 10, 'ratio': 1.51, 'change': '', 'shares': 30926973}, {'name': '香港中央结算有限公司', 'rank': 10, 'ratio': 1.15, 'change': '新进', 'shares': 23482393}, {'name': '中国国有企业结构调整基金股份有限公司', 'rank': 10, 'ratio': 1.49, 'change': '新进', 'shares': 36603221}, {'name': '中国航空技术厦门有限公司', 'rank': 10, 'ratio': 1.49, 'change': '', 'shares': 36525940}]",[],0.0000,0,2026-06-06 04:49:14.116271+00:00
1535,000050,2026-03-31,78096,4.5300,"[{'name': '华夏人寿保险股份有限公司-万能保险产品', 'rank': 10, 'ratio': 0.96, 'change': '', 'shares': 13497017}, {'name': '全国社保基金一一三组合', 'rank': 10, 'ratio': 0.94, 'change': '', 'shares': 13221258}, {'name': '北京泰生鸿明投资中心(有限合伙)', 'rank': 10, 'ratio': 1.35, 'change': '', 'shares': 18936026}, {'name': '中国航空技术厦门有限公司', 'rank': 10, 'ratio': 1.49, 'change': '', 'shares': 36525940}, {'name': '上海光通信公司', 'rank': 10, 'ratio': 1.39, 'change': '新进', 'shares': 14090730}, {'name': '国际金融-汇丰- MORGAN STANLEY &CO. INTERNATIONAL LIMITED', 'rank': 10, 'ratio': 0.56, 'change': '', 'shares': 2126241}, {'name': '深圳市通产集团有限公司', 'rank': 10, 'ratio': 1.51, 'change': '', 'shares': 30926973}, {'name': '香港中央结算有限公司', 'rank': 10, 'ratio': 1.15, 'change': '新进', 'shares': 23482393}, {'name': '中国国有企业结构调整基金股份有限公司', 'rank': 10, 'ratio': 1.49, 'change': '新进', 'shares': 36603221}, {'name': '中国航空技术厦门有限公司', 'rank': 10, 'ratio': 1.49, 'change': '', 'shares': 36525940}]",[],0.0000,0,2026-06-06 04:49:14.116271+00:00
1536,000050,2026-03-10,74714,2.1800,"[{'name': '华夏人寿保险股份有限公司-万能保险产品', 'rank': 10, 'ratio': 0.96, 'change': '', 'shares': 13497017}, {'name': '全国社保基金一一三组合', 'rank': 10, 'ratio': 0.94, 'change': '', 'shares': 13221258}, {'name': '北京泰生鸿明投资中心(有限合伙)', 'rank': 10, 'ratio': 1.35, 'change': '', 'shares': 18936026}, {'name': '中国航空技术厦门有限公司', 'rank': 10, 'ratio': 1.49, 'change': '', 'shares': 36525940}, {'name': '上海光通信公司', 'rank': 10, 'ratio': 1.39, 'change': '新进', 'shares': 14090730}, {'name': '国际金融-汇丰- MORGAN STANLEY &CO. INTERNATIONAL LIMITED', 'rank': 10, 'ratio': 0.56, 'change': '', 'shares': 2126241}, {'name': '深圳市通产集团有限公司', 'rank': 10, 'ratio': 1.51, 'change': '', 'shares': 30926973}, {'name': '香港中央结算有限公司', 'rank': 10, 'ratio': 1.15, 'change': '新进', 'shares': 23482393}, {'name': '中国国有企业结构调整基金股份有限公司', 'rank': 10, 'ratio': 1.49, 'change': '新进', 'shares': 36603221}, {'name': '中国航空技术厦门有限公司', 'rank': 10, 'ratio': 1.49, 'change': '', 'shares': 36525940}]",[],0.0000,0,2026-06-06 04:49:14.116271+00:00
1537,000050,2026-02-28,73121,0.0000,"[{'name': '华夏人寿保险股份有限公司-万能保险产品', 'rank': 10, 'ratio': 0.96, 'change': '', 'shares': 13497017}, {'name': '全国社保基金一一三组合', 'rank': 10, 'ratio': 0.94, 'change': '', 'shares': 13221258}, {'name': '北京泰生鸿明投资中心(有限合伙)', 'rank': 10, 'ratio': 1.35, 'change': '', 'shares': 18936026}, {'name': '中国航空技术厦门有限公司', 'rank': 10, 'ratio': 1.49, 'change': '', 'shares': 36525940}, {'name': '上海光通信公司', 'rank': 10, 'ratio': 1.39, 'change': '新进', 'shares': 14090730}, {'name': '国际金融-汇丰- MORGAN STANLEY &CO. INTERNATIONAL LIMITED', 'rank': 10, 'ratio': 0.56, 'change': '', 'shares': 2126241}, {'name': '深圳市通产集团有限公司', 'rank': 10, 'ratio': 1.51, 'change': '', 'shares': 30926973}, {'name': '香港中央结算有限公司', 'rank': 10, 'ratio': 1.15, 'change': '新进', 'shares': 23482393}, {'name': '中国国有企业结构调整基金股份有限公司', 'rank': 10, 'ratio': 1.49, 'change': '新进', 'shares': 36603221}, {'name': '中国航空技术厦门有限公司', 'rank': 10, 'ratio': 1.49, 'change': '', 'shares': 36525940}]",[],0.0000,0,2026-06-06 04:49:14.116271+00:00
1538,000050,2026-02-27,73121,-2.8500,"[{'name': '华夏人寿保险股份有限公司-万能保险产品', 'rank': 10, 'ratio': 0.96, 'change': '', 'shares': 13497017}, {'name': '全国社保基金一一三组合', 'rank': 10, 'ratio': 0.94, 'change': '', 'shares': 13221258}, {'name': '北京泰生鸿明投资中心(有限合伙)', 'rank': 10, 'ratio': 1.35, 'change': '', 'shares': 18936026}, {'name': '中国航空技术厦门有限公司', 'rank': 10, 'ratio': 1.49, 'change': '', 'shares': 36525940}, {'name': '上海光通信公司', 'rank': 10, 'ratio': 1.39, 'change': '新进', 'shares': 14090730}, {'name': '国际金融-汇丰- MORGAN STANLEY &CO. INTERNATIONAL LIMITED', 'rank': 10, 'ratio': 0.56, 'change': '', 'shares': 2126241}, {'name': '深圳市通产集团有限公司', 'rank': 10, 'ratio': 1.51, 'change': '', 'shares': 30926973}, {'name': '香港中央结算有限公司', 'rank': 10, 'ratio': 1.15, 'change': '新进', 'shares': 23482393}, {'name': '中国国有企业结构调整基金股份有限公司', 'rank': 10, 'ratio': 1.49, 'change': '新进', 'shares': 36603221}, {'name': '中国航空技术厦门有限公司', 'rank': 10, 'ratio': 1.49, 'change': '', 'shares': 36525940}]",[],0.0000,0,2026-06-06 04:49:14.116271+00:00
1539,000050,2026-02-10,75268,0.0000,"[{'name': '华夏人寿保险股份有限公司-万能保险产品', 'rank': 10, 'ratio': 0.96, 'change': '', 'shares': 13497017}, {'name': '全国社保基金一一三组合', 'rank': 10, 'ratio': 0.94, 'change': '', 'shares': 13221258}, {'name': '北京泰生鸿明投资中心(有限合伙)', 'rank': 10, 'ratio': 1.35, 'change': '', 'shares': 18936026}, {'name': '中国航空技术厦门有限公司', 'rank': 10, 'ratio': 1.49, 'change': '', 'shares': 36525940}, {'name': '上海光通信公司', 'rank': 10, 'ratio': 1.39, 'change': '新进', 'shares': 14090730}, {'name': '国际金融-汇丰- MORGAN STANLEY &CO. INTERNATIONAL LIMITED', 'rank': 10, 'ratio': 0.56, 'change': '', 'shares': 2126241}, {'name': '深圳市通产集团有限公司', 'rank': 10, 'ratio': 1.51, 'change': '', 'shares': 30926973}, {'name': '香港中央结算有限公司', 'rank': 10, 'ratio': 1.15, 'change': '新进', 'shares': 23482393}, {'name': '中国国有企业结构调整基金股份有限公司', 'rank': 10, 'ratio': 1.49, 'change': '新进', 'shares': 36603221}, {'name': '中国航空技术厦门有限公司', 'rank': 10, 'ratio': 1.49, 'change': '', 'shares': 36525940}]",[],0.0000,0,2026-06-06 04:49:14.116271+00:00
1540,000055,2026-03-31,43330,3.1100,"[{'name': '申万宏源证券(香港)有限公司', 'rank': 10, 'ratio': 1.3, 'change': '', 'shares': 10221928}, {'name': '上海银叶投资有限公司-银叶量化对冲1期私募证券投资基金', 'rank': 10, 'ratio': 0.35, 'change': '', 'shares': 3755500}, {'name': 'VANGUARD TOTAL INTERNATIONAL STOCK INDEX FUND', 'rank': 10, 'ratio': 0.54, 'change': '新进', 'shares': 6025958}, {'name': '安信国际证券(香港)有限公司', 'rank': 10, 'ratio': 0.33, 'change': '新进', 'shares': 3757707}, {'name': '云南国际信托有限公司-云霞3期证券投资集合资金信托计划', 'rank': 10, 'ratio': 0.73, 'change': '', 'shares': 8635314}, {'name': 'VANGUARD TOTAL INTERNATIONAL STOCK INDEX FUND', 'rank': 10, 'ratio': 0.43, 'change': '', 'shares': 4600945}, {'name': '第一创业证券-国信证券-共盈大岩量化定增集合资产管理计划', 'rank': 10, 'ratio': 0.82, 'change': '', 'shares': 6438356}, {'name': '上海银叶投资有限公司-银叶量化对冲1期私募证券投资基金', 'rank': 10, 'ratio': 0.35, 'change': '', 'shares': 3755500}, {'name': '第一上海证券有限公司', 'rank': 10, 'ratio': 0.36, 'change': '新进', 'shares': 4001704}, {'name': '上海银叶投资有限公司-银叶量化对冲1期私募证券投资基金', 'rank': 10, 'ratio': 0.35, 'change': '', 'shares': 3755500}]",[],0.0000,0,2026-06-06 04:49:14.116271+00:00
1541,000055,2025-12-31,42025,-6.2900,"[{'name': '申万宏源证券(香港)有限公司', 'rank': 10, 'ratio': 1.3, 'change': '', 'shares': 10221928}, {'name': '上海银叶投资有限公司-银叶量化对冲1期私募证券投资基金', 'rank': 10, 'ratio': 0.35, 'change': '', 'shares': 3755500}, {'name': 'VANGUARD TOTAL INTERNATIONAL STOCK INDEX FUND', 'rank': 10, 'ratio': 0.54, 'change': '新进', 'shares': 6025958}, {'name': '安信国际证券(香港)有限公司', 'rank': 10, 'ratio': 0.33, 'change': '新进', 'shares': 3757707}, {'name': '云南国际信托有限公司-云霞3期证券投资集合资金信托计划', 'rank': 10, 'ratio': 0.73, 'change': '', 'shares': 8635314}, {'name': 'VANGUARD TOTAL INTERNATIONAL STOCK INDEX FUND', 'rank': 10, 'ratio': 0.43, 'change': '', 'shares': 4600945}, {'name': '第一创业证券-国信证券-共盈大岩量化定增集合资产管理计划', 'rank': 10, 'ratio': 0.82, 'change': '', 'shares': 6438356}, {'name': '上海银叶投资有限公司-银叶量化对冲1期私募证券投资基金', 'rank': 10, 'ratio': 0.35, 'change': '', 'shares': 3755500}, {'name': '第一上海证券有限公司', 'rank': 10, 'ratio': 0.36, 'change': '新进', 'shares': 4001704}, {'name': '上海银叶投资有限公司-银叶量化对冲1期私募证券投资基金', 'rank': 10, 'ratio': 0.35, 'change': '', 'shares': 3755500}]",[],0.0000,0,2026-06-06 04:49:14.116271+00:00
1542,000055,2025-09-30,44847,-0.7300,"[{'name': '申万宏源证券(香港)有限公司', 'rank': 10, 'ratio': 1.3, 'change': '', 'shares': 10221928}, {'name': '上海银叶投资有限公司-银叶量化对冲1期私募证券投资基金', 'rank': 10, 'ratio': 0.35, 'change': '', 'shares': 3755500}, {'name': 'VANGUARD TOTAL INTERNATIONAL STOCK INDEX FUND', 'rank': 10, 'ratio': 0.54, 'change': '新进', 'shares': 6025958}, {'name': '安信国际证券(香港)有限公司', 'rank': 10, 'ratio': 0.33, 'change': '新进', 'shares': 3757707}, {'name': '云南国际信托有限公司-云霞3期证券投资集合资金信托计划', 'rank': 10, 'ratio': 0.73, 'change': '', 'shares': 8635314}, {'name': 'VANGUARD TOTAL INTERNATIONAL STOCK INDEX FUND', 'rank': 10, 'ratio': 0.43, 'change': '', 'shares': 4600945}, {'name': '第一创业证券-国信证券-共盈大岩量化定增集合资产管理计划', 'rank': 10, 'ratio': 0.82, 'change': '', 'shares': 6438356}, {'name': '上海银叶投资有限公司-银叶量化对冲1期私募证券投资基金', 'rank': 10, 'ratio': 0.35, 'change': '', 'shares': 3755500}, {'name': '第一上海证券有限公司', 'rank': 10, 'ratio': 0.36, 'change': '新进', 'shares': 4001704}, {'name': '上海银叶投资有限公司-银叶量化对冲1期私募证券投资基金', 'rank': 10, 'ratio': 0.35, 'change': '', 'shares': 3755500}]",[],0.0000,0,2026-06-06 04:49:14.116271+00:00
1754,000725,2024-06-30,1134173,-4.0600,"[{'name': '北京国有资本运营管理有限公司', 'rank': 1, 'ratio': 10.79, 'state': '', 'trend': '新进', 'change': '不变', 'shares': 4063333333}, {'name': '香港中央结算有限公司', 'rank': 2, 'ratio': 8.01, 'state': '加仓', 'trend': '新进', 'change': '390557732', 'shares': 3015216738}, {'name': '北京京东方投资发展有限公司', 'rank': 3, 'ratio': 2.18, 'state': '', 'trend': '新进', 'change': '不变', 'shares': 822092180}, {'name': '北京京国瑞国企改革发展基金(有限合伙)', 'rank': 4, 'ratio': 1.91, 'state': '', 'trend': '新进', 'change': '不变', 'shares': 718132854}, {'name': '合肥建翔投资有限公司', 'rank': 5, 'ratio': 1.77, 'state': '', 'trend': '新进', 'change': '不变', 'shares': 666195772}, {'name': '福清市汇融创业投资集团有限公司', 'rank': 6, 'ratio': 1.43, 'state': '', 'trend': '新进', 'change': '不变', 'shares': 538599640}, {'name': '中国工商银行股份有限公司-华泰柏瑞沪深300交易型开放式指数证券投资基金', 'rank': 7, 'ratio': 1.16, 'state': '加仓', 'trend': '新进', 'change': '31901100', 'shares': 436417047}, {'name': '上海高毅资产管理合伙企业(有限合伙)-高毅晓峰2号致信基金', 'rank': 8, 'ratio': 0.94, 'state': '', 'trend': '新进', 'change': '不变', 'shares': 352999919}, {'name': '宁夏日盛高新产业股份有限公司', 'rank': 9, 'ratio': 0.88, 'state': '新进', 'trend': '新进', 'change': '新进', 'shares': 331487366}, {'name': '中国对外经济贸易信托有限公司-外贸信托-高毅晓峰鸿远集合资金信托计划', 'rank': 10, 'ratio': 0.88, 'state': '新进', 'trend': '新进', 'change': '新进', 'shares': 329988907}]",[],0.0000,33103,2026-06-06 05:34:29.682205+00:00
1755,000725,2024-03-31,1182138,-6.3900,[],[],0.0000,31682,2026-06-06 05:34:29.682205+00:00
1756,000725,2023-12-31,1262795,-2.0400,[],[],0.0000,29659,2026-06-06 05:34:29.682205+00:00
1757,000725,2023-09-30,1289137,0.0000,[],[],0.0000,29441,2026-06-06 05:34:29.682205+00:00
1543,000055,2025-06-30,45179,-1.6900,"[{'name': '申万宏源证券(香港)有限公司', 'rank': 10, 'ratio': 1.3, 'change': '', 'shares': 10221928}, {'name': '上海银叶投资有限公司-银叶量化对冲1期私募证券投资基金', 'rank': 10, 'ratio': 0.35, 'change': '', 'shares': 3755500}, {'name': 'VANGUARD TOTAL INTERNATIONAL STOCK INDEX FUND', 'rank': 10, 'ratio': 0.54, 'change': '新进', 'shares': 6025958}, {'name': '安信国际证券(香港)有限公司', 'rank': 10, 'ratio': 0.33, 'change': '新进', 'shares': 3757707}, {'name': '云南国际信托有限公司-云霞3期证券投资集合资金信托计划', 'rank': 10, 'ratio': 0.73, 'change': '', 'shares': 8635314}, {'name': 'VANGUARD TOTAL INTERNATIONAL STOCK INDEX FUND', 'rank': 10, 'ratio': 0.43, 'change': '', 'shares': 4600945}, {'name': '第一创业证券-国信证券-共盈大岩量化定增集合资产管理计划', 'rank': 10, 'ratio': 0.82, 'change': '', 'shares': 6438356}, {'name': '上海银叶投资有限公司-银叶量化对冲1期私募证券投资基金', 'rank': 10, 'ratio': 0.35, 'change': '', 'shares': 3755500}, {'name': '第一上海证券有限公司', 'rank': 10, 'ratio': 0.36, 'change': '新进', 'shares': 4001704}, {'name': '上海银叶投资有限公司-银叶量化对冲1期私募证券投资基金', 'rank': 10, 'ratio': 0.35, 'change': '', 'shares': 3755500}]",[],0.0000,0,2026-06-06 04:49:14.116271+00:00
1544,000055,2025-03-31,45957,-0.9600,"[{'name': '申万宏源证券(香港)有限公司', 'rank': 10, 'ratio': 1.3, 'change': '', 'shares': 10221928}, {'name': '上海银叶投资有限公司-银叶量化对冲1期私募证券投资基金', 'rank': 10, 'ratio': 0.35, 'change': '', 'shares': 3755500}, {'name': 'VANGUARD TOTAL INTERNATIONAL STOCK INDEX FUND', 'rank': 10, 'ratio': 0.54, 'change': '新进', 'shares': 6025958}, {'name': '安信国际证券(香港)有限公司', 'rank': 10, 'ratio': 0.33, 'change': '新进', 'shares': 3757707}, {'name': '云南国际信托有限公司-云霞3期证券投资集合资金信托计划', 'rank': 10, 'ratio': 0.73, 'change': '', 'shares': 8635314}, {'name': 'VANGUARD TOTAL INTERNATIONAL STOCK INDEX FUND', 'rank': 10, 'ratio': 0.43, 'change': '', 'shares': 4600945}, {'name': '第一创业证券-国信证券-共盈大岩量化定增集合资产管理计划', 'rank': 10, 'ratio': 0.82, 'change': '', 'shares': 6438356}, {'name': '上海银叶投资有限公司-银叶量化对冲1期私募证券投资基金', 'rank': 10, 'ratio': 0.35, 'change': '', 'shares': 3755500}, {'name': '第一上海证券有限公司', 'rank': 10, 'ratio': 0.36, 'change': '新进', 'shares': 4001704}, {'name': '上海银叶投资有限公司-银叶量化对冲1期私募证券投资基金', 'rank': 10, 'ratio': 0.35, 'change': '', 'shares': 3755500}]",[],0.0000,0,2026-06-06 04:49:14.116271+00:00
1545,000055,2024-12-31,46403,-3.4600,"[{'name': '申万宏源证券(香港)有限公司', 'rank': 10, 'ratio': 1.3, 'change': '', 'shares': 10221928}, {'name': '上海银叶投资有限公司-银叶量化对冲1期私募证券投资基金', 'rank': 10, 'ratio': 0.35, 'change': '', 'shares': 3755500}, {'name': 'VANGUARD TOTAL INTERNATIONAL STOCK INDEX FUND', 'rank': 10, 'ratio': 0.54, 'change': '新进', 'shares': 6025958}, {'name': '安信国际证券(香港)有限公司', 'rank': 10, 'ratio': 0.33, 'change': '新进', 'shares': 3757707}, {'name': '云南国际信托有限公司-云霞3期证券投资集合资金信托计划', 'rank': 10, 'ratio': 0.73, 'change': '', 'shares': 8635314}, {'name': 'VANGUARD TOTAL INTERNATIONAL STOCK INDEX FUND', 'rank': 10, 'ratio': 0.43, 'change': '', 'shares': 4600945}, {'name': '第一创业证券-国信证券-共盈大岩量化定增集合资产管理计划', 'rank': 10, 'ratio': 0.82, 'change': '', 'shares': 6438356}, {'name': '上海银叶投资有限公司-银叶量化对冲1期私募证券投资基金', 'rank': 10, 'ratio': 0.35, 'change': '', 'shares': 3755500}, {'name': '第一上海证券有限公司', 'rank': 10, 'ratio': 0.36, 'change': '新进', 'shares': 4001704}, {'name': '上海银叶投资有限公司-银叶量化对冲1期私募证券投资基金', 'rank': 10, 'ratio': 0.35, 'change': '', 'shares': 3755500}]",[],0.0000,0,2026-06-06 04:49:14.116271+00:00
1546,000055,2024-09-30,48064,-0.4200,"[{'name': '申万宏源证券(香港)有限公司', 'rank': 10, 'ratio': 1.3, 'change': '', 'shares': 10221928}, {'name': '上海银叶投资有限公司-银叶量化对冲1期私募证券投资基金', 'rank': 10, 'ratio': 0.35, 'change': '', 'shares': 3755500}, {'name': 'VANGUARD TOTAL INTERNATIONAL STOCK INDEX FUND', 'rank': 10, 'ratio': 0.54, 'change': '新进', 'shares': 6025958}, {'name': '安信国际证券(香港)有限公司', 'rank': 10, 'ratio': 0.33, 'change': '新进', 'shares': 3757707}, {'name': '云南国际信托有限公司-云霞3期证券投资集合资金信托计划', 'rank': 10, 'ratio': 0.73, 'change': '', 'shares': 8635314}, {'name': 'VANGUARD TOTAL INTERNATIONAL STOCK INDEX FUND', 'rank': 10, 'ratio': 0.43, 'change': '', 'shares': 4600945}, {'name': '第一创业证券-国信证券-共盈大岩量化定增集合资产管理计划', 'rank': 10, 'ratio': 0.82, 'change': '', 'shares': 6438356}, {'name': '上海银叶投资有限公司-银叶量化对冲1期私募证券投资基金', 'rank': 10, 'ratio': 0.35, 'change': '', 'shares': 3755500}, {'name': '第一上海证券有限公司', 'rank': 10, 'ratio': 0.36, 'change': '新进', 'shares': 4001704}, {'name': '上海银叶投资有限公司-银叶量化对冲1期私募证券投资基金', 'rank': 10, 'ratio': 0.35, 'change': '', 'shares': 3755500}]",[],0.0000,0,2026-06-06 04:49:14.116271+00:00
1547,000055,2024-06-30,48268,-2.5800,"[{'name': '申万宏源证券(香港)有限公司', 'rank': 10, 'ratio': 1.3, 'change': '', 'shares': 10221928}, {'name': '上海银叶投资有限公司-银叶量化对冲1期私募证券投资基金', 'rank': 10, 'ratio': 0.35, 'change': '', 'shares': 3755500}, {'name': 'VANGUARD TOTAL INTERNATIONAL STOCK INDEX FUND', 'rank': 10, 'ratio': 0.54, 'change': '新进', 'shares': 6025958}, {'name': '安信国际证券(香港)有限公司', 'rank': 10, 'ratio': 0.33, 'change': '新进', 'shares': 3757707}, {'name': '云南国际信托有限公司-云霞3期证券投资集合资金信托计划', 'rank': 10, 'ratio': 0.73, 'change': '', 'shares': 8635314}, {'name': 'VANGUARD TOTAL INTERNATIONAL STOCK INDEX FUND', 'rank': 10, 'ratio': 0.43, 'change': '', 'shares': 4600945}, {'name': '第一创业证券-国信证券-共盈大岩量化定增集合资产管理计划', 'rank': 10, 'ratio': 0.82, 'change': '', 'shares': 6438356}, {'name': '上海银叶投资有限公司-银叶量化对冲1期私募证券投资基金', 'rank': 10, 'ratio': 0.35, 'change': '', 'shares': 3755500}, {'name': '第一上海证券有限公司', 'rank': 10, 'ratio': 0.36, 'change': '新进', 'shares': 4001704}, {'name': '上海银叶投资有限公司-银叶量化对冲1期私募证券投资基金', 'rank': 10, 'ratio': 0.35, 'change': '', 'shares': 3755500}]",[],0.0000,0,2026-06-06 04:49:14.116271+00:00
1548,000055,2024-03-31,49548,-0.0300,"[{'name': '申万宏源证券(香港)有限公司', 'rank': 10, 'ratio': 1.3, 'change': '', 'shares': 10221928}, {'name': '上海银叶投资有限公司-银叶量化对冲1期私募证券投资基金', 'rank': 10, 'ratio': 0.35, 'change': '', 'shares': 3755500}, {'name': 'VANGUARD TOTAL INTERNATIONAL STOCK INDEX FUND', 'rank': 10, 'ratio': 0.54, 'change': '新进', 'shares': 6025958}, {'name': '安信国际证券(香港)有限公司', 'rank': 10, 'ratio': 0.33, 'change': '新进', 'shares': 3757707}, {'name': '云南国际信托有限公司-云霞3期证券投资集合资金信托计划', 'rank': 10, 'ratio': 0.73, 'change': '', 'shares': 8635314}, {'name': 'VANGUARD TOTAL INTERNATIONAL STOCK INDEX FUND', 'rank': 10, 'ratio': 0.43, 'change': '', 'shares': 4600945}, {'name': '第一创业证券-国信证券-共盈大岩量化定增集合资产管理计划', 'rank': 10, 'ratio': 0.82, 'change': '', 'shares': 6438356}, {'name': '上海银叶投资有限公司-银叶量化对冲1期私募证券投资基金', 'rank': 10, 'ratio': 0.35, 'change': '', 'shares': 3755500}, {'name': '第一上海证券有限公司', 'rank': 10, 'ratio': 0.36, 'change': '新进', 'shares': 4001704}, {'name': '上海银叶投资有限公司-银叶量化对冲1期私募证券投资基金', 'rank': 10, 'ratio': 0.35, 'change': '', 'shares': 3755500}]",[],0.0000,0,2026-06-06 04:49:14.116271+00:00
1549,000055,2024-03-29,49564,0.0000,"[{'name': '申万宏源证券(香港)有限公司', 'rank': 10, 'ratio': 1.3, 'change': '', 'shares': 10221928}, {'name': '上海银叶投资有限公司-银叶量化对冲1期私募证券投资基金', 'rank': 10, 'ratio': 0.35, 'change': '', 'shares': 3755500}, {'name': 'VANGUARD TOTAL INTERNATIONAL STOCK INDEX FUND', 'rank': 10, 'ratio': 0.54, 'change': '新进', 'shares': 6025958}, {'name': '安信国际证券(香港)有限公司', 'rank': 10, 'ratio': 0.33, 'change': '新进', 'shares': 3757707}, {'name': '云南国际信托有限公司-云霞3期证券投资集合资金信托计划', 'rank': 10, 'ratio': 0.73, 'change': '', 'shares': 8635314}, {'name': 'VANGUARD TOTAL INTERNATIONAL STOCK INDEX FUND', 'rank': 10, 'ratio': 0.43, 'change': '', 'shares': 4600945}, {'name': '第一创业证券-国信证券-共盈大岩量化定增集合资产管理计划', 'rank': 10, 'ratio': 0.82, 'change': '', 'shares': 6438356}, {'name': '上海银叶投资有限公司-银叶量化对冲1期私募证券投资基金', 'rank': 10, 'ratio': 0.35, 'change': '', 'shares': 3755500}, {'name': '第一上海证券有限公司', 'rank': 10, 'ratio': 0.36, 'change': '新进', 'shares': 4001704}, {'name': '上海银叶投资有限公司-银叶量化对冲1期私募证券投资基金', 'rank': 10, 'ratio': 0.35, 'change': '', 'shares': 3755500}]",[],0.0000,0,2026-06-06 04:49:14.116271+00:00
1550,000056,2026-03-31,58496,3.9500,"[{'name': '中国国际金融股份有限公司', 'rank': 11, 'ratio': 1.32, 'change': '', 'shares': 15522586}, {'name': '中国国际金融股份有限公司', 'rank': 11, 'ratio': 1.32, 'change': '', 'shares': 15522586}, {'name': '中国国际金融股份有限公司', 'rank': 11, 'ratio': 1.39, 'change': '新进', 'shares': 16333146}, {'name': '中铁宝盈资产-浦发银行-中铁宝盈-宝鑫77号特定客户资产管理计划', 'rank': 11, 'ratio': 1.23, 'change': '加仓', 'shares': 14479698}, {'name': '中铁宝盈资产-浦发银行-中铁宝盈-宝鑫77号特定客户资产管理计划', 'rank': 11, 'ratio': 1.18, 'change': '新进', 'shares': 13835158}, {'name': '中国国际金融股份有限公司', 'rank': 11, 'ratio': 1.32, 'change': '', 'shares': 15522586}, {'name': '皇庭国际集团有限公司', 'rank': 11, 'ratio': 1.07, 'change': '新进', 'shares': 12655252}, {'name': 'BOCI SECURITIES LIMITED', 'rank': 10, 'ratio': 1.48, 'change': '', 'shares': 16990844}, {'name': '中铁宝盈资产-浦发银行-中铁宝盈-宝鑫77号特定客户资产管理计划', 'rank': 10, 'ratio': 1.23, 'change': '', 'shares': 14479698}, {'name': 'BOCI SECURITIES LIMITED', 'rank': 10, 'ratio': 1.45, 'change': '', 'shares': 16990844}]",[],0.0000,0,2026-06-06 04:49:14.116271+00:00
1551,000056,2025-12-31,56273,-3.7700,"[{'name': '中国国际金融股份有限公司', 'rank': 11, 'ratio': 1.32, 'change': '', 'shares': 15522586}, {'name': '中国国际金融股份有限公司', 'rank': 11, 'ratio': 1.32, 'change': '', 'shares': 15522586}, {'name': '中国国际金融股份有限公司', 'rank': 11, 'ratio': 1.39, 'change': '新进', 'shares': 16333146}, {'name': '中铁宝盈资产-浦发银行-中铁宝盈-宝鑫77号特定客户资产管理计划', 'rank': 11, 'ratio': 1.23, 'change': '加仓', 'shares': 14479698}, {'name': '中铁宝盈资产-浦发银行-中铁宝盈-宝鑫77号特定客户资产管理计划', 'rank': 11, 'ratio': 1.18, 'change': '新进', 'shares': 13835158}, {'name': '中国国际金融股份有限公司', 'rank': 11, 'ratio': 1.32, 'change': '', 'shares': 15522586}, {'name': '皇庭国际集团有限公司', 'rank': 11, 'ratio': 1.07, 'change': '新进', 'shares': 12655252}, {'name': 'BOCI SECURITIES LIMITED', 'rank': 10, 'ratio': 1.48, 'change': '', 'shares': 16990844}, {'name': '中铁宝盈资产-浦发银行-中铁宝盈-宝鑫77号特定客户资产管理计划', 'rank': 10, 'ratio': 1.23, 'change': '', 'shares': 14479698}, {'name': 'BOCI SECURITIES LIMITED', 'rank': 10, 'ratio': 1.45, 'change': '', 'shares': 16990844}]",[],0.0000,0,2026-06-06 04:49:14.116271+00:00
1552,000056,2025-09-30,58475,9.1600,"[{'name': '中国国际金融股份有限公司', 'rank': 11, 'ratio': 1.32, 'change': '', 'shares': 15522586}, {'name': '中国国际金融股份有限公司', 'rank': 11, 'ratio': 1.32, 'change': '', 'shares': 15522586}, {'name': '中国国际金融股份有限公司', 'rank': 11, 'ratio': 1.39, 'change': '新进', 'shares': 16333146}, {'name': '中铁宝盈资产-浦发银行-中铁宝盈-宝鑫77号特定客户资产管理计划', 'rank': 11, 'ratio': 1.23, 'change': '加仓', 'shares': 14479698}, {'name': '中铁宝盈资产-浦发银行-中铁宝盈-宝鑫77号特定客户资产管理计划', 'rank': 11, 'ratio': 1.18, 'change': '新进', 'shares': 13835158}, {'name': '中国国际金融股份有限公司', 'rank': 11, 'ratio': 1.32, 'change': '', 'shares': 15522586}, {'name': '皇庭国际集团有限公司', 'rank': 11, 'ratio': 1.07, 'change': '新进', 'shares': 12655252}, {'name': 'BOCI SECURITIES LIMITED', 'rank': 10, 'ratio': 1.48, 'change': '', 'shares': 16990844}, {'name': '中铁宝盈资产-浦发银行-中铁宝盈-宝鑫77号特定客户资产管理计划', 'rank': 10, 'ratio': 1.23, 'change': '', 'shares': 14479698}, {'name': 'BOCI SECURITIES LIMITED', 'rank': 10, 'ratio': 1.45, 'change': '', 'shares': 16990844}]",[],0.0000,0,2026-06-06 04:49:14.116271+00:00
1553,000056,2025-06-30,53566,-13.9100,"[{'name': '中国国际金融股份有限公司', 'rank': 11, 'ratio': 1.32, 'change': '', 'shares': 15522586}, {'name': '中国国际金融股份有限公司', 'rank': 11, 'ratio': 1.32, 'change': '', 'shares': 15522586}, {'name': '中国国际金融股份有限公司', 'rank': 11, 'ratio': 1.39, 'change': '新进', 'shares': 16333146}, {'name': '中铁宝盈资产-浦发银行-中铁宝盈-宝鑫77号特定客户资产管理计划', 'rank': 11, 'ratio': 1.23, 'change': '加仓', 'shares': 14479698}, {'name': '中铁宝盈资产-浦发银行-中铁宝盈-宝鑫77号特定客户资产管理计划', 'rank': 11, 'ratio': 1.18, 'change': '新进', 'shares': 13835158}, {'name': '中国国际金融股份有限公司', 'rank': 11, 'ratio': 1.32, 'change': '', 'shares': 15522586}, {'name': '皇庭国际集团有限公司', 'rank': 11, 'ratio': 1.07, 'change': '新进', 'shares': 12655252}, {'name': 'BOCI SECURITIES LIMITED', 'rank': 10, 'ratio': 1.48, 'change': '', 'shares': 16990844}, {'name': '中铁宝盈资产-浦发银行-中铁宝盈-宝鑫77号特定客户资产管理计划', 'rank': 10, 'ratio': 1.23, 'change': '', 'shares': 14479698}, {'name': 'BOCI SECURITIES LIMITED', 'rank': 10, 'ratio': 1.45, 'change': '', 'shares': 16990844}]",[],0.0000,0,2026-06-06 04:49:14.116271+00:00
1554,000056,2025-03-31,62221,-15.3400,"[{'name': '中国国际金融股份有限公司', 'rank': 11, 'ratio': 1.32, 'change': '', 'shares': 15522586}, {'name': '中国国际金融股份有限公司', 'rank': 11, 'ratio': 1.32, 'change': '', 'shares': 15522586}, {'name': '中国国际金融股份有限公司', 'rank': 11, 'ratio': 1.39, 'change': '新进', 'shares': 16333146}, {'name': '中铁宝盈资产-浦发银行-中铁宝盈-宝鑫77号特定客户资产管理计划', 'rank': 11, 'ratio': 1.23, 'change': '加仓', 'shares': 14479698}, {'name': '中铁宝盈资产-浦发银行-中铁宝盈-宝鑫77号特定客户资产管理计划', 'rank': 11, 'ratio': 1.18, 'change': '新进', 'shares': 13835158}, {'name': '中国国际金融股份有限公司', 'rank': 11, 'ratio': 1.32, 'change': '', 'shares': 15522586}, {'name': '皇庭国际集团有限公司', 'rank': 11, 'ratio': 1.07, 'change': '新进', 'shares': 12655252}, {'name': 'BOCI SECURITIES LIMITED', 'rank': 10, 'ratio': 1.48, 'change': '', 'shares': 16990844}, {'name': '中铁宝盈资产-浦发银行-中铁宝盈-宝鑫77号特定客户资产管理计划', 'rank': 10, 'ratio': 1.23, 'change': '', 'shares': 14479698}, {'name': 'BOCI SECURITIES LIMITED', 'rank': 10, 'ratio': 1.45, 'change': '', 'shares': 16990844}]",[],0.0000,0,2026-06-06 04:49:14.116271+00:00
1764,001896,2024-12-31,66662,-8.2500,"[{'name': '河南投资集团有限公司', 'rank': 1, 'ratio': 61.85, 'state': '', 'trend': '不变', 'change': '不变', 'shares': 943700684}, {'name': '严从华', 'rank': 2, 'ratio': 0.46, 'state': '', 'trend': '减持', 'change': '-2370600', 'shares': 6976957}, {'name': '大连科融实业有限公司', 'rank': 3, 'ratio': 0.43, 'state': '新进', 'trend': '新进', 'change': '新进', 'shares': 6594700}, {'name': '香港中央结算有限公司', 'rank': 4, 'ratio': 0.43, 'state': '', 'trend': '减持', 'change': '-3858688', 'shares': 6506953}, {'name': '吴庆国', 'rank': 5, 'ratio': 0.25, 'state': '新进', 'trend': '新进', 'change': '新进', 'shares': 3850000}, {'name': '朱美佳', 'rank': 6, 'ratio': 0.22, 'state': '', 'trend': '减持', 'change': '-3600', 'shares': 3284667}, {'name': '樊虎', 'rank': 7, 'ratio': 0.17, 'state': '新进', 'trend': '新进', 'change': '新进', 'shares': 2600000}, {'name': '李红峰', 'rank': 8, 'ratio': 0.16, 'state': '加仓', 'trend': '增持', 'change': '568200', 'shares': 2368400}, {'name': '鲍凌婕', 'rank': 9, 'ratio': 0.12, 'state': '', 'trend': '增持', 'change': '26300', 'shares': 1884900}, {'name': '夏新', 'rank': 10, 'ratio': 0.11, 'state': '新进', 'trend': '新进', 'change': '新进', 'shares': 1706300}]","[{'name': '王晓冬', 'rank': 5, 'ratio': 0.15, 'state': '', 'trend': '退出', 'change': '不变', 'shares': 2272300}, {'name': '王荣烨', 'rank': 6, 'ratio': 0.13, 'state': '', 'trend': '退出', 'change': '不变', 'shares': 1944800}, {'name': 'MORGAN STANLEY & CO.INTERNATIONAL PLC.', 'rank': 8, 'ratio': 0.12, 'state': '新进', 'trend': '退出', 'change': '新进', 'shares': 1854738}, {'name': '张捷', 'rank': 9, 'ratio': 0.12, 'state': '', 'trend': '退出', 'change': '不变', 'shares': 1802800}]",0.0000,22888,2026-06-06 06:00:18.619479+00:00
1555,000056,2024-12-31,73497,43.0100,"[{'name': '中国国际金融股份有限公司', 'rank': 11, 'ratio': 1.32, 'change': '', 'shares': 15522586}, {'name': '中国国际金融股份有限公司', 'rank': 11, 'ratio': 1.32, 'change': '', 'shares': 15522586}, {'name': '中国国际金融股份有限公司', 'rank': 11, 'ratio': 1.39, 'change': '新进', 'shares': 16333146}, {'name': '中铁宝盈资产-浦发银行-中铁宝盈-宝鑫77号特定客户资产管理计划', 'rank': 11, 'ratio': 1.23, 'change': '加仓', 'shares': 14479698}, {'name': '中铁宝盈资产-浦发银行-中铁宝盈-宝鑫77号特定客户资产管理计划', 'rank': 11, 'ratio': 1.18, 'change': '新进', 'shares': 13835158}, {'name': '中国国际金融股份有限公司', 'rank': 11, 'ratio': 1.32, 'change': '', 'shares': 15522586}, {'name': '皇庭国际集团有限公司', 'rank': 11, 'ratio': 1.07, 'change': '新进', 'shares': 12655252}, {'name': 'BOCI SECURITIES LIMITED', 'rank': 10, 'ratio': 1.48, 'change': '', 'shares': 16990844}, {'name': '中铁宝盈资产-浦发银行-中铁宝盈-宝鑫77号特定客户资产管理计划', 'rank': 10, 'ratio': 1.23, 'change': '', 'shares': 14479698}, {'name': 'BOCI SECURITIES LIMITED', 'rank': 10, 'ratio': 1.45, 'change': '', 'shares': 16990844}]",[],0.0000,0,2026-06-06 04:49:14.116271+00:00
1556,000056,2024-09-30,51394,-3.7900,"[{'name': '中国国际金融股份有限公司', 'rank': 11, 'ratio': 1.32, 'change': '', 'shares': 15522586}, {'name': '中国国际金融股份有限公司', 'rank': 11, 'ratio': 1.32, 'change': '', 'shares': 15522586}, {'name': '中国国际金融股份有限公司', 'rank': 11, 'ratio': 1.39, 'change': '新进', 'shares': 16333146}, {'name': '中铁宝盈资产-浦发银行-中铁宝盈-宝鑫77号特定客户资产管理计划', 'rank': 11, 'ratio': 1.23, 'change': '加仓', 'shares': 14479698}, {'name': '中铁宝盈资产-浦发银行-中铁宝盈-宝鑫77号特定客户资产管理计划', 'rank': 11, 'ratio': 1.18, 'change': '新进', 'shares': 13835158}, {'name': '中国国际金融股份有限公司', 'rank': 11, 'ratio': 1.32, 'change': '', 'shares': 15522586}, {'name': '皇庭国际集团有限公司', 'rank': 11, 'ratio': 1.07, 'change': '新进', 'shares': 12655252}, {'name': 'BOCI SECURITIES LIMITED', 'rank': 10, 'ratio': 1.48, 'change': '', 'shares': 16990844}, {'name': '中铁宝盈资产-浦发银行-中铁宝盈-宝鑫77号特定客户资产管理计划', 'rank': 10, 'ratio': 1.23, 'change': '', 'shares': 14479698}, {'name': 'BOCI SECURITIES LIMITED', 'rank': 10, 'ratio': 1.45, 'change': '', 'shares': 16990844}]",[],0.0000,0,2026-06-06 04:49:14.116271+00:00
1557,000056,2024-06-30,53417,-4.3600,"[{'name': '中国国际金融股份有限公司', 'rank': 11, 'ratio': 1.32, 'change': '', 'shares': 15522586}, {'name': '中国国际金融股份有限公司', 'rank': 11, 'ratio': 1.32, 'change': '', 'shares': 15522586}, {'name': '中国国际金融股份有限公司', 'rank': 11, 'ratio': 1.39, 'change': '新进', 'shares': 16333146}, {'name': '中铁宝盈资产-浦发银行-中铁宝盈-宝鑫77号特定客户资产管理计划', 'rank': 11, 'ratio': 1.23, 'change': '加仓', 'shares': 14479698}, {'name': '中铁宝盈资产-浦发银行-中铁宝盈-宝鑫77号特定客户资产管理计划', 'rank': 11, 'ratio': 1.18, 'change': '新进', 'shares': 13835158}, {'name': '中国国际金融股份有限公司', 'rank': 11, 'ratio': 1.32, 'change': '', 'shares': 15522586}, {'name': '皇庭国际集团有限公司', 'rank': 11, 'ratio': 1.07, 'change': '新进', 'shares': 12655252}, {'name': 'BOCI SECURITIES LIMITED', 'rank': 10, 'ratio': 1.48, 'change': '', 'shares': 16990844}, {'name': '中铁宝盈资产-浦发银行-中铁宝盈-宝鑫77号特定客户资产管理计划', 'rank': 10, 'ratio': 1.23, 'change': '', 'shares': 14479698}, {'name': 'BOCI SECURITIES LIMITED', 'rank': 10, 'ratio': 1.45, 'change': '', 'shares': 16990844}]",[],0.0000,0,2026-06-06 04:49:14.116271+00:00
1558,000056,2024-03-31,55852,-4.4000,"[{'name': '中国国际金融股份有限公司', 'rank': 11, 'ratio': 1.32, 'change': '', 'shares': 15522586}, {'name': '中国国际金融股份有限公司', 'rank': 11, 'ratio': 1.32, 'change': '', 'shares': 15522586}, {'name': '中国国际金融股份有限公司', 'rank': 11, 'ratio': 1.39, 'change': '新进', 'shares': 16333146}, {'name': '中铁宝盈资产-浦发银行-中铁宝盈-宝鑫77号特定客户资产管理计划', 'rank': 11, 'ratio': 1.23, 'change': '加仓', 'shares': 14479698}, {'name': '中铁宝盈资产-浦发银行-中铁宝盈-宝鑫77号特定客户资产管理计划', 'rank': 11, 'ratio': 1.18, 'change': '新进', 'shares': 13835158}, {'name': '中国国际金融股份有限公司', 'rank': 11, 'ratio': 1.32, 'change': '', 'shares': 15522586}, {'name': '皇庭国际集团有限公司', 'rank': 11, 'ratio': 1.07, 'change': '新进', 'shares': 12655252}, {'name': 'BOCI SECURITIES LIMITED', 'rank': 10, 'ratio': 1.48, 'change': '', 'shares': 16990844}, {'name': '中铁宝盈资产-浦发银行-中铁宝盈-宝鑫77号特定客户资产管理计划', 'rank': 10, 'ratio': 1.23, 'change': '', 'shares': 14479698}, {'name': 'BOCI SECURITIES LIMITED', 'rank': 10, 'ratio': 1.45, 'change': '', 'shares': 16990844}]",[],0.0000,0,2026-06-06 04:49:14.116271+00:00
1559,000056,2023-12-31,58421,0.0000,"[{'name': '中国国际金融股份有限公司', 'rank': 11, 'ratio': 1.32, 'change': '', 'shares': 15522586}, {'name': '中国国际金融股份有限公司', 'rank': 11, 'ratio': 1.32, 'change': '', 'shares': 15522586}, {'name': '中国国际金融股份有限公司', 'rank': 11, 'ratio': 1.39, 'change': '新进', 'shares': 16333146}, {'name': '中铁宝盈资产-浦发银行-中铁宝盈-宝鑫77号特定客户资产管理计划', 'rank': 11, 'ratio': 1.23, 'change': '加仓', 'shares': 14479698}, {'name': '中铁宝盈资产-浦发银行-中铁宝盈-宝鑫77号特定客户资产管理计划', 'rank': 11, 'ratio': 1.18, 'change': '新进', 'shares': 13835158}, {'name': '中国国际金融股份有限公司', 'rank': 11, 'ratio': 1.32, 'change': '', 'shares': 15522586}, {'name': '皇庭国际集团有限公司', 'rank': 11, 'ratio': 1.07, 'change': '新进', 'shares': 12655252}, {'name': 'BOCI SECURITIES LIMITED', 'rank': 10, 'ratio': 1.48, 'change': '', 'shares': 16990844}, {'name': '中铁宝盈资产-浦发银行-中铁宝盈-宝鑫77号特定客户资产管理计划', 'rank': 10, 'ratio': 1.23, 'change': '', 'shares': 14479698}, {'name': 'BOCI SECURITIES LIMITED', 'rank': 10, 'ratio': 1.45, 'change': '', 'shares': 16990844}]",[],0.0000,0,2026-06-06 04:49:14.116271+00:00
1560,000058,2026-05-26,54521,0.2500,"[{'name': '上海古兰商务咨询有限公司', 'rank': 25, 'ratio': 0.004131401352, 'change': '新进', 'shares': 30000}, {'name': '上海古兰商务咨询有限公司', 'rank': 25, 'ratio': 0.0038, 'change': '', 'shares': 30000}, {'name': '海南伟邦投资发展有限公司', 'rank': 24, 'ratio': 0.00688566892, 'change': '新进', 'shares': 50000}, {'name': '无锡市太湖矿用电控设备厂', 'rank': 24, 'ratio': 0.00688566892, 'change': '新进', 'shares': 50000}, {'name': '上海青浦宏峰塑料包装有限公司', 'rank': 24, 'ratio': 0.00688566892, 'change': '新进', 'shares': 50000}, {'name': '上海崇明商业投资有限公司', 'rank': 24, 'ratio': 0.00688566892, 'change': '新进', 'shares': 50000}, {'name': '上海菁韵投资咨询有限公司', 'rank': 24, 'ratio': 0.00688566892, 'change': '新进', 'shares': 50000}, {'name': '上海跃维空调设备有限公司', 'rank': 24, 'ratio': 0.00688566892, 'change': '新进', 'shares': 50000}, {'name': '常熟市东旭物资销售有限责任公司', 'rank': 24, 'ratio': 0.00688566892, 'change': '新进', 'shares': 50000}, {'name': '上海浦民物资贸易有限公司', 'rank': 24, 'ratio': 0.00688566892, 'change': '新进', 'shares': 50000}]",[],0.0000,0,2026-06-06 04:49:14.116271+00:00
1561,000058,2026-05-08,54387,-0.6100,"[{'name': '上海古兰商务咨询有限公司', 'rank': 25, 'ratio': 0.004131401352, 'change': '新进', 'shares': 30000}, {'name': '上海古兰商务咨询有限公司', 'rank': 25, 'ratio': 0.0038, 'change': '', 'shares': 30000}, {'name': '海南伟邦投资发展有限公司', 'rank': 24, 'ratio': 0.00688566892, 'change': '新进', 'shares': 50000}, {'name': '无锡市太湖矿用电控设备厂', 'rank': 24, 'ratio': 0.00688566892, 'change': '新进', 'shares': 50000}, {'name': '上海青浦宏峰塑料包装有限公司', 'rank': 24, 'ratio': 0.00688566892, 'change': '新进', 'shares': 50000}, {'name': '上海崇明商业投资有限公司', 'rank': 24, 'ratio': 0.00688566892, 'change': '新进', 'shares': 50000}, {'name': '上海菁韵投资咨询有限公司', 'rank': 24, 'ratio': 0.00688566892, 'change': '新进', 'shares': 50000}, {'name': '上海跃维空调设备有限公司', 'rank': 24, 'ratio': 0.00688566892, 'change': '新进', 'shares': 50000}, {'name': '常熟市东旭物资销售有限责任公司', 'rank': 24, 'ratio': 0.00688566892, 'change': '新进', 'shares': 50000}, {'name': '上海浦民物资贸易有限公司', 'rank': 24, 'ratio': 0.00688566892, 'change': '新进', 'shares': 50000}]",[],0.0000,0,2026-06-06 04:49:14.116271+00:00
1562,000058,2026-04-15,54719,-1.0700,"[{'name': '上海古兰商务咨询有限公司', 'rank': 25, 'ratio': 0.004131401352, 'change': '新进', 'shares': 30000}, {'name': '上海古兰商务咨询有限公司', 'rank': 25, 'ratio': 0.0038, 'change': '', 'shares': 30000}, {'name': '海南伟邦投资发展有限公司', 'rank': 24, 'ratio': 0.00688566892, 'change': '新进', 'shares': 50000}, {'name': '无锡市太湖矿用电控设备厂', 'rank': 24, 'ratio': 0.00688566892, 'change': '新进', 'shares': 50000}, {'name': '上海青浦宏峰塑料包装有限公司', 'rank': 24, 'ratio': 0.00688566892, 'change': '新进', 'shares': 50000}, {'name': '上海崇明商业投资有限公司', 'rank': 24, 'ratio': 0.00688566892, 'change': '新进', 'shares': 50000}, {'name': '上海菁韵投资咨询有限公司', 'rank': 24, 'ratio': 0.00688566892, 'change': '新进', 'shares': 50000}, {'name': '上海跃维空调设备有限公司', 'rank': 24, 'ratio': 0.00688566892, 'change': '新进', 'shares': 50000}, {'name': '常熟市东旭物资销售有限责任公司', 'rank': 24, 'ratio': 0.00688566892, 'change': '新进', 'shares': 50000}, {'name': '上海浦民物资贸易有限公司', 'rank': 24, 'ratio': 0.00688566892, 'change': '新进', 'shares': 50000}]",[],0.0000,0,2026-06-06 04:49:14.116271+00:00
1563,000058,2026-04-08,55311,0.0000,"[{'name': '上海古兰商务咨询有限公司', 'rank': 25, 'ratio': 0.004131401352, 'change': '新进', 'shares': 30000}, {'name': '上海古兰商务咨询有限公司', 'rank': 25, 'ratio': 0.0038, 'change': '', 'shares': 30000}, {'name': '海南伟邦投资发展有限公司', 'rank': 24, 'ratio': 0.00688566892, 'change': '新进', 'shares': 50000}, {'name': '无锡市太湖矿用电控设备厂', 'rank': 24, 'ratio': 0.00688566892, 'change': '新进', 'shares': 50000}, {'name': '上海青浦宏峰塑料包装有限公司', 'rank': 24, 'ratio': 0.00688566892, 'change': '新进', 'shares': 50000}, {'name': '上海崇明商业投资有限公司', 'rank': 24, 'ratio': 0.00688566892, 'change': '新进', 'shares': 50000}, {'name': '上海菁韵投资咨询有限公司', 'rank': 24, 'ratio': 0.00688566892, 'change': '新进', 'shares': 50000}, {'name': '上海跃维空调设备有限公司', 'rank': 24, 'ratio': 0.00688566892, 'change': '新进', 'shares': 50000}, {'name': '常熟市东旭物资销售有限责任公司', 'rank': 24, 'ratio': 0.00688566892, 'change': '新进', 'shares': 50000}, {'name': '上海浦民物资贸易有限公司', 'rank': 24, 'ratio': 0.00688566892, 'change': '新进', 'shares': 50000}]",[],0.0000,0,2026-06-06 04:49:14.116271+00:00
1564,000058,2026-03-31,55311,-0.2700,"[{'name': '上海古兰商务咨询有限公司', 'rank': 25, 'ratio': 0.004131401352, 'change': '新进', 'shares': 30000}, {'name': '上海古兰商务咨询有限公司', 'rank': 25, 'ratio': 0.0038, 'change': '', 'shares': 30000}, {'name': '海南伟邦投资发展有限公司', 'rank': 24, 'ratio': 0.00688566892, 'change': '新进', 'shares': 50000}, {'name': '无锡市太湖矿用电控设备厂', 'rank': 24, 'ratio': 0.00688566892, 'change': '新进', 'shares': 50000}, {'name': '上海青浦宏峰塑料包装有限公司', 'rank': 24, 'ratio': 0.00688566892, 'change': '新进', 'shares': 50000}, {'name': '上海崇明商业投资有限公司', 'rank': 24, 'ratio': 0.00688566892, 'change': '新进', 'shares': 50000}, {'name': '上海菁韵投资咨询有限公司', 'rank': 24, 'ratio': 0.00688566892, 'change': '新进', 'shares': 50000}, {'name': '上海跃维空调设备有限公司', 'rank': 24, 'ratio': 0.00688566892, 'change': '新进', 'shares': 50000}, {'name': '常熟市东旭物资销售有限责任公司', 'rank': 24, 'ratio': 0.00688566892, 'change': '新进', 'shares': 50000}, {'name': '上海浦民物资贸易有限公司', 'rank': 24, 'ratio': 0.00688566892, 'change': '新进', 'shares': 50000}]",[],0.0000,0,2026-06-06 04:49:14.116271+00:00
1565,000058,2026-03-25,55461,-0.8800,"[{'name': '上海古兰商务咨询有限公司', 'rank': 25, 'ratio': 0.004131401352, 'change': '新进', 'shares': 30000}, {'name': '上海古兰商务咨询有限公司', 'rank': 25, 'ratio': 0.0038, 'change': '', 'shares': 30000}, {'name': '海南伟邦投资发展有限公司', 'rank': 24, 'ratio': 0.00688566892, 'change': '新进', 'shares': 50000}, {'name': '无锡市太湖矿用电控设备厂', 'rank': 24, 'ratio': 0.00688566892, 'change': '新进', 'shares': 50000}, {'name': '上海青浦宏峰塑料包装有限公司', 'rank': 24, 'ratio': 0.00688566892, 'change': '新进', 'shares': 50000}, {'name': '上海崇明商业投资有限公司', 'rank': 24, 'ratio': 0.00688566892, 'change': '新进', 'shares': 50000}, {'name': '上海菁韵投资咨询有限公司', 'rank': 24, 'ratio': 0.00688566892, 'change': '新进', 'shares': 50000}, {'name': '上海跃维空调设备有限公司', 'rank': 24, 'ratio': 0.00688566892, 'change': '新进', 'shares': 50000}, {'name': '常熟市东旭物资销售有限责任公司', 'rank': 24, 'ratio': 0.00688566892, 'change': '新进', 'shares': 50000}, {'name': '上海浦民物资贸易有限公司', 'rank': 24, 'ratio': 0.00688566892, 'change': '新进', 'shares': 50000}]",[],0.0000,0,2026-06-06 04:49:14.116271+00:00
1566,000058,2026-03-13,55952,0.3200,"[{'name': '上海古兰商务咨询有限公司', 'rank': 25, 'ratio': 0.004131401352, 'change': '新进', 'shares': 30000}, {'name': '上海古兰商务咨询有限公司', 'rank': 25, 'ratio': 0.0038, 'change': '', 'shares': 30000}, {'name': '海南伟邦投资发展有限公司', 'rank': 24, 'ratio': 0.00688566892, 'change': '新进', 'shares': 50000}, {'name': '无锡市太湖矿用电控设备厂', 'rank': 24, 'ratio': 0.00688566892, 'change': '新进', 'shares': 50000}, {'name': '上海青浦宏峰塑料包装有限公司', 'rank': 24, 'ratio': 0.00688566892, 'change': '新进', 'shares': 50000}, {'name': '上海崇明商业投资有限公司', 'rank': 24, 'ratio': 0.00688566892, 'change': '新进', 'shares': 50000}, {'name': '上海菁韵投资咨询有限公司', 'rank': 24, 'ratio': 0.00688566892, 'change': '新进', 'shares': 50000}, {'name': '上海跃维空调设备有限公司', 'rank': 24, 'ratio': 0.00688566892, 'change': '新进', 'shares': 50000}, {'name': '常熟市东旭物资销售有限责任公司', 'rank': 24, 'ratio': 0.00688566892, 'change': '新进', 'shares': 50000}, {'name': '上海浦民物资贸易有限公司', 'rank': 24, 'ratio': 0.00688566892, 'change': '新进', 'shares': 50000}]",[],0.0000,0,2026-06-06 04:49:14.116271+00:00
1567,000058,2026-03-04,55776,0.0000,"[{'name': '上海古兰商务咨询有限公司', 'rank': 25, 'ratio': 0.004131401352, 'change': '新进', 'shares': 30000}, {'name': '上海古兰商务咨询有限公司', 'rank': 25, 'ratio': 0.0038, 'change': '', 'shares': 30000}, {'name': '海南伟邦投资发展有限公司', 'rank': 24, 'ratio': 0.00688566892, 'change': '新进', 'shares': 50000}, {'name': '无锡市太湖矿用电控设备厂', 'rank': 24, 'ratio': 0.00688566892, 'change': '新进', 'shares': 50000}, {'name': '上海青浦宏峰塑料包装有限公司', 'rank': 24, 'ratio': 0.00688566892, 'change': '新进', 'shares': 50000}, {'name': '上海崇明商业投资有限公司', 'rank': 24, 'ratio': 0.00688566892, 'change': '新进', 'shares': 50000}, {'name': '上海菁韵投资咨询有限公司', 'rank': 24, 'ratio': 0.00688566892, 'change': '新进', 'shares': 50000}, {'name': '上海跃维空调设备有限公司', 'rank': 24, 'ratio': 0.00688566892, 'change': '新进', 'shares': 50000}, {'name': '常熟市东旭物资销售有限责任公司', 'rank': 24, 'ratio': 0.00688566892, 'change': '新进', 'shares': 50000}, {'name': '上海浦民物资贸易有限公司', 'rank': 24, 'ratio': 0.00688566892, 'change': '新进', 'shares': 50000}]",[],0.0000,0,2026-06-06 04:49:14.116271+00:00
1568,000058,2026-02-28,55776,-0.0500,"[{'name': '上海古兰商务咨询有限公司', 'rank': 25, 'ratio': 0.004131401352, 'change': '新进', 'shares': 30000}, {'name': '上海古兰商务咨询有限公司', 'rank': 25, 'ratio': 0.0038, 'change': '', 'shares': 30000}, {'name': '海南伟邦投资发展有限公司', 'rank': 24, 'ratio': 0.00688566892, 'change': '新进', 'shares': 50000}, {'name': '无锡市太湖矿用电控设备厂', 'rank': 24, 'ratio': 0.00688566892, 'change': '新进', 'shares': 50000}, {'name': '上海青浦宏峰塑料包装有限公司', 'rank': 24, 'ratio': 0.00688566892, 'change': '新进', 'shares': 50000}, {'name': '上海崇明商业投资有限公司', 'rank': 24, 'ratio': 0.00688566892, 'change': '新进', 'shares': 50000}, {'name': '上海菁韵投资咨询有限公司', 'rank': 24, 'ratio': 0.00688566892, 'change': '新进', 'shares': 50000}, {'name': '上海跃维空调设备有限公司', 'rank': 24, 'ratio': 0.00688566892, 'change': '新进', 'shares': 50000}, {'name': '常熟市东旭物资销售有限责任公司', 'rank': 24, 'ratio': 0.00688566892, 'change': '新进', 'shares': 50000}, {'name': '上海浦民物资贸易有限公司', 'rank': 24, 'ratio': 0.00688566892, 'change': '新进', 'shares': 50000}]",[],0.0000,0,2026-06-06 04:49:14.116271+00:00
1569,000058,2026-02-26,55803,0.0000,"[{'name': '上海古兰商务咨询有限公司', 'rank': 25, 'ratio': 0.004131401352, 'change': '新进', 'shares': 30000}, {'name': '上海古兰商务咨询有限公司', 'rank': 25, 'ratio': 0.0038, 'change': '', 'shares': 30000}, {'name': '海南伟邦投资发展有限公司', 'rank': 24, 'ratio': 0.00688566892, 'change': '新进', 'shares': 50000}, {'name': '无锡市太湖矿用电控设备厂', 'rank': 24, 'ratio': 0.00688566892, 'change': '新进', 'shares': 50000}, {'name': '上海青浦宏峰塑料包装有限公司', 'rank': 24, 'ratio': 0.00688566892, 'change': '新进', 'shares': 50000}, {'name': '上海崇明商业投资有限公司', 'rank': 24, 'ratio': 0.00688566892, 'change': '新进', 'shares': 50000}, {'name': '上海菁韵投资咨询有限公司', 'rank': 24, 'ratio': 0.00688566892, 'change': '新进', 'shares': 50000}, {'name': '上海跃维空调设备有限公司', 'rank': 24, 'ratio': 0.00688566892, 'change': '新进', 'shares': 50000}, {'name': '常熟市东旭物资销售有限责任公司', 'rank': 24, 'ratio': 0.00688566892, 'change': '新进', 'shares': 50000}, {'name': '上海浦民物资贸易有限公司', 'rank': 24, 'ratio': 0.00688566892, 'change': '新进', 'shares': 50000}]",[],0.0000,0,2026-06-06 04:49:14.116271+00:00
1570,000059,2026-05-29,47525,-0.1200,"[{'name': '华润深国投信托有限公司-昀沣4号集合资金信托计划', 'rank': 10, 'ratio': 0.32, 'change': '新进', 'shares': 5080000}, {'name': '江苏瑞华投资发展有限公司', 'rank': 10, 'ratio': 0.83, 'change': '新进', 'shares': 10000000}, {'name': '中国人寿保险股份有限公司-传统-普通保险产品-005L-CT001沪', 'rank': 10, 'ratio': 0.53, 'change': '', 'shares': 8548498}, {'name': '新华人寿保险股份有限公司-传统-普通保险产品-018L-CT001深', 'rank': 10, 'ratio': 0.46, 'change': '新进', 'shares': 7279884}, {'name': '香港中央结算有限公司', 'rank': 10, 'ratio': 0.56, 'change': '', 'shares': 9026263}, {'name': '中国银行-南方高增长股票型开放式证券投资基金', 'rank': 10, 'ratio': 0.34, 'change': '新进', 'shares': 5400000}, {'name': '建信理财有限责任公司-建信理财“诚鑫”多元配置混合类最低持有2年开放式产品', 'rank': 10, 'ratio': 0.56, 'change': '新进', 'shares': 8928951}, {'name': '基本养老保险基金一五零六一组合', 'rank': 10, 'ratio': 0.49, 'change': '新进', 'shares': 7781400}, {'name': '广发证券资管-中国银行-广发恒定定增宝4号集合资产管理计划', 'rank': 10, 'ratio': 0.5, 'change': '新进', 'shares': 7978723}, {'name': '中国建设银行股份有限公司-安信策略精选灵活配置混合型证券投资基金', 'rank': 10, 'ratio': 0.52, 'change': '新进', 'shares': 8304100}]",[],0.0000,0,2026-06-06 04:49:14.116271+00:00
1571,000059,2026-05-20,47581,1.6000,"[{'name': '华润深国投信托有限公司-昀沣4号集合资金信托计划', 'rank': 10, 'ratio': 0.32, 'change': '新进', 'shares': 5080000}, {'name': '江苏瑞华投资发展有限公司', 'rank': 10, 'ratio': 0.83, 'change': '新进', 'shares': 10000000}, {'name': '中国人寿保险股份有限公司-传统-普通保险产品-005L-CT001沪', 'rank': 10, 'ratio': 0.53, 'change': '', 'shares': 8548498}, {'name': '新华人寿保险股份有限公司-传统-普通保险产品-018L-CT001深', 'rank': 10, 'ratio': 0.46, 'change': '新进', 'shares': 7279884}, {'name': '香港中央结算有限公司', 'rank': 10, 'ratio': 0.56, 'change': '', 'shares': 9026263}, {'name': '中国银行-南方高增长股票型开放式证券投资基金', 'rank': 10, 'ratio': 0.34, 'change': '新进', 'shares': 5400000}, {'name': '建信理财有限责任公司-建信理财“诚鑫”多元配置混合类最低持有2年开放式产品', 'rank': 10, 'ratio': 0.56, 'change': '新进', 'shares': 8928951}, {'name': '基本养老保险基金一五零六一组合', 'rank': 10, 'ratio': 0.49, 'change': '新进', 'shares': 7781400}, {'name': '广发证券资管-中国银行-广发恒定定增宝4号集合资产管理计划', 'rank': 10, 'ratio': 0.5, 'change': '新进', 'shares': 7978723}, {'name': '中国建设银行股份有限公司-安信策略精选灵活配置混合型证券投资基金', 'rank': 10, 'ratio': 0.52, 'change': '新进', 'shares': 8304100}]",[],0.0000,0,2026-06-06 04:49:14.116271+00:00
1572,000059,2026-04-30,46831,0.9300,"[{'name': '华润深国投信托有限公司-昀沣4号集合资金信托计划', 'rank': 10, 'ratio': 0.32, 'change': '新进', 'shares': 5080000}, {'name': '江苏瑞华投资发展有限公司', 'rank': 10, 'ratio': 0.83, 'change': '新进', 'shares': 10000000}, {'name': '中国人寿保险股份有限公司-传统-普通保险产品-005L-CT001沪', 'rank': 10, 'ratio': 0.53, 'change': '', 'shares': 8548498}, {'name': '新华人寿保险股份有限公司-传统-普通保险产品-018L-CT001深', 'rank': 10, 'ratio': 0.46, 'change': '新进', 'shares': 7279884}, {'name': '香港中央结算有限公司', 'rank': 10, 'ratio': 0.56, 'change': '', 'shares': 9026263}, {'name': '中国银行-南方高增长股票型开放式证券投资基金', 'rank': 10, 'ratio': 0.34, 'change': '新进', 'shares': 5400000}, {'name': '建信理财有限责任公司-建信理财“诚鑫”多元配置混合类最低持有2年开放式产品', 'rank': 10, 'ratio': 0.56, 'change': '新进', 'shares': 8928951}, {'name': '基本养老保险基金一五零六一组合', 'rank': 10, 'ratio': 0.49, 'change': '新进', 'shares': 7781400}, {'name': '广发证券资管-中国银行-广发恒定定增宝4号集合资产管理计划', 'rank': 10, 'ratio': 0.5, 'change': '新进', 'shares': 7978723}, {'name': '中国建设银行股份有限公司-安信策略精选灵活配置混合型证券投资基金', 'rank': 10, 'ratio': 0.52, 'change': '新进', 'shares': 8304100}]",[],0.0000,0,2026-06-06 04:49:14.116271+00:00
1573,000059,2026-04-20,46401,-1.3300,"[{'name': '华润深国投信托有限公司-昀沣4号集合资金信托计划', 'rank': 10, 'ratio': 0.32, 'change': '新进', 'shares': 5080000}, {'name': '江苏瑞华投资发展有限公司', 'rank': 10, 'ratio': 0.83, 'change': '新进', 'shares': 10000000}, {'name': '中国人寿保险股份有限公司-传统-普通保险产品-005L-CT001沪', 'rank': 10, 'ratio': 0.53, 'change': '', 'shares': 8548498}, {'name': '新华人寿保险股份有限公司-传统-普通保险产品-018L-CT001深', 'rank': 10, 'ratio': 0.46, 'change': '新进', 'shares': 7279884}, {'name': '香港中央结算有限公司', 'rank': 10, 'ratio': 0.56, 'change': '', 'shares': 9026263}, {'name': '中国银行-南方高增长股票型开放式证券投资基金', 'rank': 10, 'ratio': 0.34, 'change': '新进', 'shares': 5400000}, {'name': '建信理财有限责任公司-建信理财“诚鑫”多元配置混合类最低持有2年开放式产品', 'rank': 10, 'ratio': 0.56, 'change': '新进', 'shares': 8928951}, {'name': '基本养老保险基金一五零六一组合', 'rank': 10, 'ratio': 0.49, 'change': '新进', 'shares': 7781400}, {'name': '广发证券资管-中国银行-广发恒定定增宝4号集合资产管理计划', 'rank': 10, 'ratio': 0.5, 'change': '新进', 'shares': 7978723}, {'name': '中国建设银行股份有限公司-安信策略精选灵活配置混合型证券投资基金', 'rank': 10, 'ratio': 0.52, 'change': '新进', 'shares': 8304100}]",[],0.0000,0,2026-06-06 04:49:14.116271+00:00
1574,000059,2026-04-10,47025,-1.5700,"[{'name': '华润深国投信托有限公司-昀沣4号集合资金信托计划', 'rank': 10, 'ratio': 0.32, 'change': '新进', 'shares': 5080000}, {'name': '江苏瑞华投资发展有限公司', 'rank': 10, 'ratio': 0.83, 'change': '新进', 'shares': 10000000}, {'name': '中国人寿保险股份有限公司-传统-普通保险产品-005L-CT001沪', 'rank': 10, 'ratio': 0.53, 'change': '', 'shares': 8548498}, {'name': '新华人寿保险股份有限公司-传统-普通保险产品-018L-CT001深', 'rank': 10, 'ratio': 0.46, 'change': '新进', 'shares': 7279884}, {'name': '香港中央结算有限公司', 'rank': 10, 'ratio': 0.56, 'change': '', 'shares': 9026263}, {'name': '中国银行-南方高增长股票型开放式证券投资基金', 'rank': 10, 'ratio': 0.34, 'change': '新进', 'shares': 5400000}, {'name': '建信理财有限责任公司-建信理财“诚鑫”多元配置混合类最低持有2年开放式产品', 'rank': 10, 'ratio': 0.56, 'change': '新进', 'shares': 8928951}, {'name': '基本养老保险基金一五零六一组合', 'rank': 10, 'ratio': 0.49, 'change': '新进', 'shares': 7781400}, {'name': '广发证券资管-中国银行-广发恒定定增宝4号集合资产管理计划', 'rank': 10, 'ratio': 0.5, 'change': '新进', 'shares': 7978723}, {'name': '中国建设银行股份有限公司-安信策略精选灵活配置混合型证券投资基金', 'rank': 10, 'ratio': 0.52, 'change': '新进', 'shares': 8304100}]",[],0.0000,0,2026-06-06 04:49:14.116271+00:00
1575,000059,2026-03-31,47773,1.3800,"[{'name': '华润深国投信托有限公司-昀沣4号集合资金信托计划', 'rank': 10, 'ratio': 0.32, 'change': '新进', 'shares': 5080000}, {'name': '江苏瑞华投资发展有限公司', 'rank': 10, 'ratio': 0.83, 'change': '新进', 'shares': 10000000}, {'name': '中国人寿保险股份有限公司-传统-普通保险产品-005L-CT001沪', 'rank': 10, 'ratio': 0.53, 'change': '', 'shares': 8548498}, {'name': '新华人寿保险股份有限公司-传统-普通保险产品-018L-CT001深', 'rank': 10, 'ratio': 0.46, 'change': '新进', 'shares': 7279884}, {'name': '香港中央结算有限公司', 'rank': 10, 'ratio': 0.56, 'change': '', 'shares': 9026263}, {'name': '中国银行-南方高增长股票型开放式证券投资基金', 'rank': 10, 'ratio': 0.34, 'change': '新进', 'shares': 5400000}, {'name': '建信理财有限责任公司-建信理财“诚鑫”多元配置混合类最低持有2年开放式产品', 'rank': 10, 'ratio': 0.56, 'change': '新进', 'shares': 8928951}, {'name': '基本养老保险基金一五零六一组合', 'rank': 10, 'ratio': 0.49, 'change': '新进', 'shares': 7781400}, {'name': '广发证券资管-中国银行-广发恒定定增宝4号集合资产管理计划', 'rank': 10, 'ratio': 0.5, 'change': '新进', 'shares': 7978723}, {'name': '中国建设银行股份有限公司-安信策略精选灵活配置混合型证券投资基金', 'rank': 10, 'ratio': 0.52, 'change': '新进', 'shares': 8304100}]",[],0.0000,0,2026-06-06 04:49:14.116271+00:00
1576,000059,2026-03-20,47122,-6.0500,"[{'name': '华润深国投信托有限公司-昀沣4号集合资金信托计划', 'rank': 10, 'ratio': 0.32, 'change': '新进', 'shares': 5080000}, {'name': '江苏瑞华投资发展有限公司', 'rank': 10, 'ratio': 0.83, 'change': '新进', 'shares': 10000000}, {'name': '中国人寿保险股份有限公司-传统-普通保险产品-005L-CT001沪', 'rank': 10, 'ratio': 0.53, 'change': '', 'shares': 8548498}, {'name': '新华人寿保险股份有限公司-传统-普通保险产品-018L-CT001深', 'rank': 10, 'ratio': 0.46, 'change': '新进', 'shares': 7279884}, {'name': '香港中央结算有限公司', 'rank': 10, 'ratio': 0.56, 'change': '', 'shares': 9026263}, {'name': '中国银行-南方高增长股票型开放式证券投资基金', 'rank': 10, 'ratio': 0.34, 'change': '新进', 'shares': 5400000}, {'name': '建信理财有限责任公司-建信理财“诚鑫”多元配置混合类最低持有2年开放式产品', 'rank': 10, 'ratio': 0.56, 'change': '新进', 'shares': 8928951}, {'name': '基本养老保险基金一五零六一组合', 'rank': 10, 'ratio': 0.49, 'change': '新进', 'shares': 7781400}, {'name': '广发证券资管-中国银行-广发恒定定增宝4号集合资产管理计划', 'rank': 10, 'ratio': 0.5, 'change': '新进', 'shares': 7978723}, {'name': '中国建设银行股份有限公司-安信策略精选灵活配置混合型证券投资基金', 'rank': 10, 'ratio': 0.52, 'change': '新进', 'shares': 8304100}]",[],0.0000,0,2026-06-06 04:49:14.116271+00:00
1577,000059,2026-03-10,50155,23.8300,"[{'name': '华润深国投信托有限公司-昀沣4号集合资金信托计划', 'rank': 10, 'ratio': 0.32, 'change': '新进', 'shares': 5080000}, {'name': '江苏瑞华投资发展有限公司', 'rank': 10, 'ratio': 0.83, 'change': '新进', 'shares': 10000000}, {'name': '中国人寿保险股份有限公司-传统-普通保险产品-005L-CT001沪', 'rank': 10, 'ratio': 0.53, 'change': '', 'shares': 8548498}, {'name': '新华人寿保险股份有限公司-传统-普通保险产品-018L-CT001深', 'rank': 10, 'ratio': 0.46, 'change': '新进', 'shares': 7279884}, {'name': '香港中央结算有限公司', 'rank': 10, 'ratio': 0.56, 'change': '', 'shares': 9026263}, {'name': '中国银行-南方高增长股票型开放式证券投资基金', 'rank': 10, 'ratio': 0.34, 'change': '新进', 'shares': 5400000}, {'name': '建信理财有限责任公司-建信理财“诚鑫”多元配置混合类最低持有2年开放式产品', 'rank': 10, 'ratio': 0.56, 'change': '新进', 'shares': 8928951}, {'name': '基本养老保险基金一五零六一组合', 'rank': 10, 'ratio': 0.49, 'change': '新进', 'shares': 7781400}, {'name': '广发证券资管-中国银行-广发恒定定增宝4号集合资产管理计划', 'rank': 10, 'ratio': 0.5, 'change': '新进', 'shares': 7978723}, {'name': '中国建设银行股份有限公司-安信策略精选灵活配置混合型证券投资基金', 'rank': 10, 'ratio': 0.52, 'change': '新进', 'shares': 8304100}]",[],0.0000,0,2026-06-06 04:49:14.116271+00:00
1578,000059,2026-02-28,40504,0.2400,"[{'name': '华润深国投信托有限公司-昀沣4号集合资金信托计划', 'rank': 10, 'ratio': 0.32, 'change': '新进', 'shares': 5080000}, {'name': '江苏瑞华投资发展有限公司', 'rank': 10, 'ratio': 0.83, 'change': '新进', 'shares': 10000000}, {'name': '中国人寿保险股份有限公司-传统-普通保险产品-005L-CT001沪', 'rank': 10, 'ratio': 0.53, 'change': '', 'shares': 8548498}, {'name': '新华人寿保险股份有限公司-传统-普通保险产品-018L-CT001深', 'rank': 10, 'ratio': 0.46, 'change': '新进', 'shares': 7279884}, {'name': '香港中央结算有限公司', 'rank': 10, 'ratio': 0.56, 'change': '', 'shares': 9026263}, {'name': '中国银行-南方高增长股票型开放式证券投资基金', 'rank': 10, 'ratio': 0.34, 'change': '新进', 'shares': 5400000}, {'name': '建信理财有限责任公司-建信理财“诚鑫”多元配置混合类最低持有2年开放式产品', 'rank': 10, 'ratio': 0.56, 'change': '新进', 'shares': 8928951}, {'name': '基本养老保险基金一五零六一组合', 'rank': 10, 'ratio': 0.49, 'change': '新进', 'shares': 7781400}, {'name': '广发证券资管-中国银行-广发恒定定增宝4号集合资产管理计划', 'rank': 10, 'ratio': 0.5, 'change': '新进', 'shares': 7978723}, {'name': '中国建设银行股份有限公司-安信策略精选灵活配置混合型证券投资基金', 'rank': 10, 'ratio': 0.52, 'change': '新进', 'shares': 8304100}]",[],0.0000,0,2026-06-06 04:49:14.116271+00:00
1579,000059,2026-02-13,40409,0.0000,"[{'name': '华润深国投信托有限公司-昀沣4号集合资金信托计划', 'rank': 10, 'ratio': 0.32, 'change': '新进', 'shares': 5080000}, {'name': '江苏瑞华投资发展有限公司', 'rank': 10, 'ratio': 0.83, 'change': '新进', 'shares': 10000000}, {'name': '中国人寿保险股份有限公司-传统-普通保险产品-005L-CT001沪', 'rank': 10, 'ratio': 0.53, 'change': '', 'shares': 8548498}, {'name': '新华人寿保险股份有限公司-传统-普通保险产品-018L-CT001深', 'rank': 10, 'ratio': 0.46, 'change': '新进', 'shares': 7279884}, {'name': '香港中央结算有限公司', 'rank': 10, 'ratio': 0.56, 'change': '', 'shares': 9026263}, {'name': '中国银行-南方高增长股票型开放式证券投资基金', 'rank': 10, 'ratio': 0.34, 'change': '新进', 'shares': 5400000}, {'name': '建信理财有限责任公司-建信理财“诚鑫”多元配置混合类最低持有2年开放式产品', 'rank': 10, 'ratio': 0.56, 'change': '新进', 'shares': 8928951}, {'name': '基本养老保险基金一五零六一组合', 'rank': 10, 'ratio': 0.49, 'change': '新进', 'shares': 7781400}, {'name': '广发证券资管-中国银行-广发恒定定增宝4号集合资产管理计划', 'rank': 10, 'ratio': 0.5, 'change': '新进', 'shares': 7978723}, {'name': '中国建设银行股份有限公司-安信策略精选灵活配置混合型证券投资基金', 'rank': 10, 'ratio': 0.52, 'change': '新进', 'shares': 8304100}]",[],0.0000,0,2026-06-06 04:49:14.116271+00:00
1580,000060,2026-03-31,232043,54.0100,"[{'name': '上海强汇通信设备有限公司', 'rank': 14, 'ratio': 0.006944444444, 'change': '', 'shares': 30000}, {'name': '上海强汇通信设备有限公司', 'rank': 14, 'ratio': 0.0069, 'change': '新进', 'shares': 30000}, {'name': '上海兴岚经贸有限公司', 'rank': 13, 'ratio': 0.009259259259, 'change': '', 'shares': 40000}, {'name': '上海兴岚经贸有限公司', 'rank': 13, 'ratio': 0.0093, 'change': '新进', 'shares': 40000}, {'name': '哈尔滨市东安保险片厂', 'rank': 12, 'ratio': 0.008641898148, 'change': '', 'shares': 37333}, {'name': '上海市浦东新区高桥龙富工贸公司', 'rank': 12, 'ratio': 0.0116, 'change': '新进', 'shares': 50000}, {'name': '上海市浦东新区高桥龙富工贸公司', 'rank': 12, 'ratio': 0.008641898148, 'change': '', 'shares': 37333}, {'name': '慈溪市曙光投资信息咨询有限公司', 'rank': 12, 'ratio': 0.008641898148, 'change': '', 'shares': 37333}, {'name': '宁波市镇海恒盛工贸有限公司', 'rank': 12, 'ratio': 0.008641898148, 'change': '', 'shares': 37333}, {'name': '上海爱姆意机电设备连锁有限公司', 'rank': 12, 'ratio': 0.008641898148, 'change': '', 'shares': 37333}]",[],0.0000,0,2026-06-06 04:49:14.116271+00:00
1582,000060,2025-09-30,126436,-0.9400,"[{'name': '上海强汇通信设备有限公司', 'rank': 14, 'ratio': 0.006944444444, 'change': '', 'shares': 30000}, {'name': '上海强汇通信设备有限公司', 'rank': 14, 'ratio': 0.0069, 'change': '新进', 'shares': 30000}, {'name': '上海兴岚经贸有限公司', 'rank': 13, 'ratio': 0.009259259259, 'change': '', 'shares': 40000}, {'name': '上海兴岚经贸有限公司', 'rank': 13, 'ratio': 0.0093, 'change': '新进', 'shares': 40000}, {'name': '哈尔滨市东安保险片厂', 'rank': 12, 'ratio': 0.008641898148, 'change': '', 'shares': 37333}, {'name': '上海市浦东新区高桥龙富工贸公司', 'rank': 12, 'ratio': 0.0116, 'change': '新进', 'shares': 50000}, {'name': '上海市浦东新区高桥龙富工贸公司', 'rank': 12, 'ratio': 0.008641898148, 'change': '', 'shares': 37333}, {'name': '慈溪市曙光投资信息咨询有限公司', 'rank': 12, 'ratio': 0.008641898148, 'change': '', 'shares': 37333}, {'name': '宁波市镇海恒盛工贸有限公司', 'rank': 12, 'ratio': 0.008641898148, 'change': '', 'shares': 37333}, {'name': '上海爱姆意机电设备连锁有限公司', 'rank': 12, 'ratio': 0.008641898148, 'change': '', 'shares': 37333}]",[],0.0000,0,2026-06-06 04:49:14.116271+00:00
1583,000060,2025-06-30,127635,-0.0500,"[{'name': '上海强汇通信设备有限公司', 'rank': 14, 'ratio': 0.006944444444, 'change': '', 'shares': 30000}, {'name': '上海强汇通信设备有限公司', 'rank': 14, 'ratio': 0.0069, 'change': '新进', 'shares': 30000}, {'name': '上海兴岚经贸有限公司', 'rank': 13, 'ratio': 0.009259259259, 'change': '', 'shares': 40000}, {'name': '上海兴岚经贸有限公司', 'rank': 13, 'ratio': 0.0093, 'change': '新进', 'shares': 40000}, {'name': '哈尔滨市东安保险片厂', 'rank': 12, 'ratio': 0.008641898148, 'change': '', 'shares': 37333}, {'name': '上海市浦东新区高桥龙富工贸公司', 'rank': 12, 'ratio': 0.0116, 'change': '新进', 'shares': 50000}, {'name': '上海市浦东新区高桥龙富工贸公司', 'rank': 12, 'ratio': 0.008641898148, 'change': '', 'shares': 37333}, {'name': '慈溪市曙光投资信息咨询有限公司', 'rank': 12, 'ratio': 0.008641898148, 'change': '', 'shares': 37333}, {'name': '宁波市镇海恒盛工贸有限公司', 'rank': 12, 'ratio': 0.008641898148, 'change': '', 'shares': 37333}, {'name': '上海爱姆意机电设备连锁有限公司', 'rank': 12, 'ratio': 0.008641898148, 'change': '', 'shares': 37333}]",[],0.0000,0,2026-06-06 04:49:14.116271+00:00
1584,000060,2025-03-31,127696,-6.3200,"[{'name': '上海强汇通信设备有限公司', 'rank': 14, 'ratio': 0.006944444444, 'change': '', 'shares': 30000}, {'name': '上海强汇通信设备有限公司', 'rank': 14, 'ratio': 0.0069, 'change': '新进', 'shares': 30000}, {'name': '上海兴岚经贸有限公司', 'rank': 13, 'ratio': 0.009259259259, 'change': '', 'shares': 40000}, {'name': '上海兴岚经贸有限公司', 'rank': 13, 'ratio': 0.0093, 'change': '新进', 'shares': 40000}, {'name': '哈尔滨市东安保险片厂', 'rank': 12, 'ratio': 0.008641898148, 'change': '', 'shares': 37333}, {'name': '上海市浦东新区高桥龙富工贸公司', 'rank': 12, 'ratio': 0.0116, 'change': '新进', 'shares': 50000}, {'name': '上海市浦东新区高桥龙富工贸公司', 'rank': 12, 'ratio': 0.008641898148, 'change': '', 'shares': 37333}, {'name': '慈溪市曙光投资信息咨询有限公司', 'rank': 12, 'ratio': 0.008641898148, 'change': '', 'shares': 37333}, {'name': '宁波市镇海恒盛工贸有限公司', 'rank': 12, 'ratio': 0.008641898148, 'change': '', 'shares': 37333}, {'name': '上海爱姆意机电设备连锁有限公司', 'rank': 12, 'ratio': 0.008641898148, 'change': '', 'shares': 37333}]",[],0.0000,0,2026-06-06 04:49:14.116271+00:00
1585,000060,2024-12-31,136306,2.5900,"[{'name': '上海强汇通信设备有限公司', 'rank': 14, 'ratio': 0.006944444444, 'change': '', 'shares': 30000}, {'name': '上海强汇通信设备有限公司', 'rank': 14, 'ratio': 0.0069, 'change': '新进', 'shares': 30000}, {'name': '上海兴岚经贸有限公司', 'rank': 13, 'ratio': 0.009259259259, 'change': '', 'shares': 40000}, {'name': '上海兴岚经贸有限公司', 'rank': 13, 'ratio': 0.0093, 'change': '新进', 'shares': 40000}, {'name': '哈尔滨市东安保险片厂', 'rank': 12, 'ratio': 0.008641898148, 'change': '', 'shares': 37333}, {'name': '上海市浦东新区高桥龙富工贸公司', 'rank': 12, 'ratio': 0.0116, 'change': '新进', 'shares': 50000}, {'name': '上海市浦东新区高桥龙富工贸公司', 'rank': 12, 'ratio': 0.008641898148, 'change': '', 'shares': 37333}, {'name': '慈溪市曙光投资信息咨询有限公司', 'rank': 12, 'ratio': 0.008641898148, 'change': '', 'shares': 37333}, {'name': '宁波市镇海恒盛工贸有限公司', 'rank': 12, 'ratio': 0.008641898148, 'change': '', 'shares': 37333}, {'name': '上海爱姆意机电设备连锁有限公司', 'rank': 12, 'ratio': 0.008641898148, 'change': '', 'shares': 37333}]",[],0.0000,0,2026-06-06 04:49:14.116271+00:00
1586,000060,2024-09-30,132866,-2.2100,"[{'name': '上海强汇通信设备有限公司', 'rank': 14, 'ratio': 0.006944444444, 'change': '', 'shares': 30000}, {'name': '上海强汇通信设备有限公司', 'rank': 14, 'ratio': 0.0069, 'change': '新进', 'shares': 30000}, {'name': '上海兴岚经贸有限公司', 'rank': 13, 'ratio': 0.009259259259, 'change': '', 'shares': 40000}, {'name': '上海兴岚经贸有限公司', 'rank': 13, 'ratio': 0.0093, 'change': '新进', 'shares': 40000}, {'name': '哈尔滨市东安保险片厂', 'rank': 12, 'ratio': 0.008641898148, 'change': '', 'shares': 37333}, {'name': '上海市浦东新区高桥龙富工贸公司', 'rank': 12, 'ratio': 0.0116, 'change': '新进', 'shares': 50000}, {'name': '上海市浦东新区高桥龙富工贸公司', 'rank': 12, 'ratio': 0.008641898148, 'change': '', 'shares': 37333}, {'name': '慈溪市曙光投资信息咨询有限公司', 'rank': 12, 'ratio': 0.008641898148, 'change': '', 'shares': 37333}, {'name': '宁波市镇海恒盛工贸有限公司', 'rank': 12, 'ratio': 0.008641898148, 'change': '', 'shares': 37333}, {'name': '上海爱姆意机电设备连锁有限公司', 'rank': 12, 'ratio': 0.008641898148, 'change': '', 'shares': 37333}]",[],0.0000,0,2026-06-06 04:49:14.116271+00:00
1587,000060,2024-06-30,135862,2.7100,"[{'name': '上海强汇通信设备有限公司', 'rank': 14, 'ratio': 0.006944444444, 'change': '', 'shares': 30000}, {'name': '上海强汇通信设备有限公司', 'rank': 14, 'ratio': 0.0069, 'change': '新进', 'shares': 30000}, {'name': '上海兴岚经贸有限公司', 'rank': 13, 'ratio': 0.009259259259, 'change': '', 'shares': 40000}, {'name': '上海兴岚经贸有限公司', 'rank': 13, 'ratio': 0.0093, 'change': '新进', 'shares': 40000}, {'name': '哈尔滨市东安保险片厂', 'rank': 12, 'ratio': 0.008641898148, 'change': '', 'shares': 37333}, {'name': '上海市浦东新区高桥龙富工贸公司', 'rank': 12, 'ratio': 0.0116, 'change': '新进', 'shares': 50000}, {'name': '上海市浦东新区高桥龙富工贸公司', 'rank': 12, 'ratio': 0.008641898148, 'change': '', 'shares': 37333}, {'name': '慈溪市曙光投资信息咨询有限公司', 'rank': 12, 'ratio': 0.008641898148, 'change': '', 'shares': 37333}, {'name': '宁波市镇海恒盛工贸有限公司', 'rank': 12, 'ratio': 0.008641898148, 'change': '', 'shares': 37333}, {'name': '上海爱姆意机电设备连锁有限公司', 'rank': 12, 'ratio': 0.008641898148, 'change': '', 'shares': 37333}]",[],0.0000,0,2026-06-06 04:49:14.116271+00:00
1588,000060,2024-03-31,132278,-1.3700,"[{'name': '上海强汇通信设备有限公司', 'rank': 14, 'ratio': 0.006944444444, 'change': '', 'shares': 30000}, {'name': '上海强汇通信设备有限公司', 'rank': 14, 'ratio': 0.0069, 'change': '新进', 'shares': 30000}, {'name': '上海兴岚经贸有限公司', 'rank': 13, 'ratio': 0.009259259259, 'change': '', 'shares': 40000}, {'name': '上海兴岚经贸有限公司', 'rank': 13, 'ratio': 0.0093, 'change': '新进', 'shares': 40000}, {'name': '哈尔滨市东安保险片厂', 'rank': 12, 'ratio': 0.008641898148, 'change': '', 'shares': 37333}, {'name': '上海市浦东新区高桥龙富工贸公司', 'rank': 12, 'ratio': 0.0116, 'change': '新进', 'shares': 50000}, {'name': '上海市浦东新区高桥龙富工贸公司', 'rank': 12, 'ratio': 0.008641898148, 'change': '', 'shares': 37333}, {'name': '慈溪市曙光投资信息咨询有限公司', 'rank': 12, 'ratio': 0.008641898148, 'change': '', 'shares': 37333}, {'name': '宁波市镇海恒盛工贸有限公司', 'rank': 12, 'ratio': 0.008641898148, 'change': '', 'shares': 37333}, {'name': '上海爱姆意机电设备连锁有限公司', 'rank': 12, 'ratio': 0.008641898148, 'change': '', 'shares': 37333}]",[],0.0000,0,2026-06-06 04:49:14.116271+00:00
1589,000060,2023-12-31,134109,0.0000,"[{'name': '上海强汇通信设备有限公司', 'rank': 14, 'ratio': 0.006944444444, 'change': '', 'shares': 30000}, {'name': '上海强汇通信设备有限公司', 'rank': 14, 'ratio': 0.0069, 'change': '新进', 'shares': 30000}, {'name': '上海兴岚经贸有限公司', 'rank': 13, 'ratio': 0.009259259259, 'change': '', 'shares': 40000}, {'name': '上海兴岚经贸有限公司', 'rank': 13, 'ratio': 0.0093, 'change': '新进', 'shares': 40000}, {'name': '哈尔滨市东安保险片厂', 'rank': 12, 'ratio': 0.008641898148, 'change': '', 'shares': 37333}, {'name': '上海市浦东新区高桥龙富工贸公司', 'rank': 12, 'ratio': 0.0116, 'change': '新进', 'shares': 50000}, {'name': '上海市浦东新区高桥龙富工贸公司', 'rank': 12, 'ratio': 0.008641898148, 'change': '', 'shares': 37333}, {'name': '慈溪市曙光投资信息咨询有限公司', 'rank': 12, 'ratio': 0.008641898148, 'change': '', 'shares': 37333}, {'name': '宁波市镇海恒盛工贸有限公司', 'rank': 12, 'ratio': 0.008641898148, 'change': '', 'shares': 37333}, {'name': '上海爱姆意机电设备连锁有限公司', 'rank': 12, 'ratio': 0.008641898148, 'change': '', 'shares': 37333}]",[],0.0000,0,2026-06-06 04:49:14.116271+00:00
1590,000061,2026-05-08,43640,0.5600,"[{'name': '深圳倍源实业有限公司', 'rank': 15, 'ratio': 0.0, 'change': '新进', 'shares': 1}, {'name': '深圳市晨晖实业有限公司', 'rank': 14, 'ratio': 0.0001, 'change': '新进', 'shares': 194}, {'name': '上海申伟电力工程有限公司', 'rank': 13, 'ratio': 0.0116, 'change': '新进', 'shares': 45000}, {'name': '深圳市永利竹实业发展有限公司', 'rank': 12, 'ratio': 0.0954, 'change': '新进', 'shares': 369942}, {'name': '上海申伟电力工程有限公司', 'rank': 12, 'ratio': 0.0232, 'change': '新进', 'shares': 90000}, {'name': '中铁信托有限责任公司-中铁信托·银天使二期结构化证券投资集合资金信托计划', 'rank': 11, 'ratio': 0.83, 'change': '', 'shares': 14146973}, {'name': '国信证券-许智强-国信证券鼎信尊享财富管家2号单一资产管理计划', 'rank': 11, 'ratio': 0.6, 'change': '', 'shares': 10100000}, {'name': '中铁信托有限责任公司-中铁信托·银天使二期结构化证券投资集合资金信托计划', 'rank': 11, 'ratio': 0.83, 'change': '', 'shares': 14146973}, {'name': '深圳市永利竹实业发展有限公司', 'rank': 11, 'ratio': 0.1909, 'change': '新进', 'shares': 739882}, {'name': '深圳市南瑞实业有限公司', 'rank': 11, 'ratio': 0.1766, 'change': '新进', 'shares': 684464}]",[],0.0000,0,2026-06-06 04:49:14.116271+00:00
1591,000061,2026-04-30,43395,-0.6000,"[{'name': '深圳倍源实业有限公司', 'rank': 15, 'ratio': 0.0, 'change': '新进', 'shares': 1}, {'name': '深圳市晨晖实业有限公司', 'rank': 14, 'ratio': 0.0001, 'change': '新进', 'shares': 194}, {'name': '上海申伟电力工程有限公司', 'rank': 13, 'ratio': 0.0116, 'change': '新进', 'shares': 45000}, {'name': '深圳市永利竹实业发展有限公司', 'rank': 12, 'ratio': 0.0954, 'change': '新进', 'shares': 369942}, {'name': '上海申伟电力工程有限公司', 'rank': 12, 'ratio': 0.0232, 'change': '新进', 'shares': 90000}, {'name': '中铁信托有限责任公司-中铁信托·银天使二期结构化证券投资集合资金信托计划', 'rank': 11, 'ratio': 0.83, 'change': '', 'shares': 14146973}, {'name': '国信证券-许智强-国信证券鼎信尊享财富管家2号单一资产管理计划', 'rank': 11, 'ratio': 0.6, 'change': '', 'shares': 10100000}, {'name': '中铁信托有限责任公司-中铁信托·银天使二期结构化证券投资集合资金信托计划', 'rank': 11, 'ratio': 0.83, 'change': '', 'shares': 14146973}, {'name': '深圳市永利竹实业发展有限公司', 'rank': 11, 'ratio': 0.1909, 'change': '新进', 'shares': 739882}, {'name': '深圳市南瑞实业有限公司', 'rank': 11, 'ratio': 0.1766, 'change': '新进', 'shares': 684464}]",[],0.0000,0,2026-06-06 04:49:14.116271+00:00
1592,000061,2026-04-20,43655,2.0300,"[{'name': '深圳倍源实业有限公司', 'rank': 15, 'ratio': 0.0, 'change': '新进', 'shares': 1}, {'name': '深圳市晨晖实业有限公司', 'rank': 14, 'ratio': 0.0001, 'change': '新进', 'shares': 194}, {'name': '上海申伟电力工程有限公司', 'rank': 13, 'ratio': 0.0116, 'change': '新进', 'shares': 45000}, {'name': '深圳市永利竹实业发展有限公司', 'rank': 12, 'ratio': 0.0954, 'change': '新进', 'shares': 369942}, {'name': '上海申伟电力工程有限公司', 'rank': 12, 'ratio': 0.0232, 'change': '新进', 'shares': 90000}, {'name': '中铁信托有限责任公司-中铁信托·银天使二期结构化证券投资集合资金信托计划', 'rank': 11, 'ratio': 0.83, 'change': '', 'shares': 14146973}, {'name': '国信证券-许智强-国信证券鼎信尊享财富管家2号单一资产管理计划', 'rank': 11, 'ratio': 0.6, 'change': '', 'shares': 10100000}, {'name': '中铁信托有限责任公司-中铁信托·银天使二期结构化证券投资集合资金信托计划', 'rank': 11, 'ratio': 0.83, 'change': '', 'shares': 14146973}, {'name': '深圳市永利竹实业发展有限公司', 'rank': 11, 'ratio': 0.1909, 'change': '新进', 'shares': 739882}, {'name': '深圳市南瑞实业有限公司', 'rank': 11, 'ratio': 0.1766, 'change': '新进', 'shares': 684464}]",[],0.0000,0,2026-06-06 04:49:14.116271+00:00
1593,000061,2026-04-10,42786,0.8100,"[{'name': '深圳倍源实业有限公司', 'rank': 15, 'ratio': 0.0, 'change': '新进', 'shares': 1}, {'name': '深圳市晨晖实业有限公司', 'rank': 14, 'ratio': 0.0001, 'change': '新进', 'shares': 194}, {'name': '上海申伟电力工程有限公司', 'rank': 13, 'ratio': 0.0116, 'change': '新进', 'shares': 45000}, {'name': '深圳市永利竹实业发展有限公司', 'rank': 12, 'ratio': 0.0954, 'change': '新进', 'shares': 369942}, {'name': '上海申伟电力工程有限公司', 'rank': 12, 'ratio': 0.0232, 'change': '新进', 'shares': 90000}, {'name': '中铁信托有限责任公司-中铁信托·银天使二期结构化证券投资集合资金信托计划', 'rank': 11, 'ratio': 0.83, 'change': '', 'shares': 14146973}, {'name': '国信证券-许智强-国信证券鼎信尊享财富管家2号单一资产管理计划', 'rank': 11, 'ratio': 0.6, 'change': '', 'shares': 10100000}, {'name': '中铁信托有限责任公司-中铁信托·银天使二期结构化证券投资集合资金信托计划', 'rank': 11, 'ratio': 0.83, 'change': '', 'shares': 14146973}, {'name': '深圳市永利竹实业发展有限公司', 'rank': 11, 'ratio': 0.1909, 'change': '新进', 'shares': 739882}, {'name': '深圳市南瑞实业有限公司', 'rank': 11, 'ratio': 0.1766, 'change': '新进', 'shares': 684464}]",[],0.0000,0,2026-06-06 04:49:14.116271+00:00
1594,000061,2026-03-31,42441,8.4600,"[{'name': '深圳倍源实业有限公司', 'rank': 15, 'ratio': 0.0, 'change': '新进', 'shares': 1}, {'name': '深圳市晨晖实业有限公司', 'rank': 14, 'ratio': 0.0001, 'change': '新进', 'shares': 194}, {'name': '上海申伟电力工程有限公司', 'rank': 13, 'ratio': 0.0116, 'change': '新进', 'shares': 45000}, {'name': '深圳市永利竹实业发展有限公司', 'rank': 12, 'ratio': 0.0954, 'change': '新进', 'shares': 369942}, {'name': '上海申伟电力工程有限公司', 'rank': 12, 'ratio': 0.0232, 'change': '新进', 'shares': 90000}, {'name': '中铁信托有限责任公司-中铁信托·银天使二期结构化证券投资集合资金信托计划', 'rank': 11, 'ratio': 0.83, 'change': '', 'shares': 14146973}, {'name': '国信证券-许智强-国信证券鼎信尊享财富管家2号单一资产管理计划', 'rank': 11, 'ratio': 0.6, 'change': '', 'shares': 10100000}, {'name': '中铁信托有限责任公司-中铁信托·银天使二期结构化证券投资集合资金信托计划', 'rank': 11, 'ratio': 0.83, 'change': '', 'shares': 14146973}, {'name': '深圳市永利竹实业发展有限公司', 'rank': 11, 'ratio': 0.1909, 'change': '新进', 'shares': 739882}, {'name': '深圳市南瑞实业有限公司', 'rank': 11, 'ratio': 0.1766, 'change': '新进', 'shares': 684464}]",[],0.0000,0,2026-06-06 04:49:14.116271+00:00
1595,000061,2026-03-20,39132,-0.0500,"[{'name': '深圳倍源实业有限公司', 'rank': 15, 'ratio': 0.0, 'change': '新进', 'shares': 1}, {'name': '深圳市晨晖实业有限公司', 'rank': 14, 'ratio': 0.0001, 'change': '新进', 'shares': 194}, {'name': '上海申伟电力工程有限公司', 'rank': 13, 'ratio': 0.0116, 'change': '新进', 'shares': 45000}, {'name': '深圳市永利竹实业发展有限公司', 'rank': 12, 'ratio': 0.0954, 'change': '新进', 'shares': 369942}, {'name': '上海申伟电力工程有限公司', 'rank': 12, 'ratio': 0.0232, 'change': '新进', 'shares': 90000}, {'name': '中铁信托有限责任公司-中铁信托·银天使二期结构化证券投资集合资金信托计划', 'rank': 11, 'ratio': 0.83, 'change': '', 'shares': 14146973}, {'name': '国信证券-许智强-国信证券鼎信尊享财富管家2号单一资产管理计划', 'rank': 11, 'ratio': 0.6, 'change': '', 'shares': 10100000}, {'name': '中铁信托有限责任公司-中铁信托·银天使二期结构化证券投资集合资金信托计划', 'rank': 11, 'ratio': 0.83, 'change': '', 'shares': 14146973}, {'name': '深圳市永利竹实业发展有限公司', 'rank': 11, 'ratio': 0.1909, 'change': '新进', 'shares': 739882}, {'name': '深圳市南瑞实业有限公司', 'rank': 11, 'ratio': 0.1766, 'change': '新进', 'shares': 684464}]",[],0.0000,0,2026-06-06 04:49:14.116271+00:00
1596,000061,2026-02-13,39151,-0.2900,"[{'name': '深圳倍源实业有限公司', 'rank': 15, 'ratio': 0.0, 'change': '新进', 'shares': 1}, {'name': '深圳市晨晖实业有限公司', 'rank': 14, 'ratio': 0.0001, 'change': '新进', 'shares': 194}, {'name': '上海申伟电力工程有限公司', 'rank': 13, 'ratio': 0.0116, 'change': '新进', 'shares': 45000}, {'name': '深圳市永利竹实业发展有限公司', 'rank': 12, 'ratio': 0.0954, 'change': '新进', 'shares': 369942}, {'name': '上海申伟电力工程有限公司', 'rank': 12, 'ratio': 0.0232, 'change': '新进', 'shares': 90000}, {'name': '中铁信托有限责任公司-中铁信托·银天使二期结构化证券投资集合资金信托计划', 'rank': 11, 'ratio': 0.83, 'change': '', 'shares': 14146973}, {'name': '国信证券-许智强-国信证券鼎信尊享财富管家2号单一资产管理计划', 'rank': 11, 'ratio': 0.6, 'change': '', 'shares': 10100000}, {'name': '中铁信托有限责任公司-中铁信托·银天使二期结构化证券投资集合资金信托计划', 'rank': 11, 'ratio': 0.83, 'change': '', 'shares': 14146973}, {'name': '深圳市永利竹实业发展有限公司', 'rank': 11, 'ratio': 0.1909, 'change': '新进', 'shares': 739882}, {'name': '深圳市南瑞实业有限公司', 'rank': 11, 'ratio': 0.1766, 'change': '新进', 'shares': 684464}]",[],0.0000,0,2026-06-06 04:49:14.116271+00:00
1597,000061,2026-02-10,39263,3.8200,"[{'name': '深圳倍源实业有限公司', 'rank': 15, 'ratio': 0.0, 'change': '新进', 'shares': 1}, {'name': '深圳市晨晖实业有限公司', 'rank': 14, 'ratio': 0.0001, 'change': '新进', 'shares': 194}, {'name': '上海申伟电力工程有限公司', 'rank': 13, 'ratio': 0.0116, 'change': '新进', 'shares': 45000}, {'name': '深圳市永利竹实业发展有限公司', 'rank': 12, 'ratio': 0.0954, 'change': '新进', 'shares': 369942}, {'name': '上海申伟电力工程有限公司', 'rank': 12, 'ratio': 0.0232, 'change': '新进', 'shares': 90000}, {'name': '中铁信托有限责任公司-中铁信托·银天使二期结构化证券投资集合资金信托计划', 'rank': 11, 'ratio': 0.83, 'change': '', 'shares': 14146973}, {'name': '国信证券-许智强-国信证券鼎信尊享财富管家2号单一资产管理计划', 'rank': 11, 'ratio': 0.6, 'change': '', 'shares': 10100000}, {'name': '中铁信托有限责任公司-中铁信托·银天使二期结构化证券投资集合资金信托计划', 'rank': 11, 'ratio': 0.83, 'change': '', 'shares': 14146973}, {'name': '深圳市永利竹实业发展有限公司', 'rank': 11, 'ratio': 0.1909, 'change': '新进', 'shares': 739882}, {'name': '深圳市南瑞实业有限公司', 'rank': 11, 'ratio': 0.1766, 'change': '新进', 'shares': 684464}]",[],0.0000,0,2026-06-06 04:49:14.116271+00:00
1598,000061,2026-01-20,37817,-1.3500,"[{'name': '深圳倍源实业有限公司', 'rank': 15, 'ratio': 0.0, 'change': '新进', 'shares': 1}, {'name': '深圳市晨晖实业有限公司', 'rank': 14, 'ratio': 0.0001, 'change': '新进', 'shares': 194}, {'name': '上海申伟电力工程有限公司', 'rank': 13, 'ratio': 0.0116, 'change': '新进', 'shares': 45000}, {'name': '深圳市永利竹实业发展有限公司', 'rank': 12, 'ratio': 0.0954, 'change': '新进', 'shares': 369942}, {'name': '上海申伟电力工程有限公司', 'rank': 12, 'ratio': 0.0232, 'change': '新进', 'shares': 90000}, {'name': '中铁信托有限责任公司-中铁信托·银天使二期结构化证券投资集合资金信托计划', 'rank': 11, 'ratio': 0.83, 'change': '', 'shares': 14146973}, {'name': '国信证券-许智强-国信证券鼎信尊享财富管家2号单一资产管理计划', 'rank': 11, 'ratio': 0.6, 'change': '', 'shares': 10100000}, {'name': '中铁信托有限责任公司-中铁信托·银天使二期结构化证券投资集合资金信托计划', 'rank': 11, 'ratio': 0.83, 'change': '', 'shares': 14146973}, {'name': '深圳市永利竹实业发展有限公司', 'rank': 11, 'ratio': 0.1909, 'change': '新进', 'shares': 739882}, {'name': '深圳市南瑞实业有限公司', 'rank': 11, 'ratio': 0.1766, 'change': '新进', 'shares': 684464}]",[],0.0000,0,2026-06-06 04:49:14.116271+00:00
1599,000061,2025-12-31,38333,0.0000,"[{'name': '深圳倍源实业有限公司', 'rank': 15, 'ratio': 0.0, 'change': '新进', 'shares': 1}, {'name': '深圳市晨晖实业有限公司', 'rank': 14, 'ratio': 0.0001, 'change': '新进', 'shares': 194}, {'name': '上海申伟电力工程有限公司', 'rank': 13, 'ratio': 0.0116, 'change': '新进', 'shares': 45000}, {'name': '深圳市永利竹实业发展有限公司', 'rank': 12, 'ratio': 0.0954, 'change': '新进', 'shares': 369942}, {'name': '上海申伟电力工程有限公司', 'rank': 12, 'ratio': 0.0232, 'change': '新进', 'shares': 90000}, {'name': '中铁信托有限责任公司-中铁信托·银天使二期结构化证券投资集合资金信托计划', 'rank': 11, 'ratio': 0.83, 'change': '', 'shares': 14146973}, {'name': '国信证券-许智强-国信证券鼎信尊享财富管家2号单一资产管理计划', 'rank': 11, 'ratio': 0.6, 'change': '', 'shares': 10100000}, {'name': '中铁信托有限责任公司-中铁信托·银天使二期结构化证券投资集合资金信托计划', 'rank': 11, 'ratio': 0.83, 'change': '', 'shares': 14146973}, {'name': '深圳市永利竹实业发展有限公司', 'rank': 11, 'ratio': 0.1909, 'change': '新进', 'shares': 739882}, {'name': '深圳市南瑞实业有限公司', 'rank': 11, 'ratio': 0.1766, 'change': '新进', 'shares': 684464}]",[],0.0000,0,2026-06-06 04:49:14.116271+00:00
1600,000062,2026-05-29,151730,-14.6600,"[{'name': '香港中央结算有限公司', 'rank': 10, 'ratio': 0.43, 'change': '', 'shares': 4536373}, {'name': '中国农业银行股份有限公司-中证500交易型开放式指数证券投资基金', 'rank': 10, 'ratio': 0.14, 'change': '新进', 'shares': 1005531}, {'name': '中国农业银行股份有限公司-中证500交易型开放式指数证券投资基金', 'rank': 10, 'ratio': 0.26, 'change': '', 'shares': 2771596}, {'name': '海通证券股份有限公司约定购回专用账户', 'rank': 10, 'ratio': 0.68, 'change': '', 'shares': 7115000}, {'name': '海通证券股份有限公司约定购回专用账户', 'rank': 10, 'ratio': 0.68, 'change': '新进', 'shares': 7115000}, {'name': '香港中央结算有限公司', 'rank': 10, 'ratio': 0.28, 'change': '', 'shares': 2925363}, {'name': '招商银行股份有限公司-华夏中证1000交易型开放式指数证券投资基金', 'rank': 10, 'ratio': 0.19, 'change': '新进', 'shares': 2003600}, {'name': '北京浩鸿房地产开发有限公司', 'rank': 10, 'ratio': 0.066715976825, 'change': '新进', 'shares': 180400}, {'name': '成都红杏酒家有限责任公司', 'rank': 10, 'ratio': 0.12, 'change': '新进', 'shares': 1300000}, {'name': '中国农业银行股份有限公司-中证500交易型开放式指数证券投资基金', 'rank': 10, 'ratio': 0.29, 'change': '', 'shares': 3074496}]",[],0.0000,0,2026-06-06 04:49:14.116271+00:00
1601,000062,2026-04-30,177785,54.0100,"[{'name': '香港中央结算有限公司', 'rank': 10, 'ratio': 0.43, 'change': '', 'shares': 4536373}, {'name': '中国农业银行股份有限公司-中证500交易型开放式指数证券投资基金', 'rank': 10, 'ratio': 0.14, 'change': '新进', 'shares': 1005531}, {'name': '中国农业银行股份有限公司-中证500交易型开放式指数证券投资基金', 'rank': 10, 'ratio': 0.26, 'change': '', 'shares': 2771596}, {'name': '海通证券股份有限公司约定购回专用账户', 'rank': 10, 'ratio': 0.68, 'change': '', 'shares': 7115000}, {'name': '海通证券股份有限公司约定购回专用账户', 'rank': 10, 'ratio': 0.68, 'change': '新进', 'shares': 7115000}, {'name': '香港中央结算有限公司', 'rank': 10, 'ratio': 0.28, 'change': '', 'shares': 2925363}, {'name': '招商银行股份有限公司-华夏中证1000交易型开放式指数证券投资基金', 'rank': 10, 'ratio': 0.19, 'change': '新进', 'shares': 2003600}, {'name': '北京浩鸿房地产开发有限公司', 'rank': 10, 'ratio': 0.066715976825, 'change': '新进', 'shares': 180400}, {'name': '成都红杏酒家有限责任公司', 'rank': 10, 'ratio': 0.12, 'change': '新进', 'shares': 1300000}, {'name': '中国农业银行股份有限公司-中证500交易型开放式指数证券投资基金', 'rank': 10, 'ratio': 0.29, 'change': '', 'shares': 3074496}]",[],0.0000,0,2026-06-06 04:49:14.116271+00:00
1602,000062,2026-04-10,115435,8.5200,"[{'name': '香港中央结算有限公司', 'rank': 10, 'ratio': 0.43, 'change': '', 'shares': 4536373}, {'name': '中国农业银行股份有限公司-中证500交易型开放式指数证券投资基金', 'rank': 10, 'ratio': 0.14, 'change': '新进', 'shares': 1005531}, {'name': '中国农业银行股份有限公司-中证500交易型开放式指数证券投资基金', 'rank': 10, 'ratio': 0.26, 'change': '', 'shares': 2771596}, {'name': '海通证券股份有限公司约定购回专用账户', 'rank': 10, 'ratio': 0.68, 'change': '', 'shares': 7115000}, {'name': '海通证券股份有限公司约定购回专用账户', 'rank': 10, 'ratio': 0.68, 'change': '新进', 'shares': 7115000}, {'name': '香港中央结算有限公司', 'rank': 10, 'ratio': 0.28, 'change': '', 'shares': 2925363}, {'name': '招商银行股份有限公司-华夏中证1000交易型开放式指数证券投资基金', 'rank': 10, 'ratio': 0.19, 'change': '新进', 'shares': 2003600}, {'name': '北京浩鸿房地产开发有限公司', 'rank': 10, 'ratio': 0.066715976825, 'change': '新进', 'shares': 180400}, {'name': '成都红杏酒家有限责任公司', 'rank': 10, 'ratio': 0.12, 'change': '新进', 'shares': 1300000}, {'name': '中国农业银行股份有限公司-中证500交易型开放式指数证券投资基金', 'rank': 10, 'ratio': 0.29, 'change': '', 'shares': 3074496}]",[],0.0000,0,2026-06-06 04:49:14.116271+00:00
1603,000062,2026-03-31,106370,-3.4200,"[{'name': '香港中央结算有限公司', 'rank': 10, 'ratio': 0.43, 'change': '', 'shares': 4536373}, {'name': '中国农业银行股份有限公司-中证500交易型开放式指数证券投资基金', 'rank': 10, 'ratio': 0.14, 'change': '新进', 'shares': 1005531}, {'name': '中国农业银行股份有限公司-中证500交易型开放式指数证券投资基金', 'rank': 10, 'ratio': 0.26, 'change': '', 'shares': 2771596}, {'name': '海通证券股份有限公司约定购回专用账户', 'rank': 10, 'ratio': 0.68, 'change': '', 'shares': 7115000}, {'name': '海通证券股份有限公司约定购回专用账户', 'rank': 10, 'ratio': 0.68, 'change': '新进', 'shares': 7115000}, {'name': '香港中央结算有限公司', 'rank': 10, 'ratio': 0.28, 'change': '', 'shares': 2925363}, {'name': '招商银行股份有限公司-华夏中证1000交易型开放式指数证券投资基金', 'rank': 10, 'ratio': 0.19, 'change': '新进', 'shares': 2003600}, {'name': '北京浩鸿房地产开发有限公司', 'rank': 10, 'ratio': 0.066715976825, 'change': '新进', 'shares': 180400}, {'name': '成都红杏酒家有限责任公司', 'rank': 10, 'ratio': 0.12, 'change': '新进', 'shares': 1300000}, {'name': '中国农业银行股份有限公司-中证500交易型开放式指数证券投资基金', 'rank': 10, 'ratio': 0.29, 'change': '', 'shares': 3074496}]",[],0.0000,0,2026-06-06 04:49:14.116271+00:00
1604,000062,2026-03-20,110134,7.8400,"[{'name': '香港中央结算有限公司', 'rank': 10, 'ratio': 0.43, 'change': '', 'shares': 4536373}, {'name': '中国农业银行股份有限公司-中证500交易型开放式指数证券投资基金', 'rank': 10, 'ratio': 0.14, 'change': '新进', 'shares': 1005531}, {'name': '中国农业银行股份有限公司-中证500交易型开放式指数证券投资基金', 'rank': 10, 'ratio': 0.26, 'change': '', 'shares': 2771596}, {'name': '海通证券股份有限公司约定购回专用账户', 'rank': 10, 'ratio': 0.68, 'change': '', 'shares': 7115000}, {'name': '海通证券股份有限公司约定购回专用账户', 'rank': 10, 'ratio': 0.68, 'change': '新进', 'shares': 7115000}, {'name': '香港中央结算有限公司', 'rank': 10, 'ratio': 0.28, 'change': '', 'shares': 2925363}, {'name': '招商银行股份有限公司-华夏中证1000交易型开放式指数证券投资基金', 'rank': 10, 'ratio': 0.19, 'change': '新进', 'shares': 2003600}, {'name': '北京浩鸿房地产开发有限公司', 'rank': 10, 'ratio': 0.066715976825, 'change': '新进', 'shares': 180400}, {'name': '成都红杏酒家有限责任公司', 'rank': 10, 'ratio': 0.12, 'change': '新进', 'shares': 1300000}, {'name': '中国农业银行股份有限公司-中证500交易型开放式指数证券投资基金', 'rank': 10, 'ratio': 0.29, 'change': '', 'shares': 3074496}]",[],0.0000,0,2026-06-06 04:49:14.116271+00:00
1605,000062,2026-03-10,102131,-1.5200,"[{'name': '香港中央结算有限公司', 'rank': 10, 'ratio': 0.43, 'change': '', 'shares': 4536373}, {'name': '中国农业银行股份有限公司-中证500交易型开放式指数证券投资基金', 'rank': 10, 'ratio': 0.14, 'change': '新进', 'shares': 1005531}, {'name': '中国农业银行股份有限公司-中证500交易型开放式指数证券投资基金', 'rank': 10, 'ratio': 0.26, 'change': '', 'shares': 2771596}, {'name': '海通证券股份有限公司约定购回专用账户', 'rank': 10, 'ratio': 0.68, 'change': '', 'shares': 7115000}, {'name': '海通证券股份有限公司约定购回专用账户', 'rank': 10, 'ratio': 0.68, 'change': '新进', 'shares': 7115000}, {'name': '香港中央结算有限公司', 'rank': 10, 'ratio': 0.28, 'change': '', 'shares': 2925363}, {'name': '招商银行股份有限公司-华夏中证1000交易型开放式指数证券投资基金', 'rank': 10, 'ratio': 0.19, 'change': '新进', 'shares': 2003600}, {'name': '北京浩鸿房地产开发有限公司', 'rank': 10, 'ratio': 0.066715976825, 'change': '新进', 'shares': 180400}, {'name': '成都红杏酒家有限责任公司', 'rank': 10, 'ratio': 0.12, 'change': '新进', 'shares': 1300000}, {'name': '中国农业银行股份有限公司-中证500交易型开放式指数证券投资基金', 'rank': 10, 'ratio': 0.29, 'change': '', 'shares': 3074496}]",[],0.0000,0,2026-06-06 04:49:14.116271+00:00
1606,000062,2026-02-28,103709,0.0000,"[{'name': '香港中央结算有限公司', 'rank': 10, 'ratio': 0.43, 'change': '', 'shares': 4536373}, {'name': '中国农业银行股份有限公司-中证500交易型开放式指数证券投资基金', 'rank': 10, 'ratio': 0.14, 'change': '新进', 'shares': 1005531}, {'name': '中国农业银行股份有限公司-中证500交易型开放式指数证券投资基金', 'rank': 10, 'ratio': 0.26, 'change': '', 'shares': 2771596}, {'name': '海通证券股份有限公司约定购回专用账户', 'rank': 10, 'ratio': 0.68, 'change': '', 'shares': 7115000}, {'name': '海通证券股份有限公司约定购回专用账户', 'rank': 10, 'ratio': 0.68, 'change': '新进', 'shares': 7115000}, {'name': '香港中央结算有限公司', 'rank': 10, 'ratio': 0.28, 'change': '', 'shares': 2925363}, {'name': '招商银行股份有限公司-华夏中证1000交易型开放式指数证券投资基金', 'rank': 10, 'ratio': 0.19, 'change': '新进', 'shares': 2003600}, {'name': '北京浩鸿房地产开发有限公司', 'rank': 10, 'ratio': 0.066715976825, 'change': '新进', 'shares': 180400}, {'name': '成都红杏酒家有限责任公司', 'rank': 10, 'ratio': 0.12, 'change': '新进', 'shares': 1300000}, {'name': '中国农业银行股份有限公司-中证500交易型开放式指数证券投资基金', 'rank': 10, 'ratio': 0.29, 'change': '', 'shares': 3074496}]",[],0.0000,0,2026-06-06 04:49:14.116271+00:00
1607,000062,2026-02-27,103709,-0.1600,"[{'name': '香港中央结算有限公司', 'rank': 10, 'ratio': 0.43, 'change': '', 'shares': 4536373}, {'name': '中国农业银行股份有限公司-中证500交易型开放式指数证券投资基金', 'rank': 10, 'ratio': 0.14, 'change': '新进', 'shares': 1005531}, {'name': '中国农业银行股份有限公司-中证500交易型开放式指数证券投资基金', 'rank': 10, 'ratio': 0.26, 'change': '', 'shares': 2771596}, {'name': '海通证券股份有限公司约定购回专用账户', 'rank': 10, 'ratio': 0.68, 'change': '', 'shares': 7115000}, {'name': '海通证券股份有限公司约定购回专用账户', 'rank': 10, 'ratio': 0.68, 'change': '新进', 'shares': 7115000}, {'name': '香港中央结算有限公司', 'rank': 10, 'ratio': 0.28, 'change': '', 'shares': 2925363}, {'name': '招商银行股份有限公司-华夏中证1000交易型开放式指数证券投资基金', 'rank': 10, 'ratio': 0.19, 'change': '新进', 'shares': 2003600}, {'name': '北京浩鸿房地产开发有限公司', 'rank': 10, 'ratio': 0.066715976825, 'change': '新进', 'shares': 180400}, {'name': '成都红杏酒家有限责任公司', 'rank': 10, 'ratio': 0.12, 'change': '新进', 'shares': 1300000}, {'name': '中国农业银行股份有限公司-中证500交易型开放式指数证券投资基金', 'rank': 10, 'ratio': 0.29, 'change': '', 'shares': 3074496}]",[],0.0000,0,2026-06-06 04:49:14.116271+00:00
1608,000062,2026-02-13,103876,-0.4400,"[{'name': '香港中央结算有限公司', 'rank': 10, 'ratio': 0.43, 'change': '', 'shares': 4536373}, {'name': '中国农业银行股份有限公司-中证500交易型开放式指数证券投资基金', 'rank': 10, 'ratio': 0.14, 'change': '新进', 'shares': 1005531}, {'name': '中国农业银行股份有限公司-中证500交易型开放式指数证券投资基金', 'rank': 10, 'ratio': 0.26, 'change': '', 'shares': 2771596}, {'name': '海通证券股份有限公司约定购回专用账户', 'rank': 10, 'ratio': 0.68, 'change': '', 'shares': 7115000}, {'name': '海通证券股份有限公司约定购回专用账户', 'rank': 10, 'ratio': 0.68, 'change': '新进', 'shares': 7115000}, {'name': '香港中央结算有限公司', 'rank': 10, 'ratio': 0.28, 'change': '', 'shares': 2925363}, {'name': '招商银行股份有限公司-华夏中证1000交易型开放式指数证券投资基金', 'rank': 10, 'ratio': 0.19, 'change': '新进', 'shares': 2003600}, {'name': '北京浩鸿房地产开发有限公司', 'rank': 10, 'ratio': 0.066715976825, 'change': '新进', 'shares': 180400}, {'name': '成都红杏酒家有限责任公司', 'rank': 10, 'ratio': 0.12, 'change': '新进', 'shares': 1300000}, {'name': '中国农业银行股份有限公司-中证500交易型开放式指数证券投资基金', 'rank': 10, 'ratio': 0.29, 'change': '', 'shares': 3074496}]",[],0.0000,0,2026-06-06 04:49:14.116271+00:00
1609,000062,2026-02-10,104337,0.0000,"[{'name': '香港中央结算有限公司', 'rank': 10, 'ratio': 0.43, 'change': '', 'shares': 4536373}, {'name': '中国农业银行股份有限公司-中证500交易型开放式指数证券投资基金', 'rank': 10, 'ratio': 0.14, 'change': '新进', 'shares': 1005531}, {'name': '中国农业银行股份有限公司-中证500交易型开放式指数证券投资基金', 'rank': 10, 'ratio': 0.26, 'change': '', 'shares': 2771596}, {'name': '海通证券股份有限公司约定购回专用账户', 'rank': 10, 'ratio': 0.68, 'change': '', 'shares': 7115000}, {'name': '海通证券股份有限公司约定购回专用账户', 'rank': 10, 'ratio': 0.68, 'change': '新进', 'shares': 7115000}, {'name': '香港中央结算有限公司', 'rank': 10, 'ratio': 0.28, 'change': '', 'shares': 2925363}, {'name': '招商银行股份有限公司-华夏中证1000交易型开放式指数证券投资基金', 'rank': 10, 'ratio': 0.19, 'change': '新进', 'shares': 2003600}, {'name': '北京浩鸿房地产开发有限公司', 'rank': 10, 'ratio': 0.066715976825, 'change': '新进', 'shares': 180400}, {'name': '成都红杏酒家有限责任公司', 'rank': 10, 'ratio': 0.12, 'change': '新进', 'shares': 1300000}, {'name': '中国农业银行股份有限公司-中证500交易型开放式指数证券投资基金', 'rank': 10, 'ratio': 0.29, 'change': '', 'shares': 3074496}]",[],0.0000,0,2026-06-06 04:49:14.116271+00:00
1610,000063,2026-05-29,600160,1.8700,"[{'name': '吉林省邮电器材总公司', 'rank': 13, 'ratio': 0.841605524385, 'change': '新进', 'shares': 6739200}, {'name': '陕西电信实业公司', 'rank': 12, 'ratio': 0.8416, 'change': '新进', 'shares': 6739200}, {'name': '骊山微电子公司', 'rank': 11, 'ratio': 0.841605524385, 'change': '新进', 'shares': 6739200}, {'name': '中欧基金-农业银行-中欧中证金融资产管理计划', 'rank': 10, 'ratio': 0.38, 'change': '新进', 'shares': 15849000}, {'name': '广东恒健欣芯投资合伙企业(有限合伙)', 'rank': 10, 'ratio': 0.88, 'change': '', 'shares': 41442154}, {'name': '中国移动通信第七研究所', 'rank': 10, 'ratio': 0.46, 'change': '新进', 'shares': 19073940}, {'name': '全国社保基金一零八组合', 'rank': 10, 'ratio': 0.43, 'change': '新进', 'shares': 17999973}, {'name': '全国社保基金一一二组合', 'rank': 10, 'ratio': 0.85, 'change': '新进', 'shares': 39287181}, {'name': '全国社保基金一一一组合', 'rank': 10, 'ratio': 0.77, 'change': '新进', 'shares': 36298084}, {'name': '中国移动通信第七研究所', 'rank': 10, 'ratio': 0.45, 'change': '新进', 'shares': 19073940}]",[],0.0000,0,2026-06-06 04:49:14.116271+00:00
1611,000063,2026-05-20,589154,-2.5400,"[{'name': '吉林省邮电器材总公司', 'rank': 13, 'ratio': 0.841605524385, 'change': '新进', 'shares': 6739200}, {'name': '陕西电信实业公司', 'rank': 12, 'ratio': 0.8416, 'change': '新进', 'shares': 6739200}, {'name': '骊山微电子公司', 'rank': 11, 'ratio': 0.841605524385, 'change': '新进', 'shares': 6739200}, {'name': '中欧基金-农业银行-中欧中证金融资产管理计划', 'rank': 10, 'ratio': 0.38, 'change': '新进', 'shares': 15849000}, {'name': '广东恒健欣芯投资合伙企业(有限合伙)', 'rank': 10, 'ratio': 0.88, 'change': '', 'shares': 41442154}, {'name': '中国移动通信第七研究所', 'rank': 10, 'ratio': 0.46, 'change': '新进', 'shares': 19073940}, {'name': '全国社保基金一零八组合', 'rank': 10, 'ratio': 0.43, 'change': '新进', 'shares': 17999973}, {'name': '全国社保基金一一二组合', 'rank': 10, 'ratio': 0.85, 'change': '新进', 'shares': 39287181}, {'name': '全国社保基金一一一组合', 'rank': 10, 'ratio': 0.77, 'change': '新进', 'shares': 36298084}, {'name': '中国移动通信第七研究所', 'rank': 10, 'ratio': 0.45, 'change': '新进', 'shares': 19073940}]",[],0.0000,0,2026-06-06 04:49:14.116271+00:00
1612,000063,2026-05-08,604539,-2.3600,"[{'name': '吉林省邮电器材总公司', 'rank': 13, 'ratio': 0.841605524385, 'change': '新进', 'shares': 6739200}, {'name': '陕西电信实业公司', 'rank': 12, 'ratio': 0.8416, 'change': '新进', 'shares': 6739200}, {'name': '骊山微电子公司', 'rank': 11, 'ratio': 0.841605524385, 'change': '新进', 'shares': 6739200}, {'name': '中欧基金-农业银行-中欧中证金融资产管理计划', 'rank': 10, 'ratio': 0.38, 'change': '新进', 'shares': 15849000}, {'name': '广东恒健欣芯投资合伙企业(有限合伙)', 'rank': 10, 'ratio': 0.88, 'change': '', 'shares': 41442154}, {'name': '中国移动通信第七研究所', 'rank': 10, 'ratio': 0.46, 'change': '新进', 'shares': 19073940}, {'name': '全国社保基金一零八组合', 'rank': 10, 'ratio': 0.43, 'change': '新进', 'shares': 17999973}, {'name': '全国社保基金一一二组合', 'rank': 10, 'ratio': 0.85, 'change': '新进', 'shares': 39287181}, {'name': '全国社保基金一一一组合', 'rank': 10, 'ratio': 0.77, 'change': '新进', 'shares': 36298084}, {'name': '中国移动通信第七研究所', 'rank': 10, 'ratio': 0.45, 'change': '新进', 'shares': 19073940}]",[],0.0000,0,2026-06-06 04:49:14.116271+00:00
1613,000063,2026-04-30,619157,0.8500,"[{'name': '吉林省邮电器材总公司', 'rank': 13, 'ratio': 0.841605524385, 'change': '新进', 'shares': 6739200}, {'name': '陕西电信实业公司', 'rank': 12, 'ratio': 0.8416, 'change': '新进', 'shares': 6739200}, {'name': '骊山微电子公司', 'rank': 11, 'ratio': 0.841605524385, 'change': '新进', 'shares': 6739200}, {'name': '中欧基金-农业银行-中欧中证金融资产管理计划', 'rank': 10, 'ratio': 0.38, 'change': '新进', 'shares': 15849000}, {'name': '广东恒健欣芯投资合伙企业(有限合伙)', 'rank': 10, 'ratio': 0.88, 'change': '', 'shares': 41442154}, {'name': '中国移动通信第七研究所', 'rank': 10, 'ratio': 0.46, 'change': '新进', 'shares': 19073940}, {'name': '全国社保基金一零八组合', 'rank': 10, 'ratio': 0.43, 'change': '新进', 'shares': 17999973}, {'name': '全国社保基金一一二组合', 'rank': 10, 'ratio': 0.85, 'change': '新进', 'shares': 39287181}, {'name': '全国社保基金一一一组合', 'rank': 10, 'ratio': 0.77, 'change': '新进', 'shares': 36298084}, {'name': '中国移动通信第七研究所', 'rank': 10, 'ratio': 0.45, 'change': '新进', 'shares': 19073940}]",[],0.0000,0,2026-06-06 04:49:14.116271+00:00
1614,000063,2026-04-20,613938,-2.3700,"[{'name': '吉林省邮电器材总公司', 'rank': 13, 'ratio': 0.841605524385, 'change': '新进', 'shares': 6739200}, {'name': '陕西电信实业公司', 'rank': 12, 'ratio': 0.8416, 'change': '新进', 'shares': 6739200}, {'name': '骊山微电子公司', 'rank': 11, 'ratio': 0.841605524385, 'change': '新进', 'shares': 6739200}, {'name': '中欧基金-农业银行-中欧中证金融资产管理计划', 'rank': 10, 'ratio': 0.38, 'change': '新进', 'shares': 15849000}, {'name': '广东恒健欣芯投资合伙企业(有限合伙)', 'rank': 10, 'ratio': 0.88, 'change': '', 'shares': 41442154}, {'name': '中国移动通信第七研究所', 'rank': 10, 'ratio': 0.46, 'change': '新进', 'shares': 19073940}, {'name': '全国社保基金一零八组合', 'rank': 10, 'ratio': 0.43, 'change': '新进', 'shares': 17999973}, {'name': '全国社保基金一一二组合', 'rank': 10, 'ratio': 0.85, 'change': '新进', 'shares': 39287181}, {'name': '全国社保基金一一一组合', 'rank': 10, 'ratio': 0.77, 'change': '新进', 'shares': 36298084}, {'name': '中国移动通信第七研究所', 'rank': 10, 'ratio': 0.45, 'change': '新进', 'shares': 19073940}]",[],0.0000,0,2026-06-06 04:49:14.116271+00:00
1615,000063,2026-04-10,628812,-0.2800,"[{'name': '吉林省邮电器材总公司', 'rank': 13, 'ratio': 0.841605524385, 'change': '新进', 'shares': 6739200}, {'name': '陕西电信实业公司', 'rank': 12, 'ratio': 0.8416, 'change': '新进', 'shares': 6739200}, {'name': '骊山微电子公司', 'rank': 11, 'ratio': 0.841605524385, 'change': '新进', 'shares': 6739200}, {'name': '中欧基金-农业银行-中欧中证金融资产管理计划', 'rank': 10, 'ratio': 0.38, 'change': '新进', 'shares': 15849000}, {'name': '广东恒健欣芯投资合伙企业(有限合伙)', 'rank': 10, 'ratio': 0.88, 'change': '', 'shares': 41442154}, {'name': '中国移动通信第七研究所', 'rank': 10, 'ratio': 0.46, 'change': '新进', 'shares': 19073940}, {'name': '全国社保基金一零八组合', 'rank': 10, 'ratio': 0.43, 'change': '新进', 'shares': 17999973}, {'name': '全国社保基金一一二组合', 'rank': 10, 'ratio': 0.85, 'change': '新进', 'shares': 39287181}, {'name': '全国社保基金一一一组合', 'rank': 10, 'ratio': 0.77, 'change': '新进', 'shares': 36298084}, {'name': '中国移动通信第七研究所', 'rank': 10, 'ratio': 0.45, 'change': '新进', 'shares': 19073940}]",[],0.0000,0,2026-06-06 04:49:14.116271+00:00
1616,000063,2026-03-31,630598,-0.2200,"[{'name': '吉林省邮电器材总公司', 'rank': 13, 'ratio': 0.841605524385, 'change': '新进', 'shares': 6739200}, {'name': '陕西电信实业公司', 'rank': 12, 'ratio': 0.8416, 'change': '新进', 'shares': 6739200}, {'name': '骊山微电子公司', 'rank': 11, 'ratio': 0.841605524385, 'change': '新进', 'shares': 6739200}, {'name': '中欧基金-农业银行-中欧中证金融资产管理计划', 'rank': 10, 'ratio': 0.38, 'change': '新进', 'shares': 15849000}, {'name': '广东恒健欣芯投资合伙企业(有限合伙)', 'rank': 10, 'ratio': 0.88, 'change': '', 'shares': 41442154}, {'name': '中国移动通信第七研究所', 'rank': 10, 'ratio': 0.46, 'change': '新进', 'shares': 19073940}, {'name': '全国社保基金一零八组合', 'rank': 10, 'ratio': 0.43, 'change': '新进', 'shares': 17999973}, {'name': '全国社保基金一一二组合', 'rank': 10, 'ratio': 0.85, 'change': '新进', 'shares': 39287181}, {'name': '全国社保基金一一一组合', 'rank': 10, 'ratio': 0.77, 'change': '新进', 'shares': 36298084}, {'name': '中国移动通信第七研究所', 'rank': 10, 'ratio': 0.45, 'change': '新进', 'shares': 19073940}]",[],0.0000,0,2026-06-06 04:49:14.116271+00:00
1617,000063,2026-03-20,631986,0.1700,"[{'name': '吉林省邮电器材总公司', 'rank': 13, 'ratio': 0.841605524385, 'change': '新进', 'shares': 6739200}, {'name': '陕西电信实业公司', 'rank': 12, 'ratio': 0.8416, 'change': '新进', 'shares': 6739200}, {'name': '骊山微电子公司', 'rank': 11, 'ratio': 0.841605524385, 'change': '新进', 'shares': 6739200}, {'name': '中欧基金-农业银行-中欧中证金融资产管理计划', 'rank': 10, 'ratio': 0.38, 'change': '新进', 'shares': 15849000}, {'name': '广东恒健欣芯投资合伙企业(有限合伙)', 'rank': 10, 'ratio': 0.88, 'change': '', 'shares': 41442154}, {'name': '中国移动通信第七研究所', 'rank': 10, 'ratio': 0.46, 'change': '新进', 'shares': 19073940}, {'name': '全国社保基金一零八组合', 'rank': 10, 'ratio': 0.43, 'change': '新进', 'shares': 17999973}, {'name': '全国社保基金一一二组合', 'rank': 10, 'ratio': 0.85, 'change': '新进', 'shares': 39287181}, {'name': '全国社保基金一一一组合', 'rank': 10, 'ratio': 0.77, 'change': '新进', 'shares': 36298084}, {'name': '中国移动通信第七研究所', 'rank': 10, 'ratio': 0.45, 'change': '新进', 'shares': 19073940}]",[],0.0000,0,2026-06-06 04:49:14.116271+00:00
1618,000063,2026-03-10,630925,0.2500,"[{'name': '吉林省邮电器材总公司', 'rank': 13, 'ratio': 0.841605524385, 'change': '新进', 'shares': 6739200}, {'name': '陕西电信实业公司', 'rank': 12, 'ratio': 0.8416, 'change': '新进', 'shares': 6739200}, {'name': '骊山微电子公司', 'rank': 11, 'ratio': 0.841605524385, 'change': '新进', 'shares': 6739200}, {'name': '中欧基金-农业银行-中欧中证金融资产管理计划', 'rank': 10, 'ratio': 0.38, 'change': '新进', 'shares': 15849000}, {'name': '广东恒健欣芯投资合伙企业(有限合伙)', 'rank': 10, 'ratio': 0.88, 'change': '', 'shares': 41442154}, {'name': '中国移动通信第七研究所', 'rank': 10, 'ratio': 0.46, 'change': '新进', 'shares': 19073940}, {'name': '全国社保基金一零八组合', 'rank': 10, 'ratio': 0.43, 'change': '新进', 'shares': 17999973}, {'name': '全国社保基金一一二组合', 'rank': 10, 'ratio': 0.85, 'change': '新进', 'shares': 39287181}, {'name': '全国社保基金一一一组合', 'rank': 10, 'ratio': 0.77, 'change': '新进', 'shares': 36298084}, {'name': '中国移动通信第七研究所', 'rank': 10, 'ratio': 0.45, 'change': '新进', 'shares': 19073940}]",[],0.0000,0,2026-06-06 04:49:14.116271+00:00
1619,000063,2026-02-28,629360,0.0000,"[{'name': '吉林省邮电器材总公司', 'rank': 13, 'ratio': 0.841605524385, 'change': '新进', 'shares': 6739200}, {'name': '陕西电信实业公司', 'rank': 12, 'ratio': 0.8416, 'change': '新进', 'shares': 6739200}, {'name': '骊山微电子公司', 'rank': 11, 'ratio': 0.841605524385, 'change': '新进', 'shares': 6739200}, {'name': '中欧基金-农业银行-中欧中证金融资产管理计划', 'rank': 10, 'ratio': 0.38, 'change': '新进', 'shares': 15849000}, {'name': '广东恒健欣芯投资合伙企业(有限合伙)', 'rank': 10, 'ratio': 0.88, 'change': '', 'shares': 41442154}, {'name': '中国移动通信第七研究所', 'rank': 10, 'ratio': 0.46, 'change': '新进', 'shares': 19073940}, {'name': '全国社保基金一零八组合', 'rank': 10, 'ratio': 0.43, 'change': '新进', 'shares': 17999973}, {'name': '全国社保基金一一二组合', 'rank': 10, 'ratio': 0.85, 'change': '新进', 'shares': 39287181}, {'name': '全国社保基金一一一组合', 'rank': 10, 'ratio': 0.77, 'change': '新进', 'shares': 36298084}, {'name': '中国移动通信第七研究所', 'rank': 10, 'ratio': 0.45, 'change': '新进', 'shares': 19073940}]",[],0.0000,0,2026-06-06 04:49:14.116271+00:00
1620,000065,2026-03-31,50048,31.4500,"[{'name': '交通银行股份有限公司-广发中证基建工程交易型开放式指数证券投资基金', 'rank': 10, 'ratio': 0.43, 'change': '新进', 'shares': 3303304}, {'name': '中国人寿保险股份有限公司-传统-普通保险产品-005L-CT001沪', 'rank': 10, 'ratio': 0.42, 'change': '', 'shares': 4241280}, {'name': '中国工商银行-南方绩优成长股票型证券投资基金', 'rank': 10, 'ratio': 0.62, 'change': '新进', 'shares': 3156145}, {'name': '招商银行股份有限公司-南方中证1000交易型开放式指数证券投资基金', 'rank': 10, 'ratio': 0.4, 'change': '', 'shares': 4136677}, {'name': '中车株洲电力机车有限公司', 'rank': 10, 'ratio': 0.23, 'change': '', 'shares': 1803912}, {'name': '中国银行股份有限公司-景顺长城优选混合型证券投资基金', 'rank': 10, 'ratio': 0.44, 'change': '新进', 'shares': 2260141}, {'name': '中国工商银行-南方绩优成长股票型证券投资基金', 'rank': 10, 'ratio': 0.62, 'change': '', 'shares': 3156145}, {'name': '中国工商银行-上投摩根内需动力股票型证券投资基金', 'rank': 10, 'ratio': 0.55, 'change': '新进', 'shares': 2806996}, {'name': '中车株洲电力机车有限公司', 'rank': 10, 'ratio': 0.23, 'change': '', 'shares': 1803912}, {'name': '中国银行股份有限公司-嘉实中证央企创新驱动交易型开放式指数证券投资基金', 'rank': 10, 'ratio': 0.3, 'change': '新进', 'shares': 2282200}]",[],0.0000,0,2026-06-06 04:49:14.116271+00:00
1621,000065,2026-02-28,38073,-8.2400,"[{'name': '交通银行股份有限公司-广发中证基建工程交易型开放式指数证券投资基金', 'rank': 10, 'ratio': 0.43, 'change': '新进', 'shares': 3303304}, {'name': '中国人寿保险股份有限公司-传统-普通保险产品-005L-CT001沪', 'rank': 10, 'ratio': 0.42, 'change': '', 'shares': 4241280}, {'name': '中国工商银行-南方绩优成长股票型证券投资基金', 'rank': 10, 'ratio': 0.62, 'change': '新进', 'shares': 3156145}, {'name': '招商银行股份有限公司-南方中证1000交易型开放式指数证券投资基金', 'rank': 10, 'ratio': 0.4, 'change': '', 'shares': 4136677}, {'name': '中车株洲电力机车有限公司', 'rank': 10, 'ratio': 0.23, 'change': '', 'shares': 1803912}, {'name': '中国银行股份有限公司-景顺长城优选混合型证券投资基金', 'rank': 10, 'ratio': 0.44, 'change': '新进', 'shares': 2260141}, {'name': '中国工商银行-南方绩优成长股票型证券投资基金', 'rank': 10, 'ratio': 0.62, 'change': '', 'shares': 3156145}, {'name': '中国工商银行-上投摩根内需动力股票型证券投资基金', 'rank': 10, 'ratio': 0.55, 'change': '新进', 'shares': 2806996}, {'name': '中车株洲电力机车有限公司', 'rank': 10, 'ratio': 0.23, 'change': '', 'shares': 1803912}, {'name': '中国银行股份有限公司-嘉实中证央企创新驱动交易型开放式指数证券投资基金', 'rank': 10, 'ratio': 0.3, 'change': '新进', 'shares': 2282200}]",[],0.0000,0,2026-06-06 04:49:14.116271+00:00
1622,000065,2025-12-31,41490,-17.3300,"[{'name': '交通银行股份有限公司-广发中证基建工程交易型开放式指数证券投资基金', 'rank': 10, 'ratio': 0.43, 'change': '新进', 'shares': 3303304}, {'name': '中国人寿保险股份有限公司-传统-普通保险产品-005L-CT001沪', 'rank': 10, 'ratio': 0.42, 'change': '', 'shares': 4241280}, {'name': '中国工商银行-南方绩优成长股票型证券投资基金', 'rank': 10, 'ratio': 0.62, 'change': '新进', 'shares': 3156145}, {'name': '招商银行股份有限公司-南方中证1000交易型开放式指数证券投资基金', 'rank': 10, 'ratio': 0.4, 'change': '', 'shares': 4136677}, {'name': '中车株洲电力机车有限公司', 'rank': 10, 'ratio': 0.23, 'change': '', 'shares': 1803912}, {'name': '中国银行股份有限公司-景顺长城优选混合型证券投资基金', 'rank': 10, 'ratio': 0.44, 'change': '新进', 'shares': 2260141}, {'name': '中国工商银行-南方绩优成长股票型证券投资基金', 'rank': 10, 'ratio': 0.62, 'change': '', 'shares': 3156145}, {'name': '中国工商银行-上投摩根内需动力股票型证券投资基金', 'rank': 10, 'ratio': 0.55, 'change': '新进', 'shares': 2806996}, {'name': '中车株洲电力机车有限公司', 'rank': 10, 'ratio': 0.23, 'change': '', 'shares': 1803912}, {'name': '中国银行股份有限公司-嘉实中证央企创新驱动交易型开放式指数证券投资基金', 'rank': 10, 'ratio': 0.3, 'change': '新进', 'shares': 2282200}]",[],0.0000,0,2026-06-06 04:49:14.116271+00:00
1623,000065,2025-09-30,50189,-35.0500,"[{'name': '交通银行股份有限公司-广发中证基建工程交易型开放式指数证券投资基金', 'rank': 10, 'ratio': 0.43, 'change': '新进', 'shares': 3303304}, {'name': '中国人寿保险股份有限公司-传统-普通保险产品-005L-CT001沪', 'rank': 10, 'ratio': 0.42, 'change': '', 'shares': 4241280}, {'name': '中国工商银行-南方绩优成长股票型证券投资基金', 'rank': 10, 'ratio': 0.62, 'change': '新进', 'shares': 3156145}, {'name': '招商银行股份有限公司-南方中证1000交易型开放式指数证券投资基金', 'rank': 10, 'ratio': 0.4, 'change': '', 'shares': 4136677}, {'name': '中车株洲电力机车有限公司', 'rank': 10, 'ratio': 0.23, 'change': '', 'shares': 1803912}, {'name': '中国银行股份有限公司-景顺长城优选混合型证券投资基金', 'rank': 10, 'ratio': 0.44, 'change': '新进', 'shares': 2260141}, {'name': '中国工商银行-南方绩优成长股票型证券投资基金', 'rank': 10, 'ratio': 0.62, 'change': '', 'shares': 3156145}, {'name': '中国工商银行-上投摩根内需动力股票型证券投资基金', 'rank': 10, 'ratio': 0.55, 'change': '新进', 'shares': 2806996}, {'name': '中车株洲电力机车有限公司', 'rank': 10, 'ratio': 0.23, 'change': '', 'shares': 1803912}, {'name': '中国银行股份有限公司-嘉实中证央企创新驱动交易型开放式指数证券投资基金', 'rank': 10, 'ratio': 0.3, 'change': '新进', 'shares': 2282200}]",[],0.0000,0,2026-06-06 04:49:14.116271+00:00
1624,000065,2025-06-30,77268,46.1900,"[{'name': '交通银行股份有限公司-广发中证基建工程交易型开放式指数证券投资基金', 'rank': 10, 'ratio': 0.43, 'change': '新进', 'shares': 3303304}, {'name': '中国人寿保险股份有限公司-传统-普通保险产品-005L-CT001沪', 'rank': 10, 'ratio': 0.42, 'change': '', 'shares': 4241280}, {'name': '中国工商银行-南方绩优成长股票型证券投资基金', 'rank': 10, 'ratio': 0.62, 'change': '新进', 'shares': 3156145}, {'name': '招商银行股份有限公司-南方中证1000交易型开放式指数证券投资基金', 'rank': 10, 'ratio': 0.4, 'change': '', 'shares': 4136677}, {'name': '中车株洲电力机车有限公司', 'rank': 10, 'ratio': 0.23, 'change': '', 'shares': 1803912}, {'name': '中国银行股份有限公司-景顺长城优选混合型证券投资基金', 'rank': 10, 'ratio': 0.44, 'change': '新进', 'shares': 2260141}, {'name': '中国工商银行-南方绩优成长股票型证券投资基金', 'rank': 10, 'ratio': 0.62, 'change': '', 'shares': 3156145}, {'name': '中国工商银行-上投摩根内需动力股票型证券投资基金', 'rank': 10, 'ratio': 0.55, 'change': '新进', 'shares': 2806996}, {'name': '中车株洲电力机车有限公司', 'rank': 10, 'ratio': 0.23, 'change': '', 'shares': 1803912}, {'name': '中国银行股份有限公司-嘉实中证央企创新驱动交易型开放式指数证券投资基金', 'rank': 10, 'ratio': 0.3, 'change': '新进', 'shares': 2282200}]",[],0.0000,0,2026-06-06 04:49:14.116271+00:00
1625,000065,2025-03-31,52855,31.6100,"[{'name': '交通银行股份有限公司-广发中证基建工程交易型开放式指数证券投资基金', 'rank': 10, 'ratio': 0.43, 'change': '新进', 'shares': 3303304}, {'name': '中国人寿保险股份有限公司-传统-普通保险产品-005L-CT001沪', 'rank': 10, 'ratio': 0.42, 'change': '', 'shares': 4241280}, {'name': '中国工商银行-南方绩优成长股票型证券投资基金', 'rank': 10, 'ratio': 0.62, 'change': '新进', 'shares': 3156145}, {'name': '招商银行股份有限公司-南方中证1000交易型开放式指数证券投资基金', 'rank': 10, 'ratio': 0.4, 'change': '', 'shares': 4136677}, {'name': '中车株洲电力机车有限公司', 'rank': 10, 'ratio': 0.23, 'change': '', 'shares': 1803912}, {'name': '中国银行股份有限公司-景顺长城优选混合型证券投资基金', 'rank': 10, 'ratio': 0.44, 'change': '新进', 'shares': 2260141}, {'name': '中国工商银行-南方绩优成长股票型证券投资基金', 'rank': 10, 'ratio': 0.62, 'change': '', 'shares': 3156145}, {'name': '中国工商银行-上投摩根内需动力股票型证券投资基金', 'rank': 10, 'ratio': 0.55, 'change': '新进', 'shares': 2806996}, {'name': '中车株洲电力机车有限公司', 'rank': 10, 'ratio': 0.23, 'change': '', 'shares': 1803912}, {'name': '中国银行股份有限公司-嘉实中证央企创新驱动交易型开放式指数证券投资基金', 'rank': 10, 'ratio': 0.3, 'change': '新进', 'shares': 2282200}]",[],0.0000,0,2026-06-06 04:49:14.116271+00:00
1626,000065,2024-12-31,40160,1.4700,"[{'name': '交通银行股份有限公司-广发中证基建工程交易型开放式指数证券投资基金', 'rank': 10, 'ratio': 0.43, 'change': '新进', 'shares': 3303304}, {'name': '中国人寿保险股份有限公司-传统-普通保险产品-005L-CT001沪', 'rank': 10, 'ratio': 0.42, 'change': '', 'shares': 4241280}, {'name': '中国工商银行-南方绩优成长股票型证券投资基金', 'rank': 10, 'ratio': 0.62, 'change': '新进', 'shares': 3156145}, {'name': '招商银行股份有限公司-南方中证1000交易型开放式指数证券投资基金', 'rank': 10, 'ratio': 0.4, 'change': '', 'shares': 4136677}, {'name': '中车株洲电力机车有限公司', 'rank': 10, 'ratio': 0.23, 'change': '', 'shares': 1803912}, {'name': '中国银行股份有限公司-景顺长城优选混合型证券投资基金', 'rank': 10, 'ratio': 0.44, 'change': '新进', 'shares': 2260141}, {'name': '中国工商银行-南方绩优成长股票型证券投资基金', 'rank': 10, 'ratio': 0.62, 'change': '', 'shares': 3156145}, {'name': '中国工商银行-上投摩根内需动力股票型证券投资基金', 'rank': 10, 'ratio': 0.55, 'change': '新进', 'shares': 2806996}, {'name': '中车株洲电力机车有限公司', 'rank': 10, 'ratio': 0.23, 'change': '', 'shares': 1803912}, {'name': '中国银行股份有限公司-嘉实中证央企创新驱动交易型开放式指数证券投资基金', 'rank': 10, 'ratio': 0.3, 'change': '新进', 'shares': 2282200}]",[],0.0000,0,2026-06-06 04:49:14.116271+00:00
1627,000065,2024-09-30,39580,3.2300,"[{'name': '交通银行股份有限公司-广发中证基建工程交易型开放式指数证券投资基金', 'rank': 10, 'ratio': 0.43, 'change': '新进', 'shares': 3303304}, {'name': '中国人寿保险股份有限公司-传统-普通保险产品-005L-CT001沪', 'rank': 10, 'ratio': 0.42, 'change': '', 'shares': 4241280}, {'name': '中国工商银行-南方绩优成长股票型证券投资基金', 'rank': 10, 'ratio': 0.62, 'change': '新进', 'shares': 3156145}, {'name': '招商银行股份有限公司-南方中证1000交易型开放式指数证券投资基金', 'rank': 10, 'ratio': 0.4, 'change': '', 'shares': 4136677}, {'name': '中车株洲电力机车有限公司', 'rank': 10, 'ratio': 0.23, 'change': '', 'shares': 1803912}, {'name': '中国银行股份有限公司-景顺长城优选混合型证券投资基金', 'rank': 10, 'ratio': 0.44, 'change': '新进', 'shares': 2260141}, {'name': '中国工商银行-南方绩优成长股票型证券投资基金', 'rank': 10, 'ratio': 0.62, 'change': '', 'shares': 3156145}, {'name': '中国工商银行-上投摩根内需动力股票型证券投资基金', 'rank': 10, 'ratio': 0.55, 'change': '新进', 'shares': 2806996}, {'name': '中车株洲电力机车有限公司', 'rank': 10, 'ratio': 0.23, 'change': '', 'shares': 1803912}, {'name': '中国银行股份有限公司-嘉实中证央企创新驱动交易型开放式指数证券投资基金', 'rank': 10, 'ratio': 0.3, 'change': '新进', 'shares': 2282200}]",[],0.0000,0,2026-06-06 04:49:14.116271+00:00
1628,000065,2024-06-30,38342,1.0700,"[{'name': '交通银行股份有限公司-广发中证基建工程交易型开放式指数证券投资基金', 'rank': 10, 'ratio': 0.43, 'change': '新进', 'shares': 3303304}, {'name': '中国人寿保险股份有限公司-传统-普通保险产品-005L-CT001沪', 'rank': 10, 'ratio': 0.42, 'change': '', 'shares': 4241280}, {'name': '中国工商银行-南方绩优成长股票型证券投资基金', 'rank': 10, 'ratio': 0.62, 'change': '新进', 'shares': 3156145}, {'name': '招商银行股份有限公司-南方中证1000交易型开放式指数证券投资基金', 'rank': 10, 'ratio': 0.4, 'change': '', 'shares': 4136677}, {'name': '中车株洲电力机车有限公司', 'rank': 10, 'ratio': 0.23, 'change': '', 'shares': 1803912}, {'name': '中国银行股份有限公司-景顺长城优选混合型证券投资基金', 'rank': 10, 'ratio': 0.44, 'change': '新进', 'shares': 2260141}, {'name': '中国工商银行-南方绩优成长股票型证券投资基金', 'rank': 10, 'ratio': 0.62, 'change': '', 'shares': 3156145}, {'name': '中国工商银行-上投摩根内需动力股票型证券投资基金', 'rank': 10, 'ratio': 0.55, 'change': '新进', 'shares': 2806996}, {'name': '中车株洲电力机车有限公司', 'rank': 10, 'ratio': 0.23, 'change': '', 'shares': 1803912}, {'name': '中国银行股份有限公司-嘉实中证央企创新驱动交易型开放式指数证券投资基金', 'rank': 10, 'ratio': 0.3, 'change': '新进', 'shares': 2282200}]",[],0.0000,0,2026-06-06 04:49:14.116271+00:00
1629,000065,2024-03-31,37936,0.0000,"[{'name': '交通银行股份有限公司-广发中证基建工程交易型开放式指数证券投资基金', 'rank': 10, 'ratio': 0.43, 'change': '新进', 'shares': 3303304}, {'name': '中国人寿保险股份有限公司-传统-普通保险产品-005L-CT001沪', 'rank': 10, 'ratio': 0.42, 'change': '', 'shares': 4241280}, {'name': '中国工商银行-南方绩优成长股票型证券投资基金', 'rank': 10, 'ratio': 0.62, 'change': '新进', 'shares': 3156145}, {'name': '招商银行股份有限公司-南方中证1000交易型开放式指数证券投资基金', 'rank': 10, 'ratio': 0.4, 'change': '', 'shares': 4136677}, {'name': '中车株洲电力机车有限公司', 'rank': 10, 'ratio': 0.23, 'change': '', 'shares': 1803912}, {'name': '中国银行股份有限公司-景顺长城优选混合型证券投资基金', 'rank': 10, 'ratio': 0.44, 'change': '新进', 'shares': 2260141}, {'name': '中国工商银行-南方绩优成长股票型证券投资基金', 'rank': 10, 'ratio': 0.62, 'change': '', 'shares': 3156145}, {'name': '中国工商银行-上投摩根内需动力股票型证券投资基金', 'rank': 10, 'ratio': 0.55, 'change': '新进', 'shares': 2806996}, {'name': '中车株洲电力机车有限公司', 'rank': 10, 'ratio': 0.23, 'change': '', 'shares': 1803912}, {'name': '中国银行股份有限公司-嘉实中证央企创新驱动交易型开放式指数证券投资基金', 'rank': 10, 'ratio': 0.3, 'change': '新进', 'shares': 2282200}]",[],0.0000,0,2026-06-06 04:49:14.116271+00:00
1630,000066,2026-05-08,435718,16.6300,"[{'name': '杭州新同股权投资合伙企业(有限合伙)', 'rank': 10, 'ratio': 0.28, 'change': '', 'shares': 9006922}, {'name': '湖南计算机厂有限公司', 'rank': 10, 'ratio': 0.21, 'change': '新进', 'shares': 6127748}, {'name': '全国社保基金一零八组合', 'rank': 10, 'ratio': 0.24, 'change': '新进', 'shares': 7180589}, {'name': '中国农业银行股份有限公司-万家品质生活灵活配置混合型证券投资基金', 'rank': 10, 'ratio': 0.56, 'change': '', 'shares': 16569873}, {'name': '中国工商银行股份有限公司-华安媒体互联网混合型证券投资基金', 'rank': 10, 'ratio': 0.32, 'change': '新进', 'shares': 10219500}, {'name': '中国工商银行股份有限公司-广发双擎升级混合型证券投资基金', 'rank': 10, 'ratio': 0.64, 'change': '新进', 'shares': 18867004}, {'name': '全国社保基金一零八组合', 'rank': 10, 'ratio': 0.24, 'change': '', 'shares': 7180589}, {'name': '中国银行-海富通股票证券投资基金', 'rank': 10, 'ratio': 0.35, 'change': '', 'shares': 4604182}, {'name': '东方基金-民生银行-民生加银资产管理有限公司', 'rank': 10, 'ratio': 0.58, 'change': '', 'shares': 17034600}, {'name': '东方基金-民生银行-民生加银资产管理有限公司', 'rank': 10, 'ratio': 0.6, 'change': '新进', 'shares': 17034600}]",[],0.0000,0,2026-06-06 04:49:14.116271+00:00
1631,000066,2026-04-30,373595,-5.7500,"[{'name': '杭州新同股权投资合伙企业(有限合伙)', 'rank': 10, 'ratio': 0.28, 'change': '', 'shares': 9006922}, {'name': '湖南计算机厂有限公司', 'rank': 10, 'ratio': 0.21, 'change': '新进', 'shares': 6127748}, {'name': '全国社保基金一零八组合', 'rank': 10, 'ratio': 0.24, 'change': '新进', 'shares': 7180589}, {'name': '中国农业银行股份有限公司-万家品质生活灵活配置混合型证券投资基金', 'rank': 10, 'ratio': 0.56, 'change': '', 'shares': 16569873}, {'name': '中国工商银行股份有限公司-华安媒体互联网混合型证券投资基金', 'rank': 10, 'ratio': 0.32, 'change': '新进', 'shares': 10219500}, {'name': '中国工商银行股份有限公司-广发双擎升级混合型证券投资基金', 'rank': 10, 'ratio': 0.64, 'change': '新进', 'shares': 18867004}, {'name': '全国社保基金一零八组合', 'rank': 10, 'ratio': 0.24, 'change': '', 'shares': 7180589}, {'name': '中国银行-海富通股票证券投资基金', 'rank': 10, 'ratio': 0.35, 'change': '', 'shares': 4604182}, {'name': '东方基金-民生银行-民生加银资产管理有限公司', 'rank': 10, 'ratio': 0.58, 'change': '', 'shares': 17034600}, {'name': '东方基金-民生银行-民生加银资产管理有限公司', 'rank': 10, 'ratio': 0.6, 'change': '新进', 'shares': 17034600}]",[],0.0000,0,2026-06-06 04:49:14.116271+00:00
1632,000066,2026-04-20,396398,0.0000,"[{'name': '杭州新同股权投资合伙企业(有限合伙)', 'rank': 10, 'ratio': 0.28, 'change': '', 'shares': 9006922}, {'name': '湖南计算机厂有限公司', 'rank': 10, 'ratio': 0.21, 'change': '新进', 'shares': 6127748}, {'name': '全国社保基金一零八组合', 'rank': 10, 'ratio': 0.24, 'change': '新进', 'shares': 7180589}, {'name': '中国农业银行股份有限公司-万家品质生活灵活配置混合型证券投资基金', 'rank': 10, 'ratio': 0.56, 'change': '', 'shares': 16569873}, {'name': '中国工商银行股份有限公司-华安媒体互联网混合型证券投资基金', 'rank': 10, 'ratio': 0.32, 'change': '新进', 'shares': 10219500}, {'name': '中国工商银行股份有限公司-广发双擎升级混合型证券投资基金', 'rank': 10, 'ratio': 0.64, 'change': '新进', 'shares': 18867004}, {'name': '全国社保基金一零八组合', 'rank': 10, 'ratio': 0.24, 'change': '', 'shares': 7180589}, {'name': '中国银行-海富通股票证券投资基金', 'rank': 10, 'ratio': 0.35, 'change': '', 'shares': 4604182}, {'name': '东方基金-民生银行-民生加银资产管理有限公司', 'rank': 10, 'ratio': 0.58, 'change': '', 'shares': 17034600}, {'name': '东方基金-民生银行-民生加银资产管理有限公司', 'rank': 10, 'ratio': 0.6, 'change': '新进', 'shares': 17034600}]",[],0.0000,0,2026-06-06 04:49:14.116271+00:00
1633,000066,2026-03-31,396398,-0.3000,"[{'name': '杭州新同股权投资合伙企业(有限合伙)', 'rank': 10, 'ratio': 0.28, 'change': '', 'shares': 9006922}, {'name': '湖南计算机厂有限公司', 'rank': 10, 'ratio': 0.21, 'change': '新进', 'shares': 6127748}, {'name': '全国社保基金一零八组合', 'rank': 10, 'ratio': 0.24, 'change': '新进', 'shares': 7180589}, {'name': '中国农业银行股份有限公司-万家品质生活灵活配置混合型证券投资基金', 'rank': 10, 'ratio': 0.56, 'change': '', 'shares': 16569873}, {'name': '中国工商银行股份有限公司-华安媒体互联网混合型证券投资基金', 'rank': 10, 'ratio': 0.32, 'change': '新进', 'shares': 10219500}, {'name': '中国工商银行股份有限公司-广发双擎升级混合型证券投资基金', 'rank': 10, 'ratio': 0.64, 'change': '新进', 'shares': 18867004}, {'name': '全国社保基金一零八组合', 'rank': 10, 'ratio': 0.24, 'change': '', 'shares': 7180589}, {'name': '中国银行-海富通股票证券投资基金', 'rank': 10, 'ratio': 0.35, 'change': '', 'shares': 4604182}, {'name': '东方基金-民生银行-民生加银资产管理有限公司', 'rank': 10, 'ratio': 0.58, 'change': '', 'shares': 17034600}, {'name': '东方基金-民生银行-民生加银资产管理有限公司', 'rank': 10, 'ratio': 0.6, 'change': '新进', 'shares': 17034600}]",[],0.0000,0,2026-06-06 04:49:14.116271+00:00
1634,000066,2026-02-27,397576,0.0000,"[{'name': '杭州新同股权投资合伙企业(有限合伙)', 'rank': 10, 'ratio': 0.28, 'change': '', 'shares': 9006922}, {'name': '湖南计算机厂有限公司', 'rank': 10, 'ratio': 0.21, 'change': '新进', 'shares': 6127748}, {'name': '全国社保基金一零八组合', 'rank': 10, 'ratio': 0.24, 'change': '新进', 'shares': 7180589}, {'name': '中国农业银行股份有限公司-万家品质生活灵活配置混合型证券投资基金', 'rank': 10, 'ratio': 0.56, 'change': '', 'shares': 16569873}, {'name': '中国工商银行股份有限公司-华安媒体互联网混合型证券投资基金', 'rank': 10, 'ratio': 0.32, 'change': '新进', 'shares': 10219500}, {'name': '中国工商银行股份有限公司-广发双擎升级混合型证券投资基金', 'rank': 10, 'ratio': 0.64, 'change': '新进', 'shares': 18867004}, {'name': '全国社保基金一零八组合', 'rank': 10, 'ratio': 0.24, 'change': '', 'shares': 7180589}, {'name': '中国银行-海富通股票证券投资基金', 'rank': 10, 'ratio': 0.35, 'change': '', 'shares': 4604182}, {'name': '东方基金-民生银行-民生加银资产管理有限公司', 'rank': 10, 'ratio': 0.58, 'change': '', 'shares': 17034600}, {'name': '东方基金-民生银行-民生加银资产管理有限公司', 'rank': 10, 'ratio': 0.6, 'change': '新进', 'shares': 17034600}]",[],0.0000,0,2026-06-06 04:49:14.116271+00:00
1635,000066,2026-01-30,397592,4.9300,"[{'name': '杭州新同股权投资合伙企业(有限合伙)', 'rank': 10, 'ratio': 0.28, 'change': '', 'shares': 9006922}, {'name': '湖南计算机厂有限公司', 'rank': 10, 'ratio': 0.21, 'change': '新进', 'shares': 6127748}, {'name': '全国社保基金一零八组合', 'rank': 10, 'ratio': 0.24, 'change': '新进', 'shares': 7180589}, {'name': '中国农业银行股份有限公司-万家品质生活灵活配置混合型证券投资基金', 'rank': 10, 'ratio': 0.56, 'change': '', 'shares': 16569873}, {'name': '中国工商银行股份有限公司-华安媒体互联网混合型证券投资基金', 'rank': 10, 'ratio': 0.32, 'change': '新进', 'shares': 10219500}, {'name': '中国工商银行股份有限公司-广发双擎升级混合型证券投资基金', 'rank': 10, 'ratio': 0.64, 'change': '新进', 'shares': 18867004}, {'name': '全国社保基金一零八组合', 'rank': 10, 'ratio': 0.24, 'change': '', 'shares': 7180589}, {'name': '中国银行-海富通股票证券投资基金', 'rank': 10, 'ratio': 0.35, 'change': '', 'shares': 4604182}, {'name': '东方基金-民生银行-民生加银资产管理有限公司', 'rank': 10, 'ratio': 0.58, 'change': '', 'shares': 17034600}, {'name': '东方基金-民生银行-民生加银资产管理有限公司', 'rank': 10, 'ratio': 0.6, 'change': '新进', 'shares': 17034600}]",[],0.0000,0,2026-06-06 04:49:14.116271+00:00
1636,000066,2025-12-31,378916,0.6500,"[{'name': '杭州新同股权投资合伙企业(有限合伙)', 'rank': 10, 'ratio': 0.28, 'change': '', 'shares': 9006922}, {'name': '湖南计算机厂有限公司', 'rank': 10, 'ratio': 0.21, 'change': '新进', 'shares': 6127748}, {'name': '全国社保基金一零八组合', 'rank': 10, 'ratio': 0.24, 'change': '新进', 'shares': 7180589}, {'name': '中国农业银行股份有限公司-万家品质生活灵活配置混合型证券投资基金', 'rank': 10, 'ratio': 0.56, 'change': '', 'shares': 16569873}, {'name': '中国工商银行股份有限公司-华安媒体互联网混合型证券投资基金', 'rank': 10, 'ratio': 0.32, 'change': '新进', 'shares': 10219500}, {'name': '中国工商银行股份有限公司-广发双擎升级混合型证券投资基金', 'rank': 10, 'ratio': 0.64, 'change': '新进', 'shares': 18867004}, {'name': '全国社保基金一零八组合', 'rank': 10, 'ratio': 0.24, 'change': '', 'shares': 7180589}, {'name': '中国银行-海富通股票证券投资基金', 'rank': 10, 'ratio': 0.35, 'change': '', 'shares': 4604182}, {'name': '东方基金-民生银行-民生加银资产管理有限公司', 'rank': 10, 'ratio': 0.58, 'change': '', 'shares': 17034600}, {'name': '东方基金-民生银行-民生加银资产管理有限公司', 'rank': 10, 'ratio': 0.6, 'change': '新进', 'shares': 17034600}]",[],0.0000,0,2026-06-06 04:49:14.116271+00:00
1637,000066,2025-12-19,376467,-0.2500,"[{'name': '杭州新同股权投资合伙企业(有限合伙)', 'rank': 10, 'ratio': 0.28, 'change': '', 'shares': 9006922}, {'name': '湖南计算机厂有限公司', 'rank': 10, 'ratio': 0.21, 'change': '新进', 'shares': 6127748}, {'name': '全国社保基金一零八组合', 'rank': 10, 'ratio': 0.24, 'change': '新进', 'shares': 7180589}, {'name': '中国农业银行股份有限公司-万家品质生活灵活配置混合型证券投资基金', 'rank': 10, 'ratio': 0.56, 'change': '', 'shares': 16569873}, {'name': '中国工商银行股份有限公司-华安媒体互联网混合型证券投资基金', 'rank': 10, 'ratio': 0.32, 'change': '新进', 'shares': 10219500}, {'name': '中国工商银行股份有限公司-广发双擎升级混合型证券投资基金', 'rank': 10, 'ratio': 0.64, 'change': '新进', 'shares': 18867004}, {'name': '全国社保基金一零八组合', 'rank': 10, 'ratio': 0.24, 'change': '', 'shares': 7180589}, {'name': '中国银行-海富通股票证券投资基金', 'rank': 10, 'ratio': 0.35, 'change': '', 'shares': 4604182}, {'name': '东方基金-民生银行-民生加银资产管理有限公司', 'rank': 10, 'ratio': 0.58, 'change': '', 'shares': 17034600}, {'name': '东方基金-民生银行-民生加银资产管理有限公司', 'rank': 10, 'ratio': 0.6, 'change': '新进', 'shares': 17034600}]",[],0.0000,0,2026-06-06 04:49:14.116271+00:00
1638,000066,2025-12-10,377423,-1.0300,"[{'name': '杭州新同股权投资合伙企业(有限合伙)', 'rank': 10, 'ratio': 0.28, 'change': '', 'shares': 9006922}, {'name': '湖南计算机厂有限公司', 'rank': 10, 'ratio': 0.21, 'change': '新进', 'shares': 6127748}, {'name': '全国社保基金一零八组合', 'rank': 10, 'ratio': 0.24, 'change': '新进', 'shares': 7180589}, {'name': '中国农业银行股份有限公司-万家品质生活灵活配置混合型证券投资基金', 'rank': 10, 'ratio': 0.56, 'change': '', 'shares': 16569873}, {'name': '中国工商银行股份有限公司-华安媒体互联网混合型证券投资基金', 'rank': 10, 'ratio': 0.32, 'change': '新进', 'shares': 10219500}, {'name': '中国工商银行股份有限公司-广发双擎升级混合型证券投资基金', 'rank': 10, 'ratio': 0.64, 'change': '新进', 'shares': 18867004}, {'name': '全国社保基金一零八组合', 'rank': 10, 'ratio': 0.24, 'change': '', 'shares': 7180589}, {'name': '中国银行-海富通股票证券投资基金', 'rank': 10, 'ratio': 0.35, 'change': '', 'shares': 4604182}, {'name': '东方基金-民生银行-民生加银资产管理有限公司', 'rank': 10, 'ratio': 0.58, 'change': '', 'shares': 17034600}, {'name': '东方基金-民生银行-民生加银资产管理有限公司', 'rank': 10, 'ratio': 0.6, 'change': '新进', 'shares': 17034600}]",[],0.0000,0,2026-06-06 04:49:14.116271+00:00
1639,000066,2025-11-20,381332,0.0000,"[{'name': '杭州新同股权投资合伙企业(有限合伙)', 'rank': 10, 'ratio': 0.28, 'change': '', 'shares': 9006922}, {'name': '湖南计算机厂有限公司', 'rank': 10, 'ratio': 0.21, 'change': '新进', 'shares': 6127748}, {'name': '全国社保基金一零八组合', 'rank': 10, 'ratio': 0.24, 'change': '新进', 'shares': 7180589}, {'name': '中国农业银行股份有限公司-万家品质生活灵活配置混合型证券投资基金', 'rank': 10, 'ratio': 0.56, 'change': '', 'shares': 16569873}, {'name': '中国工商银行股份有限公司-华安媒体互联网混合型证券投资基金', 'rank': 10, 'ratio': 0.32, 'change': '新进', 'shares': 10219500}, {'name': '中国工商银行股份有限公司-广发双擎升级混合型证券投资基金', 'rank': 10, 'ratio': 0.64, 'change': '新进', 'shares': 18867004}, {'name': '全国社保基金一零八组合', 'rank': 10, 'ratio': 0.24, 'change': '', 'shares': 7180589}, {'name': '中国银行-海富通股票证券投资基金', 'rank': 10, 'ratio': 0.35, 'change': '', 'shares': 4604182}, {'name': '东方基金-民生银行-民生加银资产管理有限公司', 'rank': 10, 'ratio': 0.58, 'change': '', 'shares': 17034600}, {'name': '东方基金-民生银行-民生加银资产管理有限公司', 'rank': 10, 'ratio': 0.6, 'change': '新进', 'shares': 17034600}]",[],0.0000,0,2026-06-06 04:49:14.116271+00:00
1640,000068,2026-03-31,34770,0.0300,"[{'name': '嘉兴尚宇资产管理合伙企业(有限合伙)-尚宇资产-永盈1号证券投资基金', 'rank': 10, 'ratio': 0.26, 'change': '新进', 'shares': 2621800}, {'name': '久嘉证券投资基金', 'rank': 10, 'ratio': 0.5558, 'change': '新进', 'shares': 4368099}, {'name': '景宏证券投资基金', 'rank': 10, 'ratio': 0.1285, 'change': '新进', 'shares': 1009999}, {'name': '汉兴证券投资基金', 'rank': 10, 'ratio': 0.13, 'change': '新进', 'shares': 1027600}, {'name': '普惠证券投资基金', 'rank': 10, 'ratio': 0.061, 'change': '新进', 'shares': 480000}, {'name': '鸿阳证券投资基金', 'rank': 10, 'ratio': 0.25, 'change': '新进', 'shares': 1999050}, {'name': 'CITIGROUP GLOBAL MARKETS LIMITED', 'rank': 10, 'ratio': 0.23, 'change': '新进', 'shares': 2082200}, {'name': '东方证券股份有限公司', 'rank': 10, 'ratio': 0.22, 'change': '新进', 'shares': 2000082}, {'name': 'BARCLAYS BANK PLC', 'rank': 10, 'ratio': 0.45, 'change': '新进', 'shares': 4540683}, {'name': '北京和通天下投资管理有限公司-和通天下恒利二号私募证券投资基金', 'rank': 10, 'ratio': 0.28, 'change': '', 'shares': 2817400}]",[],0.0000,0,2026-06-06 04:49:14.116271+00:00
1641,000068,2026-02-28,34761,-3.8200,"[{'name': '嘉兴尚宇资产管理合伙企业(有限合伙)-尚宇资产-永盈1号证券投资基金', 'rank': 10, 'ratio': 0.26, 'change': '新进', 'shares': 2621800}, {'name': '久嘉证券投资基金', 'rank': 10, 'ratio': 0.5558, 'change': '新进', 'shares': 4368099}, {'name': '景宏证券投资基金', 'rank': 10, 'ratio': 0.1285, 'change': '新进', 'shares': 1009999}, {'name': '汉兴证券投资基金', 'rank': 10, 'ratio': 0.13, 'change': '新进', 'shares': 1027600}, {'name': '普惠证券投资基金', 'rank': 10, 'ratio': 0.061, 'change': '新进', 'shares': 480000}, {'name': '鸿阳证券投资基金', 'rank': 10, 'ratio': 0.25, 'change': '新进', 'shares': 1999050}, {'name': 'CITIGROUP GLOBAL MARKETS LIMITED', 'rank': 10, 'ratio': 0.23, 'change': '新进', 'shares': 2082200}, {'name': '东方证券股份有限公司', 'rank': 10, 'ratio': 0.22, 'change': '新进', 'shares': 2000082}, {'name': 'BARCLAYS BANK PLC', 'rank': 10, 'ratio': 0.45, 'change': '新进', 'shares': 4540683}, {'name': '北京和通天下投资管理有限公司-和通天下恒利二号私募证券投资基金', 'rank': 10, 'ratio': 0.28, 'change': '', 'shares': 2817400}]",[],0.0000,0,2026-06-06 04:49:14.116271+00:00
1642,000068,2025-12-31,36141,-5.0600,"[{'name': '嘉兴尚宇资产管理合伙企业(有限合伙)-尚宇资产-永盈1号证券投资基金', 'rank': 10, 'ratio': 0.26, 'change': '新进', 'shares': 2621800}, {'name': '久嘉证券投资基金', 'rank': 10, 'ratio': 0.5558, 'change': '新进', 'shares': 4368099}, {'name': '景宏证券投资基金', 'rank': 10, 'ratio': 0.1285, 'change': '新进', 'shares': 1009999}, {'name': '汉兴证券投资基金', 'rank': 10, 'ratio': 0.13, 'change': '新进', 'shares': 1027600}, {'name': '普惠证券投资基金', 'rank': 10, 'ratio': 0.061, 'change': '新进', 'shares': 480000}, {'name': '鸿阳证券投资基金', 'rank': 10, 'ratio': 0.25, 'change': '新进', 'shares': 1999050}, {'name': 'CITIGROUP GLOBAL MARKETS LIMITED', 'rank': 10, 'ratio': 0.23, 'change': '新进', 'shares': 2082200}, {'name': '东方证券股份有限公司', 'rank': 10, 'ratio': 0.22, 'change': '新进', 'shares': 2000082}, {'name': 'BARCLAYS BANK PLC', 'rank': 10, 'ratio': 0.45, 'change': '新进', 'shares': 4540683}, {'name': '北京和通天下投资管理有限公司-和通天下恒利二号私募证券投资基金', 'rank': 10, 'ratio': 0.28, 'change': '', 'shares': 2817400}]",[],0.0000,0,2026-06-06 04:49:14.116271+00:00
1643,000068,2025-09-30,38067,-1.9800,"[{'name': '嘉兴尚宇资产管理合伙企业(有限合伙)-尚宇资产-永盈1号证券投资基金', 'rank': 10, 'ratio': 0.26, 'change': '新进', 'shares': 2621800}, {'name': '久嘉证券投资基金', 'rank': 10, 'ratio': 0.5558, 'change': '新进', 'shares': 4368099}, {'name': '景宏证券投资基金', 'rank': 10, 'ratio': 0.1285, 'change': '新进', 'shares': 1009999}, {'name': '汉兴证券投资基金', 'rank': 10, 'ratio': 0.13, 'change': '新进', 'shares': 1027600}, {'name': '普惠证券投资基金', 'rank': 10, 'ratio': 0.061, 'change': '新进', 'shares': 480000}, {'name': '鸿阳证券投资基金', 'rank': 10, 'ratio': 0.25, 'change': '新进', 'shares': 1999050}, {'name': 'CITIGROUP GLOBAL MARKETS LIMITED', 'rank': 10, 'ratio': 0.23, 'change': '新进', 'shares': 2082200}, {'name': '东方证券股份有限公司', 'rank': 10, 'ratio': 0.22, 'change': '新进', 'shares': 2000082}, {'name': 'BARCLAYS BANK PLC', 'rank': 10, 'ratio': 0.45, 'change': '新进', 'shares': 4540683}, {'name': '北京和通天下投资管理有限公司-和通天下恒利二号私募证券投资基金', 'rank': 10, 'ratio': 0.28, 'change': '', 'shares': 2817400}]",[],0.0000,0,2026-06-06 04:49:14.116271+00:00
1644,000068,2025-06-30,38837,-3.8500,"[{'name': '嘉兴尚宇资产管理合伙企业(有限合伙)-尚宇资产-永盈1号证券投资基金', 'rank': 10, 'ratio': 0.26, 'change': '新进', 'shares': 2621800}, {'name': '久嘉证券投资基金', 'rank': 10, 'ratio': 0.5558, 'change': '新进', 'shares': 4368099}, {'name': '景宏证券投资基金', 'rank': 10, 'ratio': 0.1285, 'change': '新进', 'shares': 1009999}, {'name': '汉兴证券投资基金', 'rank': 10, 'ratio': 0.13, 'change': '新进', 'shares': 1027600}, {'name': '普惠证券投资基金', 'rank': 10, 'ratio': 0.061, 'change': '新进', 'shares': 480000}, {'name': '鸿阳证券投资基金', 'rank': 10, 'ratio': 0.25, 'change': '新进', 'shares': 1999050}, {'name': 'CITIGROUP GLOBAL MARKETS LIMITED', 'rank': 10, 'ratio': 0.23, 'change': '新进', 'shares': 2082200}, {'name': '东方证券股份有限公司', 'rank': 10, 'ratio': 0.22, 'change': '新进', 'shares': 2000082}, {'name': 'BARCLAYS BANK PLC', 'rank': 10, 'ratio': 0.45, 'change': '新进', 'shares': 4540683}, {'name': '北京和通天下投资管理有限公司-和通天下恒利二号私募证券投资基金', 'rank': 10, 'ratio': 0.28, 'change': '', 'shares': 2817400}]",[],0.0000,0,2026-06-06 04:49:14.116271+00:00
1645,000068,2025-03-31,40391,-5.4700,"[{'name': '嘉兴尚宇资产管理合伙企业(有限合伙)-尚宇资产-永盈1号证券投资基金', 'rank': 10, 'ratio': 0.26, 'change': '新进', 'shares': 2621800}, {'name': '久嘉证券投资基金', 'rank': 10, 'ratio': 0.5558, 'change': '新进', 'shares': 4368099}, {'name': '景宏证券投资基金', 'rank': 10, 'ratio': 0.1285, 'change': '新进', 'shares': 1009999}, {'name': '汉兴证券投资基金', 'rank': 10, 'ratio': 0.13, 'change': '新进', 'shares': 1027600}, {'name': '普惠证券投资基金', 'rank': 10, 'ratio': 0.061, 'change': '新进', 'shares': 480000}, {'name': '鸿阳证券投资基金', 'rank': 10, 'ratio': 0.25, 'change': '新进', 'shares': 1999050}, {'name': 'CITIGROUP GLOBAL MARKETS LIMITED', 'rank': 10, 'ratio': 0.23, 'change': '新进', 'shares': 2082200}, {'name': '东方证券股份有限公司', 'rank': 10, 'ratio': 0.22, 'change': '新进', 'shares': 2000082}, {'name': 'BARCLAYS BANK PLC', 'rank': 10, 'ratio': 0.45, 'change': '新进', 'shares': 4540683}, {'name': '北京和通天下投资管理有限公司-和通天下恒利二号私募证券投资基金', 'rank': 10, 'ratio': 0.28, 'change': '', 'shares': 2817400}]",[],0.0000,0,2026-06-06 04:49:14.116271+00:00
1646,000068,2025-02-28,42729,-2.4700,"[{'name': '嘉兴尚宇资产管理合伙企业(有限合伙)-尚宇资产-永盈1号证券投资基金', 'rank': 10, 'ratio': 0.26, 'change': '新进', 'shares': 2621800}, {'name': '久嘉证券投资基金', 'rank': 10, 'ratio': 0.5558, 'change': '新进', 'shares': 4368099}, {'name': '景宏证券投资基金', 'rank': 10, 'ratio': 0.1285, 'change': '新进', 'shares': 1009999}, {'name': '汉兴证券投资基金', 'rank': 10, 'ratio': 0.13, 'change': '新进', 'shares': 1027600}, {'name': '普惠证券投资基金', 'rank': 10, 'ratio': 0.061, 'change': '新进', 'shares': 480000}, {'name': '鸿阳证券投资基金', 'rank': 10, 'ratio': 0.25, 'change': '新进', 'shares': 1999050}, {'name': 'CITIGROUP GLOBAL MARKETS LIMITED', 'rank': 10, 'ratio': 0.23, 'change': '新进', 'shares': 2082200}, {'name': '东方证券股份有限公司', 'rank': 10, 'ratio': 0.22, 'change': '新进', 'shares': 2000082}, {'name': 'BARCLAYS BANK PLC', 'rank': 10, 'ratio': 0.45, 'change': '新进', 'shares': 4540683}, {'name': '北京和通天下投资管理有限公司-和通天下恒利二号私募证券投资基金', 'rank': 10, 'ratio': 0.28, 'change': '', 'shares': 2817400}]",[],0.0000,0,2026-06-06 04:49:14.116271+00:00
1647,000068,2025-01-10,43812,-1.4000,"[{'name': '嘉兴尚宇资产管理合伙企业(有限合伙)-尚宇资产-永盈1号证券投资基金', 'rank': 10, 'ratio': 0.26, 'change': '新进', 'shares': 2621800}, {'name': '久嘉证券投资基金', 'rank': 10, 'ratio': 0.5558, 'change': '新进', 'shares': 4368099}, {'name': '景宏证券投资基金', 'rank': 10, 'ratio': 0.1285, 'change': '新进', 'shares': 1009999}, {'name': '汉兴证券投资基金', 'rank': 10, 'ratio': 0.13, 'change': '新进', 'shares': 1027600}, {'name': '普惠证券投资基金', 'rank': 10, 'ratio': 0.061, 'change': '新进', 'shares': 480000}, {'name': '鸿阳证券投资基金', 'rank': 10, 'ratio': 0.25, 'change': '新进', 'shares': 1999050}, {'name': 'CITIGROUP GLOBAL MARKETS LIMITED', 'rank': 10, 'ratio': 0.23, 'change': '新进', 'shares': 2082200}, {'name': '东方证券股份有限公司', 'rank': 10, 'ratio': 0.22, 'change': '新进', 'shares': 2000082}, {'name': 'BARCLAYS BANK PLC', 'rank': 10, 'ratio': 0.45, 'change': '新进', 'shares': 4540683}, {'name': '北京和通天下投资管理有限公司-和通天下恒利二号私募证券投资基金', 'rank': 10, 'ratio': 0.28, 'change': '', 'shares': 2817400}]",[],0.0000,0,2026-06-06 04:49:14.116271+00:00
1648,000068,2024-12-31,44436,-4.1200,"[{'name': '嘉兴尚宇资产管理合伙企业(有限合伙)-尚宇资产-永盈1号证券投资基金', 'rank': 10, 'ratio': 0.26, 'change': '新进', 'shares': 2621800}, {'name': '久嘉证券投资基金', 'rank': 10, 'ratio': 0.5558, 'change': '新进', 'shares': 4368099}, {'name': '景宏证券投资基金', 'rank': 10, 'ratio': 0.1285, 'change': '新进', 'shares': 1009999}, {'name': '汉兴证券投资基金', 'rank': 10, 'ratio': 0.13, 'change': '新进', 'shares': 1027600}, {'name': '普惠证券投资基金', 'rank': 10, 'ratio': 0.061, 'change': '新进', 'shares': 480000}, {'name': '鸿阳证券投资基金', 'rank': 10, 'ratio': 0.25, 'change': '新进', 'shares': 1999050}, {'name': 'CITIGROUP GLOBAL MARKETS LIMITED', 'rank': 10, 'ratio': 0.23, 'change': '新进', 'shares': 2082200}, {'name': '东方证券股份有限公司', 'rank': 10, 'ratio': 0.22, 'change': '新进', 'shares': 2000082}, {'name': 'BARCLAYS BANK PLC', 'rank': 10, 'ratio': 0.45, 'change': '新进', 'shares': 4540683}, {'name': '北京和通天下投资管理有限公司-和通天下恒利二号私募证券投资基金', 'rank': 10, 'ratio': 0.28, 'change': '', 'shares': 2817400}]",[],0.0000,0,2026-06-06 04:49:14.116271+00:00
1649,000068,2024-12-20,46347,0.0000,"[{'name': '嘉兴尚宇资产管理合伙企业(有限合伙)-尚宇资产-永盈1号证券投资基金', 'rank': 10, 'ratio': 0.26, 'change': '新进', 'shares': 2621800}, {'name': '久嘉证券投资基金', 'rank': 10, 'ratio': 0.5558, 'change': '新进', 'shares': 4368099}, {'name': '景宏证券投资基金', 'rank': 10, 'ratio': 0.1285, 'change': '新进', 'shares': 1009999}, {'name': '汉兴证券投资基金', 'rank': 10, 'ratio': 0.13, 'change': '新进', 'shares': 1027600}, {'name': '普惠证券投资基金', 'rank': 10, 'ratio': 0.061, 'change': '新进', 'shares': 480000}, {'name': '鸿阳证券投资基金', 'rank': 10, 'ratio': 0.25, 'change': '新进', 'shares': 1999050}, {'name': 'CITIGROUP GLOBAL MARKETS LIMITED', 'rank': 10, 'ratio': 0.23, 'change': '新进', 'shares': 2082200}, {'name': '东方证券股份有限公司', 'rank': 10, 'ratio': 0.22, 'change': '新进', 'shares': 2000082}, {'name': 'BARCLAYS BANK PLC', 'rank': 10, 'ratio': 0.45, 'change': '新进', 'shares': 4540683}, {'name': '北京和通天下投资管理有限公司-和通天下恒利二号私募证券投资基金', 'rank': 10, 'ratio': 0.28, 'change': '', 'shares': 2817400}]",[],0.0000,0,2026-06-06 04:49:14.116271+00:00
1650,000069,2026-04-30,98443,0.0400,"[{'name': '鹏华动力增长混合型证券投资基金', 'rank': 11, 'ratio': 0.8978, 'change': '新进', 'shares': 10424784}, {'name': '博时第三产业成长股票证券投资基金', 'rank': 11, 'ratio': 0.7665, 'change': '新进', 'shares': 8517861}, {'name': '融通领先成长股票型证券投资基金', 'rank': 11, 'ratio': 0.7657, 'change': '新进', 'shares': 20069900}, {'name': '全国社保基金一零八组合', 'rank': 11, 'ratio': 0.39985521764, 'change': '新进', 'shares': 12425413}, {'name': '华润深国投信托有限公司-重阳3期证券投资集合资金信托', 'rank': 11, 'ratio': 0.362047791912, 'change': '', 'shares': 20251000}, {'name': '鹏华动力增长混合型证券投资基金', 'rank': 11, 'ratio': 0.8718, 'change': '', 'shares': 11424784}, {'name': '易方达策略成长二号混合型证券投资基金', 'rank': 10, 'ratio': 0.9438, 'change': '新进', 'shares': 10959188}, {'name': '景福证券投资基金', 'rank': 10, 'ratio': 0.874149089942, 'change': '', 'shares': 11456109}, {'name': '兴业银行股份有限公司-工银瑞信金融地产行业混合型证券投资基金', 'rank': 10, 'ratio': 0.48, 'change': '新进', 'shares': 39028146}, {'name': '中国银行股份有限公司-富国美丽中国混合型证券投资基金', 'rank': 10, 'ratio': 0.39, 'change': '新进', 'shares': 32265102}]",[],0.0000,0,2026-06-06 04:49:14.116271+00:00
1651,000069,2026-04-10,98401,-0.4800,"[{'name': '鹏华动力增长混合型证券投资基金', 'rank': 11, 'ratio': 0.8978, 'change': '新进', 'shares': 10424784}, {'name': '博时第三产业成长股票证券投资基金', 'rank': 11, 'ratio': 0.7665, 'change': '新进', 'shares': 8517861}, {'name': '融通领先成长股票型证券投资基金', 'rank': 11, 'ratio': 0.7657, 'change': '新进', 'shares': 20069900}, {'name': '全国社保基金一零八组合', 'rank': 11, 'ratio': 0.39985521764, 'change': '新进', 'shares': 12425413}, {'name': '华润深国投信托有限公司-重阳3期证券投资集合资金信托', 'rank': 11, 'ratio': 0.362047791912, 'change': '', 'shares': 20251000}, {'name': '鹏华动力增长混合型证券投资基金', 'rank': 11, 'ratio': 0.8718, 'change': '', 'shares': 11424784}, {'name': '易方达策略成长二号混合型证券投资基金', 'rank': 10, 'ratio': 0.9438, 'change': '新进', 'shares': 10959188}, {'name': '景福证券投资基金', 'rank': 10, 'ratio': 0.874149089942, 'change': '', 'shares': 11456109}, {'name': '兴业银行股份有限公司-工银瑞信金融地产行业混合型证券投资基金', 'rank': 10, 'ratio': 0.48, 'change': '新进', 'shares': 39028146}, {'name': '中国银行股份有限公司-富国美丽中国混合型证券投资基金', 'rank': 10, 'ratio': 0.39, 'change': '新进', 'shares': 32265102}]",[],0.0000,0,2026-06-06 04:49:14.116271+00:00
1652,000069,2026-03-31,98875,1.4900,"[{'name': '鹏华动力增长混合型证券投资基金', 'rank': 11, 'ratio': 0.8978, 'change': '新进', 'shares': 10424784}, {'name': '博时第三产业成长股票证券投资基金', 'rank': 11, 'ratio': 0.7665, 'change': '新进', 'shares': 8517861}, {'name': '融通领先成长股票型证券投资基金', 'rank': 11, 'ratio': 0.7657, 'change': '新进', 'shares': 20069900}, {'name': '全国社保基金一零八组合', 'rank': 11, 'ratio': 0.39985521764, 'change': '新进', 'shares': 12425413}, {'name': '华润深国投信托有限公司-重阳3期证券投资集合资金信托', 'rank': 11, 'ratio': 0.362047791912, 'change': '', 'shares': 20251000}, {'name': '鹏华动力增长混合型证券投资基金', 'rank': 11, 'ratio': 0.8718, 'change': '', 'shares': 11424784}, {'name': '易方达策略成长二号混合型证券投资基金', 'rank': 10, 'ratio': 0.9438, 'change': '新进', 'shares': 10959188}, {'name': '景福证券投资基金', 'rank': 10, 'ratio': 0.874149089942, 'change': '', 'shares': 11456109}, {'name': '兴业银行股份有限公司-工银瑞信金融地产行业混合型证券投资基金', 'rank': 10, 'ratio': 0.48, 'change': '新进', 'shares': 39028146}, {'name': '中国银行股份有限公司-富国美丽中国混合型证券投资基金', 'rank': 10, 'ratio': 0.39, 'change': '新进', 'shares': 32265102}]",[],0.0000,0,2026-06-06 04:49:14.116271+00:00
1653,000069,2026-03-20,97419,0.7900,"[{'name': '鹏华动力增长混合型证券投资基金', 'rank': 11, 'ratio': 0.8978, 'change': '新进', 'shares': 10424784}, {'name': '博时第三产业成长股票证券投资基金', 'rank': 11, 'ratio': 0.7665, 'change': '新进', 'shares': 8517861}, {'name': '融通领先成长股票型证券投资基金', 'rank': 11, 'ratio': 0.7657, 'change': '新进', 'shares': 20069900}, {'name': '全国社保基金一零八组合', 'rank': 11, 'ratio': 0.39985521764, 'change': '新进', 'shares': 12425413}, {'name': '华润深国投信托有限公司-重阳3期证券投资集合资金信托', 'rank': 11, 'ratio': 0.362047791912, 'change': '', 'shares': 20251000}, {'name': '鹏华动力增长混合型证券投资基金', 'rank': 11, 'ratio': 0.8718, 'change': '', 'shares': 11424784}, {'name': '易方达策略成长二号混合型证券投资基金', 'rank': 10, 'ratio': 0.9438, 'change': '新进', 'shares': 10959188}, {'name': '景福证券投资基金', 'rank': 10, 'ratio': 0.874149089942, 'change': '', 'shares': 11456109}, {'name': '兴业银行股份有限公司-工银瑞信金融地产行业混合型证券投资基金', 'rank': 10, 'ratio': 0.48, 'change': '新进', 'shares': 39028146}, {'name': '中国银行股份有限公司-富国美丽中国混合型证券投资基金', 'rank': 10, 'ratio': 0.39, 'change': '新进', 'shares': 32265102}]",[],0.0000,0,2026-06-06 04:49:14.116271+00:00
1654,000069,2026-03-10,96654,0.4000,"[{'name': '鹏华动力增长混合型证券投资基金', 'rank': 11, 'ratio': 0.8978, 'change': '新进', 'shares': 10424784}, {'name': '博时第三产业成长股票证券投资基金', 'rank': 11, 'ratio': 0.7665, 'change': '新进', 'shares': 8517861}, {'name': '融通领先成长股票型证券投资基金', 'rank': 11, 'ratio': 0.7657, 'change': '新进', 'shares': 20069900}, {'name': '全国社保基金一零八组合', 'rank': 11, 'ratio': 0.39985521764, 'change': '新进', 'shares': 12425413}, {'name': '华润深国投信托有限公司-重阳3期证券投资集合资金信托', 'rank': 11, 'ratio': 0.362047791912, 'change': '', 'shares': 20251000}, {'name': '鹏华动力增长混合型证券投资基金', 'rank': 11, 'ratio': 0.8718, 'change': '', 'shares': 11424784}, {'name': '易方达策略成长二号混合型证券投资基金', 'rank': 10, 'ratio': 0.9438, 'change': '新进', 'shares': 10959188}, {'name': '景福证券投资基金', 'rank': 10, 'ratio': 0.874149089942, 'change': '', 'shares': 11456109}, {'name': '兴业银行股份有限公司-工银瑞信金融地产行业混合型证券投资基金', 'rank': 10, 'ratio': 0.48, 'change': '新进', 'shares': 39028146}, {'name': '中国银行股份有限公司-富国美丽中国混合型证券投资基金', 'rank': 10, 'ratio': 0.39, 'change': '新进', 'shares': 32265102}]",[],0.0000,0,2026-06-06 04:49:14.116271+00:00
1655,000069,2026-02-28,96268,0.0000,"[{'name': '鹏华动力增长混合型证券投资基金', 'rank': 11, 'ratio': 0.8978, 'change': '新进', 'shares': 10424784}, {'name': '博时第三产业成长股票证券投资基金', 'rank': 11, 'ratio': 0.7665, 'change': '新进', 'shares': 8517861}, {'name': '融通领先成长股票型证券投资基金', 'rank': 11, 'ratio': 0.7657, 'change': '新进', 'shares': 20069900}, {'name': '全国社保基金一零八组合', 'rank': 11, 'ratio': 0.39985521764, 'change': '新进', 'shares': 12425413}, {'name': '华润深国投信托有限公司-重阳3期证券投资集合资金信托', 'rank': 11, 'ratio': 0.362047791912, 'change': '', 'shares': 20251000}, {'name': '鹏华动力增长混合型证券投资基金', 'rank': 11, 'ratio': 0.8718, 'change': '', 'shares': 11424784}, {'name': '易方达策略成长二号混合型证券投资基金', 'rank': 10, 'ratio': 0.9438, 'change': '新进', 'shares': 10959188}, {'name': '景福证券投资基金', 'rank': 10, 'ratio': 0.874149089942, 'change': '', 'shares': 11456109}, {'name': '兴业银行股份有限公司-工银瑞信金融地产行业混合型证券投资基金', 'rank': 10, 'ratio': 0.48, 'change': '新进', 'shares': 39028146}, {'name': '中国银行股份有限公司-富国美丽中国混合型证券投资基金', 'rank': 10, 'ratio': 0.39, 'change': '新进', 'shares': 32265102}]",[],0.0000,0,2026-06-06 04:49:14.116271+00:00
1656,000069,2026-02-27,96268,0.8000,"[{'name': '鹏华动力增长混合型证券投资基金', 'rank': 11, 'ratio': 0.8978, 'change': '新进', 'shares': 10424784}, {'name': '博时第三产业成长股票证券投资基金', 'rank': 11, 'ratio': 0.7665, 'change': '新进', 'shares': 8517861}, {'name': '融通领先成长股票型证券投资基金', 'rank': 11, 'ratio': 0.7657, 'change': '新进', 'shares': 20069900}, {'name': '全国社保基金一零八组合', 'rank': 11, 'ratio': 0.39985521764, 'change': '新进', 'shares': 12425413}, {'name': '华润深国投信托有限公司-重阳3期证券投资集合资金信托', 'rank': 11, 'ratio': 0.362047791912, 'change': '', 'shares': 20251000}, {'name': '鹏华动力增长混合型证券投资基金', 'rank': 11, 'ratio': 0.8718, 'change': '', 'shares': 11424784}, {'name': '易方达策略成长二号混合型证券投资基金', 'rank': 10, 'ratio': 0.9438, 'change': '新进', 'shares': 10959188}, {'name': '景福证券投资基金', 'rank': 10, 'ratio': 0.874149089942, 'change': '', 'shares': 11456109}, {'name': '兴业银行股份有限公司-工银瑞信金融地产行业混合型证券投资基金', 'rank': 10, 'ratio': 0.48, 'change': '新进', 'shares': 39028146}, {'name': '中国银行股份有限公司-富国美丽中国混合型证券投资基金', 'rank': 10, 'ratio': 0.39, 'change': '新进', 'shares': 32265102}]",[],0.0000,0,2026-06-06 04:49:14.116271+00:00
1657,000069,2026-02-13,95503,-0.0600,"[{'name': '鹏华动力增长混合型证券投资基金', 'rank': 11, 'ratio': 0.8978, 'change': '新进', 'shares': 10424784}, {'name': '博时第三产业成长股票证券投资基金', 'rank': 11, 'ratio': 0.7665, 'change': '新进', 'shares': 8517861}, {'name': '融通领先成长股票型证券投资基金', 'rank': 11, 'ratio': 0.7657, 'change': '新进', 'shares': 20069900}, {'name': '全国社保基金一零八组合', 'rank': 11, 'ratio': 0.39985521764, 'change': '新进', 'shares': 12425413}, {'name': '华润深国投信托有限公司-重阳3期证券投资集合资金信托', 'rank': 11, 'ratio': 0.362047791912, 'change': '', 'shares': 20251000}, {'name': '鹏华动力增长混合型证券投资基金', 'rank': 11, 'ratio': 0.8718, 'change': '', 'shares': 11424784}, {'name': '易方达策略成长二号混合型证券投资基金', 'rank': 10, 'ratio': 0.9438, 'change': '新进', 'shares': 10959188}, {'name': '景福证券投资基金', 'rank': 10, 'ratio': 0.874149089942, 'change': '', 'shares': 11456109}, {'name': '兴业银行股份有限公司-工银瑞信金融地产行业混合型证券投资基金', 'rank': 10, 'ratio': 0.48, 'change': '新进', 'shares': 39028146}, {'name': '中国银行股份有限公司-富国美丽中国混合型证券投资基金', 'rank': 10, 'ratio': 0.39, 'change': '新进', 'shares': 32265102}]",[],0.0000,0,2026-06-06 04:49:14.116271+00:00
1658,000069,2026-02-10,95565,-1.6300,"[{'name': '鹏华动力增长混合型证券投资基金', 'rank': 11, 'ratio': 0.8978, 'change': '新进', 'shares': 10424784}, {'name': '博时第三产业成长股票证券投资基金', 'rank': 11, 'ratio': 0.7665, 'change': '新进', 'shares': 8517861}, {'name': '融通领先成长股票型证券投资基金', 'rank': 11, 'ratio': 0.7657, 'change': '新进', 'shares': 20069900}, {'name': '全国社保基金一零八组合', 'rank': 11, 'ratio': 0.39985521764, 'change': '新进', 'shares': 12425413}, {'name': '华润深国投信托有限公司-重阳3期证券投资集合资金信托', 'rank': 11, 'ratio': 0.362047791912, 'change': '', 'shares': 20251000}, {'name': '鹏华动力增长混合型证券投资基金', 'rank': 11, 'ratio': 0.8718, 'change': '', 'shares': 11424784}, {'name': '易方达策略成长二号混合型证券投资基金', 'rank': 10, 'ratio': 0.9438, 'change': '新进', 'shares': 10959188}, {'name': '景福证券投资基金', 'rank': 10, 'ratio': 0.874149089942, 'change': '', 'shares': 11456109}, {'name': '兴业银行股份有限公司-工银瑞信金融地产行业混合型证券投资基金', 'rank': 10, 'ratio': 0.48, 'change': '新进', 'shares': 39028146}, {'name': '中国银行股份有限公司-富国美丽中国混合型证券投资基金', 'rank': 10, 'ratio': 0.39, 'change': '新进', 'shares': 32265102}]",[],0.0000,0,2026-06-06 04:49:14.116271+00:00
1659,000069,2026-01-30,97153,0.0000,"[{'name': '鹏华动力增长混合型证券投资基金', 'rank': 11, 'ratio': 0.8978, 'change': '新进', 'shares': 10424784}, {'name': '博时第三产业成长股票证券投资基金', 'rank': 11, 'ratio': 0.7665, 'change': '新进', 'shares': 8517861}, {'name': '融通领先成长股票型证券投资基金', 'rank': 11, 'ratio': 0.7657, 'change': '新进', 'shares': 20069900}, {'name': '全国社保基金一零八组合', 'rank': 11, 'ratio': 0.39985521764, 'change': '新进', 'shares': 12425413}, {'name': '华润深国投信托有限公司-重阳3期证券投资集合资金信托', 'rank': 11, 'ratio': 0.362047791912, 'change': '', 'shares': 20251000}, {'name': '鹏华动力增长混合型证券投资基金', 'rank': 11, 'ratio': 0.8718, 'change': '', 'shares': 11424784}, {'name': '易方达策略成长二号混合型证券投资基金', 'rank': 10, 'ratio': 0.9438, 'change': '新进', 'shares': 10959188}, {'name': '景福证券投资基金', 'rank': 10, 'ratio': 0.874149089942, 'change': '', 'shares': 11456109}, {'name': '兴业银行股份有限公司-工银瑞信金融地产行业混合型证券投资基金', 'rank': 10, 'ratio': 0.48, 'change': '新进', 'shares': 39028146}, {'name': '中国银行股份有限公司-富国美丽中国混合型证券投资基金', 'rank': 10, 'ratio': 0.39, 'change': '新进', 'shares': 32265102}]",[],0.0000,0,2026-06-06 04:49:14.116271+00:00
1660,000070,2026-03-31,117165,8.4000,"[{'name': '兴业银行股份有限公司-圆信永丰多策略精选混合型证券投资基金', 'rank': 10, 'ratio': 0.64, 'change': '新进', 'shares': 3990000}, {'name': '广州市昊盟计算机科技有限公司', 'rank': 10, 'ratio': 0.29, 'change': '新进', 'shares': 2487102}, {'name': '香港中央结算有限公司', 'rank': 10, 'ratio': 0.4, 'change': '', 'shares': 3256474}, {'name': '百年人寿保险股份有限公司-百年人寿-传统保险产品', 'rank': 10, 'ratio': 0.55, 'change': '新进', 'shares': 3424744}, {'name': '中国银行股份有限公司-华夏中证5G通信主题交易型开放式指数证券投资基金', 'rank': 10, 'ratio': 0.46, 'change': '新进', 'shares': 3771660}, {'name': '中国通广电子公司', 'rank': 10, 'ratio': 0.55, 'change': '', 'shares': 3420000}, {'name': '华夏成长证券投资基金', 'rank': 10, 'ratio': 0.86, 'change': '新进', 'shares': 2696170}, {'name': '交通银行股份有限公司-博时新兴成长混合型证券投资基金', 'rank': 10, 'ratio': 0.36, 'change': '新进', 'shares': 2999920}, {'name': '中国工商银行股份有限公司-国泰中证全指通信设备交易型开放式指数证券投资基金', 'rank': 10, 'ratio': 0.32, 'change': '新进', 'shares': 2630600}, {'name': '基金天元', 'rank': 10, 'ratio': 0.333, 'change': '新进', 'shares': 831700}]",[],0.0000,0,2026-06-06 04:49:14.116271+00:00
1661,000070,2025-12-31,108085,11.0100,"[{'name': '兴业银行股份有限公司-圆信永丰多策略精选混合型证券投资基金', 'rank': 10, 'ratio': 0.64, 'change': '新进', 'shares': 3990000}, {'name': '广州市昊盟计算机科技有限公司', 'rank': 10, 'ratio': 0.29, 'change': '新进', 'shares': 2487102}, {'name': '香港中央结算有限公司', 'rank': 10, 'ratio': 0.4, 'change': '', 'shares': 3256474}, {'name': '百年人寿保险股份有限公司-百年人寿-传统保险产品', 'rank': 10, 'ratio': 0.55, 'change': '新进', 'shares': 3424744}, {'name': '中国银行股份有限公司-华夏中证5G通信主题交易型开放式指数证券投资基金', 'rank': 10, 'ratio': 0.46, 'change': '新进', 'shares': 3771660}, {'name': '中国通广电子公司', 'rank': 10, 'ratio': 0.55, 'change': '', 'shares': 3420000}, {'name': '华夏成长证券投资基金', 'rank': 10, 'ratio': 0.86, 'change': '新进', 'shares': 2696170}, {'name': '交通银行股份有限公司-博时新兴成长混合型证券投资基金', 'rank': 10, 'ratio': 0.36, 'change': '新进', 'shares': 2999920}, {'name': '中国工商银行股份有限公司-国泰中证全指通信设备交易型开放式指数证券投资基金', 'rank': 10, 'ratio': 0.32, 'change': '新进', 'shares': 2630600}, {'name': '基金天元', 'rank': 10, 'ratio': 0.333, 'change': '新进', 'shares': 831700}]",[],0.0000,0,2026-06-06 04:49:14.116271+00:00
1662,000070,2025-09-30,97364,83.9500,"[{'name': '兴业银行股份有限公司-圆信永丰多策略精选混合型证券投资基金', 'rank': 10, 'ratio': 0.64, 'change': '新进', 'shares': 3990000}, {'name': '广州市昊盟计算机科技有限公司', 'rank': 10, 'ratio': 0.29, 'change': '新进', 'shares': 2487102}, {'name': '香港中央结算有限公司', 'rank': 10, 'ratio': 0.4, 'change': '', 'shares': 3256474}, {'name': '百年人寿保险股份有限公司-百年人寿-传统保险产品', 'rank': 10, 'ratio': 0.55, 'change': '新进', 'shares': 3424744}, {'name': '中国银行股份有限公司-华夏中证5G通信主题交易型开放式指数证券投资基金', 'rank': 10, 'ratio': 0.46, 'change': '新进', 'shares': 3771660}, {'name': '中国通广电子公司', 'rank': 10, 'ratio': 0.55, 'change': '', 'shares': 3420000}, {'name': '华夏成长证券投资基金', 'rank': 10, 'ratio': 0.86, 'change': '新进', 'shares': 2696170}, {'name': '交通银行股份有限公司-博时新兴成长混合型证券投资基金', 'rank': 10, 'ratio': 0.36, 'change': '新进', 'shares': 2999920}, {'name': '中国工商银行股份有限公司-国泰中证全指通信设备交易型开放式指数证券投资基金', 'rank': 10, 'ratio': 0.32, 'change': '新进', 'shares': 2630600}, {'name': '基金天元', 'rank': 10, 'ratio': 0.333, 'change': '新进', 'shares': 831700}]",[],0.0000,0,2026-06-06 04:49:14.116271+00:00
1663,000070,2025-07-18,52930,17.6600,"[{'name': '兴业银行股份有限公司-圆信永丰多策略精选混合型证券投资基金', 'rank': 10, 'ratio': 0.64, 'change': '新进', 'shares': 3990000}, {'name': '广州市昊盟计算机科技有限公司', 'rank': 10, 'ratio': 0.29, 'change': '新进', 'shares': 2487102}, {'name': '香港中央结算有限公司', 'rank': 10, 'ratio': 0.4, 'change': '', 'shares': 3256474}, {'name': '百年人寿保险股份有限公司-百年人寿-传统保险产品', 'rank': 10, 'ratio': 0.55, 'change': '新进', 'shares': 3424744}, {'name': '中国银行股份有限公司-华夏中证5G通信主题交易型开放式指数证券投资基金', 'rank': 10, 'ratio': 0.46, 'change': '新进', 'shares': 3771660}, {'name': '中国通广电子公司', 'rank': 10, 'ratio': 0.55, 'change': '', 'shares': 3420000}, {'name': '华夏成长证券投资基金', 'rank': 10, 'ratio': 0.86, 'change': '新进', 'shares': 2696170}, {'name': '交通银行股份有限公司-博时新兴成长混合型证券投资基金', 'rank': 10, 'ratio': 0.36, 'change': '新进', 'shares': 2999920}, {'name': '中国工商银行股份有限公司-国泰中证全指通信设备交易型开放式指数证券投资基金', 'rank': 10, 'ratio': 0.32, 'change': '新进', 'shares': 2630600}, {'name': '基金天元', 'rank': 10, 'ratio': 0.333, 'change': '新进', 'shares': 831700}]",[],0.0000,0,2026-06-06 04:49:14.116271+00:00
1664,000070,2025-06-30,44987,1.0800,"[{'name': '兴业银行股份有限公司-圆信永丰多策略精选混合型证券投资基金', 'rank': 10, 'ratio': 0.64, 'change': '新进', 'shares': 3990000}, {'name': '广州市昊盟计算机科技有限公司', 'rank': 10, 'ratio': 0.29, 'change': '新进', 'shares': 2487102}, {'name': '香港中央结算有限公司', 'rank': 10, 'ratio': 0.4, 'change': '', 'shares': 3256474}, {'name': '百年人寿保险股份有限公司-百年人寿-传统保险产品', 'rank': 10, 'ratio': 0.55, 'change': '新进', 'shares': 3424744}, {'name': '中国银行股份有限公司-华夏中证5G通信主题交易型开放式指数证券投资基金', 'rank': 10, 'ratio': 0.46, 'change': '新进', 'shares': 3771660}, {'name': '中国通广电子公司', 'rank': 10, 'ratio': 0.55, 'change': '', 'shares': 3420000}, {'name': '华夏成长证券投资基金', 'rank': 10, 'ratio': 0.86, 'change': '新进', 'shares': 2696170}, {'name': '交通银行股份有限公司-博时新兴成长混合型证券投资基金', 'rank': 10, 'ratio': 0.36, 'change': '新进', 'shares': 2999920}, {'name': '中国工商银行股份有限公司-国泰中证全指通信设备交易型开放式指数证券投资基金', 'rank': 10, 'ratio': 0.32, 'change': '新进', 'shares': 2630600}, {'name': '基金天元', 'rank': 10, 'ratio': 0.333, 'change': '新进', 'shares': 831700}]",[],0.0000,0,2026-06-06 04:49:14.116271+00:00
1665,000070,2025-06-20,44505,0.9900,"[{'name': '兴业银行股份有限公司-圆信永丰多策略精选混合型证券投资基金', 'rank': 10, 'ratio': 0.64, 'change': '新进', 'shares': 3990000}, {'name': '广州市昊盟计算机科技有限公司', 'rank': 10, 'ratio': 0.29, 'change': '新进', 'shares': 2487102}, {'name': '香港中央结算有限公司', 'rank': 10, 'ratio': 0.4, 'change': '', 'shares': 3256474}, {'name': '百年人寿保险股份有限公司-百年人寿-传统保险产品', 'rank': 10, 'ratio': 0.55, 'change': '新进', 'shares': 3424744}, {'name': '中国银行股份有限公司-华夏中证5G通信主题交易型开放式指数证券投资基金', 'rank': 10, 'ratio': 0.46, 'change': '新进', 'shares': 3771660}, {'name': '中国通广电子公司', 'rank': 10, 'ratio': 0.55, 'change': '', 'shares': 3420000}, {'name': '华夏成长证券投资基金', 'rank': 10, 'ratio': 0.86, 'change': '新进', 'shares': 2696170}, {'name': '交通银行股份有限公司-博时新兴成长混合型证券投资基金', 'rank': 10, 'ratio': 0.36, 'change': '新进', 'shares': 2999920}, {'name': '中国工商银行股份有限公司-国泰中证全指通信设备交易型开放式指数证券投资基金', 'rank': 10, 'ratio': 0.32, 'change': '新进', 'shares': 2630600}, {'name': '基金天元', 'rank': 10, 'ratio': 0.333, 'change': '新进', 'shares': 831700}]",[],0.0000,0,2026-06-06 04:49:14.116271+00:00
1666,000070,2025-05-30,44069,-1.8200,"[{'name': '兴业银行股份有限公司-圆信永丰多策略精选混合型证券投资基金', 'rank': 10, 'ratio': 0.64, 'change': '新进', 'shares': 3990000}, {'name': '广州市昊盟计算机科技有限公司', 'rank': 10, 'ratio': 0.29, 'change': '新进', 'shares': 2487102}, {'name': '香港中央结算有限公司', 'rank': 10, 'ratio': 0.4, 'change': '', 'shares': 3256474}, {'name': '百年人寿保险股份有限公司-百年人寿-传统保险产品', 'rank': 10, 'ratio': 0.55, 'change': '新进', 'shares': 3424744}, {'name': '中国银行股份有限公司-华夏中证5G通信主题交易型开放式指数证券投资基金', 'rank': 10, 'ratio': 0.46, 'change': '新进', 'shares': 3771660}, {'name': '中国通广电子公司', 'rank': 10, 'ratio': 0.55, 'change': '', 'shares': 3420000}, {'name': '华夏成长证券投资基金', 'rank': 10, 'ratio': 0.86, 'change': '新进', 'shares': 2696170}, {'name': '交通银行股份有限公司-博时新兴成长混合型证券投资基金', 'rank': 10, 'ratio': 0.36, 'change': '新进', 'shares': 2999920}, {'name': '中国工商银行股份有限公司-国泰中证全指通信设备交易型开放式指数证券投资基金', 'rank': 10, 'ratio': 0.32, 'change': '新进', 'shares': 2630600}, {'name': '基金天元', 'rank': 10, 'ratio': 0.333, 'change': '新进', 'shares': 831700}]",[],0.0000,0,2026-06-06 04:49:14.116271+00:00
1667,000070,2025-05-20,44885,-1.6500,"[{'name': '兴业银行股份有限公司-圆信永丰多策略精选混合型证券投资基金', 'rank': 10, 'ratio': 0.64, 'change': '新进', 'shares': 3990000}, {'name': '广州市昊盟计算机科技有限公司', 'rank': 10, 'ratio': 0.29, 'change': '新进', 'shares': 2487102}, {'name': '香港中央结算有限公司', 'rank': 10, 'ratio': 0.4, 'change': '', 'shares': 3256474}, {'name': '百年人寿保险股份有限公司-百年人寿-传统保险产品', 'rank': 10, 'ratio': 0.55, 'change': '新进', 'shares': 3424744}, {'name': '中国银行股份有限公司-华夏中证5G通信主题交易型开放式指数证券投资基金', 'rank': 10, 'ratio': 0.46, 'change': '新进', 'shares': 3771660}, {'name': '中国通广电子公司', 'rank': 10, 'ratio': 0.55, 'change': '', 'shares': 3420000}, {'name': '华夏成长证券投资基金', 'rank': 10, 'ratio': 0.86, 'change': '新进', 'shares': 2696170}, {'name': '交通银行股份有限公司-博时新兴成长混合型证券投资基金', 'rank': 10, 'ratio': 0.36, 'change': '新进', 'shares': 2999920}, {'name': '中国工商银行股份有限公司-国泰中证全指通信设备交易型开放式指数证券投资基金', 'rank': 10, 'ratio': 0.32, 'change': '新进', 'shares': 2630600}, {'name': '基金天元', 'rank': 10, 'ratio': 0.333, 'change': '新进', 'shares': 831700}]",[],0.0000,0,2026-06-06 04:49:14.116271+00:00
1668,000070,2025-05-09,45637,-0.3800,"[{'name': '兴业银行股份有限公司-圆信永丰多策略精选混合型证券投资基金', 'rank': 10, 'ratio': 0.64, 'change': '新进', 'shares': 3990000}, {'name': '广州市昊盟计算机科技有限公司', 'rank': 10, 'ratio': 0.29, 'change': '新进', 'shares': 2487102}, {'name': '香港中央结算有限公司', 'rank': 10, 'ratio': 0.4, 'change': '', 'shares': 3256474}, {'name': '百年人寿保险股份有限公司-百年人寿-传统保险产品', 'rank': 10, 'ratio': 0.55, 'change': '新进', 'shares': 3424744}, {'name': '中国银行股份有限公司-华夏中证5G通信主题交易型开放式指数证券投资基金', 'rank': 10, 'ratio': 0.46, 'change': '新进', 'shares': 3771660}, {'name': '中国通广电子公司', 'rank': 10, 'ratio': 0.55, 'change': '', 'shares': 3420000}, {'name': '华夏成长证券投资基金', 'rank': 10, 'ratio': 0.86, 'change': '新进', 'shares': 2696170}, {'name': '交通银行股份有限公司-博时新兴成长混合型证券投资基金', 'rank': 10, 'ratio': 0.36, 'change': '新进', 'shares': 2999920}, {'name': '中国工商银行股份有限公司-国泰中证全指通信设备交易型开放式指数证券投资基金', 'rank': 10, 'ratio': 0.32, 'change': '新进', 'shares': 2630600}, {'name': '基金天元', 'rank': 10, 'ratio': 0.333, 'change': '新进', 'shares': 831700}]",[],0.0000,0,2026-06-06 04:49:14.116271+00:00
1669,000070,2025-04-30,45810,0.0000,"[{'name': '兴业银行股份有限公司-圆信永丰多策略精选混合型证券投资基金', 'rank': 10, 'ratio': 0.64, 'change': '新进', 'shares': 3990000}, {'name': '广州市昊盟计算机科技有限公司', 'rank': 10, 'ratio': 0.29, 'change': '新进', 'shares': 2487102}, {'name': '香港中央结算有限公司', 'rank': 10, 'ratio': 0.4, 'change': '', 'shares': 3256474}, {'name': '百年人寿保险股份有限公司-百年人寿-传统保险产品', 'rank': 10, 'ratio': 0.55, 'change': '新进', 'shares': 3424744}, {'name': '中国银行股份有限公司-华夏中证5G通信主题交易型开放式指数证券投资基金', 'rank': 10, 'ratio': 0.46, 'change': '新进', 'shares': 3771660}, {'name': '中国通广电子公司', 'rank': 10, 'ratio': 0.55, 'change': '', 'shares': 3420000}, {'name': '华夏成长证券投资基金', 'rank': 10, 'ratio': 0.86, 'change': '新进', 'shares': 2696170}, {'name': '交通银行股份有限公司-博时新兴成长混合型证券投资基金', 'rank': 10, 'ratio': 0.36, 'change': '新进', 'shares': 2999920}, {'name': '中国工商银行股份有限公司-国泰中证全指通信设备交易型开放式指数证券投资基金', 'rank': 10, 'ratio': 0.32, 'change': '新进', 'shares': 2630600}, {'name': '基金天元', 'rank': 10, 'ratio': 0.333, 'change': '新进', 'shares': 831700}]",[],0.0000,0,2026-06-06 04:49:14.116271+00:00
1670,000078,2026-03-31,185069,5.4800,"[{'name': '中国农业银行股份有限公司-中证500交易型开放式指数证券投资基金', 'rank': 10, 'ratio': 0.27, 'change': '加仓', 'shares': 7175175}, {'name': '云南华一投资集团股份有限公司', 'rank': 10, 'ratio': 0.3, 'change': '新进', 'shares': 655000}, {'name': '中国农业银行股份有限公司-中证500交易型开放式指数证券投资基金', 'rank': 10, 'ratio': 0.25, 'change': '新进', 'shares': 6717375}, {'name': '交通银行股份有限公司-诺安研究精选股票型证券投资基金', 'rank': 10, 'ratio': 0.5, 'change': '新进', 'shares': 3772760}, {'name': '中国农业银行股份有限公司-中证500交易型开放式指数证券投资基金', 'rank': 10, 'ratio': 0.26, 'change': '', 'shares': 6816775}, {'name': '交通银行股份有限公司-工银瑞信养老产业股票型证券投资基金', 'rank': 10, 'ratio': 0.31, 'change': '新进', 'shares': 8296145}, {'name': '华润深国投信托有限公司-锐进3期博道目标缓冲集合资金信托计划', 'rank': 10, 'ratio': 0.48, 'change': '新进', 'shares': 3640943}, {'name': '泰康人寿保险有限责任公司-传统-普通保险产品-019L-CT001深', 'rank': 10, 'ratio': 0.26, 'change': '', 'shares': 6992808}, {'name': '中国农业银行股份有限公司-中证500交易型开放式指数证券投资基金', 'rank': 10, 'ratio': 0.25, 'change': '加仓', 'shares': 6501975}, {'name': '中国建设银行-嘉实中证500交易型开放式指数证券投资基金', 'rank': 10, 'ratio': 0.11, 'change': '新进', 'shares': 796704}]",[],0.0000,0,2026-06-06 04:49:14.116271+00:00
1671,000078,2025-12-31,175448,41.2600,"[{'name': '中国农业银行股份有限公司-中证500交易型开放式指数证券投资基金', 'rank': 10, 'ratio': 0.27, 'change': '加仓', 'shares': 7175175}, {'name': '云南华一投资集团股份有限公司', 'rank': 10, 'ratio': 0.3, 'change': '新进', 'shares': 655000}, {'name': '中国农业银行股份有限公司-中证500交易型开放式指数证券投资基金', 'rank': 10, 'ratio': 0.25, 'change': '新进', 'shares': 6717375}, {'name': '交通银行股份有限公司-诺安研究精选股票型证券投资基金', 'rank': 10, 'ratio': 0.5, 'change': '新进', 'shares': 3772760}, {'name': '中国农业银行股份有限公司-中证500交易型开放式指数证券投资基金', 'rank': 10, 'ratio': 0.26, 'change': '', 'shares': 6816775}, {'name': '交通银行股份有限公司-工银瑞信养老产业股票型证券投资基金', 'rank': 10, 'ratio': 0.31, 'change': '新进', 'shares': 8296145}, {'name': '华润深国投信托有限公司-锐进3期博道目标缓冲集合资金信托计划', 'rank': 10, 'ratio': 0.48, 'change': '新进', 'shares': 3640943}, {'name': '泰康人寿保险有限责任公司-传统-普通保险产品-019L-CT001深', 'rank': 10, 'ratio': 0.26, 'change': '', 'shares': 6992808}, {'name': '中国农业银行股份有限公司-中证500交易型开放式指数证券投资基金', 'rank': 10, 'ratio': 0.25, 'change': '加仓', 'shares': 6501975}, {'name': '中国建设银行-嘉实中证500交易型开放式指数证券投资基金', 'rank': 10, 'ratio': 0.11, 'change': '新进', 'shares': 796704}]",[],0.0000,0,2026-06-06 04:49:14.116271+00:00
1672,000078,2025-09-30,124206,-1.1000,"[{'name': '中国农业银行股份有限公司-中证500交易型开放式指数证券投资基金', 'rank': 10, 'ratio': 0.27, 'change': '加仓', 'shares': 7175175}, {'name': '云南华一投资集团股份有限公司', 'rank': 10, 'ratio': 0.3, 'change': '新进', 'shares': 655000}, {'name': '中国农业银行股份有限公司-中证500交易型开放式指数证券投资基金', 'rank': 10, 'ratio': 0.25, 'change': '新进', 'shares': 6717375}, {'name': '交通银行股份有限公司-诺安研究精选股票型证券投资基金', 'rank': 10, 'ratio': 0.5, 'change': '新进', 'shares': 3772760}, {'name': '中国农业银行股份有限公司-中证500交易型开放式指数证券投资基金', 'rank': 10, 'ratio': 0.26, 'change': '', 'shares': 6816775}, {'name': '交通银行股份有限公司-工银瑞信养老产业股票型证券投资基金', 'rank': 10, 'ratio': 0.31, 'change': '新进', 'shares': 8296145}, {'name': '华润深国投信托有限公司-锐进3期博道目标缓冲集合资金信托计划', 'rank': 10, 'ratio': 0.48, 'change': '新进', 'shares': 3640943}, {'name': '泰康人寿保险有限责任公司-传统-普通保险产品-019L-CT001深', 'rank': 10, 'ratio': 0.26, 'change': '', 'shares': 6992808}, {'name': '中国农业银行股份有限公司-中证500交易型开放式指数证券投资基金', 'rank': 10, 'ratio': 0.25, 'change': '加仓', 'shares': 6501975}, {'name': '中国建设银行-嘉实中证500交易型开放式指数证券投资基金', 'rank': 10, 'ratio': 0.11, 'change': '新进', 'shares': 796704}]",[],0.0000,0,2026-06-06 04:49:14.116271+00:00
1673,000078,2025-06-30,125586,-1.0300,"[{'name': '中国农业银行股份有限公司-中证500交易型开放式指数证券投资基金', 'rank': 10, 'ratio': 0.27, 'change': '加仓', 'shares': 7175175}, {'name': '云南华一投资集团股份有限公司', 'rank': 10, 'ratio': 0.3, 'change': '新进', 'shares': 655000}, {'name': '中国农业银行股份有限公司-中证500交易型开放式指数证券投资基金', 'rank': 10, 'ratio': 0.25, 'change': '新进', 'shares': 6717375}, {'name': '交通银行股份有限公司-诺安研究精选股票型证券投资基金', 'rank': 10, 'ratio': 0.5, 'change': '新进', 'shares': 3772760}, {'name': '中国农业银行股份有限公司-中证500交易型开放式指数证券投资基金', 'rank': 10, 'ratio': 0.26, 'change': '', 'shares': 6816775}, {'name': '交通银行股份有限公司-工银瑞信养老产业股票型证券投资基金', 'rank': 10, 'ratio': 0.31, 'change': '新进', 'shares': 8296145}, {'name': '华润深国投信托有限公司-锐进3期博道目标缓冲集合资金信托计划', 'rank': 10, 'ratio': 0.48, 'change': '新进', 'shares': 3640943}, {'name': '泰康人寿保险有限责任公司-传统-普通保险产品-019L-CT001深', 'rank': 10, 'ratio': 0.26, 'change': '', 'shares': 6992808}, {'name': '中国农业银行股份有限公司-中证500交易型开放式指数证券投资基金', 'rank': 10, 'ratio': 0.25, 'change': '加仓', 'shares': 6501975}, {'name': '中国建设银行-嘉实中证500交易型开放式指数证券投资基金', 'rank': 10, 'ratio': 0.11, 'change': '新进', 'shares': 796704}]",[],0.0000,0,2026-06-06 04:49:14.116271+00:00
1674,000078,2025-03-31,126898,-2.1900,"[{'name': '中国农业银行股份有限公司-中证500交易型开放式指数证券投资基金', 'rank': 10, 'ratio': 0.27, 'change': '加仓', 'shares': 7175175}, {'name': '云南华一投资集团股份有限公司', 'rank': 10, 'ratio': 0.3, 'change': '新进', 'shares': 655000}, {'name': '中国农业银行股份有限公司-中证500交易型开放式指数证券投资基金', 'rank': 10, 'ratio': 0.25, 'change': '新进', 'shares': 6717375}, {'name': '交通银行股份有限公司-诺安研究精选股票型证券投资基金', 'rank': 10, 'ratio': 0.5, 'change': '新进', 'shares': 3772760}, {'name': '中国农业银行股份有限公司-中证500交易型开放式指数证券投资基金', 'rank': 10, 'ratio': 0.26, 'change': '', 'shares': 6816775}, {'name': '交通银行股份有限公司-工银瑞信养老产业股票型证券投资基金', 'rank': 10, 'ratio': 0.31, 'change': '新进', 'shares': 8296145}, {'name': '华润深国投信托有限公司-锐进3期博道目标缓冲集合资金信托计划', 'rank': 10, 'ratio': 0.48, 'change': '新进', 'shares': 3640943}, {'name': '泰康人寿保险有限责任公司-传统-普通保险产品-019L-CT001深', 'rank': 10, 'ratio': 0.26, 'change': '', 'shares': 6992808}, {'name': '中国农业银行股份有限公司-中证500交易型开放式指数证券投资基金', 'rank': 10, 'ratio': 0.25, 'change': '加仓', 'shares': 6501975}, {'name': '中国建设银行-嘉实中证500交易型开放式指数证券投资基金', 'rank': 10, 'ratio': 0.11, 'change': '新进', 'shares': 796704}]",[],0.0000,0,2026-06-06 04:49:14.116271+00:00
1675,000078,2024-12-31,129733,-1.3900,"[{'name': '中国农业银行股份有限公司-中证500交易型开放式指数证券投资基金', 'rank': 10, 'ratio': 0.27, 'change': '加仓', 'shares': 7175175}, {'name': '云南华一投资集团股份有限公司', 'rank': 10, 'ratio': 0.3, 'change': '新进', 'shares': 655000}, {'name': '中国农业银行股份有限公司-中证500交易型开放式指数证券投资基金', 'rank': 10, 'ratio': 0.25, 'change': '新进', 'shares': 6717375}, {'name': '交通银行股份有限公司-诺安研究精选股票型证券投资基金', 'rank': 10, 'ratio': 0.5, 'change': '新进', 'shares': 3772760}, {'name': '中国农业银行股份有限公司-中证500交易型开放式指数证券投资基金', 'rank': 10, 'ratio': 0.26, 'change': '', 'shares': 6816775}, {'name': '交通银行股份有限公司-工银瑞信养老产业股票型证券投资基金', 'rank': 10, 'ratio': 0.31, 'change': '新进', 'shares': 8296145}, {'name': '华润深国投信托有限公司-锐进3期博道目标缓冲集合资金信托计划', 'rank': 10, 'ratio': 0.48, 'change': '新进', 'shares': 3640943}, {'name': '泰康人寿保险有限责任公司-传统-普通保险产品-019L-CT001深', 'rank': 10, 'ratio': 0.26, 'change': '', 'shares': 6992808}, {'name': '中国农业银行股份有限公司-中证500交易型开放式指数证券投资基金', 'rank': 10, 'ratio': 0.25, 'change': '加仓', 'shares': 6501975}, {'name': '中国建设银行-嘉实中证500交易型开放式指数证券投资基金', 'rank': 10, 'ratio': 0.11, 'change': '新进', 'shares': 796704}]",[],0.0000,0,2026-06-06 04:49:14.116271+00:00
1676,000078,2024-09-30,131564,-1.6600,"[{'name': '中国农业银行股份有限公司-中证500交易型开放式指数证券投资基金', 'rank': 10, 'ratio': 0.27, 'change': '加仓', 'shares': 7175175}, {'name': '云南华一投资集团股份有限公司', 'rank': 10, 'ratio': 0.3, 'change': '新进', 'shares': 655000}, {'name': '中国农业银行股份有限公司-中证500交易型开放式指数证券投资基金', 'rank': 10, 'ratio': 0.25, 'change': '新进', 'shares': 6717375}, {'name': '交通银行股份有限公司-诺安研究精选股票型证券投资基金', 'rank': 10, 'ratio': 0.5, 'change': '新进', 'shares': 3772760}, {'name': '中国农业银行股份有限公司-中证500交易型开放式指数证券投资基金', 'rank': 10, 'ratio': 0.26, 'change': '', 'shares': 6816775}, {'name': '交通银行股份有限公司-工银瑞信养老产业股票型证券投资基金', 'rank': 10, 'ratio': 0.31, 'change': '新进', 'shares': 8296145}, {'name': '华润深国投信托有限公司-锐进3期博道目标缓冲集合资金信托计划', 'rank': 10, 'ratio': 0.48, 'change': '新进', 'shares': 3640943}, {'name': '泰康人寿保险有限责任公司-传统-普通保险产品-019L-CT001深', 'rank': 10, 'ratio': 0.26, 'change': '', 'shares': 6992808}, {'name': '中国农业银行股份有限公司-中证500交易型开放式指数证券投资基金', 'rank': 10, 'ratio': 0.25, 'change': '加仓', 'shares': 6501975}, {'name': '中国建设银行-嘉实中证500交易型开放式指数证券投资基金', 'rank': 10, 'ratio': 0.11, 'change': '新进', 'shares': 796704}]",[],0.0000,0,2026-06-06 04:49:14.116271+00:00
1677,000078,2024-06-30,133779,-3.3800,"[{'name': '中国农业银行股份有限公司-中证500交易型开放式指数证券投资基金', 'rank': 10, 'ratio': 0.27, 'change': '加仓', 'shares': 7175175}, {'name': '云南华一投资集团股份有限公司', 'rank': 10, 'ratio': 0.3, 'change': '新进', 'shares': 655000}, {'name': '中国农业银行股份有限公司-中证500交易型开放式指数证券投资基金', 'rank': 10, 'ratio': 0.25, 'change': '新进', 'shares': 6717375}, {'name': '交通银行股份有限公司-诺安研究精选股票型证券投资基金', 'rank': 10, 'ratio': 0.5, 'change': '新进', 'shares': 3772760}, {'name': '中国农业银行股份有限公司-中证500交易型开放式指数证券投资基金', 'rank': 10, 'ratio': 0.26, 'change': '', 'shares': 6816775}, {'name': '交通银行股份有限公司-工银瑞信养老产业股票型证券投资基金', 'rank': 10, 'ratio': 0.31, 'change': '新进', 'shares': 8296145}, {'name': '华润深国投信托有限公司-锐进3期博道目标缓冲集合资金信托计划', 'rank': 10, 'ratio': 0.48, 'change': '新进', 'shares': 3640943}, {'name': '泰康人寿保险有限责任公司-传统-普通保险产品-019L-CT001深', 'rank': 10, 'ratio': 0.26, 'change': '', 'shares': 6992808}, {'name': '中国农业银行股份有限公司-中证500交易型开放式指数证券投资基金', 'rank': 10, 'ratio': 0.25, 'change': '加仓', 'shares': 6501975}, {'name': '中国建设银行-嘉实中证500交易型开放式指数证券投资基金', 'rank': 10, 'ratio': 0.11, 'change': '新进', 'shares': 796704}]",[],0.0000,0,2026-06-06 04:49:14.116271+00:00
1678,000078,2024-03-31,138465,-1.1800,"[{'name': '中国农业银行股份有限公司-中证500交易型开放式指数证券投资基金', 'rank': 10, 'ratio': 0.27, 'change': '加仓', 'shares': 7175175}, {'name': '云南华一投资集团股份有限公司', 'rank': 10, 'ratio': 0.3, 'change': '新进', 'shares': 655000}, {'name': '中国农业银行股份有限公司-中证500交易型开放式指数证券投资基金', 'rank': 10, 'ratio': 0.25, 'change': '新进', 'shares': 6717375}, {'name': '交通银行股份有限公司-诺安研究精选股票型证券投资基金', 'rank': 10, 'ratio': 0.5, 'change': '新进', 'shares': 3772760}, {'name': '中国农业银行股份有限公司-中证500交易型开放式指数证券投资基金', 'rank': 10, 'ratio': 0.26, 'change': '', 'shares': 6816775}, {'name': '交通银行股份有限公司-工银瑞信养老产业股票型证券投资基金', 'rank': 10, 'ratio': 0.31, 'change': '新进', 'shares': 8296145}, {'name': '华润深国投信托有限公司-锐进3期博道目标缓冲集合资金信托计划', 'rank': 10, 'ratio': 0.48, 'change': '新进', 'shares': 3640943}, {'name': '泰康人寿保险有限责任公司-传统-普通保险产品-019L-CT001深', 'rank': 10, 'ratio': 0.26, 'change': '', 'shares': 6992808}, {'name': '中国农业银行股份有限公司-中证500交易型开放式指数证券投资基金', 'rank': 10, 'ratio': 0.25, 'change': '加仓', 'shares': 6501975}, {'name': '中国建设银行-嘉实中证500交易型开放式指数证券投资基金', 'rank': 10, 'ratio': 0.11, 'change': '新进', 'shares': 796704}]",[],0.0000,0,2026-06-06 04:49:14.116271+00:00
1679,000078,2023-12-31,140122,0.0000,"[{'name': '中国农业银行股份有限公司-中证500交易型开放式指数证券投资基金', 'rank': 10, 'ratio': 0.27, 'change': '加仓', 'shares': 7175175}, {'name': '云南华一投资集团股份有限公司', 'rank': 10, 'ratio': 0.3, 'change': '新进', 'shares': 655000}, {'name': '中国农业银行股份有限公司-中证500交易型开放式指数证券投资基金', 'rank': 10, 'ratio': 0.25, 'change': '新进', 'shares': 6717375}, {'name': '交通银行股份有限公司-诺安研究精选股票型证券投资基金', 'rank': 10, 'ratio': 0.5, 'change': '新进', 'shares': 3772760}, {'name': '中国农业银行股份有限公司-中证500交易型开放式指数证券投资基金', 'rank': 10, 'ratio': 0.26, 'change': '', 'shares': 6816775}, {'name': '交通银行股份有限公司-工银瑞信养老产业股票型证券投资基金', 'rank': 10, 'ratio': 0.31, 'change': '新进', 'shares': 8296145}, {'name': '华润深国投信托有限公司-锐进3期博道目标缓冲集合资金信托计划', 'rank': 10, 'ratio': 0.48, 'change': '新进', 'shares': 3640943}, {'name': '泰康人寿保险有限责任公司-传统-普通保险产品-019L-CT001深', 'rank': 10, 'ratio': 0.26, 'change': '', 'shares': 6992808}, {'name': '中国农业银行股份有限公司-中证500交易型开放式指数证券投资基金', 'rank': 10, 'ratio': 0.25, 'change': '加仓', 'shares': 6501975}, {'name': '中国建设银行-嘉实中证500交易型开放式指数证券投资基金', 'rank': 10, 'ratio': 0.11, 'change': '新进', 'shares': 796704}]",[],0.0000,0,2026-06-06 04:49:14.116271+00:00
1680,000088,2026-03-31,62617,-7.1600,"[{'name': '久嘉证券投资基金', 'rank': 11, 'ratio': 0.5078, 'change': '新进', 'shares': 2970580}, {'name': '工银瑞信基金-农业银行-工银瑞信中证金融资产管理计划', 'rank': 10, 'ratio': 0.82, 'change': '新进', 'shares': 18482396}, {'name': '广发基金-农业银行-广发中证金融资产管理计划', 'rank': 10, 'ratio': 0.93, 'change': '', 'shares': 18092100}, {'name': '广发基金-农业银行-广发中证金融资产管理计划', 'rank': 10, 'ratio': 0.93, 'change': '', 'shares': 18092100}, {'name': '嘉实基金-农业银行-嘉实中证金融资产管理计划', 'rank': 10, 'ratio': 0.37, 'change': '', 'shares': 19216095}, {'name': '华夏基金-农业银行-华夏中证金融资产管理计划', 'rank': 10, 'ratio': 0.84, 'change': '新进', 'shares': 18909862}, {'name': '工银瑞信基金-农业银行-工银瑞信中证金融资产管理计划', 'rank': 10, 'ratio': 0.77, 'change': '', 'shares': 17266196}, {'name': '银丰证券投资基金', 'rank': 10, 'ratio': 0.716, 'change': '', 'shares': 4457522}, {'name': '广发基金-农业银行-广发中证金融资产管理计划', 'rank': 10, 'ratio': 0.93, 'change': '', 'shares': 18092100}, {'name': '广发基金-农业银行-广发中证金融资产管理计划', 'rank': 10, 'ratio': 0.93, 'change': '', 'shares': 18092100}]",[],0.0000,0,2026-06-06 04:49:14.116271+00:00
1681,000088,2025-12-31,67445,-6.0100,"[{'name': '久嘉证券投资基金', 'rank': 11, 'ratio': 0.5078, 'change': '新进', 'shares': 2970580}, {'name': '工银瑞信基金-农业银行-工银瑞信中证金融资产管理计划', 'rank': 10, 'ratio': 0.82, 'change': '新进', 'shares': 18482396}, {'name': '广发基金-农业银行-广发中证金融资产管理计划', 'rank': 10, 'ratio': 0.93, 'change': '', 'shares': 18092100}, {'name': '广发基金-农业银行-广发中证金融资产管理计划', 'rank': 10, 'ratio': 0.93, 'change': '', 'shares': 18092100}, {'name': '嘉实基金-农业银行-嘉实中证金融资产管理计划', 'rank': 10, 'ratio': 0.37, 'change': '', 'shares': 19216095}, {'name': '华夏基金-农业银行-华夏中证金融资产管理计划', 'rank': 10, 'ratio': 0.84, 'change': '新进', 'shares': 18909862}, {'name': '工银瑞信基金-农业银行-工银瑞信中证金融资产管理计划', 'rank': 10, 'ratio': 0.77, 'change': '', 'shares': 17266196}, {'name': '银丰证券投资基金', 'rank': 10, 'ratio': 0.716, 'change': '', 'shares': 4457522}, {'name': '广发基金-农业银行-广发中证金融资产管理计划', 'rank': 10, 'ratio': 0.93, 'change': '', 'shares': 18092100}, {'name': '广发基金-农业银行-广发中证金融资产管理计划', 'rank': 10, 'ratio': 0.93, 'change': '', 'shares': 18092100}]",[],0.0000,0,2026-06-06 04:49:14.116271+00:00
1682,000088,2025-09-30,71754,10.4200,"[{'name': '久嘉证券投资基金', 'rank': 11, 'ratio': 0.5078, 'change': '新进', 'shares': 2970580}, {'name': '工银瑞信基金-农业银行-工银瑞信中证金融资产管理计划', 'rank': 10, 'ratio': 0.82, 'change': '新进', 'shares': 18482396}, {'name': '广发基金-农业银行-广发中证金融资产管理计划', 'rank': 10, 'ratio': 0.93, 'change': '', 'shares': 18092100}, {'name': '广发基金-农业银行-广发中证金融资产管理计划', 'rank': 10, 'ratio': 0.93, 'change': '', 'shares': 18092100}, {'name': '嘉实基金-农业银行-嘉实中证金融资产管理计划', 'rank': 10, 'ratio': 0.37, 'change': '', 'shares': 19216095}, {'name': '华夏基金-农业银行-华夏中证金融资产管理计划', 'rank': 10, 'ratio': 0.84, 'change': '新进', 'shares': 18909862}, {'name': '工银瑞信基金-农业银行-工银瑞信中证金融资产管理计划', 'rank': 10, 'ratio': 0.77, 'change': '', 'shares': 17266196}, {'name': '银丰证券投资基金', 'rank': 10, 'ratio': 0.716, 'change': '', 'shares': 4457522}, {'name': '广发基金-农业银行-广发中证金融资产管理计划', 'rank': 10, 'ratio': 0.93, 'change': '', 'shares': 18092100}, {'name': '广发基金-农业银行-广发中证金融资产管理计划', 'rank': 10, 'ratio': 0.93, 'change': '', 'shares': 18092100}]",[],0.0000,0,2026-06-06 04:49:14.116271+00:00
1683,000088,2025-06-30,64982,14.0900,"[{'name': '久嘉证券投资基金', 'rank': 11, 'ratio': 0.5078, 'change': '新进', 'shares': 2970580}, {'name': '工银瑞信基金-农业银行-工银瑞信中证金融资产管理计划', 'rank': 10, 'ratio': 0.82, 'change': '新进', 'shares': 18482396}, {'name': '广发基金-农业银行-广发中证金融资产管理计划', 'rank': 10, 'ratio': 0.93, 'change': '', 'shares': 18092100}, {'name': '广发基金-农业银行-广发中证金融资产管理计划', 'rank': 10, 'ratio': 0.93, 'change': '', 'shares': 18092100}, {'name': '嘉实基金-农业银行-嘉实中证金融资产管理计划', 'rank': 10, 'ratio': 0.37, 'change': '', 'shares': 19216095}, {'name': '华夏基金-农业银行-华夏中证金融资产管理计划', 'rank': 10, 'ratio': 0.84, 'change': '新进', 'shares': 18909862}, {'name': '工银瑞信基金-农业银行-工银瑞信中证金融资产管理计划', 'rank': 10, 'ratio': 0.77, 'change': '', 'shares': 17266196}, {'name': '银丰证券投资基金', 'rank': 10, 'ratio': 0.716, 'change': '', 'shares': 4457522}, {'name': '广发基金-农业银行-广发中证金融资产管理计划', 'rank': 10, 'ratio': 0.93, 'change': '', 'shares': 18092100}, {'name': '广发基金-农业银行-广发中证金融资产管理计划', 'rank': 10, 'ratio': 0.93, 'change': '', 'shares': 18092100}]",[],0.0000,0,2026-06-06 04:49:14.116271+00:00
1684,000088,2025-03-31,56956,0.7300,"[{'name': '久嘉证券投资基金', 'rank': 11, 'ratio': 0.5078, 'change': '新进', 'shares': 2970580}, {'name': '工银瑞信基金-农业银行-工银瑞信中证金融资产管理计划', 'rank': 10, 'ratio': 0.82, 'change': '新进', 'shares': 18482396}, {'name': '广发基金-农业银行-广发中证金融资产管理计划', 'rank': 10, 'ratio': 0.93, 'change': '', 'shares': 18092100}, {'name': '广发基金-农业银行-广发中证金融资产管理计划', 'rank': 10, 'ratio': 0.93, 'change': '', 'shares': 18092100}, {'name': '嘉实基金-农业银行-嘉实中证金融资产管理计划', 'rank': 10, 'ratio': 0.37, 'change': '', 'shares': 19216095}, {'name': '华夏基金-农业银行-华夏中证金融资产管理计划', 'rank': 10, 'ratio': 0.84, 'change': '新进', 'shares': 18909862}, {'name': '工银瑞信基金-农业银行-工银瑞信中证金融资产管理计划', 'rank': 10, 'ratio': 0.77, 'change': '', 'shares': 17266196}, {'name': '银丰证券投资基金', 'rank': 10, 'ratio': 0.716, 'change': '', 'shares': 4457522}, {'name': '广发基金-农业银行-广发中证金融资产管理计划', 'rank': 10, 'ratio': 0.93, 'change': '', 'shares': 18092100}, {'name': '广发基金-农业银行-广发中证金融资产管理计划', 'rank': 10, 'ratio': 0.93, 'change': '', 'shares': 18092100}]",[],0.0000,0,2026-06-06 04:49:14.116271+00:00
1685,000088,2024-12-31,56546,1.2800,"[{'name': '久嘉证券投资基金', 'rank': 11, 'ratio': 0.5078, 'change': '新进', 'shares': 2970580}, {'name': '工银瑞信基金-农业银行-工银瑞信中证金融资产管理计划', 'rank': 10, 'ratio': 0.82, 'change': '新进', 'shares': 18482396}, {'name': '广发基金-农业银行-广发中证金融资产管理计划', 'rank': 10, 'ratio': 0.93, 'change': '', 'shares': 18092100}, {'name': '广发基金-农业银行-广发中证金融资产管理计划', 'rank': 10, 'ratio': 0.93, 'change': '', 'shares': 18092100}, {'name': '嘉实基金-农业银行-嘉实中证金融资产管理计划', 'rank': 10, 'ratio': 0.37, 'change': '', 'shares': 19216095}, {'name': '华夏基金-农业银行-华夏中证金融资产管理计划', 'rank': 10, 'ratio': 0.84, 'change': '新进', 'shares': 18909862}, {'name': '工银瑞信基金-农业银行-工银瑞信中证金融资产管理计划', 'rank': 10, 'ratio': 0.77, 'change': '', 'shares': 17266196}, {'name': '银丰证券投资基金', 'rank': 10, 'ratio': 0.716, 'change': '', 'shares': 4457522}, {'name': '广发基金-农业银行-广发中证金融资产管理计划', 'rank': 10, 'ratio': 0.93, 'change': '', 'shares': 18092100}, {'name': '广发基金-农业银行-广发中证金融资产管理计划', 'rank': 10, 'ratio': 0.93, 'change': '', 'shares': 18092100}]",[],0.0000,0,2026-06-06 04:49:14.116271+00:00
1686,000088,2024-09-30,55833,-1.8500,"[{'name': '久嘉证券投资基金', 'rank': 11, 'ratio': 0.5078, 'change': '新进', 'shares': 2970580}, {'name': '工银瑞信基金-农业银行-工银瑞信中证金融资产管理计划', 'rank': 10, 'ratio': 0.82, 'change': '新进', 'shares': 18482396}, {'name': '广发基金-农业银行-广发中证金融资产管理计划', 'rank': 10, 'ratio': 0.93, 'change': '', 'shares': 18092100}, {'name': '广发基金-农业银行-广发中证金融资产管理计划', 'rank': 10, 'ratio': 0.93, 'change': '', 'shares': 18092100}, {'name': '嘉实基金-农业银行-嘉实中证金融资产管理计划', 'rank': 10, 'ratio': 0.37, 'change': '', 'shares': 19216095}, {'name': '华夏基金-农业银行-华夏中证金融资产管理计划', 'rank': 10, 'ratio': 0.84, 'change': '新进', 'shares': 18909862}, {'name': '工银瑞信基金-农业银行-工银瑞信中证金融资产管理计划', 'rank': 10, 'ratio': 0.77, 'change': '', 'shares': 17266196}, {'name': '银丰证券投资基金', 'rank': 10, 'ratio': 0.716, 'change': '', 'shares': 4457522}, {'name': '广发基金-农业银行-广发中证金融资产管理计划', 'rank': 10, 'ratio': 0.93, 'change': '', 'shares': 18092100}, {'name': '广发基金-农业银行-广发中证金融资产管理计划', 'rank': 10, 'ratio': 0.93, 'change': '', 'shares': 18092100}]",[],0.0000,0,2026-06-06 04:49:14.116271+00:00
1687,000088,2024-06-30,56886,-2.2800,"[{'name': '久嘉证券投资基金', 'rank': 11, 'ratio': 0.5078, 'change': '新进', 'shares': 2970580}, {'name': '工银瑞信基金-农业银行-工银瑞信中证金融资产管理计划', 'rank': 10, 'ratio': 0.82, 'change': '新进', 'shares': 18482396}, {'name': '广发基金-农业银行-广发中证金融资产管理计划', 'rank': 10, 'ratio': 0.93, 'change': '', 'shares': 18092100}, {'name': '广发基金-农业银行-广发中证金融资产管理计划', 'rank': 10, 'ratio': 0.93, 'change': '', 'shares': 18092100}, {'name': '嘉实基金-农业银行-嘉实中证金融资产管理计划', 'rank': 10, 'ratio': 0.37, 'change': '', 'shares': 19216095}, {'name': '华夏基金-农业银行-华夏中证金融资产管理计划', 'rank': 10, 'ratio': 0.84, 'change': '新进', 'shares': 18909862}, {'name': '工银瑞信基金-农业银行-工银瑞信中证金融资产管理计划', 'rank': 10, 'ratio': 0.77, 'change': '', 'shares': 17266196}, {'name': '银丰证券投资基金', 'rank': 10, 'ratio': 0.716, 'change': '', 'shares': 4457522}, {'name': '广发基金-农业银行-广发中证金融资产管理计划', 'rank': 10, 'ratio': 0.93, 'change': '', 'shares': 18092100}, {'name': '广发基金-农业银行-广发中证金融资产管理计划', 'rank': 10, 'ratio': 0.93, 'change': '', 'shares': 18092100}]",[],0.0000,0,2026-06-06 04:49:14.116271+00:00
1688,000088,2024-03-31,58216,0.4800,"[{'name': '久嘉证券投资基金', 'rank': 11, 'ratio': 0.5078, 'change': '新进', 'shares': 2970580}, {'name': '工银瑞信基金-农业银行-工银瑞信中证金融资产管理计划', 'rank': 10, 'ratio': 0.82, 'change': '新进', 'shares': 18482396}, {'name': '广发基金-农业银行-广发中证金融资产管理计划', 'rank': 10, 'ratio': 0.93, 'change': '', 'shares': 18092100}, {'name': '广发基金-农业银行-广发中证金融资产管理计划', 'rank': 10, 'ratio': 0.93, 'change': '', 'shares': 18092100}, {'name': '嘉实基金-农业银行-嘉实中证金融资产管理计划', 'rank': 10, 'ratio': 0.37, 'change': '', 'shares': 19216095}, {'name': '华夏基金-农业银行-华夏中证金融资产管理计划', 'rank': 10, 'ratio': 0.84, 'change': '新进', 'shares': 18909862}, {'name': '工银瑞信基金-农业银行-工银瑞信中证金融资产管理计划', 'rank': 10, 'ratio': 0.77, 'change': '', 'shares': 17266196}, {'name': '银丰证券投资基金', 'rank': 10, 'ratio': 0.716, 'change': '', 'shares': 4457522}, {'name': '广发基金-农业银行-广发中证金融资产管理计划', 'rank': 10, 'ratio': 0.93, 'change': '', 'shares': 18092100}, {'name': '广发基金-农业银行-广发中证金融资产管理计划', 'rank': 10, 'ratio': 0.93, 'change': '', 'shares': 18092100}]",[],0.0000,0,2026-06-06 04:49:14.116271+00:00
1689,000088,2023-12-31,57936,0.0000,"[{'name': '久嘉证券投资基金', 'rank': 11, 'ratio': 0.5078, 'change': '新进', 'shares': 2970580}, {'name': '工银瑞信基金-农业银行-工银瑞信中证金融资产管理计划', 'rank': 10, 'ratio': 0.82, 'change': '新进', 'shares': 18482396}, {'name': '广发基金-农业银行-广发中证金融资产管理计划', 'rank': 10, 'ratio': 0.93, 'change': '', 'shares': 18092100}, {'name': '广发基金-农业银行-广发中证金融资产管理计划', 'rank': 10, 'ratio': 0.93, 'change': '', 'shares': 18092100}, {'name': '嘉实基金-农业银行-嘉实中证金融资产管理计划', 'rank': 10, 'ratio': 0.37, 'change': '', 'shares': 19216095}, {'name': '华夏基金-农业银行-华夏中证金融资产管理计划', 'rank': 10, 'ratio': 0.84, 'change': '新进', 'shares': 18909862}, {'name': '工银瑞信基金-农业银行-工银瑞信中证金融资产管理计划', 'rank': 10, 'ratio': 0.77, 'change': '', 'shares': 17266196}, {'name': '银丰证券投资基金', 'rank': 10, 'ratio': 0.716, 'change': '', 'shares': 4457522}, {'name': '广发基金-农业银行-广发中证金融资产管理计划', 'rank': 10, 'ratio': 0.93, 'change': '', 'shares': 18092100}, {'name': '广发基金-农业银行-广发中证金融资产管理计划', 'rank': 10, 'ratio': 0.93, 'change': '', 'shares': 18092100}]",[],0.0000,0,2026-06-06 04:49:14.116271+00:00
1690,000089,2026-03-31,53780,-5.3100,"[{'name': '中国银行-嘉实沪深300 指数证券投资基金', 'rank': 10, 'ratio': 0.22, 'change': '新进', 'shares': 3754760}, {'name': '中国农业银行股份有限公司-中证500交易型开放式指数证券投资基金', 'rank': 10, 'ratio': 0.23, 'change': '新进', 'shares': 4722900}, {'name': '中国农业银行股份有限公司-中证500交易型开放式指数证券投资基金', 'rank': 10, 'ratio': 0.24, 'change': '加仓', 'shares': 4953000}, {'name': '基本养老保险基金一零零三组合', 'rank': 10, 'ratio': 0.27, 'change': '新进', 'shares': 5537100}, {'name': '中国建设银行股份有限公司-华夏行业龙头混合型证券投资基金', 'rank': 10, 'ratio': 0.36, 'change': '新进', 'shares': 7341899}, {'name': '中国石油天然气集团公司企业年金计划-中国工商银行股份有限公司', 'rank': 10, 'ratio': 0.4, 'change': '加仓', 'shares': 8267900}, {'name': '基本养老保险基金一二零一组合', 'rank': 10, 'ratio': 0.29, 'change': '', 'shares': 5868713}, {'name': '中国农业银行股份有限公司-中证500交易型开放式指数证券投资基金', 'rank': 10, 'ratio': 0.52, 'change': '新进', 'shares': 10614700}, {'name': '摩根士丹利投资管理公司-摩根士丹利中国A股基金', 'rank': 10, 'ratio': 0.25, 'change': '', 'shares': 5179100}, {'name': '深圳市中泰安投资有限公司', 'rank': 10, 'ratio': 0.26, 'change': '新进', 'shares': 5366901}]",[],0.0000,0,2026-06-06 04:49:14.116271+00:00
1691,000089,2025-12-31,56795,-1.9400,"[{'name': '中国银行-嘉实沪深300 指数证券投资基金', 'rank': 10, 'ratio': 0.22, 'change': '新进', 'shares': 3754760}, {'name': '中国农业银行股份有限公司-中证500交易型开放式指数证券投资基金', 'rank': 10, 'ratio': 0.23, 'change': '新进', 'shares': 4722900}, {'name': '中国农业银行股份有限公司-中证500交易型开放式指数证券投资基金', 'rank': 10, 'ratio': 0.24, 'change': '加仓', 'shares': 4953000}, {'name': '基本养老保险基金一零零三组合', 'rank': 10, 'ratio': 0.27, 'change': '新进', 'shares': 5537100}, {'name': '中国建设银行股份有限公司-华夏行业龙头混合型证券投资基金', 'rank': 10, 'ratio': 0.36, 'change': '新进', 'shares': 7341899}, {'name': '中国石油天然气集团公司企业年金计划-中国工商银行股份有限公司', 'rank': 10, 'ratio': 0.4, 'change': '加仓', 'shares': 8267900}, {'name': '基本养老保险基金一二零一组合', 'rank': 10, 'ratio': 0.29, 'change': '', 'shares': 5868713}, {'name': '中国农业银行股份有限公司-中证500交易型开放式指数证券投资基金', 'rank': 10, 'ratio': 0.52, 'change': '新进', 'shares': 10614700}, {'name': '摩根士丹利投资管理公司-摩根士丹利中国A股基金', 'rank': 10, 'ratio': 0.25, 'change': '', 'shares': 5179100}, {'name': '深圳市中泰安投资有限公司', 'rank': 10, 'ratio': 0.26, 'change': '新进', 'shares': 5366901}]",[],0.0000,0,2026-06-06 04:49:14.116271+00:00
1692,000089,2025-09-30,57917,-2.4000,"[{'name': '中国银行-嘉实沪深300 指数证券投资基金', 'rank': 10, 'ratio': 0.22, 'change': '新进', 'shares': 3754760}, {'name': '中国农业银行股份有限公司-中证500交易型开放式指数证券投资基金', 'rank': 10, 'ratio': 0.23, 'change': '新进', 'shares': 4722900}, {'name': '中国农业银行股份有限公司-中证500交易型开放式指数证券投资基金', 'rank': 10, 'ratio': 0.24, 'change': '加仓', 'shares': 4953000}, {'name': '基本养老保险基金一零零三组合', 'rank': 10, 'ratio': 0.27, 'change': '新进', 'shares': 5537100}, {'name': '中国建设银行股份有限公司-华夏行业龙头混合型证券投资基金', 'rank': 10, 'ratio': 0.36, 'change': '新进', 'shares': 7341899}, {'name': '中国石油天然气集团公司企业年金计划-中国工商银行股份有限公司', 'rank': 10, 'ratio': 0.4, 'change': '加仓', 'shares': 8267900}, {'name': '基本养老保险基金一二零一组合', 'rank': 10, 'ratio': 0.29, 'change': '', 'shares': 5868713}, {'name': '中国农业银行股份有限公司-中证500交易型开放式指数证券投资基金', 'rank': 10, 'ratio': 0.52, 'change': '新进', 'shares': 10614700}, {'name': '摩根士丹利投资管理公司-摩根士丹利中国A股基金', 'rank': 10, 'ratio': 0.25, 'change': '', 'shares': 5179100}, {'name': '深圳市中泰安投资有限公司', 'rank': 10, 'ratio': 0.26, 'change': '新进', 'shares': 5366901}]",[],0.0000,0,2026-06-06 04:49:14.116271+00:00
1693,000089,2025-06-30,59344,-7.6700,"[{'name': '中国银行-嘉实沪深300 指数证券投资基金', 'rank': 10, 'ratio': 0.22, 'change': '新进', 'shares': 3754760}, {'name': '中国农业银行股份有限公司-中证500交易型开放式指数证券投资基金', 'rank': 10, 'ratio': 0.23, 'change': '新进', 'shares': 4722900}, {'name': '中国农业银行股份有限公司-中证500交易型开放式指数证券投资基金', 'rank': 10, 'ratio': 0.24, 'change': '加仓', 'shares': 4953000}, {'name': '基本养老保险基金一零零三组合', 'rank': 10, 'ratio': 0.27, 'change': '新进', 'shares': 5537100}, {'name': '中国建设银行股份有限公司-华夏行业龙头混合型证券投资基金', 'rank': 10, 'ratio': 0.36, 'change': '新进', 'shares': 7341899}, {'name': '中国石油天然气集团公司企业年金计划-中国工商银行股份有限公司', 'rank': 10, 'ratio': 0.4, 'change': '加仓', 'shares': 8267900}, {'name': '基本养老保险基金一二零一组合', 'rank': 10, 'ratio': 0.29, 'change': '', 'shares': 5868713}, {'name': '中国农业银行股份有限公司-中证500交易型开放式指数证券投资基金', 'rank': 10, 'ratio': 0.52, 'change': '新进', 'shares': 10614700}, {'name': '摩根士丹利投资管理公司-摩根士丹利中国A股基金', 'rank': 10, 'ratio': 0.25, 'change': '', 'shares': 5179100}, {'name': '深圳市中泰安投资有限公司', 'rank': 10, 'ratio': 0.26, 'change': '新进', 'shares': 5366901}]",[],0.0000,0,2026-06-06 04:49:14.116271+00:00
1694,000089,2025-03-31,64276,-2.3100,"[{'name': '中国银行-嘉实沪深300 指数证券投资基金', 'rank': 10, 'ratio': 0.22, 'change': '新进', 'shares': 3754760}, {'name': '中国农业银行股份有限公司-中证500交易型开放式指数证券投资基金', 'rank': 10, 'ratio': 0.23, 'change': '新进', 'shares': 4722900}, {'name': '中国农业银行股份有限公司-中证500交易型开放式指数证券投资基金', 'rank': 10, 'ratio': 0.24, 'change': '加仓', 'shares': 4953000}, {'name': '基本养老保险基金一零零三组合', 'rank': 10, 'ratio': 0.27, 'change': '新进', 'shares': 5537100}, {'name': '中国建设银行股份有限公司-华夏行业龙头混合型证券投资基金', 'rank': 10, 'ratio': 0.36, 'change': '新进', 'shares': 7341899}, {'name': '中国石油天然气集团公司企业年金计划-中国工商银行股份有限公司', 'rank': 10, 'ratio': 0.4, 'change': '加仓', 'shares': 8267900}, {'name': '基本养老保险基金一二零一组合', 'rank': 10, 'ratio': 0.29, 'change': '', 'shares': 5868713}, {'name': '中国农业银行股份有限公司-中证500交易型开放式指数证券投资基金', 'rank': 10, 'ratio': 0.52, 'change': '新进', 'shares': 10614700}, {'name': '摩根士丹利投资管理公司-摩根士丹利中国A股基金', 'rank': 10, 'ratio': 0.25, 'change': '', 'shares': 5179100}, {'name': '深圳市中泰安投资有限公司', 'rank': 10, 'ratio': 0.26, 'change': '新进', 'shares': 5366901}]",[],0.0000,0,2026-06-06 04:49:14.116271+00:00
1695,000089,2024-12-31,65798,-5.3600,"[{'name': '中国银行-嘉实沪深300 指数证券投资基金', 'rank': 10, 'ratio': 0.22, 'change': '新进', 'shares': 3754760}, {'name': '中国农业银行股份有限公司-中证500交易型开放式指数证券投资基金', 'rank': 10, 'ratio': 0.23, 'change': '新进', 'shares': 4722900}, {'name': '中国农业银行股份有限公司-中证500交易型开放式指数证券投资基金', 'rank': 10, 'ratio': 0.24, 'change': '加仓', 'shares': 4953000}, {'name': '基本养老保险基金一零零三组合', 'rank': 10, 'ratio': 0.27, 'change': '新进', 'shares': 5537100}, {'name': '中国建设银行股份有限公司-华夏行业龙头混合型证券投资基金', 'rank': 10, 'ratio': 0.36, 'change': '新进', 'shares': 7341899}, {'name': '中国石油天然气集团公司企业年金计划-中国工商银行股份有限公司', 'rank': 10, 'ratio': 0.4, 'change': '加仓', 'shares': 8267900}, {'name': '基本养老保险基金一二零一组合', 'rank': 10, 'ratio': 0.29, 'change': '', 'shares': 5868713}, {'name': '中国农业银行股份有限公司-中证500交易型开放式指数证券投资基金', 'rank': 10, 'ratio': 0.52, 'change': '新进', 'shares': 10614700}, {'name': '摩根士丹利投资管理公司-摩根士丹利中国A股基金', 'rank': 10, 'ratio': 0.25, 'change': '', 'shares': 5179100}, {'name': '深圳市中泰安投资有限公司', 'rank': 10, 'ratio': 0.26, 'change': '新进', 'shares': 5366901}]",[],0.0000,0,2026-06-06 04:49:14.116271+00:00
1696,000089,2024-09-30,69527,0.9600,"[{'name': '中国银行-嘉实沪深300 指数证券投资基金', 'rank': 10, 'ratio': 0.22, 'change': '新进', 'shares': 3754760}, {'name': '中国农业银行股份有限公司-中证500交易型开放式指数证券投资基金', 'rank': 10, 'ratio': 0.23, 'change': '新进', 'shares': 4722900}, {'name': '中国农业银行股份有限公司-中证500交易型开放式指数证券投资基金', 'rank': 10, 'ratio': 0.24, 'change': '加仓', 'shares': 4953000}, {'name': '基本养老保险基金一零零三组合', 'rank': 10, 'ratio': 0.27, 'change': '新进', 'shares': 5537100}, {'name': '中国建设银行股份有限公司-华夏行业龙头混合型证券投资基金', 'rank': 10, 'ratio': 0.36, 'change': '新进', 'shares': 7341899}, {'name': '中国石油天然气集团公司企业年金计划-中国工商银行股份有限公司', 'rank': 10, 'ratio': 0.4, 'change': '加仓', 'shares': 8267900}, {'name': '基本养老保险基金一二零一组合', 'rank': 10, 'ratio': 0.29, 'change': '', 'shares': 5868713}, {'name': '中国农业银行股份有限公司-中证500交易型开放式指数证券投资基金', 'rank': 10, 'ratio': 0.52, 'change': '新进', 'shares': 10614700}, {'name': '摩根士丹利投资管理公司-摩根士丹利中国A股基金', 'rank': 10, 'ratio': 0.25, 'change': '', 'shares': 5179100}, {'name': '深圳市中泰安投资有限公司', 'rank': 10, 'ratio': 0.26, 'change': '新进', 'shares': 5366901}]",[],0.0000,0,2026-06-06 04:49:14.116271+00:00
1697,000089,2024-06-30,68864,-2.1900,"[{'name': '中国银行-嘉实沪深300 指数证券投资基金', 'rank': 10, 'ratio': 0.22, 'change': '新进', 'shares': 3754760}, {'name': '中国农业银行股份有限公司-中证500交易型开放式指数证券投资基金', 'rank': 10, 'ratio': 0.23, 'change': '新进', 'shares': 4722900}, {'name': '中国农业银行股份有限公司-中证500交易型开放式指数证券投资基金', 'rank': 10, 'ratio': 0.24, 'change': '加仓', 'shares': 4953000}, {'name': '基本养老保险基金一零零三组合', 'rank': 10, 'ratio': 0.27, 'change': '新进', 'shares': 5537100}, {'name': '中国建设银行股份有限公司-华夏行业龙头混合型证券投资基金', 'rank': 10, 'ratio': 0.36, 'change': '新进', 'shares': 7341899}, {'name': '中国石油天然气集团公司企业年金计划-中国工商银行股份有限公司', 'rank': 10, 'ratio': 0.4, 'change': '加仓', 'shares': 8267900}, {'name': '基本养老保险基金一二零一组合', 'rank': 10, 'ratio': 0.29, 'change': '', 'shares': 5868713}, {'name': '中国农业银行股份有限公司-中证500交易型开放式指数证券投资基金', 'rank': 10, 'ratio': 0.52, 'change': '新进', 'shares': 10614700}, {'name': '摩根士丹利投资管理公司-摩根士丹利中国A股基金', 'rank': 10, 'ratio': 0.25, 'change': '', 'shares': 5179100}, {'name': '深圳市中泰安投资有限公司', 'rank': 10, 'ratio': 0.26, 'change': '新进', 'shares': 5366901}]",[],0.0000,0,2026-06-06 04:49:14.116271+00:00
1698,000089,2024-03-31,70409,-0.0400,"[{'name': '中国银行-嘉实沪深300 指数证券投资基金', 'rank': 10, 'ratio': 0.22, 'change': '新进', 'shares': 3754760}, {'name': '中国农业银行股份有限公司-中证500交易型开放式指数证券投资基金', 'rank': 10, 'ratio': 0.23, 'change': '新进', 'shares': 4722900}, {'name': '中国农业银行股份有限公司-中证500交易型开放式指数证券投资基金', 'rank': 10, 'ratio': 0.24, 'change': '加仓', 'shares': 4953000}, {'name': '基本养老保险基金一零零三组合', 'rank': 10, 'ratio': 0.27, 'change': '新进', 'shares': 5537100}, {'name': '中国建设银行股份有限公司-华夏行业龙头混合型证券投资基金', 'rank': 10, 'ratio': 0.36, 'change': '新进', 'shares': 7341899}, {'name': '中国石油天然气集团公司企业年金计划-中国工商银行股份有限公司', 'rank': 10, 'ratio': 0.4, 'change': '加仓', 'shares': 8267900}, {'name': '基本养老保险基金一二零一组合', 'rank': 10, 'ratio': 0.29, 'change': '', 'shares': 5868713}, {'name': '中国农业银行股份有限公司-中证500交易型开放式指数证券投资基金', 'rank': 10, 'ratio': 0.52, 'change': '新进', 'shares': 10614700}, {'name': '摩根士丹利投资管理公司-摩根士丹利中国A股基金', 'rank': 10, 'ratio': 0.25, 'change': '', 'shares': 5179100}, {'name': '深圳市中泰安投资有限公司', 'rank': 10, 'ratio': 0.26, 'change': '新进', 'shares': 5366901}]",[],0.0000,0,2026-06-06 04:49:14.116271+00:00
1699,000089,2023-12-31,70437,0.0000,"[{'name': '中国银行-嘉实沪深300 指数证券投资基金', 'rank': 10, 'ratio': 0.22, 'change': '新进', 'shares': 3754760}, {'name': '中国农业银行股份有限公司-中证500交易型开放式指数证券投资基金', 'rank': 10, 'ratio': 0.23, 'change': '新进', 'shares': 4722900}, {'name': '中国农业银行股份有限公司-中证500交易型开放式指数证券投资基金', 'rank': 10, 'ratio': 0.24, 'change': '加仓', 'shares': 4953000}, {'name': '基本养老保险基金一零零三组合', 'rank': 10, 'ratio': 0.27, 'change': '新进', 'shares': 5537100}, {'name': '中国建设银行股份有限公司-华夏行业龙头混合型证券投资基金', 'rank': 10, 'ratio': 0.36, 'change': '新进', 'shares': 7341899}, {'name': '中国石油天然气集团公司企业年金计划-中国工商银行股份有限公司', 'rank': 10, 'ratio': 0.4, 'change': '加仓', 'shares': 8267900}, {'name': '基本养老保险基金一二零一组合', 'rank': 10, 'ratio': 0.29, 'change': '', 'shares': 5868713}, {'name': '中国农业银行股份有限公司-中证500交易型开放式指数证券投资基金', 'rank': 10, 'ratio': 0.52, 'change': '新进', 'shares': 10614700}, {'name': '摩根士丹利投资管理公司-摩根士丹利中国A股基金', 'rank': 10, 'ratio': 0.25, 'change': '', 'shares': 5179100}, {'name': '深圳市中泰安投资有限公司', 'rank': 10, 'ratio': 0.26, 'change': '新进', 'shares': 5366901}]",[],0.0000,0,2026-06-06 04:49:14.116271+00:00
1735,300197,2026-04-10,52614,-1.4700,"[{'name': '中国节能环保集团有限公司', 'rank': 1, 'ratio': 24.8, 'state': '', 'trend': '不变', 'change': '不变', 'shares': 735288625}, {'name': '钟革', 'rank': 2, 'ratio': 3.99, 'state': '', 'trend': '不变', 'change': '不变', 'shares': 118300000}, {'name': '深圳市投控资本有限公司-深圳投控共赢股权投资基金合伙企业(有限合伙)', 'rank': 3, 'ratio': 3.95, 'state': '', 'trend': '不变', 'change': '不变', 'shares': 117271500}, {'name': '深圳市投资控股有限公司', 'rank': 4, 'ratio': 3.84, 'state': '', 'trend': '不变', 'change': '不变', 'shares': 113975265}, {'name': '中节能资本控股有限公司', 'rank': 5, 'ratio': 2.5, 'state': '', 'trend': '不变', 'change': '不变', 'shares': 74088893}, {'name': '浙江朱雀投资管理有限公司', 'rank': 6, 'ratio': 0.94, 'state': '', 'trend': '不变', 'change': '不变', 'shares': 27760910}, {'name': '陈颖茵', 'rank': 7, 'ratio': 0.74, 'state': '', 'trend': '减持', 'change': '-1000000', 'shares': 22000050}, {'name': '刘水', 'rank': 8, 'ratio': 0.57, 'state': '', 'trend': '不变', 'change': '不变', 'shares': 17000000}, {'name': '陶钧', 'rank': 9, 'ratio': 0.39, 'state': '新进', 'trend': '新进', 'change': '新进', 'shares': 11600000}]","[{'name': '冯正洪', 'rank': 7, 'ratio': 0.82, 'state': '', 'trend': '退出', 'change': '-3584435', 'shares': 24357865}]",0.0000,56358,2026-06-06 05:05:38.580953+00:00
1736,300197,2026-03-31,53401,-0.3200,"[{'name': '中国节能环保集团有限公司', 'rank': 1, 'ratio': 24.8, 'state': '', 'trend': '不变', 'change': '不变', 'shares': 735288625}, {'name': '钟革', 'rank': 2, 'ratio': 3.99, 'state': '', 'trend': '不变', 'change': '不变', 'shares': 118300000}, {'name': '深圳市投控资本有限公司-深圳投控共赢股权投资基金合伙企业(有限合伙)', 'rank': 3, 'ratio': 3.95, 'state': '', 'trend': '不变', 'change': '不变', 'shares': 117271500}, {'name': '深圳市投资控股有限公司', 'rank': 4, 'ratio': 3.84, 'state': '', 'trend': '不变', 'change': '不变', 'shares': 113975265}, {'name': '中节能资本控股有限公司', 'rank': 5, 'ratio': 2.5, 'state': '', 'trend': '不变', 'change': '不变', 'shares': 74088893}, {'name': '浙江朱雀投资管理有限公司', 'rank': 6, 'ratio': 0.94, 'state': '', 'trend': '不变', 'change': '不变', 'shares': 27760910}, {'name': '陈颖茵', 'rank': 7, 'ratio': 0.74, 'state': '', 'trend': '减持', 'change': '-1000000', 'shares': 22000050}, {'name': '刘水', 'rank': 8, 'ratio': 0.57, 'state': '', 'trend': '不变', 'change': '不变', 'shares': 17000000}, {'name': '陶钧', 'rank': 9, 'ratio': 0.39, 'state': '新进', 'trend': '新进', 'change': '新进', 'shares': 11600000}]","[{'name': '冯正洪', 'rank': 7, 'ratio': 0.82, 'state': '', 'trend': '退出', 'change': '-3584435', 'shares': 24357865}]",0.0000,55527,2026-06-06 05:05:38.580953+00:00
1737,300197,2026-03-10,53575,-1.8400,[],[],0.0000,55347,2026-06-06 05:05:38.580953+00:00
1738,300197,2026-02-28,54577,4.7600,[],[],0.0000,54331,2026-06-06 05:05:38.580953+00:00
1739,300197,2026-02-13,52098,-0.5300,[],[],0.0000,56916,2026-06-06 05:05:38.580953+00:00
1740,300197,2026-02-10,52376,-0.2100,[],[],0.0000,56614,2026-06-06 05:05:38.580953+00:00
1741,300197,2026-01-31,52484,0.1800,[],[],0.0000,56497,2026-06-06 05:05:38.580953+00:00
1742,300197,2026-01-20,52390,-0.9300,[],[],0.0000,56599,2026-06-06 05:05:38.580953+00:00
1743,300197,2026-01-10,52880,0.5300,"[{'name': '中国节能环保集团有限公司', 'rank': 1, 'ratio': 24.8, 'state': '', 'trend': '不变', 'change': '不变', 'shares': 735288625}, {'name': '钟革', 'rank': 2, 'ratio': 3.99, 'state': '新进', 'trend': '新进', 'change': '新进', 'shares': 118300000}, {'name': '深圳市投控资本有限公司-深圳投控共赢股权投资基金合伙企业(有限合伙)', 'rank': 3, 'ratio': 3.95, 'state': '', 'trend': '新进', 'change': '不变', 'shares': 117271500}, {'name': '深圳市投资控股有限公司', 'rank': 4, 'ratio': 3.84, 'state': '', 'trend': '新进', 'change': '不变', 'shares': 113975265}, {'name': '中节能资本控股有限公司', 'rank': 5, 'ratio': 2.5, 'state': '', 'trend': '新进', 'change': '不变', 'shares': 74088893}, {'name': '浙江朱雀投资管理有限公司', 'rank': 6, 'ratio': 0.94, 'state': '', 'trend': '新进', 'change': '不变', 'shares': 27760910}, {'name': '冯正洪', 'rank': 7, 'ratio': 0.82, 'state': '', 'trend': '新进', 'change': '-3584435', 'shares': 24357865}, {'name': '陈颖茵', 'rank': 8, 'ratio': 0.78, 'state': '加仓', 'trend': '新进', 'change': '6000000', 'shares': 23000050}, {'name': '刘水', 'rank': 9, 'ratio': 0.57, 'state': '', 'trend': '新进', 'change': '-155920000', 'shares': 17000000}]",[],0.0000,56074,2026-06-06 05:05:38.580953+00:00
1744,300197,2025-12-31,52602,-1.0600,"[{'name': '中国节能环保集团有限公司', 'rank': 1, 'ratio': 24.8, 'state': '', 'trend': '不变', 'change': '不变', 'shares': 735288625}, {'name': '钟革', 'rank': 2, 'ratio': 3.99, 'state': '新进', 'trend': '新进', 'change': '新进', 'shares': 118300000}, {'name': '深圳市投控资本有限公司-深圳投控共赢股权投资基金合伙企业(有限合伙)', 'rank': 3, 'ratio': 3.95, 'state': '', 'trend': '新进', 'change': '不变', 'shares': 117271500}, {'name': '深圳市投资控股有限公司', 'rank': 4, 'ratio': 3.84, 'state': '', 'trend': '新进', 'change': '不变', 'shares': 113975265}, {'name': '中节能资本控股有限公司', 'rank': 5, 'ratio': 2.5, 'state': '', 'trend': '新进', 'change': '不变', 'shares': 74088893}, {'name': '浙江朱雀投资管理有限公司', 'rank': 6, 'ratio': 0.94, 'state': '', 'trend': '新进', 'change': '不变', 'shares': 27760910}, {'name': '冯正洪', 'rank': 7, 'ratio': 0.82, 'state': '', 'trend': '新进', 'change': '-3584435', 'shares': 24357865}, {'name': '陈颖茵', 'rank': 8, 'ratio': 0.78, 'state': '加仓', 'trend': '新进', 'change': '6000000', 'shares': 23000050}, {'name': '刘水', 'rank': 9, 'ratio': 0.57, 'state': '', 'trend': '新进', 'change': '-155920000', 'shares': 17000000}]",[],0.0000,56370,2026-06-06 05:05:38.580953+00:00
1745,300197,2025-12-20,53167,0.0000,[],[],0.0000,55771,2026-06-06 05:05:38.580953+00:00
1746,000725,2026-03-31,1000094,1.9000,"[{'name': '北京国有资本运营管理有限公司', 'rank': 1, 'ratio': 10.97, 'state': '', 'trend': '不变', 'change': '不变', 'shares': 4063333333}, {'name': '香港中央结算有限公司', 'rank': 2, 'ratio': 5.9, 'state': '', 'trend': '减持', 'change': '-572687366', 'shares': 2187370887}, {'name': '北京京东方投资发展有限公司', 'rank': 3, 'ratio': 2.22, 'state': '', 'trend': '不变', 'change': '不变', 'shares': 822092180}, {'name': '北京京国瑞国企改革发展基金(有限合伙)', 'rank': 4, 'ratio': 1.94, 'state': '', 'trend': '不变', 'change': '不变', 'shares': 718132854}, {'name': '福清市汇融创业投资集团有限公司', 'rank': 5, 'ratio': 1.45, 'state': '', 'trend': '不变', 'change': '不变', 'shares': 538599640}, {'name': '上海高毅资产管理合伙企业(有限合伙)-高毅晓峰2号致信基金', 'rank': 6, 'ratio': 0.91, 'state': '', 'trend': '减持', 'change': '-15000000', 'shares': 337000000}, {'name': '中国对外经济贸易信托有限公司-外贸信托-高毅晓峰鸿远集合资金信托计划', 'rank': 7, 'ratio': 0.83, 'state': '', 'trend': '减持', 'change': '-14000000', 'shares': 306988907}, {'name': '阿布达比投资局-自有资金', 'rank': 8, 'ratio': 0.82, 'state': '新进', 'trend': '新进', 'change': '新进', 'shares': 302843809}, {'name': '中国工商银行股份有限公司-华泰柏瑞沪深300交易型开放式指数证券投资基金', 'rank': 9, 'ratio': 0.8, 'state': '', 'trend': '减持', 'change': '-309785400', 'shares': 295514647}, {'name': '合肥建翔投资有限公司', 'rank': 10, 'ratio': 0.79, 'state': '新进', 'trend': '新进', 'change': '新进', 'shares': 292056967}]","[{'name': '中国建设银行股份有限公司-易方达沪深300交易型开放式指数发起式证券投资基金', 'rank': 7, 'ratio': 1.16, 'state': '', 'trend': '退出', 'change': '-19371500', 'shares': 432588523}, {'name': '中国工商银行股份有限公司-华夏沪深300交易型开放式指数证券投资基金', 'rank': 9, 'ratio': 0.88, 'state': '', 'trend': '退出', 'change': '-7150400', 'shares': 330121300}]",0.0000,37031,2026-06-06 05:34:29.682205+00:00
1747,000725,2026-03-20,981480,-1.4400,[],[],0.0000,37733,2026-06-06 05:34:29.682205+00:00
1748,000725,2025-12-31,995792,-4.7900,"[{'name': '北京国有资本运营管理有限公司', 'rank': 1, 'ratio': 10.86, 'state': '', 'trend': '不变', 'change': '不变', 'shares': 4063333333}, {'name': '香港中央结算有限公司', 'rank': 2, 'ratio': 7.38, 'state': '加仓', 'trend': '增持', 'change': '55262688', 'shares': 2760058253}, {'name': '北京京东方投资发展有限公司', 'rank': 3, 'ratio': 2.2, 'state': '', 'trend': '不变', 'change': '不变', 'shares': 822092180}, {'name': '北京京国瑞国企改革发展基金(有限合伙)', 'rank': 4, 'ratio': 1.92, 'state': '', 'trend': '不变', 'change': '不变', 'shares': 718132854}, {'name': '中国工商银行股份有限公司-华泰柏瑞沪深300交易型开放式指数证券投资基金', 'rank': 5, 'ratio': 1.62, 'state': '', 'trend': '减持', 'change': '-20733100', 'shares': 605300047}, {'name': '福清市汇融创业投资集团有限公司', 'rank': 6, 'ratio': 1.44, 'state': '', 'trend': '不变', 'change': '不变', 'shares': 538599640}, {'name': '中国建设银行股份有限公司-易方达沪深300交易型开放式指数发起式证券投资基金', 'rank': 7, 'ratio': 1.16, 'state': '', 'trend': '减持', 'change': '-19371500', 'shares': 432588523}, {'name': '上海高毅资产管理合伙企业(有限合伙)-高毅晓峰2号致信基金', 'rank': 8, 'ratio': 0.94, 'state': '', 'trend': '不变', 'change': '不变', 'shares': 352000000}, {'name': '中国工商银行股份有限公司-华夏沪深300交易型开放式指数证券投资基金', 'rank': 9, 'ratio': 0.88, 'state': '', 'trend': '减持', 'change': '-7150400', 'shares': 330121300}, {'name': '中国对外经济贸易信托有限公司-外贸信托-高毅晓峰鸿远集合资金信托计划', 'rank': 10, 'ratio': 0.86, 'state': '新进', 'trend': '新进', 'change': '新进', 'shares': 320988907}]","[{'name': '合肥建翔投资有限公司', 'rank': 5, 'ratio': 1.78, 'state': '', 'trend': '退出', 'change': '不变', 'shares': 666195772}]",0.0000,37562,2026-06-06 05:34:29.682205+00:00
1749,000725,2025-09-30,1045898,-4.3600,"[{'name': '北京国有资本运营管理有限公司', 'rank': 1, 'ratio': 10.86, 'state': '', 'trend': '不变', 'change': '不变', 'shares': 4063333333}, {'name': '香港中央结算有限公司', 'rank': 2, 'ratio': 7.23, 'state': '加仓', 'trend': '增持', 'change': '658148462', 'shares': 2704795565}, {'name': '北京京东方投资发展有限公司', 'rank': 3, 'ratio': 2.2, 'state': '', 'trend': '不变', 'change': '不变', 'shares': 822092180}, {'name': '北京京国瑞国企改革发展基金(有限合伙)', 'rank': 4, 'ratio': 1.92, 'state': '', 'trend': '不变', 'change': '不变', 'shares': 718132854}, {'name': '合肥建翔投资有限公司', 'rank': 5, 'ratio': 1.78, 'state': '', 'trend': '不变', 'change': '不变', 'shares': 666195772}, {'name': '中国工商银行股份有限公司-华泰柏瑞沪深300交易型开放式指数证券投资基金', 'rank': 6, 'ratio': 1.67, 'state': '', 'trend': '减持', 'change': '-27639900', 'shares': 626033147}, {'name': '福清市汇融创业投资集团有限公司', 'rank': 7, 'ratio': 1.44, 'state': '', 'trend': '不变', 'change': '不变', 'shares': 538599640}, {'name': '中国建设银行股份有限公司-易方达沪深300交易型开放式指数发起式证券投资基金', 'rank': 8, 'ratio': 1.21, 'state': '', 'trend': '减持', 'change': '-14429100', 'shares': 451960023}, {'name': '上海高毅资产管理合伙企业(有限合伙)-高毅晓峰2号致信基金', 'rank': 9, 'ratio': 0.94, 'state': '', 'trend': '不变', 'change': '不变', 'shares': 352000000}, {'name': '中国工商银行股份有限公司-华夏沪深300交易型开放式指数证券投资基金', 'rank': 10, 'ratio': 0.9, 'state': '新进', 'trend': '新进', 'change': '新进', 'shares': 337271700}]","[{'name': '阿布达比投资局', 'rank': 9, 'ratio': 0.98, 'state': '加仓', 'trend': '退出', 'change': '4611400', 'shares': 367889420}]",0.0000,35757,2026-06-06 05:34:29.682205+00:00
1750,000725,2025-06-30,1093543,1.1000,"[{'name': '北京国有资本运营管理有限公司', 'rank': 1, 'ratio': 10.86, 'state': '', 'trend': '不变', 'change': '不变', 'shares': 4063333333}, {'name': '香港中央结算有限公司', 'rank': 2, 'ratio': 5.47, 'state': '', 'trend': '减持', 'change': '-416248694', 'shares': 2046647103}, {'name': '北京京东方投资发展有限公司', 'rank': 3, 'ratio': 2.2, 'state': '', 'trend': '不变', 'change': '不变', 'shares': 822092180}, {'name': '北京京国瑞国企改革发展基金(有限合伙)', 'rank': 4, 'ratio': 1.92, 'state': '', 'trend': '不变', 'change': '不变', 'shares': 718132854}, {'name': '合肥建翔投资有限公司', 'rank': 5, 'ratio': 1.78, 'state': '', 'trend': '不变', 'change': '不变', 'shares': 666195772}, {'name': '中国工商银行股份有限公司-华泰柏瑞沪深300交易型开放式指数证券投资基金', 'rank': 6, 'ratio': 1.75, 'state': '', 'trend': '减持', 'change': '-25756100', 'shares': 653673047}, {'name': '福清市汇融创业投资集团有限公司', 'rank': 7, 'ratio': 1.44, 'state': '', 'trend': '不变', 'change': '不变', 'shares': 538599640}, {'name': '中国建设银行股份有限公司-易方达沪深300交易型开放式指数发起式证券投资基金', 'rank': 8, 'ratio': 1.25, 'state': '', 'trend': '减持', 'change': '-11768000', 'shares': 466389123}, {'name': '阿布达比投资局', 'rank': 9, 'ratio': 0.98, 'state': '加仓', 'trend': '新进', 'change': '4611400', 'shares': 367889420}, {'name': '上海高毅资产管理合伙企业(有限合伙)-高毅晓峰2号致信基金', 'rank': 10, 'ratio': 0.94, 'state': '', 'trend': '增持', 'change': '1000000', 'shares': 352000000}]","[{'name': '中国工商银行股份有限公司-华夏沪深300交易型开放式指数证券投资基金', 'rank': 9, 'ratio': 0.93, 'state': '', 'trend': '退出', 'change': '-3070600', 'shares': 351191200}]",0.0000,34199,2026-06-06 05:34:29.682205+00:00
1751,000725,2025-03-31,1081604,-7.1800,"[{'name': '北京国有资本运营管理有限公司', 'rank': 1, 'ratio': 10.79, 'state': '', 'trend': '不变', 'change': '不变', 'shares': 4063333333}, {'name': '香港中央结算有限公司', 'rank': 2, 'ratio': 8.32, 'state': '加仓', 'trend': '增持', 'change': '465949801', 'shares': 3132315686}, {'name': '北京京东方投资发展有限公司', 'rank': 3, 'ratio': 2.18, 'state': '', 'trend': '不变', 'change': '不变', 'shares': 822092180}, {'name': '北京京国瑞国企改革发展基金(有限合伙)', 'rank': 4, 'ratio': 1.91, 'state': '', 'trend': '不变', 'change': '不变', 'shares': 718132854}, {'name': '合肥建翔投资有限公司', 'rank': 5, 'ratio': 1.77, 'state': '', 'trend': '不变', 'change': '不变', 'shares': 666195772}, {'name': '中国工商银行股份有限公司-华泰柏瑞沪深300交易型开放式指数证券投资基金', 'rank': 6, 'ratio': 1.61, 'state': '', 'trend': '减持', 'change': '-33196000', 'shares': 604718147}, {'name': '福清市汇融创业投资集团有限公司', 'rank': 7, 'ratio': 1.43, 'state': '', 'trend': '不变', 'change': '不变', 'shares': 538599640}, {'name': '中国建设银行股份有限公司-易方达沪深300交易型开放式指数发起式证券投资基金', 'rank': 8, 'ratio': 1.12, 'state': '', 'trend': '减持', 'change': '-17413200', 'shares': 422661823}, {'name': '阿布达比投资局', 'rank': 9, 'ratio': 0.97, 'state': '加仓', 'trend': '增持', 'change': '12668700', 'shares': 366917620}, {'name': '上海高毅资产管理合伙企业(有限合伙)-高毅晓峰2号致信基金', 'rank': 10, 'ratio': 0.96, 'state': '加仓', 'trend': '增持', 'change': '12000000', 'shares': 361000000}]",[],0.0000,34711,2026-06-06 05:34:29.682205+00:00
1752,000725,2024-12-31,1165289,0.0600,"[{'name': '北京国有资本运营管理有限公司', 'rank': 1, 'ratio': 10.79, 'state': '', 'trend': '不变', 'change': '不变', 'shares': 4063333333}, {'name': '香港中央结算有限公司', 'rank': 2, 'ratio': 7.08, 'state': '', 'trend': '增持', 'change': '227533498', 'shares': 2666365885}, {'name': '北京京东方投资发展有限公司', 'rank': 3, 'ratio': 2.18, 'state': '', 'trend': '不变', 'change': '不变', 'shares': 822092180}, {'name': '北京京国瑞国企改革发展基金(有限合伙)', 'rank': 4, 'ratio': 1.91, 'state': '', 'trend': '不变', 'change': '不变', 'shares': 718132854}, {'name': '合肥建翔投资有限公司', 'rank': 5, 'ratio': 1.77, 'state': '', 'trend': '不变', 'change': '不变', 'shares': 666195772}, {'name': '中国工商银行股份有限公司-华泰柏瑞沪深300交易型开放式指数证券投资基金', 'rank': 6, 'ratio': 1.69, 'state': '', 'trend': '减持', 'change': '-57083600', 'shares': 637914147}, {'name': '福清市汇融创业投资集团有限公司', 'rank': 7, 'ratio': 1.43, 'state': '', 'trend': '不变', 'change': '不变', 'shares': 538599640}, {'name': '中国建设银行股份有限公司-易方达沪深300交易型开放式指数发起式证券投资基金', 'rank': 8, 'ratio': 1.17, 'state': '', 'trend': '减持', 'change': '-22031300', 'shares': 440075023}, {'name': '阿布达比投资局', 'rank': 9, 'ratio': 0.94, 'state': '', 'trend': '增持', 'change': '4460600', 'shares': 354248920}, {'name': '上海高毅资产管理合伙企业(有限合伙)-高毅晓峰2号致信基金', 'rank': 10, 'ratio': 0.93, 'state': '', 'trend': '新进', 'change': '-3999919', 'shares': 349000000}]","[{'name': '宁夏日盛高新产业股份有限公司', 'rank': 10, 'ratio': 0.88, 'state': '', 'trend': '退出', 'change': '不变', 'shares': 331487366}]",0.0000,32218,2026-06-06 05:34:29.682205+00:00
1758,001896,2026-03-31,170554,100.7900,"[{'name': '河南投资集团有限公司', 'rank': 1, 'ratio': 61.85, 'state': '', 'trend': '不变', 'change': '不变', 'shares': 943700684}, {'name': '香港中央结算有限公司', 'rank': 2, 'ratio': 1.03, 'state': '', 'trend': '减持', 'change': '-7371489', 'shares': 15672366}, {'name': '王秀英', 'rank': 3, 'ratio': 0.66, 'state': '加仓', 'trend': '增持', 'change': '7099700', 'shares': 10100300}, {'name': '葛贵莲', 'rank': 4, 'ratio': 0.53, 'state': '新进', 'trend': '新进', 'change': '新进', 'shares': 8064013}, {'name': '葛贵兰', 'rank': 5, 'ratio': 0.35, 'state': '新进', 'trend': '新进', 'change': '新进', 'shares': 5412700}, {'name': '中国建设银行股份有限公司-广发中证全指电力公用事业交易型开放式指数证券投资基金', 'rank': 6, 'ratio': 0.28, 'state': '新进', 'trend': '新进', 'change': '新进', 'shares': 4258807}, {'name': '樊虎', 'rank': 7, 'ratio': 0.27, 'state': '加仓', 'trend': '增持', 'change': '550000', 'shares': 4150000}, {'name': '张嘉仪', 'rank': 8, 'ratio': 0.27, 'state': '新进', 'trend': '新进', 'change': '新进', 'shares': 4100600}, {'name': '上海珏朔资产管理中心(有限合伙)-珏朔惊帆多策略一号私募证券投资基金', 'rank': 9, 'ratio': 0.26, 'state': '新进', 'trend': '新进', 'change': '新进', 'shares': 3985600}, {'name': 'UBS AG', 'rank': 10, 'ratio': 0.25, 'state': '新进', 'trend': '新进', 'change': '新进', 'shares': 3859997}]","[{'name': '陈光', 'rank': 3, 'ratio': 0.28, 'state': '加仓', 'trend': '退出', 'change': '148200', 'shares': 4301900}, {'name': '刘志红', 'rank': 5, 'ratio': 0.23, 'state': '加仓', 'trend': '退出', 'change': '376300', 'shares': 3518700}, {'name': '渤海银行股份有限公司-中欧价值精选混合型证券投资基金', 'rank': 6, 'ratio': 0.23, 'state': '新进', 'trend': '退出', 'change': '新进', 'shares': 3474200}, {'name': '肖爱培', 'rank': 7, 'ratio': 0.21, 'state': '', 'trend': '退出', 'change': '不变', 'shares': 3137800}, {'name': '秦晓义', 'rank': 8, 'ratio': 0.2, 'state': '新进', 'trend': '退出', 'change': '新进', 'shares': 3013100}, {'name': 'J.P.Morgan Securities PLC-自有资金', 'rank': 10, 'ratio': 0.18, 'state': '新进', 'trend': '退出', 'change': '新进', 'shares': 2707406}]",0.0000,8946,2026-06-06 06:00:18.619479+00:00
1759,001896,2026-02-28,84942,52.6000,[],[],0.0000,17962,2026-06-06 06:00:18.619479+00:00
1760,001896,2025-12-31,55662,-16.2100,"[{'name': '河南投资集团有限公司', 'rank': 1, 'ratio': 61.85, 'state': '', 'trend': '不变', 'change': '不变', 'shares': 943700684}, {'name': '香港中央结算有限公司', 'rank': 2, 'ratio': 1.51, 'state': '加仓', 'trend': '增持', 'change': '14100358', 'shares': 23043855}, {'name': '陈光', 'rank': 3, 'ratio': 0.28, 'state': '加仓', 'trend': '增持', 'change': '148200', 'shares': 4301900}, {'name': '樊虎', 'rank': 4, 'ratio': 0.24, 'state': '', 'trend': '不变', 'change': '不变', 'shares': 3600000}, {'name': '刘志红', 'rank': 5, 'ratio': 0.23, 'state': '加仓', 'trend': '增持', 'change': '376300', 'shares': 3518700}, {'name': '渤海银行股份有限公司-中欧价值精选混合型证券投资基金', 'rank': 6, 'ratio': 0.23, 'state': '新进', 'trend': '新进', 'change': '新进', 'shares': 3474200}, {'name': '肖爱培', 'rank': 7, 'ratio': 0.21, 'state': '', 'trend': '不变', 'change': '不变', 'shares': 3137800}, {'name': '秦晓义', 'rank': 8, 'ratio': 0.2, 'state': '新进', 'trend': '新进', 'change': '新进', 'shares': 3013100}, {'name': '王秀英', 'rank': 9, 'ratio': 0.2, 'state': '新进', 'trend': '新进', 'change': '新进', 'shares': 3000600}, {'name': 'J.P.Morgan Securities PLC-自有资金', 'rank': 10, 'ratio': 0.18, 'state': '新进', 'trend': '新进', 'change': '新进', 'shares': 2707406}]","[{'name': '中国建设银行股份有限公司-广发中证全指电力公用事业交易型开放式指数证券投资基金', 'rank': 7, 'ratio': 0.18, 'state': '加仓', 'trend': '退出', 'change': '174900', 'shares': 2720700}, {'name': '王道虎', 'rank': 8, 'ratio': 0.13, 'state': '新进', 'trend': '退出', 'change': '新进', 'shares': 1937800}, {'name': '刘正侠', 'rank': 9, 'ratio': 0.12, 'state': '新进', 'trend': '退出', 'change': '新进', 'shares': 1794500}, {'name': '朱美佳', 'rank': 10, 'ratio': 0.12, 'state': '', 'trend': '退出', 'change': '-1084700', 'shares': 1769067}]",0.0000,27411,2026-06-06 06:00:18.619479+00:00
1761,001896,2025-09-30,66428,9.7000,"[{'name': '河南投资集团有限公司', 'rank': 1, 'ratio': 61.85, 'state': '', 'trend': '不变', 'change': '不变', 'shares': 943700684}, {'name': '香港中央结算有限公司', 'rank': 2, 'ratio': 0.59, 'state': '加仓', 'trend': '增持', 'change': '743105', 'shares': 8943497}, {'name': '陈光', 'rank': 3, 'ratio': 0.27, 'state': '加仓', 'trend': '增持', 'change': '941400', 'shares': 4153700}, {'name': '樊虎', 'rank': 4, 'ratio': 0.24, 'state': '加仓', 'trend': '增持', 'change': '1000000', 'shares': 3600000}, {'name': '刘志红', 'rank': 5, 'ratio': 0.21, 'state': '新进', 'trend': '新进', 'change': '新进', 'shares': 3142400}, {'name': '肖爱培', 'rank': 6, 'ratio': 0.21, 'state': '新进', 'trend': '新进', 'change': '新进', 'shares': 3137800}, {'name': '中国建设银行股份有限公司-广发中证全指电力公用事业交易型开放式指数证券投资基金', 'rank': 7, 'ratio': 0.18, 'state': '加仓', 'trend': '增持', 'change': '174900', 'shares': 2720700}, {'name': '王道虎', 'rank': 8, 'ratio': 0.13, 'state': '新进', 'trend': '新进', 'change': '新进', 'shares': 1937800}, {'name': '刘正侠', 'rank': 9, 'ratio': 0.12, 'state': '新进', 'trend': '新进', 'change': '新进', 'shares': 1794500}, {'name': '朱美佳', 'rank': 10, 'ratio': 0.12, 'state': '', 'trend': '减持', 'change': '-1084700', 'shares': 1769067}]","[{'name': '严从华', 'rank': 3, 'ratio': 0.39, 'state': '', 'trend': '退出', 'change': '-1082800', 'shares': 5894157}, {'name': '张文胜', 'rank': 4, 'ratio': 0.36, 'state': '新进', 'trend': '退出', 'change': '新进', 'shares': 5545359}, {'name': '杨子辉', 'rank': 5, 'ratio': 0.27, 'state': '新进', 'trend': '退出', 'change': '新进', 'shares': 4180000}, {'name': 'MORGAN STANLEY&CO.INTERNATIONAL PLC.', 'rank': 6, 'ratio': 0.22, 'state': '新进', 'trend': '退出', 'change': '新进', 'shares': 3366443}]",0.0000,22968,2026-06-06 06:00:18.619479+00:00
1762,001896,2025-06-30,60553,-2.8500,"[{'name': '河南投资集团有限公司', 'rank': 1, 'ratio': 61.85, 'state': '', 'trend': '不变', 'change': '不变', 'shares': 943700684}, {'name': '香港中央结算有限公司', 'rank': 2, 'ratio': 0.54, 'state': '加仓', 'trend': '增持', 'change': '789676', 'shares': 8200392}, {'name': '严从华', 'rank': 3, 'ratio': 0.39, 'state': '', 'trend': '减持', 'change': '-1082800', 'shares': 5894157}, {'name': '张文胜', 'rank': 4, 'ratio': 0.36, 'state': '新进', 'trend': '新进', 'change': '新进', 'shares': 5545359}, {'name': '杨子辉', 'rank': 5, 'ratio': 0.27, 'state': '新进', 'trend': '新进', 'change': '新进', 'shares': 4180000}, {'name': 'MORGAN STANLEY&CO.INTERNATIONAL PLC.', 'rank': 6, 'ratio': 0.22, 'state': '新进', 'trend': '新进', 'change': '新进', 'shares': 3366443}, {'name': '陈光', 'rank': 7, 'ratio': 0.21, 'state': '新进', 'trend': '新进', 'change': '新进', 'shares': 3212300}, {'name': '朱美佳', 'rank': 8, 'ratio': 0.19, 'state': '', 'trend': '减持', 'change': '-481200', 'shares': 2853767}, {'name': '樊虎', 'rank': 9, 'ratio': 0.17, 'state': '', 'trend': '不变', 'change': '不变', 'shares': 2600000}, {'name': '中国建设银行股份有限公司-广发中证全指电力公用事业交易型开放式指数证券投资基金', 'rank': 10, 'ratio': 0.17, 'state': '', 'trend': '减持', 'change': '-347200', 'shares': 2545800}]","[{'name': '大连科融实业有限公司', 'rank': 3, 'ratio': 0.47, 'state': '加仓', 'trend': '退出', 'change': '530900', 'shares': 7125600}, {'name': '吴庆国', 'rank': 5, 'ratio': 0.31, 'state': '加仓', 'trend': '退出', 'change': '850000', 'shares': 4700000}, {'name': '李红峰', 'rank': 9, 'ratio': 0.16, 'state': '', 'trend': '退出', 'change': '102000', 'shares': 2470400}, {'name': '李智', 'rank': 10, 'ratio': 0.14, 'state': '新进', 'trend': '退出', 'change': '新进', 'shares': 2160000}]",0.0000,25197,2026-06-06 06:00:18.619479+00:00
1763,001896,2025-03-31,62332,-6.5000,"[{'name': '河南投资集团有限公司', 'rank': 1, 'ratio': 61.85, 'state': '', 'trend': '不变', 'change': '不变', 'shares': 943700684}, {'name': '香港中央结算有限公司', 'rank': 2, 'ratio': 0.49, 'state': '加仓', 'trend': '增持', 'change': '903763', 'shares': 7410716}, {'name': '大连科融实业有限公司', 'rank': 3, 'ratio': 0.47, 'state': '加仓', 'trend': '增持', 'change': '530900', 'shares': 7125600}, {'name': '严从华', 'rank': 4, 'ratio': 0.46, 'state': '', 'trend': '不变', 'change': '不变', 'shares': 6976957}, {'name': '吴庆国', 'rank': 5, 'ratio': 0.31, 'state': '加仓', 'trend': '增持', 'change': '850000', 'shares': 4700000}, {'name': '朱美佳', 'rank': 6, 'ratio': 0.22, 'state': '', 'trend': '增持', 'change': '50300', 'shares': 3334967}, {'name': '中国建设银行股份有限公司-广发中证全指电力公用事业交易型开放式指数证券投资基金', 'rank': 7, 'ratio': 0.19, 'state': '新进', 'trend': '新进', 'change': '新进', 'shares': 2893000}, {'name': '樊虎', 'rank': 8, 'ratio': 0.17, 'state': '', 'trend': '不变', 'change': '不变', 'shares': 2600000}, {'name': '李红峰', 'rank': 9, 'ratio': 0.16, 'state': '', 'trend': '增持', 'change': '102000', 'shares': 2470400}, {'name': '李智', 'rank': 10, 'ratio': 0.14, 'state': '新进', 'trend': '新进', 'change': '新进', 'shares': 2160000}]","[{'name': '鲍凌婕', 'rank': 9, 'ratio': 0.12, 'state': '', 'trend': '退出', 'change': '26300', 'shares': 1884900}, {'name': '夏新', 'rank': 10, 'ratio': 0.11, 'state': '新进', 'trend': '退出', 'change': '新进', 'shares': 1706300}]",0.0000,24478,2026-06-06 06:00:18.619479+00:00
1765,001896,2024-09-30,72653,-9.8400,"[{'name': '河南投资集团有限公司', 'rank': 1, 'ratio': 61.85, 'state': '', 'trend': '不变', 'change': '不变', 'shares': 943700684}, {'name': '香港中央结算有限公司', 'rank': 2, 'ratio': 0.68, 'state': '加仓', 'trend': '增持', 'change': '6195957', 'shares': 10365641}, {'name': '严从华', 'rank': 3, 'ratio': 0.61, 'state': '加仓', 'trend': '增持', 'change': '681200', 'shares': 9347557}, {'name': '朱美佳', 'rank': 4, 'ratio': 0.22, 'state': '加仓', 'trend': '增持', 'change': '410700', 'shares': 3288267}, {'name': '王晓冬', 'rank': 5, 'ratio': 0.15, 'state': '', 'trend': '不变', 'change': '不变', 'shares': 2272300}, {'name': '王荣烨', 'rank': 6, 'ratio': 0.13, 'state': '', 'trend': '不变', 'change': '不变', 'shares': 1944800}, {'name': '鲍凌婕', 'rank': 7, 'ratio': 0.12, 'state': '', 'trend': '不变', 'change': '不变', 'shares': 1858600}, {'name': 'MORGAN STANLEY & CO.INTERNATIONAL PLC.', 'rank': 8, 'ratio': 0.12, 'state': '新进', 'trend': '新进', 'change': '新进', 'shares': 1854738}, {'name': '张捷', 'rank': 9, 'ratio': 0.12, 'state': '', 'trend': '不变', 'change': '不变', 'shares': 1802800}, {'name': '李红峰', 'rank': 10, 'ratio': 0.12, 'state': '新进', 'trend': '新进', 'change': '新进', 'shares': 1800200}]","[{'name': '邹长铃', 'rank': 3, 'ratio': 0.41, 'state': '新进', 'trend': '退出', 'change': '新进', 'shares': 6283700}, {'name': '黄海军', 'rank': 8, 'ratio': 0.13, 'state': '新进', 'trend': '退出', 'change': '新进', 'shares': 1940000}]",0.0000,18179,2026-06-06 06:00:18.619479+00:00
1766,001896,2024-06-30,80585,-10.6300,"[{'name': '河南投资集团有限公司', 'rank': 1, 'ratio': 61.85, 'state': '', 'trend': '不变', 'change': '不变', 'shares': 943700684}, {'name': '严从华', 'rank': 2, 'ratio': 0.57, 'state': '加仓', 'trend': '增持', 'change': '2395400', 'shares': 8666357}, {'name': '邹长铃', 'rank': 3, 'ratio': 0.41, 'state': '新进', 'trend': '新进', 'change': '新进', 'shares': 6283700}, {'name': '香港中央结算有限公司', 'rank': 4, 'ratio': 0.27, 'state': '', 'trend': '减持', 'change': '-3419201', 'shares': 4169684}, {'name': '朱美佳', 'rank': 5, 'ratio': 0.19, 'state': '加仓', 'trend': '增持', 'change': '773300', 'shares': 2877567}, {'name': '王晓冬', 'rank': 6, 'ratio': 0.15, 'state': '', 'trend': '不变', 'change': '不变', 'shares': 2272300}, {'name': '王荣烨', 'rank': 7, 'ratio': 0.13, 'state': '加仓', 'trend': '增持', 'change': '71800', 'shares': 1944800}, {'name': '黄海军', 'rank': 8, 'ratio': 0.13, 'state': '新进', 'trend': '新进', 'change': '新进', 'shares': 1940000}, {'name': '鲍凌婕', 'rank': 9, 'ratio': 0.12, 'state': '加仓', 'trend': '增持', 'change': '218500', 'shares': 1858600}, {'name': '张捷', 'rank': 10, 'ratio': 0.12, 'state': '', 'trend': '减持', 'change': '-775700', 'shares': 1802800}]","[{'name': '招商银行股份有限公司-万家中证1000指数增强型发起式证券投资基金', 'rank': 8, 'ratio': 0.11, 'state': '新进', 'trend': '退出', 'change': '新进', 'shares': 1721200}, {'name': '夏新', 'rank': 9, 'ratio': 0.11, 'state': '新进', 'trend': '退出', 'change': '新进', 'shares': 1708800}]",0.0000,16389,2026-06-06 06:00:18.619479+00:00
1767,001896,2024-03-31,90168,25.9800,"[{'name': '河南投资集团有限公司', 'rank': 1, 'ratio': 61.85, 'state': '', 'trend': '不变', 'change': '不变', 'shares': 943700684}, {'name': '香港中央结算有限公司', 'rank': 2, 'ratio': 0.5, 'state': '', 'trend': '减持', 'change': '-2502363', 'shares': 7588885}, {'name': '严从华', 'rank': 3, 'ratio': 0.41, 'state': '', 'trend': '减持', 'change': '-2283802', 'shares': 6270957}, {'name': '张捷', 'rank': 4, 'ratio': 0.17, 'state': '新进', 'trend': '新进', 'change': '新进', 'shares': 2578500}, {'name': '王晓冬', 'rank': 5, 'ratio': 0.15, 'state': '新进', 'trend': '新进', 'change': '新进', 'shares': 2272300}, {'name': '朱美佳', 'rank': 6, 'ratio': 0.14, 'state': '', 'trend': '减持', 'change': '-363500', 'shares': 2104267}, {'name': '王荣烨', 'rank': 7, 'ratio': 0.12, 'state': '新进', 'trend': '新进', 'change': '新进', 'shares': 1873000}, {'name': '招商银行股份有限公司-万家中证1000指数增强型发起式证券投资基金', 'rank': 8, 'ratio': 0.11, 'state': '新进', 'trend': '新进', 'change': '新进', 'shares': 1721200}, {'name': '夏新', 'rank': 9, 'ratio': 0.11, 'state': '新进', 'trend': '新进', 'change': '新进', 'shares': 1708800}, {'name': '鲍凌婕', 'rank': 10, 'ratio': 0.11, 'state': '新进', 'trend': '新进', 'change': '新进', 'shares': 1640100}]","[{'name': '吴庆国', 'rank': 4, 'ratio': 0.22, 'state': '', 'trend': '退出', 'change': '不变', 'shares': 3300000}, {'name': '广发证券股份有限公司', 'rank': 5, 'ratio': 0.18, 'state': '新进', 'trend': '退出', 'change': '新进', 'shares': 2700014}, {'name': '中信证券股份有限公司', 'rank': 6, 'ratio': 0.17, 'state': '加仓', 'trend': '退出', 'change': '983020', 'shares': 2535230}, {'name': '华泰证券股份有限公司', 'rank': 8, 'ratio': 0.15, 'state': '新进', 'trend': '退出', 'change': '新进', 'shares': 2246177}, {'name': '李红峰', 'rank': 9, 'ratio': 0.13, 'state': '', 'trend': '退出', 'change': '2600', 'shares': 1998811}, {'name': '申万宏源证券有限公司', 'rank': 10, 'ratio': 0.13, 'state': '新进', 'trend': '退出', 'change': '新进', 'shares': 1949646}]",0.0000,14648,2026-06-06 06:00:18.619479+00:00
1768,001896,2023-12-31,71571,-5.9500,"[{'name': '河南投资集团有限公司', 'rank': 1, 'ratio': 61.85, 'state': '', 'trend': '不变', 'change': '不变', 'shares': 943700684}, {'name': '香港中央结算有限公司', 'rank': 2, 'ratio': 0.66, 'state': '加仓', 'trend': '增持', 'change': '2373339', 'shares': 10091248}, {'name': '严从华', 'rank': 3, 'ratio': 0.56, 'state': '加仓', 'trend': '增持', 'change': '520900', 'shares': 8554759}, {'name': '吴庆国', 'rank': 4, 'ratio': 0.22, 'state': '', 'trend': '不变', 'change': '不变', 'shares': 3300000}, {'name': '广发证券股份有限公司', 'rank': 5, 'ratio': 0.18, 'state': '新进', 'trend': '新进', 'change': '新进', 'shares': 2700014}, {'name': '中信证券股份有限公司', 'rank': 6, 'ratio': 0.17, 'state': '加仓', 'trend': '增持', 'change': '983020', 'shares': 2535230}, {'name': '朱美佳', 'rank': 7, 'ratio': 0.16, 'state': '', 'trend': '增持', 'change': '74600', 'shares': 2467767}, {'name': '华泰证券股份有限公司', 'rank': 8, 'ratio': 0.15, 'state': '新进', 'trend': '新进', 'change': '新进', 'shares': 2246177}, {'name': '李红峰', 'rank': 9, 'ratio': 0.13, 'state': '', 'trend': '增持', 'change': '2600', 'shares': 1998811}, {'name': '申万宏源证券有限公司', 'rank': 10, 'ratio': 0.13, 'state': '新进', 'trend': '新进', 'change': '新进', 'shares': 1949646}]","[{'name': '中国农业银行股份有限公司-交银施罗德定期支付双息平衡混合型证券投资基金', 'rank': 4, 'ratio': 0.44, 'state': '', 'trend': '退出', 'change': '不变', 'shares': 6638100}, {'name': '鲍凌婕', 'rank': 8, 'ratio': 0.11, 'state': '新进', 'trend': '退出', 'change': '新进', 'shares': 1661400}, {'name': '中国工商银行股份有限公司企业年金计划-中国建设银行股份有限公司', 'rank': 10, 'ratio': 0.1, 'state': '新进', 'trend': '退出', 'change': '新进', 'shares': 1522100}]",0.0000,18454,2026-06-06 06:00:18.619479+00:00
1769,001896,2023-09-30,76098,0.0000,"[{'name': '河南投资集团有限公司', 'rank': 1, 'ratio': 61.85, 'state': '', 'trend': '不变', 'change': '不变', 'shares': 943700684}, {'name': '严从华', 'rank': 2, 'ratio': 0.53, 'state': '加仓', 'trend': '增持', 'change': '2858500', 'shares': 8033859}, {'name': '香港中央结算有限公司', 'rank': 3, 'ratio': 0.51, 'state': '加仓', 'trend': '增持', 'change': '599931', 'shares': 7717909}, {'name': '中国农业银行股份有限公司-交银施罗德定期支付双息平衡混合型证券投资基金', 'rank': 4, 'ratio': 0.44, 'state': '', 'trend': '不变', 'change': '不变', 'shares': 6638100}, {'name': '吴庆国', 'rank': 5, 'ratio': 0.22, 'state': '加仓', 'trend': '增持', 'change': '750000', 'shares': 3300000}, {'name': '朱美佳', 'rank': 6, 'ratio': 0.16, 'state': '新进', 'trend': '新进', 'change': '新进', 'shares': 2393167}, {'name': '李红峰', 'rank': 7, 'ratio': 0.13, 'state': '', 'trend': '不变', 'change': '不变', 'shares': 1996211}, {'name': '鲍凌婕', 'rank': 8, 'ratio': 0.11, 'state': '新进', 'trend': '新进', 'change': '新进', 'shares': 1661400}, {'name': '中信证券股份有限公司', 'rank': 9, 'ratio': 0.1, 'state': '新进', 'trend': '新进', 'change': '新进', 'shares': 1552210}, {'name': '中国工商银行股份有限公司企业年金计划-中国建设银行股份有限公司', 'rank': 10, 'ratio': 0.1, 'state': '新进', 'trend': '新进', 'change': '新进', 'shares': 1522100}]","[{'name': '中国建设银行股份有限公司-广发中证全指电力公用事业交易型开放式指数证券投资基金', 'rank': 6, 'ratio': 0.15, 'state': '新进', 'trend': '退出', 'change': '新进', 'shares': 2212500}, {'name': '招商银行股份有限公司-广发大盘价值混合型证券投资基金', 'rank': 8, 'ratio': 0.12, 'state': '新进', 'trend': '退出', 'change': '新进', 'shares': 1790200}, {'name': '国泰君安证券股份有限公司', 'rank': 9, 'ratio': 0.11, 'state': '新进', 'trend': '退出', 'change': '新进', 'shares': 1752549}, {'name': '段焰伟', 'rank': 10, 'ratio': 0.11, 'state': '新进', 'trend': '退出', 'change': '新进', 'shares': 1749900}]",0.0000,17356,2026-06-06 06:00:18.619479+00:00
