code,trade_date,pe,pb,ps,total_market_cap,circulating_market_cap
000056,2026-06-05,0.0000,0.0000,,98099696.00,0.00
000001,2026-06-06,1.4700,0.4600,,213076987875.00,
000006,2026-06-05,152.6200,2.1400,,11488457450.00,
000610,2026-06-05,0.0000,0.0000,,14037972.00,0.00
600215,2026-06-06,0.0000,1.2400,,3033702393.75,
000151,2026-06-05,29.1000,5.5800,,4881106480.86,0.00
000006,2026-06-06,152.6200,2.1400,,11488457450.00,
600217,2026-06-06,0.0000,1.9700,,5602869675.00,
000009,2026-06-05,106.2000,1.8500,,18544547985.94,
300434,2026-06-05,3.2700,1.4200,,3792462475.00,
000010,2026-06-05,9.6000,8.8300,,2598214120.31,
600227,2026-06-06,0.0000,2.2100,,4964859309.38,
000009,2026-06-06,106.2000,1.8500,,18544547985.94,
300435,2026-06-05,16.3900,2.0100,,6973691181.25,
000010,2026-06-06,9.6000,8.8300,,2598214120.31,
600228,2026-06-06,0.0000,6.9100,,2637536183.20,
000019,2026-06-05,11.3900,1.4600,,7399276204.69,
000020,2026-06-05,67.8100,7.9400,,3528188444.92,
600231,2026-06-06,0.0000,1.5900,,5657964971.88,
000025,2026-06-05,19.7900,3.5400,,6586570537.50,
000026,2026-06-05,14.0700,2.6900,,9154035487.50,
000027,2026-06-05,2.7800,1.0400,,34681373100.00,
300438,2026-06-05,11.7700,6.6800,,38077928091.80,
300439,2026-06-05,10.1400,1.1500,,3424280410.55,
000028,2026-06-05,4.4100,0.6700,,12684119020.70,
600234,2026-06-06,0.0000,13.8300,,6226998027.34,
000017,2026-06-06,59.9500,9.4000,,3666463784.38,
000030,2026-06-05,6.2300,0.9100,,7773544731.25,
000019,2026-06-06,11.3900,1.4600,,7399276204.69,
000020,2026-06-06,67.8100,7.9400,,3528188444.92,
000034,2026-06-05,10.5300,2.2100,,24849117962.50,
000035,2026-06-05,11.8800,1.2200,,13158060796.88,
000036,2026-06-05,27.5500,1.3900,,7173513812.50,
000021,2026-06-06,24.7900,4.4900,,60026325276.56,
000037,2026-06-05,54.8900,3.9100,,6600250658.20,
000025,2026-06-06,19.7900,3.5400,,6586570537.50,
000039,2026-06-05,25.4700,1.1400,,53224178568.75,
000026,2026-06-06,14.0700,2.6900,,9154035487.50,
000027,2026-06-06,2.7800,1.0400,,34681373100.00,
000028,2026-06-06,4.4100,0.6700,,12684119020.70,
600235,2026-06-06,0.0000,1.3600,,2051592000.00,
000030,2026-06-06,6.2300,0.9100,,7773544731.25,
600239,2026-06-06,0.0000,2.4200,,2440644050.00,
000045,2026-06-05,26.3200,1.9500,,5845261535.94,
300441,2026-06-05,20.0200,1.6000,,4034043524.22,
600241,2026-06-06,0.0000,2.2100,,2260240200.00,
000049,2026-06-05,11.7700,1.3800,,9408258092.19,
000034,2026-06-06,10.5300,2.2100,,24849117962.50,
300442,2026-06-05,21.9400,8.9400,,127756638723.44,
002514,2026-06-05,0.0000,0.0000,,193757296.00,0.00
000055,2026-06-05,13.9800,0.7100,,3941118382.81,
000059,2026-06-05,16.7000,0.7600,,7405418775.00,
000636,2026-06-05,77.9300,5.5300,,69015837566.41,0.00
300443,2026-06-05,10.8800,1.1700,,7417518899.22,
000035,2026-06-06,11.8800,1.2200,,13158060796.88,
000036,2026-06-06,27.5500,1.3900,,7173513812.50,
300444,2026-06-05,3.8600,5.1300,,10862371054.69,
000672,2026-06-05,49.3100,1.7300,,15733288457.81,0.00
000711,2026-06-05,182.5700,25.6700,,16979302578.13,0.00
000037,2026-06-06,54.8900,3.9100,,6600250658.20,
000899,2026-06-05,6.6300,2.0100,,13396055292.97,0.00
300445,2026-06-05,15.4400,3.9700,,5213032200.00,
000039,2026-06-06,25.4700,1.1400,,53224178568.75,
600243,2026-06-06,0.0000,3.1700,,1751011500.00,
000045,2026-06-06,26.3200,1.9500,,5845261535.94,
600249,2026-06-06,0.0000,1.3600,,2904000000.00,
000049,2026-06-06,11.7700,1.3800,,9408258092.19,
000060,2026-06-05,6.5700,1.6600,,33086735125.00,
002547,2026-06-05,0.0000,0.0000,,128287688.00,0.00
002415,2026-06-05,10.3100,3.3300,,286677172700.00,0.00
002418,2026-06-05,106.9800,3.5500,,5170620000.00,0.00
002429,2026-06-05,25.5200,3.1600,,53508438187.50,0.00
002432,2026-06-05,11.2200,1.5200,,32929381293.75,0.00
002466,2026-06-05,5.3900,2.1700,,101182671690.63,0.00
002475,2026-06-05,13.6900,5.6700,,501057188450.00,0.00
002484,2026-06-05,47.2500,11.9100,,76547151562.50,0.00
002496,2026-06-05,620.7700,3.2200,,3588063456.25,0.00
002518,2026-06-05,21.3800,5.9600,,29635258464.84,0.00
002531,2026-06-05,42.4000,2.0200,,17555503860.94,0.00
002534,2026-06-05,27.4000,2.9100,,16484642821.88,0.00
002552,2026-06-05,34.2600,14.4500,,22627303425.00,0.00
002585,2026-06-05,332.4500,1.6200,,13490432873.44,0.00
002594,2026-06-05,20.7600,3.6600,,847990539475.00,0.00
002628,2026-06-05,28.3200,1.3500,,3815785968.75,0.00
002639,2026-06-05,328.1000,4.5500,,11762224039.06,0.00
002645,2026-06-05,10.8500,5.5000,,23474765010.94,0.00
002647,2026-06-05,29.1100,21.9800,,13687830821.88,0.00
002649,2026-06-05,47.3700,1.3100,,5506255122.27,0.00
002730,2026-06-05,48.3900,6.4100,,10576353376.95,0.00
002752,2026-06-05,4.0900,1.6800,,6203432078.13,0.00
002762,2026-06-05,2599.1700,4.6100,,3080017500.00,0.00
002785,2026-06-05,1542.7300,11.6600,,9268746017.58,0.00
002787,2026-06-05,36.4200,5.0500,,9324613055.47,0.00
002805,2026-06-05,7.5800,6.2400,,5830901250.00,0.00
002810,2026-06-05,7.4500,3.4400,,7647324304.69,0.00
002815,2026-06-05,67.6500,2.4700,,21930869100.78,0.00
002825,2026-06-05,19.9500,2.0800,,3457019323.83,0.00
000061,2026-06-05,9.1300,1.4300,,12326609362.50,
000062,2026-06-05,17.5200,5.1300,,35205306932.81,
000065,2026-06-05,13.0400,1.2900,,14401883125.00,
002620,2026-06-05,0.0000,0.0000,,161503936.00,0.00
002634,2026-06-05,0.0000,0.0000,,48027340.00,0.00
000078,2026-06-05,32.1300,3.7500,,4657087931.25,
000088,2026-06-05,6.7000,1.2400,,22825732290.63,
000089,2026-06-05,5.2300,1.1400,,13494063515.63,
000096,2026-06-05,34.9800,1.5500,,4276800000.00,
000099,2026-06-05,12.6600,2.1100,,11791707562.50,
000100,2026-06-05,6.5400,1.6200,,101716217625.00,
000153,2026-06-05,7.0300,1.1900,,2602238843.75,
000155,2026-06-05,9.2500,2.3000,,24683269920.31,
000156,2026-06-05,11.0200,0.8200,,12414647750.00,
000157,2026-06-05,7.3600,1.1200,,65036983200.00,
000159,2026-06-05,46.1300,1.6300,,3364802109.38,
000166,2026-06-05,4.6000,0.9500,,108422961850.00,
000301,2026-06-05,5.4700,2.2600,,78343105125.00,
000338,2026-06-05,8.7400,2.8400,,269565932950.00,
000400,2026-06-05,21.2700,1.9200,,23621850339.84,
000402,2026-06-05,2.5400,0.4400,,8757564900.00,
000403,2026-06-05,52.6700,1.4900,,12098559180.47,
000404,2026-06-05,4.9600,1.3000,,5721087248.44,
000407,2026-06-05,10.2200,1.1900,,3678753993.75,
000408,2026-06-05,7.5800,6.7700,,119363029425.00,
000409,2026-06-05,32.7600,3.9400,,6472516976.56,
000411,2026-06-05,8.0300,1.1900,,6433631266.80,
000415,2026-06-05,2.6500,0.8100,,24057787662.50,
000417,2026-06-05,9.1000,1.2300,,5849131640.63,
000419,2026-06-05,9.9000,0.8100,,2777707573.05,
000420,2026-06-05,40.4300,2.4800,,11015729900.00,
000421,2026-06-05,4.5700,1.1700,,3308634450.00,
000422,2026-06-05,7.9400,2.3100,,14388745415.63,
000423,2026-06-05,7.0200,2.9600,,31941249125.00,
000425,2026-06-05,5.4200,1.7800,,111490719200.00,
000426,2026-06-05,5.0500,6.2500,,67616210550.00,
000055,2026-06-06,13.9800,0.7100,,3941118382.81,
000429,2026-06-05,6.3800,2.5000,,28811307971.88,
000430,2026-06-05,2.2100,3.7200,,6760455511.72,
000058,2026-06-06,35.2300,4.2700,,8704588971.09,
000498,2026-06-05,4.7800,0.4800,,8010597656.25,
000501,2026-06-05,4.5300,0.5100,,5590577178.91,
000059,2026-06-06,16.7000,0.7600,,7405418775.00,
000504,2026-06-05,25.3300,10.1500,,2811796692.19,
000505,2026-06-05,51.4500,1.4600,,4187233350.00,
000506,2026-06-05,7.0400,14.8400,,13192051828.13,
000507,2026-06-05,6.9100,0.7900,,4709042800.00,
000060,2026-06-06,6.5700,1.6600,,33086735125.00,
000061,2026-06-06,9.1300,1.4300,,12326609362.50,
000513,2026-06-05,4.7200,1.8800,,27223234368.75,
000514,2026-06-05,11.4700,1.0100,,3704154415.62,
000062,2026-06-06,17.5200,5.1300,,35205306932.81,
000063,2026-06-06,14.2800,2.4400,,187179724550.00,
000065,2026-06-06,13.0400,1.2900,,14401883125.00,
000519,2026-06-05,49.1000,2.5800,,26820684534.38,
300197,2026-06-05,0.0000,0.0000,,1108156416.00,0.00
000520,2026-06-05,141.0000,11.0600,,4655583812.50,
000521,2026-06-05,8.4200,0.9700,,5911762773.44,
300212,2026-06-05,0.0000,0.0000,,445730272.00,0.00
000523,2026-06-05,11.8700,2.8700,,5634888103.13,
000524,2026-06-05,18.7000,2.6600,,6145812804.69,
000525,2026-06-05,184.8300,2.3800,,5916339660.94,
000526,2026-06-05,3.6700,3.2000,,3328026737.01,
000528,2026-06-05,2.8700,0.9100,,17375291457.81,
000530,2026-06-05,25.1100,1.6800,,5320670875.00,
000531,2026-06-05,3.8700,1.0800,,7487675549.22,
600246,2026-06-06,0.0000,7.4000,,33788552625.00,
000533,2026-06-05,46.1900,7.9300,,7813129136.72,
000534,2026-06-05,21.3800,9.6400,,16560326757.81,
600252,2026-06-06,0.0000,1.3700,,7196208662.50,
000537,2026-06-05,23.3800,1.0500,,20803865843.75,
000538,2026-06-05,4.2700,2.0700,,87089860251.56,
600257,2026-06-06,0.0000,3.1700,,2531307606.25,
000541,2026-06-05,29.4300,1.1200,,7694249189.06,
000543,2026-06-05,4.6000,1.1600,,20447106796.88,
000544,2026-06-05,2.2100,0.8200,,7690260951.56,
000078,2026-06-06,32.1300,3.7500,,4657087931.25,
000088,2026-06-06,6.7000,1.2400,,22825732290.63,
000089,2026-06-06,5.2300,1.1400,,13494063515.63,
000548,2026-06-05,15.4200,1.1500,,2381259276.56,
000550,2026-06-05,4.3300,1.2300,,14752326992.97,
000551,2026-06-05,5.9000,2.4100,,7329163078.13,
000552,2026-06-05,23.7100,0.9500,,15466745350.00,
000553,2026-06-05,2.4600,0.7800,,14025466546.88,
000554,2026-06-05,4.8100,2.7200,,3235738782.81,
600265,2026-06-06,0.0000,16.1900,,3428018000.00,
000557,2026-06-05,11.6300,0.9500,,6052254953.13,
000558,2026-06-05,113.1400,4.4300,,4654098583.59,
000559,2026-06-05,20.2300,5.6900,,49929298068.75,
000560,2026-06-05,110.6300,0.6500,,6030082000.00,
000096,2026-06-06,34.9800,1.5500,,4276800000.00,
000563,2026-06-05,5.2200,0.8100,,15137352125.00,
000099,2026-06-06,12.6600,2.1100,,11791707562.50,
000565,2026-06-05,11.6200,2.2500,,2887723968.75,
000100,2026-06-06,6.5400,1.6200,,101716217625.00,
000567,2026-06-05,2.6900,1.8800,,11297542843.75,
000570,2026-06-05,5.2400,1.1000,,3895422600.00,
000151,2026-06-06,29.1000,5.5800,,4881106480.86,
000153,2026-06-06,7.0300,1.1900,,2602238843.75,
000573,2026-06-05,6.6700,1.7000,,2782903354.69,
000576,2026-06-05,167.7000,1.9600,,3242587249.22,
000581,2026-06-05,4.8200,0.8900,,18049889077.34,
000155,2026-06-06,9.2500,2.3000,,24683269920.31,
000589,2026-06-05,3.9400,0.7700,,7103563014.06,
000156,2026-06-06,11.0200,0.8200,,12414647750.00,
000591,2026-06-05,11.2000,0.8600,,20539506068.75,
000157,2026-06-06,7.3600,1.1200,,65036983200.00,
000593,2026-06-05,49.4800,8.2000,,7255105446.09,
000595,2026-06-05,408.5400,16.6400,,8050300239.84,
000596,2026-06-05,2.9000,1.7900,,46633092000.00,
000597,2026-06-05,23.7900,1.1400,,6336271968.75,
000598,2026-06-05,3.8900,1.0100,,20500140112.50,
000599,2026-06-05,27.3700,0.7900,,11572920000.00,
000601,2026-06-05,80.3500,2.0500,,8482817196.88,
000603,2026-06-05,25.8200,5.7300,,20498990131.25,
000605,2026-06-05,11.8500,1.0300,,2204116210.94,
600271,2026-06-06,0.0000,1.0400,,13526058218.75,
000159,2026-06-06,46.1300,1.6300,,3364802109.38,
000612,2026-06-05,2.6100,1.7300,,13304945025.00,
000166,2026-06-06,4.6000,0.9500,,108422961850.00,
000617,2026-06-05,5.8900,0.8700,,92666437237.50,
000301,2026-06-06,5.4700,2.2600,,78343105125.00,
000333,2026-06-06,4.9000,2.6700,,621370032543.75,
000623,2026-06-05,2.3400,0.6400,,20294344778.91,
000625,2026-06-05,22.6200,1.0300,,79303395000.00,
000626,2026-06-05,7.0100,1.8600,,4093545465.63,
000628,2026-06-05,1038.2000,8.4500,,18582770000.00,
000629,2026-06-05,42.6600,2.4800,,30660128812.50,
000631,2026-06-05,105.3200,1.3500,,7452000506.25,
000338,2026-06-06,8.7400,2.8400,,269565932950.00,
000633,2026-06-05,140.4300,10.7400,,2137340554.69,
000400,2026-06-06,21.2700,1.9200,,23621850339.84,
600280,2026-06-06,0.0000,14.4100,,3836338203.13,
000402,2026-06-06,2.5400,0.4400,,8757564900.00,
000650,2026-06-05,5.2700,1.1400,,7391674125.00,
000652,2026-06-05,51.0000,0.9900,,5297382079.69,
000655,2026-06-05,12.0500,1.2000,,4232868788.67,
000050,2026-06-06,0.0000,0.7800,,0.00,
000657,2026-06-05,17.3400,14.9500,,159730166687.50,
000403,2026-06-06,52.6700,1.4900,,12098559180.47,
000661,2026-06-05,10.1200,1.2500,,27915163125.00,
000404,2026-06-06,4.9600,1.3000,,5721087248.44,
000407,2026-06-06,10.2200,1.1900,,3678753993.75,
000408,2026-06-06,7.5800,6.7700,,119363029425.00,
000669,2026-06-05,427.0200,47.6400,,2884933431.25,
000409,2026-06-06,32.7600,3.9400,,6472516976.56,
000676,2026-06-05,15.7600,1.7000,,7268983792.19,
000677,2026-06-05,34.9100,3.4200,,1753875276.56,
600289,2026-06-06,0.0000,4.2200,,3798933698.44,
000411,2026-06-06,8.0300,1.1900,,6433631266.80,
000680,2026-06-05,4.8700,2.5300,,16351554953.13,
000681,2026-06-05,7.1300,4.4400,,17031037125.78,
000682,2026-06-05,7.3100,2.8000,,17228342351.56,
000683,2026-06-05,6.0800,1.9600,,25534632834.38,
000685,2026-06-05,2.7100,0.8300,,15807463879.69,
000686,2026-06-05,4.3900,0.8700,,18021487859.38,
000688,2026-06-05,13.1100,15.4300,,46288745704.69,
000690,2026-06-05,3.7400,0.8900,,11597482040.63,
000692,2026-06-05,5.2500,13.9700,,2589568417.97,
000415,2026-06-06,2.6500,0.8100,,24057787662.50,
000697,2026-06-05,1274.4800,4.6100,,15538462570.31,
000698,2026-06-05,34.3300,2.0300,,2827324593.75,
000700,2026-06-05,9.7600,4.0000,,15872486103.91,
000701,2026-06-05,35.3000,0.0000,,3796018550.00,
000417,2026-06-06,9.1000,1.2300,,5849131640.63,
000703,2026-06-05,2.5600,1.9300,,50973257225.00,
000419,2026-06-06,9.9000,0.8100,,2777707573.05,
000420,2026-06-06,40.4300,2.4800,,11015729900.00,
000708,2026-06-05,4.5300,1.5400,,68489939996.88,
000709,2026-06-05,6.9800,0.4300,,22534924325.00,
000421,2026-06-06,4.5700,1.1700,,3308634450.00,
000422,2026-06-06,7.9400,2.3100,,14388745415.63,
000423,2026-06-06,7.0200,2.9600,,31941249125.00,
000715,2026-06-05,13.5600,1.3800,,2799451276.56,
000716,2026-06-05,12.2000,1.5900,,4012872053.13,
000425,2026-06-06,5.4200,1.7800,,111490719200.00,
000718,2026-06-05,140.3300,0.7600,,6979663375.00,
000719,2026-06-05,12.2100,1.1000,,13567682760.94,
000426,2026-06-06,5.0500,6.2500,,67616210550.00,
600293,2026-06-06,0.0000,2.6900,,4594174509.38,
000429,2026-06-06,6.3800,2.5000,,28811307971.88,
000726,2026-06-05,5.1900,0.5000,,4864277468.75,
000430,2026-06-06,2.2100,3.7200,,6760455511.72,
000728,2026-06-05,5.5600,0.7700,,30110066906.25,
000729,2026-06-05,12.6800,2.1300,,33568803956.25,
600302,2026-06-06,0.0000,7.1200,,3449717752.73,
000733,2026-06-05,195.3300,1.9700,,31072279046.48,
000498,2026-06-06,4.7800,0.4800,,8010597656.25,
000736,2026-06-05,103.1000,2.9200,,3541246593.75,
000737,2026-06-05,4.2900,3.5500,,26399369390.63,
000738,2026-06-05,19.5400,1.9600,,24738612215.63,
000739,2026-06-05,7.5000,2.8500,,18685695167.19,
000750,2026-06-05,8.9300,1.0000,,22926366006.25,
000751,2026-06-05,11.0200,2.2000,,8126622043.75,
000752,2026-06-05,31.4400,3.8300,,2376464049.80,
000753,2026-06-05,26.4000,1.8900,,5185446120.31,
000755,2026-06-05,6.5100,1.3000,,7321877679.69,
000756,2026-06-05,10.6000,1.6600,,8896647496.88,
000757,2026-06-05,25.6800,1.3200,,2125537214.06,
000758,2026-06-05,5.1500,2.1500,,13375756800.00,
000501,2026-06-06,4.5300,0.5100,,5590577178.91,
600303,2026-06-06,0.0000,2.5200,,2372106639.06,
000762,2026-06-05,76.7800,4.9500,,14577732119.53,
000766,2026-06-05,261.4900,10.2900,,23872418781.25,
000767,2026-06-05,26.1300,2.7200,,16430871281.25,
000768,2026-06-05,23.7500,2.6000,,58476228300.00,
000776,2026-06-05,3.1300,1.0700,,147185346206.25,
000504,2026-06-06,25.3300,10.1500,,2811796692.19,
000778,2026-06-05,8.4800,0.6300,,16724628831.25,
000779,2026-06-05,6.0000,0.8800,,3495517781.25,
000505,2026-06-06,51.4500,1.4600,,4187233350.00,
000783,2026-06-05,2.7900,1.1300,,41475548437.50,
000785,2026-06-05,24.7700,0.8000,,15380810412.50,
000786,2026-06-05,4.6500,1.3400,,37347059896.88,
000788,2026-06-05,11.4400,2.0700,,3087214642.97,
000506,2026-06-06,7.0400,14.8400,,13192051828.13,
000790,2026-06-05,98.8300,3.3200,,2388845355.86,
000791,2026-06-05,6.1300,1.9200,,29843325125.00,
000507,2026-06-06,6.9100,0.7900,,4709042800.00,
000795,2026-06-05,15.0400,3.8400,,10429893375.00,
000796,2026-06-05,259.8000,8.0200,,7281201634.38,
600307,2026-06-06,0.0000,1.8800,,10021372000.00,
600310,2026-06-06,0.0000,3.0500,,8295923021.88,
000799,2026-06-05,43.5900,3.8400,,14462589963.87,
000800,2026-06-05,30.2800,1.1400,,30069026528.13,
000801,2026-06-05,85.3100,4.0600,,12643080084.38,
000513,2026-06-06,4.7200,1.8800,,27223234368.75,
000803,2026-06-05,7.9600,2.3400,,3483232695.70,
000807,2026-06-05,2.6600,2.6900,,95854345300.00,
000810,2026-06-05,15.4000,1.9400,,12767169703.13,
000811,2026-06-05,26.2800,4.7200,,30806516150.00,
000812,2026-06-05,29.0500,1.8900,,2768172089.06,
000514,2026-06-06,11.4700,1.0100,,3704154415.62,
000815,2026-06-05,49.1400,7.7500,,10908675979.69,
600319,2026-06-06,0.0000,8.4000,,2838032910.94,
000818,2026-06-05,55.9500,4.1400,,9042000000.00,
000819,2026-06-05,190.4000,2.5600,,5331949822.27,
600326,2026-06-06,0.0000,2.6300,,10313855318.75,
600328,2026-06-06,0.0000,0.8300,,9868263145.31,
000823,2026-06-05,30.1300,1.9700,,9941850696.09,
000825,2026-06-05,108.6800,0.6700,,21930552875.00,
000828,2026-06-05,3.6400,0.9900,,10343194460.94,
000519,2026-06-06,49.1000,2.5800,,26820684534.38,
000830,2026-06-05,5.4300,1.2300,,23784945090.63,
000831,2026-06-05,41.6100,11.6500,,57645512837.50,
000833,2026-06-05,8.0100,4.1600,,17268829496.88,
000837,2026-06-05,50.6800,2.5000,,12298214168.75,
000520,2026-06-06,141.0000,11.0600,,4655583812.50,
000848,2026-06-05,3.2600,2.1800,,8088600619.53,
000521,2026-06-06,8.4200,0.9700,,5911762773.44,
000523,2026-06-06,11.8700,2.8700,,5634888103.13,
600683,2026-06-05,0.0000,0.0000,,537485568.00,0.00
000524,2026-06-06,18.7000,2.6600,,6145812804.69,
000525,2026-06-06,184.8300,2.3800,,5916339660.94,
000860,2026-06-05,6.9000,1.1600,,7981413256.25,
000862,2026-06-05,11.1700,1.4300,,6196194140.63,
000868,2026-06-05,191.9000,4.4300,,3551365814.06,
000869,2026-06-05,7.9000,1.1200,,11738310585.94,
000875,2026-06-05,8.4700,1.3200,,23214532000.00,
000526,2026-06-06,3.6700,3.2000,,3328026737.01,
000878,2026-06-05,6.2200,2.2800,,42004187962.50,
000880,2026-06-05,22.8500,5.7800,,12477532425.78,
000528,2026-06-06,2.8700,0.9100,,17375291457.81,
600330,2026-06-06,0.0000,4.6800,,36287643909.38,
600791,2026-06-05,0.0000,0.0000,,216006576.00,0.00
000883,2026-06-05,7.0000,0.9400,,35396937500.00,
000885,2026-06-05,2.6400,0.8500,,8289229602.34,
000530,2026-06-06,25.1100,1.6800,,5320670875.00,
000887,2026-06-05,8.9900,1.9800,,28949608228.13,
000888,2026-06-05,8.9200,1.9400,,5279669121.09,
000531,2026-06-06,3.8700,1.0800,,7487675549.22,
600331,2026-06-06,0.0000,11.8000,,36744656000.00,
000533,2026-06-06,46.1900,7.9300,,7813129136.72,
000893,2026-06-05,8.3300,3.1900,,44345215738.28,
000895,2026-06-05,6.6400,3.7900,,85785012550.00,
000534,2026-06-06,21.3800,9.6400,,16560326757.81,
600337,2026-06-06,0.0000,11.8700,,4655873925.00,
000900,2026-06-05,3.4600,0.5100,,5722212620.31,
000901,2026-06-05,100.1700,3.5400,,15054078521.88,
000902,2026-06-05,3.1200,1.2600,,15533607693.75,
000537,2026-06-06,23.3800,1.0500,,20803865843.75,
000905,2026-06-05,8.1300,1.5100,,13880771718.75,
000906,2026-06-05,2.2400,0.8500,,4187012898.44,
000908,2026-06-05,340.3900,5.9900,,12492796125.00,
000538,2026-06-06,4.2700,2.0700,,87089860251.56,
600343,2026-06-06,0.0000,12.9600,,16504017665.63,
000541,2026-06-06,29.4300,1.1200,,7694249189.06,
000543,2026-06-06,4.6000,1.1600,,20447106796.88,
000915,2026-06-05,5.7800,2.1500,,6392563426.56,
000544,2026-06-06,2.2100,0.8200,,7690260951.56,
000919,2026-06-05,13.8100,1.0200,,3868370341.41,
000920,2026-06-05,13.2500,2.9000,,5841596718.75,
000921,2026-06-05,3.5800,2.0000,,37017337035.94,
000922,2026-06-05,12.9900,2.2300,,10449796809.38,
000923,2026-06-05,42.4700,0.9600,,9608169500.00,
600358,2026-06-06,0.0000,61.6700,,2989224681.25,
600365,2026-06-06,0.0000,5.5300,,1216800400.00,
000927,2026-06-05,15.4000,1.5800,,15609912675.00,
000928,2026-06-05,4.5400,0.9700,,8378324975.00,
600376,2026-06-06,0.0000,4.2600,,10034509065.63,
000548,2026-06-06,15.4200,1.1500,,2381259276.56,
000550,2026-06-06,4.3300,1.2300,,14752326992.97,
000932,2026-06-05,13.5900,0.4800,,26862228750.00,
000933,2026-06-05,2.7300,2.3200,,62522321625.00,
000935,2026-06-05,34.1000,2.5600,,20047942606.25,
000936,2026-06-05,87.5600,1.1000,,5599601468.75,
000937,2026-06-05,18.5600,1.0700,,20671249218.75,
000938,2026-06-05,10.1200,5.1300,,79710429600.00,
000551,2026-06-06,5.9000,2.4100,,7329163078.13,
000949,2026-06-05,9.6000,1.6400,,11134368000.00,
000950,2026-06-05,5.5600,0.8100,,9487733934.38,
000951,2026-06-05,5.7000,1.5700,,25904927468.75,
000552,2026-06-06,23.7100,0.9500,,15466745350.00,
000953,2026-06-05,229.9800,14.1900,,2193071903.13,
000553,2026-06-06,2.4600,0.7800,,14025466546.88,
000957,2026-06-05,5.9400,1.8300,,5911251945.31,
000958,2026-06-05,9.6100,2.3700,,107365935675.00,
000959,2026-06-05,15.4100,0.5300,,26832187550.00,
000960,2026-06-05,7.3800,3.0900,,64007299937.50,
000963,2026-06-05,4.9700,1.9400,,49841201987.50,
000965,2026-06-05,5.9400,0.6900,,3795621806.25,
000966,2026-06-05,18.0300,1.4000,,18867209700.00,
000967,2026-06-05,16.2600,1.9500,,34843167250.00,
000968,2026-06-05,4.8200,1.1100,,7120820125.00,
000969,2026-06-05,23.4400,3.9500,,23258498962.50,
000970,2026-06-05,85.1200,2.1400,,13956531968.75,
000554,2026-06-06,4.8100,2.7200,,3235738782.81,
000973,2026-06-05,6.1400,3.7400,,34194072757.81,
000975,2026-06-05,4.3400,3.7300,,60552000600.00,
000977,2026-06-05,15.0900,4.0900,,91251143303.13,
600381,2026-06-06,0.0000,3.2400,,3175998403.91,
000557,2026-06-06,11.6300,0.9500,,6052254953.13,
000981,2026-06-05,14.1800,11.4800,,35590995425.00,
000983,2026-06-05,5.4700,1.1900,,44224618737.50,
000985,2026-06-05,38.9900,3.6000,,2205167928.22,
000987,2026-06-05,2.9400,1.1500,,38180378325.00,
000989,2026-06-05,4.1400,1.7700,,6830417409.38,
000990,2026-06-05,4.8300,0.6300,,11240946875.00,
000558,2026-06-06,113.1400,4.4300,,4654098583.59,
000559,2026-06-06,20.2300,5.6900,,49929298068.75,
000997,2026-06-05,7.1200,2.6600,,20018814318.75,
000560,2026-06-06,110.6300,0.6500,,6030082000.00,
000999,2026-06-05,3.7400,1.7300,,40290713240.63,
600383,2026-06-06,0.0000,0.2700,,11873354440.63,
001202,2026-06-05,28.6600,2.9400,,2523703159.38,
001203,2026-06-05,36.7000,7.8800,,57843126085.94,
001205,2026-06-05,6.7400,1.2200,,2652729329.88,
001206,2026-06-05,10.7000,1.5900,,2961998813.67,
001207,2026-06-05,8.6700,2.3400,,5653518017.58,
001208,2026-06-05,34.2600,3.5500,,10430645382.81,
001209,2026-06-05,11.7000,2.0100,,2630453906.25,
001212,2026-06-05,282.3900,5.5500,,10648849700.78,
001213,2026-06-05,13.7500,0.8700,,16755555293.75,
000563,2026-06-06,5.2200,0.8100,,15137352125.00,
001220,2026-06-05,14.1600,1.8700,,2922824300.00,
001221,2026-06-05,14.1400,6.1700,,18172454300.00,
001222,2026-06-05,12.6200,2.0100,,2865258900.00,
001223,2026-06-05,19.7300,3.1500,,6071987615.04,
001225,2026-06-05,45.8900,2.2100,,3075926264.65,
001226,2026-06-05,35.6700,5.0500,,3749761634.77,
001227,2026-06-05,2.2600,0.3900,,12017920406.25,
001228,2026-06-05,8.0200,1.6100,,2772146163.57,
600386,2026-06-06,0.0000,1.7400,,2927232000.00,
001230,2026-06-05,8.1300,1.7100,,3444358338.28,
001233,2026-06-05,17.5200,1.9700,,9307963704.10,
001236,2026-06-05,63.0800,4.2100,,7890900271.88,
001237,2026-06-05,11.8000,2.9700,,9783774598.14,
001238,2026-06-05,10.3200,3.7600,,4389136864.75,
001239,2026-06-05,123.2300,2.3300,,3168000000.00,
000565,2026-06-06,11.6200,2.2500,,2887723968.75,
001256,2026-06-05,9.4100,2.7000,,3539644673.83,
001257,2026-06-05,11.5100,5.8000,,44338211367.19,
688066,2026-06-05,0.0000,0.0000,,110237648.00,0.00
600391,2026-06-06,0.0000,6.2900,,11155072901.17,
001270,2026-06-05,63.4200,18.1800,,28363471711.52,
001279,2026-06-05,68.6800,4.3600,,4441600000.00,
001280,2026-06-05,67.3100,8.4600,,144110913050.00,
001283,2026-06-05,17.6100,1.9800,,7057190914.45,
001285,2026-06-05,9.9300,2.1200,,8208918934.38,
001289,2026-06-05,9.4600,2.0000,,153653422675.00,
001298,2026-06-05,15.8400,5.5500,,9350952342.19,
001299,2026-06-05,13.4700,3.0000,,3729734368.36,
001301,2026-06-05,12.7500,3.2100,,23052315711.33,
600399,2026-06-06,0.0000,1.6900,,9051939000.00,
001308,2026-06-05,9.6900,1.8700,,15060513508.59,
000001,2026-06-05,1.4700,0.4600,,213076987875.00,0.00
000017,2026-06-05,59.9500,9.4000,,3666463784.38,0.00
000021,2026-06-05,24.7900,4.4900,,60026325276.56,0.00
000058,2026-06-05,35.2300,4.2700,,8704588971.09,0.00
000063,2026-06-05,14.2800,2.4400,,187179724550.00,0.00
000333,2026-06-05,4.9000,2.6700,,621370032543.75,0.00
000568,2026-06-05,3.4500,2.4800,,127878794175.00,0.00
001309,2026-06-05,4.2700,21.5900,,143026215820.31,
000582,2026-06-05,13.7400,1.5400,,31513898331.25,0.00
000600,2026-06-05,3.4500,1.6600,,20701130625.00,0.00
001312,2026-06-05,11.6600,2.0300,,4734332672.85,
001314,2026-06-05,18.7400,3.8100,,8043131480.27,
000630,2026-06-05,6.5000,2.3200,,87027468412.50,0.00
000651,2026-06-05,3.5400,1.4200,,215430060337.50,0.00
001316,2026-06-05,9.3800,4.1700,,5685781303.13,
000691,2026-06-05,121.4700,9.6100,,4368994050.00,0.00
000722,2026-06-05,65.9300,2.2100,,8627457550.78,0.00
000725,2026-06-05,13.9500,1.7500,,238195025825.00,0.00
000792,2026-06-05,5.1500,3.4900,,155836810125.00,0.00
000809,2026-06-05,98.3200,1.2400,,3282669485.94,0.00
000567,2026-06-06,2.6900,1.8800,,11297542843.75,
000821,2026-06-05,25.0100,1.4300,,5954683132.81,0.00
001319,2026-06-05,14.6700,2.4100,,3402084000.00,
000858,2026-06-05,3.9000,2.4600,,314720786775.00,0.00
000962,2026-06-05,54.2100,7.3600,,29458651908.20,0.00
000988,2026-06-05,24.7600,13.5200,,158065029843.75,0.00
001210,2026-06-05,4.1200,3.7100,,5473077178.71,0.00
001211,2026-06-05,60.4200,3.8100,,3290000000.00,0.00
001215,2026-06-05,16.4200,2.0000,,3712498898.93,0.00
001258,2026-06-05,146.1800,3.0400,,9268001034.38,0.00
001259,2026-06-05,98.8000,7.1400,,5190961102.44,0.00
001266,2026-06-05,13.3000,4.8900,,4828096149.61,0.00
001267,2026-06-05,287.7700,26.0600,,42783623821.88,0.00
001282,2026-06-05,14.5300,2.4100,,3977122337.89,0.00
001286,2026-06-05,5.2100,1.6800,,46275000000.00,0.00
001287,2026-06-05,13.2800,3.8000,,21034034162.50,0.00
001288,2026-06-05,11.1800,2.4600,,5749894434.38,0.00
001296,2026-06-05,13.5400,1.6300,,2957416116.50,0.00
001313,2026-06-05,45.5800,2.0000,,5131000000.00,0.00
001332,2026-06-05,8.0500,2.7600,,7347584814.45,0.00
300446,2026-06-05,9.9000,2.2500,,13602648157.03,
001336,2026-06-05,19.5500,2.5300,,2070421385.16,0.00
001339,2026-06-05,23.5500,10.8800,,25705889791.21,0.00
001378,2026-06-05,12.6100,1.8700,,3553340673.83,0.00
001389,2026-06-05,20.9500,11.4100,,82235727311.72,0.00
001896,2026-06-05,103.6000,8.5100,,30332534356.25,0.00
002008,2026-06-05,37.1800,6.3700,,131655391553.13,0.00
002055,2026-06-05,15.3900,2.8700,,3886870700.00,0.00
002056,2026-06-05,12.2900,4.3000,,47434922831.25,0.00
002082,2026-06-05,7.8800,3.1100,,8117114377.73,0.00
002122,2026-06-05,38.2900,2.3900,,5223916631.25,0.00
002135,2026-06-05,54.4800,1.3400,,8310642625.00,0.00
002169,2026-06-05,54.1100,4.4100,,12335416025.00,0.00
002203,2026-06-05,10.0100,2.5600,,43635021150.00,0.00
000568,2026-06-06,3.4500,2.4800,,127878794175.00,
002317,2026-06-05,18.6200,4.4700,,18587979351.56,0.00
002373,2026-06-05,323.1600,1.0500,,12072638468.75,0.00
002379,2026-06-05,3.5900,4.6400,,242769742312.50,0.00
002384,2026-06-05,36.5400,17.9100,,405536216575.00,0.00
000570,2026-06-06,5.2400,1.1000,,3895422600.00,
300447,2026-06-05,44.2700,2.5700,,5162490757.03,
002831,2026-06-05,14.0900,2.8100,,34630337700.00,0.00
002832,2026-06-05,2.9500,1.9900,,11402728045.31,0.00
002837,2026-06-05,970.0100,24.2500,,83979644406.25,0.00
300448,2026-06-05,363.9600,4.0800,,4972400753.91,
300450,2026-06-05,19.4000,4.4000,,78654921665.63,
002859,2026-06-05,78.1700,12.1400,,37326974631.25,0.00
600403,2026-06-06,0.0000,5.8200,,19461212478.13,
001323,2026-06-05,10.8900,2.0900,,9623986881.25,
001325,2026-06-05,12.3800,1.7300,,3166576000.00,
001326,2026-06-05,33.5100,4.1100,,5085936000.00,
001335,2026-06-05,18.7100,4.5700,,4529497453.13,
001337,2026-06-05,7.5600,9.5400,,20059200000.00,
001358,2026-06-05,14.4700,2.1400,,3112032000.00,
001359,2026-06-05,31.1000,8.3100,,17185016737.50,
001360,2026-06-05,30.4000,2.7500,,3935160000.00,
001365,2026-06-05,19.6300,3.1500,,22953000000.00,
001366,2026-06-05,24.3600,2.7700,,2228631600.00,
001368,2026-06-05,8.6600,1.9700,,2793557631.45,
001369,2026-06-05,12.7800,2.3100,,16333280000.00,
001376,2026-06-05,14.8400,4.9400,,6318939000.00,
001379,2026-06-05,19.4900,2.4200,,3652000000.00,
001380,2026-06-05,11.3100,2.4000,,4718280150.39,
001382,2026-06-05,32.7500,5.1400,,8429520000.00,
001386,2026-06-05,11.8100,1.5400,,18855837600.00,
600405,2026-06-06,0.0000,89.6100,,2800631314.84,
001390,2026-06-05,8.5800,2.0600,,3430000000.00,
001391,2026-06-05,13.0900,2.2600,,61776939125.00,
001393,2026-06-05,32.9800,4.4900,,16211651216.80,
001395,2026-06-05,6.6400,2.5100,,3123192000.00,
001396,2026-06-05,245.2200,3.0900,,4425759457.03,
001400,2026-06-05,25.9800,7.6100,,9762480000.00,
001696,2026-06-05,9.6700,2.9900,,16602891953.13,
001872,2026-06-05,4.7900,0.8300,,54204634575.00,
001965,2026-06-05,4.7900,0.9200,,64553402500.00,
001979,2026-06-05,194.7600,0.7800,,76185469343.75,
002001,2026-06-05,5.3400,2.7800,,97550400393.75,
002004,2026-06-05,5.7000,0.8500,,8830439715.63,
002005,2026-06-05,53.0300,14.7900,,4924313810.94,
002006,2026-06-05,17.0200,3.3900,,8483028262.50,
002007,2026-06-05,10.6600,2.1000,,24555543109.38,
002009,2026-06-05,35.8300,4.2900,,8816951812.50,
002010,2026-06-05,5.3100,0.7800,,14096557781.25,
002011,2026-06-05,6.2100,1.7800,,12176091649.22,
002012,2026-06-05,86.6400,2.2800,,3563306369.53,
002015,2026-06-05,12.5900,3.0000,,36232607025.00,
002016,2026-06-05,19.1600,0.8000,,3948386650.00,
002017,2026-06-05,19.3600,5.1200,,9565517943.75,
002875,2026-06-05,26.4000,6.4200,,3964244407.23,0.00
002927,2026-06-05,44.3300,4.7200,,4749530165.63,0.00
002938,2026-06-05,53.1600,7.1000,,246006522695.31,0.00
002019,2026-06-05,11.4300,1.3700,,12212556384.38,
002881,2026-06-05,28.5100,4.8800,,13303438978.52,0.00
002887,2026-06-05,9.4800,1.6000,,3815667778.32,0.00
002947,2026-06-05,14.9200,6.9800,,22579725333.59,0.00
300555,2026-06-05,0.0000,6.2100,,2560000000.00,0.00
002975,2026-06-05,41.7900,11.7000,,27539854637.50,0.00
002980,2026-06-05,133.4000,20.9800,,23692195033.01,0.00
003001,2026-06-05,44.8100,2.4800,,2963865632.81,0.00
003019,2026-06-05,24.1100,3.8700,,6678183664.45,0.00
300013,2026-06-05,41.7100,13.7900,,2479113543.75,0.00
300041,2026-06-05,9.0900,2.5200,,7619500443.75,0.00
300042,2026-06-05,16.7200,12.0600,,13693332000.00,0.00
300050,2026-06-05,122.1600,9.4700,,3906550973.44,0.00
300983,2026-06-05,0.0000,2.2000,,6092928000.00,0.00
603968,2026-06-05,0.0000,1.2600,,2214518400.00,
300452,2026-06-05,6.2300,2.8600,,2930703857.42,
000573,2026-06-06,6.6700,1.7000,,2782903354.69,
300455,2026-06-05,536.1200,9.7500,,16271799851.56,
300102,2026-06-05,76.8500,5.2400,,22778262246.09,0.00
000576,2026-06-06,167.7000,1.9600,,3242587249.22,
300136,2026-06-05,98.0900,12.8200,,102881576880.47,0.00
300137,2026-06-05,772.0900,6.1200,,10039452728.13,0.00
300139,2026-06-05,25.7700,9.7100,,11573760000.00,0.00
300159,2026-06-05,27.2600,4.9600,,13852672146.88,0.00
300457,2026-06-05,25.8800,2.3300,,16019804851.17,
300165,2026-06-05,23.7700,2.8300,,2987935664.06,0.00
300458,2026-06-05,15.9000,9.6900,,32273338387.50,
300171,2026-06-05,31.5400,1.0900,,8676830885.94,0.00
300179,2026-06-05,53.7400,18.1500,,23071885546.88,0.00
603982,2026-06-05,0.0000,1.1500,,2450015485.16,
300201,2026-06-05,43.4600,9.9200,,18687487356.25,0.00
000581,2026-06-06,4.8200,0.8900,,18049889077.34,
300225,2026-06-05,25.3900,4.1600,,3651299400.00,0.00
300234,2026-06-05,114.3200,3.9300,,4443000757.81,0.00
300247,2026-06-05,14.1300,2.9000,,3352848103.13,0.00
603811,2026-06-05,7.9500,2.4300,,3521794234.38,
300259,2026-06-05,36.8400,2.3300,,7159185084.38,0.00
300260,2026-06-05,49.6100,12.2000,,26217898971.09,0.00
300265,2026-06-05,280.3700,4.7800,,11250487014.84,0.00
300285,2026-06-05,45.6800,9.0100,,64987606971.88,0.00
603967,2026-06-05,4.3800,1.7500,,4333333984.38,
300302,2026-06-05,29.1400,23.0700,,25405773458.20,0.00
300308,2026-06-05,22.9400,36.8400,,1315582927460.16,0.00
300316,2026-06-05,62.4300,3.7200,,64023108857.03,0.00
300317,2026-06-05,174.2100,3.1600,,4483017562.50,0.00
300323,2026-06-05,56.5600,4.3200,,28662157925.00,0.00
000582,2026-06-06,13.7400,1.5400,,31513898331.25,
600408,2026-06-06,0.0000,3.1200,,3614412000.00,
000589,2026-06-06,3.9400,0.7700,,7103563014.06,
300394,2026-06-05,72.3400,59.4100,,356076477031.25,0.00
300400,2026-06-05,28.2000,10.2200,,7218117573.24,0.00
300402,2026-06-05,26.3600,2.7900,,4242328829.30,0.00
300408,2026-06-05,32.6700,11.5400,,258401336857.81,0.00
300427,2026-06-05,108.8800,3.2200,,3869839578.13,0.00
600409,2026-06-06,0.0000,0.9600,,13170549012.50,
300432,2026-06-05,19.2600,7.9700,,39050925537.50,0.00
000591,2026-06-06,11.2000,0.8600,,20539506068.75,
600410,2026-06-06,0.0000,4.5500,,19627254906.25,
300475,2026-06-05,6.0800,16.4500,,80714234882.81,0.00
300476,2026-06-05,25.8500,16.9900,,333065757070.31,0.00
300480,2026-06-05,40.3500,7.4500,,12720849126.56,0.00
300502,2026-06-05,26.7900,36.4900,,744931505312.50,0.00
300539,2026-06-05,63.7300,5.3400,,6370072706.25,0.00
603969,2026-06-05,10.7900,2.5000,,7076854684.38,
300553,2026-06-05,113.1600,8.8000,,7472951425.29,0.00
300560,2026-06-05,51.7300,4.7100,,4181333406.25,0.00
300567,2026-06-05,123.9400,12.6700,,52936334840.82,0.00
603970,2026-06-05,5.5400,1.8700,,3045505106.45,
300592,2026-06-05,6.4400,1.9200,,4609720921.88,0.00
603976,2026-06-05,49.5200,2.8500,,3380916941.80,
300604,2026-06-05,37.2000,25.7500,,131153355885.94,0.00
603977,2026-06-05,22.9500,2.6500,,9163316503.91,
300613,2026-06-05,16.3900,4.7800,,13942769821.68,0.00
603978,2026-06-05,31.3000,3.4000,,5646772441.41,
603979,2026-06-05,7.4200,3.9000,,44632096242.19,
300626,2026-06-05,106.5300,13.6300,,7254000000.00,0.00
603980,2026-06-05,21.3500,0.9900,,3898560600.00,
300651,2026-06-05,598.8100,3.0000,,3280301267.48,0.00
300672,2026-06-05,118.1500,16.8300,,64913647500.00,0.00
300680,2026-06-05,13.8400,3.9000,,8045144406.25,0.00
300681,2026-06-05,17.5100,3.2200,,9937615362.70,0.00
300687,2026-06-05,33.7800,3.9800,,10663626916.80,0.00
603983,2026-06-05,9.1100,2.6800,,9206960000.00,
300715,2026-06-05,66.5200,5.4900,,9640412460.94,0.00
300720,2026-06-05,216.2500,25.9900,,15303714737.11,0.00
300721,2026-06-05,116.8200,4.5100,,5034418194.14,0.00
300723,2026-06-05,2.8600,8.7700,,16974615893.75,0.00
300726,2026-06-05,32.8900,5.9400,,30892103749.61,0.00
300745,2026-06-05,141.8100,3.4300,,7590549670.90,0.00
603985,2026-06-05,15.8400,3.0900,,10316077382.81,
300750,2026-06-05,8.9900,5.1500,,1864530756562.50,0.00
603987,2026-06-05,5.8600,1.1100,,3166734013.67,
300775,2026-06-05,122.1800,2.2300,,13119322334.38,0.00
300779,2026-06-05,796.8900,7.2000,,16981763778.32,0.00
300806,2026-06-05,247.3100,16.1300,,37660206189.06,0.00
603988,2026-06-05,105.6000,7.1300,,4753392000.00,
300816,2026-06-05,35.0400,7.2800,,6959200000.00,0.00
300819,2026-06-05,91.7400,10.8200,,9537183600.00,0.00
300821,2026-06-05,10.3600,3.9200,,20100000000.00,0.00
300831,2026-06-05,42.9500,6.8800,,6694400000.00,0.00
300836,2026-06-05,91.4300,10.0700,,6451844316.89,0.00
300854,2026-06-05,17.2800,4.5200,,4139845630.37,0.00
300863,2026-06-05,17.6900,11.9600,,17801761634.77,0.00
300865,2026-06-05,23.5700,2.8700,,2502988800.00,0.00
603990,2026-06-05,180.4400,8.2700,,6940365875.78,
300878,2026-06-05,239.1300,4.5700,,4168512815.72,0.00
603991,2026-06-05,31.9400,4.6300,,16275799534.57,
300926,2026-06-05,6.7000,2.4000,,8669027200.00,0.00
603992,2026-06-05,15.2200,3.9600,,14522910101.56,
300941,2026-06-05,1426.8500,2.5100,,3243240000.00,0.00
603995,2026-06-05,5.4800,1.1700,,6910184039.06,
603997,2026-06-05,14.1900,3.4500,,18676846759.38,
300975,2026-06-05,11.9900,11.5900,,30777852000.00,0.00
300979,2026-06-05,10.2900,2.4100,,39502950000.00,0.00
300986,2026-06-05,20.3000,3.5100,,7815146483.59,0.00
002020,2026-06-05,6.6100,1.7900,,10917848512.50,
603998,2026-06-05,4.8100,2.4500,,4250308012.50,
603999,2026-06-05,34.3900,1.5800,,3271680000.00,
605001,2026-06-05,20.3100,0.9100,,2479110758.59,
605003,2026-06-05,19.1700,1.7800,,2624600000.00,
300948,2026-06-05,4512.8900,5.1600,,5022851276.95,0.00
603813,2026-06-05,0.0000,7.4600,,3701778750.00,
300990,2026-06-05,23.3500,6.4900,,13959289525.39,0.00
300996,2026-06-05,77.5500,3.4500,,4563448341.02,0.00
300997,2026-06-05,20.6800,7.1200,,7686409669.53,0.00
301007,2026-06-05,59.8200,8.0600,,5302497200.00,0.00
301018,2026-06-05,128.8800,13.2200,,36481197244.92,0.00
301026,2026-06-05,7.9000,2.9900,,5069832625.00,0.00
301071,2026-06-05,53.4100,3.5700,,19213301532.03,0.00
301092,2026-06-05,35.8100,3.2000,,6332576699.71,0.00
301093,2026-06-05,3313.1200,9.1600,,20196796992.19,0.00
301109,2026-06-05,5.0100,1.4300,,11007958078.13,0.00
301110,2026-06-05,12.6700,3.4600,,5336143985.45,0.00
301119,2026-06-05,13.9000,3.3200,,3545360000.00,0.00
603815,2026-06-05,6.3900,2.3300,,3664031375.00,
301128,2026-06-05,143.8800,22.5200,,21140502843.16,0.00
301139,2026-06-05,83.5300,0.3400,,657752132.23,0.00
301148,2026-06-05,352.4700,3.8400,,6768481487.30,0.00
301150,2026-06-05,18.9800,3.6600,,13445911049.80,0.00
301165,2026-06-05,57.7600,13.8300,,71005452281.25,0.00
603817,2026-06-05,5.1800,1.0700,,3494614824.22,
301176,2026-06-05,74.7900,4.7200,,7023030685.55,0.00
603818,2026-06-05,172.1900,1.0300,,2135151305.47,
301186,2026-06-05,31.7200,3.0800,,5061005275.88,0.00
301189,2026-06-05,72.8500,5.7300,,11922341718.75,0.00
301191,2026-06-05,49.1400,5.5300,,9422191225.39,0.00
301196,2026-06-05,26.3400,5.6200,,18797055175.78,0.00
603819,2026-06-05,39.2500,3.3300,,2704209025.78,
301216,2026-06-05,3.7700,2.1900,,14354090982.03,0.00
301217,2026-06-05,86.7300,16.7700,,92236261053.13,0.00
301222,2026-06-05,18.4700,3.2400,,4761675232.03,0.00
603826,2026-06-05,26.2400,10.4200,,19492200000.00,
301280,2026-06-05,14.2100,4.0500,,8013948864.26,0.00
301309,2026-06-05,9.8100,1.9100,,3194983368.55,0.00
301312,2026-06-05,101.8800,11.8800,,14678368096.88,0.00
603828,2026-06-05,102.5000,6.1000,,3122831423.44,
301319,2026-06-05,73.2000,17.7800,,21779119494.73,0.00
603829,2026-06-05,118.1900,2.5600,,3824044909.57,
301328,2026-06-05,49.5000,4.6100,,9194247070.31,0.00
301338,2026-06-05,42.2500,16.1700,,27454392000.00,0.00
301349,2026-06-05,26.0600,2.9500,,8159463886.33,0.00
603833,2026-06-05,14.2500,1.1900,,22051334640.63,
603836,2026-06-05,21.4200,1.4800,,2581858757.03,
301361,2026-06-05,19.9300,3.3200,,4132254581.25,0.00
301373,2026-06-05,37.5800,8.4600,,14385569850.20,0.00
301377,2026-06-05,62.5100,55.9400,,162882477527.34,0.00
301381,2026-06-05,16.5100,2.5100,,7024207316.41,0.00
301439,2026-06-05,14.2100,2.5800,,7840401207.03,0.00
301456,2026-06-05,22.9500,1.8100,,4066867798.44,0.00
301489,2026-06-05,64.8800,15.7300,,17208162493.46,0.00
301500,2026-06-05,3.5600,2.7800,,14430927159.38,0.00
301502,2026-06-05,50.6600,5.5700,,4662580359.77,0.00
301550,2026-06-05,99.7300,20.9500,,39128496707.81,0.00
301566,2026-06-05,27.6400,9.7900,,14912372800.00,0.00
301587,2026-06-05,24.4400,1.8500,,3683199951.17,0.00
301603,2026-06-05,15.8100,6.6900,,16743374000.00,0.00
301609,2026-06-05,52.2600,5.8500,,7586950400.00,0.00
603839,2026-06-05,8.6300,1.5600,,2623969910.16,
600023,2026-06-05,8.4800,1.0400,,80318307675.00,0.00
600027,2026-06-05,3.3800,1.2100,,60381223500.00,0.00
600032,2026-06-05,87.1300,1.9300,,24744108965.63,0.00
600036,2026-06-05,2.5700,0.8600,,972981620100.00,0.00
603848,2026-06-05,14.4800,2.2600,,5883182801.56,
603855,2026-06-05,6.4900,2.7300,,6125824933.59,
600078,2026-06-05,34.2000,5.5400,,9434771695.31,0.00
600110,2026-06-05,48.8700,3.4700,,19590192784.38,0.00
603856,2026-06-05,7.6500,1.2200,,3412878734.38,
603858,2026-06-05,4.9500,1.5500,,15871254984.38,
603859,2026-06-05,22.6100,3.5100,,11094593505.47,
600183,2026-06-05,28.8100,18.6100,,333663815887.50,0.00
600187,2026-06-05,14.8400,0.8700,,2598187560.94,0.00
600208,2026-06-05,7.7100,0.5800,,24250480781.25,0.00
600226,2026-06-05,28.7400,5.5700,,20642205875.00,0.00
301115,2026-06-05,0.0000,2.5200,,6256360591.80,0.00
000593,2026-06-06,49.4800,8.2000,,7255105446.09,
000595,2026-06-06,408.5400,16.6400,,8050300239.84,
600255,2026-06-05,49.2700,5.5000,,8109600170.31,0.00
600259,2026-06-05,18.4900,8.6300,,31598059581.25,0.00
000596,2026-06-06,2.9000,1.7900,,46633092000.00,
600276,2026-06-05,13.6900,4.9100,,312479376000.00,0.00
600309,2026-06-05,6.1000,2.0400,,226833969418.75,0.00
600312,2026-06-05,6.3000,2.2400,,26120734062.50,0.00
600339,2026-06-05,9.2300,0.7200,,19429353300.00,0.00
600363,2026-06-05,19.7900,3.6100,,16358231095.31,0.00
600378,2026-06-05,19.5200,3.2400,,60113981796.88,0.00
000597,2026-06-06,23.7900,1.1400,,6336271968.75,
000598,2026-06-06,3.8900,1.0100,,20500140112.50,
600388,2026-06-05,8.7200,1.9000,,21298676922.66,0.00
000599,2026-06-06,27.3700,0.7900,,11572920000.00,
600421,2026-06-05,0.9600,5.0700,,70416000.00,0.00
600487,2026-06-05,21.4500,7.3200,,237069617062.50,0.00
000600,2026-06-06,3.4500,1.6600,,20701130625.00,
600497,2026-06-05,6.8100,2.6200,,45061002787.50,0.00
600498,2026-06-05,199.8000,4.3700,,76709300400.00,0.00
000601,2026-06-06,80.3500,2.0500,,8482817196.88,
600509,2026-06-05,6.8000,1.5300,,11916024970.31,0.00
600519,2026-06-05,5.8400,5.8800,,1591178817643.75,0.00
600522,2026-06-05,17.1100,4.1400,,157234592103.13,0.00
000603,2026-06-06,25.8200,5.7300,,20498990131.25,
600549,2026-06-05,8.8500,5.3600,,98001670276.56,0.00
600550,2026-06-05,39.6700,26.4500,,23626809853.13,0.00
600578,2026-06-05,5.1400,2.2500,,56636495775.00,0.00
600584,2026-06-05,46.6400,4.7100,,135369209289.06,0.00
600599,2026-06-05,0.9100,0.6600,,83000000.00,0.00
000605,2026-06-06,11.8500,1.0300,,2204116210.94,
600418,2026-06-06,0.0000,5.9300,,74613295937.50,
600699,2026-06-05,10.1800,2.3400,,40940344500.00,0.00
600707,2026-06-05,759.7600,1.9300,,42020043240.63,0.00
600422,2026-06-06,0.0000,1.2600,,6570549781.25,
600721,2026-06-05,40.9900,3.3700,,2722597129.69,0.00
600726,2026-06-05,12.2900,14.8400,,73933593937.50,0.00
600736,2026-06-05,3.8700,1.1200,,8335360528.13,0.00
000612,2026-06-06,2.6100,1.7300,,13304945025.00,
600425,2026-06-06,0.0000,0.9100,,5857168687.50,
600759,2026-06-05,10.7800,1.3200,,11949147000.00,0.00
002023,2026-06-05,34.4500,2.3600,,8786602379.69,
603822,2026-06-05,0.0000,18.1000,,6030833027.34,
603825,2026-06-05,0.0000,66.1800,,2062159141.80,
603838,2026-06-05,0.0000,3.1400,,2758537886.33,
000617,2026-06-06,5.8900,0.8700,,92666437237.50,
600435,2026-06-06,0.0000,6.1700,,17921440078.13,
603359,2026-06-05,0.0000,0.9100,,1275834604.69,0.00
600769,2026-06-05,126.4600,47.4000,,6007134543.75,0.00
600777,2026-06-05,27.1500,1.7500,,38762825062.50,0.00
603860,2026-06-05,268.8300,2.1800,,1833700000.00,
603861,2026-06-05,28.5600,2.4300,,9724098860.55,
600809,2026-06-05,2.7700,3.3100,,148872233614.06,0.00
600841,2026-06-05,28.4100,1.6000,,10283758935.94,0.00
600863,2026-06-05,7.0300,2.3400,,48813229806.25,0.00
600869,2026-06-05,65.4800,14.7100,,63273748684.38,0.00
600875,2026-06-05,7.1700,2.4300,,113710887075.00,0.00
600900,2026-06-05,9.9900,2.9600,,675567485175.00,0.00
600903,2026-06-05,9.8200,3.2500,,9959081187.50,0.00
600956,2026-06-05,5.5000,1.5900,,39350684050.00,0.00
600971,2026-06-05,32.9500,0.8500,,10056041245.31,0.00
600982,2026-06-05,9.8000,1.5600,,7108110900.00,0.00
600995,2026-06-05,10.6600,2.0900,,48355569834.38,0.00
601016,2026-06-05,14.8500,1.7000,,30300705112.50,0.00
601089,2026-06-05,8.6000,2.1200,,8208000000.00,0.00
601126,2026-06-05,22.1800,11.6100,,60025249023.44,0.00
601168,2026-06-05,4.5900,3.6500,,72752990000.00,0.00
601318,2026-06-05,3.8700,0.9500,,968396720900.00,0.00
601330,2026-06-05,5.7900,1.4500,,11959687987.50,0.00
601566,2026-06-05,9.2600,1.5700,,6430189253.91,0.00
601595,2026-06-05,66.6100,5.1200,,8663706000.00,0.00
601678,2026-06-05,7.5400,0.9400,,11045210662.50,0.00
601838,2026-06-05,2.5600,0.8800,,80699808350.00,0.00
601857,2026-06-05,4.0200,1.2000,,1941852597800.00,0.00
601868,2026-06-05,8.7900,1.0700,,127854134650.00,0.00
601869,2026-06-05,73.8500,25.6900,,365660835855.47,0.00
601888,2026-06-05,5.0600,2.0500,,118849972312.50,0.00
601899,2026-06-05,3.9200,3.9900,,787882885450.00,0.00
601916,2026-06-05,1.4200,0.4600,,84865722150.00,0.00
601991,2026-06-05,5.0700,3.9800,,146758210300.00,0.00
603002,2026-06-05,4054.6000,5.5000,,18995815136.72,0.00
603866,2026-06-05,14.1600,1.4000,,7342711214.06,
603009,2026-06-05,64.1100,8.4800,,17423407175.78,0.00
603022,2026-06-05,15.7400,2.2800,,1946000000.00,0.00
603050,2026-06-05,18.9800,4.1900,,8046218414.06,0.00
600438,2026-06-06,0.0000,1.7500,,61227068250.00,
603082,2026-06-05,32.0800,3.6500,,6098131725.00,0.00
603083,2026-06-05,57.2300,8.9500,,67715928007.81,0.00
603112,2026-06-05,7.7600,2.5200,,11393185671.88,0.00
603115,2026-06-05,63.2500,11.5900,,25081614603.91,0.00
603116,2026-06-05,45.7700,1.6700,,4223551726.56,0.00
688596,2026-06-05,0.0000,3.3200,,12029994486.33,0.00
603162,2026-06-05,7.0800,3.2100,,14885623500.00,0.00
603165,2026-06-05,6.8800,1.9900,,5219436969.92,0.00
600984,2026-06-05,0.0000,3.0800,,5505852309.38,0.00
603186,2026-06-05,62.7000,8.2800,,19388712988.48,0.00
603203,2026-06-05,21.9100,11.2600,,16887106296.09,0.00
603223,2026-06-05,7.1900,1.6400,,6698252559.38,0.00
603255,2026-06-05,35.7800,2.5200,,4000065300.78,0.00
603256,2026-06-05,126.4700,63.9900,,177353210809.38,0.00
603259,2026-06-05,6.1900,3.4200,,288111594025.00,0.00
603269,2026-06-05,30.2800,6.5700,,6783276977.34,0.00
601012,2026-06-05,0.0000,1.9700,,99500009862.50,0.00
603279,2026-06-05,6.5400,1.7400,,8080749569.53,0.00
601279,2026-06-05,0.0000,1.3600,,5629540078.13,0.00
601588,2026-06-05,0.0000,1.0400,,6801380400.00,0.00
603332,2026-06-05,13.3800,1.9600,,2587512596.09,0.00
603336,2026-06-05,182.2800,3.8200,,5484557345.31,0.00
603466,2026-06-05,16.1400,3.3100,,6876115587.50,0.00
603577,2026-06-05,24.5100,1.6900,,3333737368.36,0.00
603601,2026-06-05,131.6700,6.9600,,18837202059.38,0.00
603618,2026-06-05,35.6700,10.6600,,28837277318.75,0.00
603688,2026-06-05,102.3700,6.4300,,37641223764.06,0.00
603739,2026-06-05,17.9400,1.7800,,3205876242.19,0.00
603803,2026-06-05,81.3500,3.6200,,5565975078.13,0.00
603816,2026-06-05,4.5800,2.0500,,22729562572.66,0.00
603823,2026-06-05,28.7200,4.9200,,12332811135.16,0.00
603897,2026-06-05,19.5100,3.4300,,8703329243.75,0.00
603903,2026-06-05,18.3000,2.2100,,3155748923.44,0.00
603931,2026-06-05,39.3300,5.7800,,11530484261.72,0.00
000623,2026-06-06,2.3400,0.6400,,20294344778.91,
603938,2026-06-05,52.0200,7.9600,,20210225677.34,0.00
603958,2026-06-05,25.5100,6.7500,,4391587200.00,0.00
603986,2026-06-05,23.4100,13.5400,,342137981875.00,0.00
603989,2026-06-05,20.5700,3.5800,,14156683066.41,0.00
603993,2026-06-05,5.0100,4.3800,,389162498900.00,0.00
000625,2026-06-06,22.6200,1.0300,,79303395000.00,
000626,2026-06-06,7.0100,1.8600,,4093545465.63,
605111,2026-06-05,26.3900,5.7500,,24953183640.63,0.00
605167,2026-06-05,20.0900,3.1900,,6730176510.94,0.00
605168,2026-06-05,90.4700,3.6400,,9950562031.25,0.00
000628,2026-06-06,1038.2000,8.4500,,18582770000.00,
605222,2026-06-05,12.1500,2.4600,,11581937039.06,0.00
605277,2026-06-05,16.5200,4.2100,,7348045359.38,0.00
605287,2026-06-05,18.2700,3.9000,,6174000000.00,0.00
605298,2026-06-05,131.3000,9.4800,,10143900000.00,0.00
605299,2026-06-05,27.4200,5.2100,,6669306096.88,0.00
605376,2026-06-05,65.1600,26.5100,,46672056000.00,0.00
605389,2026-06-05,42.2200,7.3800,,15914129737.50,0.00
605589,2026-06-05,25.1500,4.0900,,44604674773.44,0.00
688003,2026-06-05,434.6100,10.3300,,20403653320.31,0.00
688006,2026-06-05,14.9200,3.4600,,19112258982.81,0.00
688012,2026-06-05,27.7900,10.6400,,258604539375.00,0.00
688017,2026-06-05,220.7800,20.1900,,72048728378.91,0.00
688019,2026-06-05,23.0000,10.4100,,47773469707.03,0.00
000629,2026-06-06,42.6600,2.4800,,30660128812.50,
000630,2026-06-06,6.5000,2.3200,,87027468412.50,
000631,2026-06-06,105.3200,1.3500,,7452000506.25,
688072,2026-06-05,28.8500,22.6900,,164612138449.22,0.00
688551,2026-06-05,80.7900,4.4800,,5894427946.88,0.00
688584,2026-06-05,136.6600,4.1000,,17151477861.72,0.00
688610,2026-06-05,58.8100,8.7900,,13647600000.00,0.00
002024,2026-06-05,40.3900,0.9500,,11673607050.00,
002025,2026-06-05,56.4900,4.4300,,29507457093.75,
603389,2026-06-05,0.0000,78.9100,,15820297449.61,0.00
603773,2026-06-05,0.0000,28.1800,,29757774046.88,0.00
603778,2026-06-05,0.0000,40.2600,,11372525544.53,0.00
600446,2026-06-06,0.0000,3.3200,,11737605725.00,
000633,2026-06-06,140.4300,10.7400,,2137340554.69,
600448,2026-06-06,0.0000,2.1200,,1933546200.78,
000636,2026-06-06,77.9300,5.5300,,69015837566.41,
603779,2026-06-05,0.0000,5.8700,,2875837156.25,0.00
603843,2026-06-05,0.0000,217.0300,,5617974321.09,0.00
603863,2026-06-05,0.0000,13.4000,,3243702500.00,
688585,2026-06-05,0.0000,53.9400,,70140569273.44,0.00
002026,2026-06-05,8.5300,1.4200,,5467002023.05,
002027,2026-06-05,4.3500,5.0400,,77843458000.00,
002028,2026-06-05,25.2500,8.6200,,138877258496.09,
002029,2026-06-05,11.5000,0.8400,,5731841182.03,
002032,2026-06-05,6.9900,5.2200,,35321293200.00,
002035,2026-06-05,4.2100,1.1100,,4255221040.63,
002040,2026-06-05,8.5100,1.2600,,4362246110.16,
002041,2026-06-05,22.0900,2.0200,,7453600000.00,
002042,2026-06-05,26.0600,1.1200,,6598643856.25,
600449,2026-06-06,0.0000,0.8300,,6149408865.63,
600470,2026-06-06,0.0000,1.8800,,2863584000.00,
688082,2026-06-05,116.1500,8.8300,,121131776406.25,0.00
000650,2026-06-06,5.2700,1.1400,,7391674125.00,
688090,2026-06-05,65.3900,14.5500,,13459487041.21,0.00
002030,2026-06-05,0.0000,1.2100,,8546986710.94,
688099,2026-06-05,23.3100,5.3600,,40381356379.69,0.00
002031,2026-06-05,0.0000,7.5600,,14669968818.75,
002036,2026-06-05,0.0000,9.9600,,9613565535.94,
688112,2026-06-05,29.6200,6.9200,,11356915709.77,0.00
688120,2026-06-05,35.4600,11.3600,,87705694062.50,0.00
002037,2026-06-05,0.0000,3.3800,,3469445367.19,
688146,2026-06-05,120.8000,20.8500,,122352360375.78,0.00
688147,2026-06-05,186.7300,13.2800,,39247130761.72,0.00
688150,2026-06-05,43.6100,10.2800,,20053466464.45,0.00
688158,2026-06-05,622.3400,7.0200,,17056536368.75,0.00
688162,2026-06-05,18.6200,1.6000,,3863500566.02,0.00
002038,2026-06-05,0.0000,1.1300,,5753160000.00,
688168,2026-06-05,49.7800,6.0200,,6022128287.70,0.00
002044,2026-06-05,0.0000,2.6400,,20862974153.13,
002045,2026-06-05,0.0000,1.2100,,5129845743.75,
688175,2026-06-05,116.7100,2.6600,,4607564779.59,0.00
000651,2026-06-06,3.5400,1.4200,,215430060337.50,
000652,2026-06-06,51.0000,0.9900,,5297382079.69,
000655,2026-06-06,12.0500,1.2000,,4232868788.67,
600481,2026-06-06,0.0000,2.3700,,10300265996.88,
000657,2026-06-06,17.3400,14.9500,,159730166687.50,
600491,2026-06-06,0.0000,0.3100,,2126363576.56,
000661,2026-06-06,10.1200,1.2500,,27915163125.00,
600493,2026-06-06,0.0000,1.5400,,1719040000.00,
600500,2026-06-06,0.0000,2.0100,,20453345625.00,
600501,2026-06-06,0.0000,5.3600,,7829183203.13,
000669,2026-06-06,427.0200,47.6400,,2884933431.25,
600503,2026-06-06,0.0000,1.2900,,4438343300.00,
000672,2026-06-06,49.3100,1.7300,,15733288457.81,
002048,2026-06-05,7.7100,1.7500,,21037586281.25,
002049,2026-06-05,19.1000,4.5800,,63841069053.13,
002050,2026-06-05,21.5500,6.1300,,199922748109.38,
002051,2026-06-05,18.4800,1.2500,,14435706381.25,
002052,2026-06-05,109.2800,25.4600,,7087981856.25,
002053,2026-06-05,5.1100,1.3800,,10533145837.50,
002054,2026-06-05,7.7700,1.4000,,3664077859.38,
002057,2026-06-05,10.9700,2.3200,,7584069739.06,
002058,2026-06-05,46.3500,54.9100,,3481490259.96,
002060,2026-06-05,11.7100,0.9000,,13102832006.25,
002061,2026-06-05,4.2900,0.5800,,9360047812.50,
002062,2026-06-05,13.0700,1.9400,,9638340603.13,
002063,2026-06-05,100.3400,2.7200,,10858546125.00,
002065,2026-06-05,37.6600,1.8800,,23335912600.00,
002067,2026-06-05,32.9600,1.0500,,6990807515.63,
000676,2026-06-06,15.7600,1.7000,,7268983792.19,
600518,2026-06-06,0.0000,2.8700,,20881633337.50,
688178,2026-06-05,29.2100,3.5700,,3318314218.75,0.00
688184,2026-06-05,9.4400,1.8000,,1902676710.74,0.00
002046,2026-06-05,0.0000,6.7500,,29426156506.25,
688196,2026-06-05,17.3100,1.6200,,5214822832.03,0.00
002068,2026-06-05,0.0000,3.3900,,7912314721.88,
688208,2026-06-05,10.0200,5.0600,,19502349398.44,0.00
002076,2026-06-05,0.0000,9.2700,,2828267554.69,
002084,2026-06-05,0.0000,1.6400,,2119063987.50,
688218,2026-06-05,134.1800,5.9700,,5092300235.55,0.00
002086,2026-06-05,0.0000,2.9700,,3761177400.00,
002092,2026-06-05,0.0000,0.5500,,11758688671.88,
002093,2026-06-05,0.0000,1.9000,,7294300000.00,
688627,2026-06-05,249.4200,20.8100,,36292069996.88,0.00
688628,2026-06-05,12.8400,6.9600,,9319182292.58,0.00
688630,2026-06-05,46.0600,20.6400,,49929726484.38,0.00
688633,2026-06-05,6.4700,2.4200,,4738611205.08,0.00
688652,2026-06-05,46.4000,9.5900,,21549360000.00,0.00
688663,2026-06-05,298.7100,9.0100,,12502110367.48,0.00
688668,2026-06-05,68.6500,26.8100,,55146977780.57,0.00
688679,2026-06-05,1366.3500,6.6600,,7312728889.16,0.00
688686,2026-06-05,26.4000,5.3900,,16863609310.55,0.00
002100,2026-06-05,0.0000,1.2700,,8737610000.00,
002101,2026-06-05,0.0000,0.7400,,5905752651.56,
688096,2026-06-05,0.0000,3.6800,,3040255826.56,0.00
688697,2026-06-05,14.3500,5.0000,,9562841361.33,0.00
688699,2026-06-05,26.5600,5.1800,,6290191867.68,0.00
688700,2026-06-05,59.1200,13.9600,,26199643468.75,0.00
688719,2026-06-05,0.0000,5.4000,,9090061842.77,0.00
688720,2026-06-05,86.5700,7.8100,,8152330322.27,0.00
688721,2026-06-05,55.8000,4.6600,,5700450000.00,0.00
688757,2026-06-05,229.4800,19.0000,,17011678410.94,0.00
688766,2026-06-05,23.3500,21.7600,,58627444218.75,0.00
688793,2026-06-05,0.0000,7.0100,,1562487379.10,0.00
688800,2026-06-05,44.0300,10.8100,,25937585578.91,0.00
688819,2026-06-05,31.3700,1.3700,,23553983000.00,0.00
688981,2026-06-05,75.0000,6.8000,,1020918466750.00,0.00
002069,2026-06-05,94.2300,86.9200,,2410670315.63,
002073,2026-06-05,19.2500,0.9200,,5849229428.13,
002074,2026-06-05,258.1100,1.8800,,54444578082.81,
002075,2026-06-05,15.6800,1.2200,,8051339470.31,
002077,2026-06-05,25.1800,2.8600,,9668606270.31,
002078,2026-06-05,4.0600,1.1800,,36831971300.00,
002079,2026-06-05,13.1000,3.1100,,11133628782.81,
002080,2026-06-05,20.7400,5.1500,,105268693035.94,
002081,2026-06-05,8.7100,1.1000,,15347771275.00,
002083,2026-06-05,4.9100,1.8100,,8860540893.75,
002085,2026-06-05,10.1300,3.2200,,24630251000.00,
002088,2026-06-05,152.2400,1.7500,,4438510638.67,
002090,2026-06-05,18.4300,2.5700,,4029805720.31,
002091,2026-06-05,6.3700,0.8400,,13493819525.00,
002094,2026-06-05,44.9900,2.3700,,3502850721.09,
002096,2026-06-05,14.0500,1.8600,,15096164307.81,
002097,2026-06-05,49.9400,1.9400,,9069769721.88,
002098,2026-06-05,8.6000,1.7000,,2584760000.00,
002099,2026-06-05,34.1500,1.8300,,9032431443.75,
688107,2026-06-05,0.0000,18.7700,,16943904732.42,0.00
688109,2026-06-05,0.0000,8.6200,,6840357931.05,0.00
002104,2026-06-05,0.0000,3.9300,,8379783272.66,
002109,2026-06-05,0.0000,0.9200,,3599080739.06,
688236,2026-06-05,9.6900,1.9600,,5979833158.59,0.00
688239,2026-06-05,19.2700,5.2500,,10866001289.06,0.00
688256,2026-06-05,80.5600,63.4200,,816278275750.00,0.00
688257,2026-06-05,8.4600,9.8500,,26434720798.83,0.00
688275,2026-06-05,3.8800,2.8200,,15575634267.58,0.00
688291,2026-06-05,9.5200,4.9800,,5047094933.59,0.00
688300,2026-06-05,52.9900,21.3700,,37961372809.18,0.00
688301,2026-06-05,20.4900,5.8900,,36633590683.59,0.00
688307,2026-06-05,56.4100,9.1600,,8405300105.76,0.00
688308,2026-06-05,11.8200,8.5100,,24107825392.38,0.00
688309,2026-06-05,11.8500,6.1900,,5037218397.66,0.00
688313,2026-06-05,61.0000,42.7300,,70866930262.11,0.00
688315,2026-06-05,19.0600,2.1000,,5614538000.00,0.00
002110,2026-06-05,0.0000,0.3800,,7457264087.50,
688350,2026-06-05,24.9700,2.5600,,4761450491.02,0.00
688359,2026-06-05,239.5300,21.2300,,13340598584.96,0.00
002121,2026-06-05,0.0000,32.4300,,11526068028.13,
688368,2026-06-05,84.5700,8.4800,,31086773514.65,0.00
002123,2026-06-05,0.0000,4.2400,,6451434850.78,
688375,2026-06-05,6535.7700,8.6500,,55965797496.09,0.00
000677,2026-06-06,34.9100,3.4200,,1753875276.56,
600530,2026-06-06,0.0000,15.8900,,4998234000.00,
600533,2026-06-06,0.0000,1.7800,,2362500000.00,
000680,2026-06-06,4.8700,2.5300,,16351554953.13,
000682,2026-06-06,7.3100,2.8000,,17228342351.56,
000683,2026-06-06,6.0800,1.9600,,25534632834.38,
000685,2026-06-06,2.7100,0.8300,,15807463879.69,
000686,2026-06-06,4.3900,0.8700,,18021487859.38,
000688,2026-06-06,13.1100,15.4300,,46288745704.69,
000690,2026-06-06,3.7400,0.8900,,11597482040.63,
000691,2026-06-06,121.4700,9.6100,,4368994050.00,
000692,2026-06-06,5.2500,13.9700,,2589568417.97,
688379,2026-06-05,19.1700,5.0600,,7103449756.93,0.00
002124,2026-06-05,0.0000,3.1900,,5288202696.88,
688383,2026-06-05,66.5700,11.3100,,14200016595.70,0.00
002129,2026-06-05,0.0000,1.9000,,38086149187.50,
688401,2026-06-05,20.6900,8.4400,,14118379919.53,0.00
688409,2026-06-05,76.7800,9.8500,,44492429353.52,0.00
688419,2026-06-05,37.4300,5.0900,,5361019523.44,0.00
002146,2026-06-05,0.0000,1.0900,,5522167962.50,
688449,2026-06-05,365.3900,16.8000,,32374800000.00,0.00
002157,2026-06-05,0.0000,2.6900,,28120494000.00,
688498,2026-06-05,91.6300,65.1300,,164430168803.91,0.00
002161,2026-06-05,0.0000,2.9300,,4460737253.91,
002162,2026-06-05,0.0000,4.2600,,3476469543.75,
688510,2026-06-05,35.6700,5.8200,,7147252339.45,0.00
002163,2026-06-05,0.0000,14.0100,,8331284801.56,
688517,2026-06-05,19.1400,3.3800,,2734996326.56,0.00
688519,2026-06-05,36.9200,19.2200,,55429432177.73,0.00
688523,2026-06-05,1602.4000,14.5500,,24449419200.00,0.00
688525,2026-06-05,5.0500,17.2000,,146430219531.25,0.00
688531,2026-06-05,73.2000,9.4500,,32318962682.81,0.00
688536,2026-06-05,38.3800,6.3600,,40456120927.73,0.00
688545,2026-06-05,48.4500,10.2800,,31017600000.00,0.00
688549,2026-06-05,370.4400,7.8500,,23621642240.63,0.00
002102,2026-06-05,23.7000,1.8100,,5619672651.56,
002103,2026-06-05,17.6000,2.8500,,3579629152.34,
002106,2026-06-05,27.3500,1.7000,,9542634643.75,
002107,2026-06-05,9.8000,5.3100,,3590243770.31,
002108,2026-06-05,17.7100,1.5500,,7830841835.94,
002111,2026-06-05,6.9000,1.7300,,5330744114.06,
002112,2026-06-05,24.6700,6.0100,,5197300222.85,
002115,2026-06-05,46.1600,4.8300,,9975193335.94,
002116,2026-06-05,10.1600,1.4900,,4182831032.03,
002117,2026-06-05,9.7400,3.2600,,4833943892.58,
002119,2026-06-05,36.5900,6.6200,,9318301332.03,
002120,2026-06-05,4.0100,0.9200,,19540616425.00,
002125,2026-06-05,11.9600,3.1400,,10689089749.22,
002126,2026-06-05,19.8000,5.6700,,42391113053.13,
002127,2026-06-05,21.9600,1.8400,,7168221768.75,
002128,2026-06-05,4.2800,1.6400,,85707668000.00,
002130,2026-06-05,12.4400,3.1500,,28781683787.50,
002131,2026-06-05,121.3000,2.9400,,37921961000.00,
002132,2026-06-05,14.5000,2.3200,,8213051868.75,
002134,2026-06-05,56.7700,12.7800,,6580460468.75,
002137,2026-06-05,44.6800,3.8900,,5977174728.52,
002138,2026-06-05,25.2100,7.0600,,44839368309.38,
002139,2026-06-05,24.3200,1.8000,,12617970200.00,
002140,2026-06-05,5.0100,1.4600,,7129700035.94,
002141,2026-06-05,32.6100,4.0200,,3243418353.13,
002142,2026-06-05,2.4700,0.8700,,201805729500.00,
002145,2026-06-05,16.1200,1.3800,,16749357625.00,
002148,2026-06-05,152.2000,3.0200,,3676583482.03,
002149,2026-06-05,345.0500,8.5200,,31733929296.88,
002150,2026-06-05,65.2500,4.5400,,9819239750.39,
002151,2026-06-05,139.9400,3.9200,,18969306791.41,
002152,2026-06-05,11.1600,1.9900,,25256004792.19,
002154,2026-06-05,2.4800,1.2000,,5866521675.00,
002155,2026-06-05,6.4200,4.3900,,38206823062.50,
002156,2026-06-05,30.8300,6.4800,,101436175125.00,
002158,2026-06-05,12.5400,3.4200,,15244984135.55,
002159,2026-06-05,12.4000,1.7300,,2563776922.27,
002160,2026-06-05,35.6800,1.2000,,4533909344.53,
002164,2026-06-05,32.5800,4.4600,,7093875566.80,
002166,2026-06-05,13.4300,1.7900,,5710393390.63,
002167,2026-06-05,52.2300,5.9400,,10574290289.06,
600538,2026-06-06,0.0000,4.7800,,3255272054.30,
002170,2026-06-05,4.0900,2.7700,,11197858834.38,
002171,2026-06-05,14.8800,2.3400,,20854750890.63,
002172,2026-06-05,47.6800,13.7600,,2496287185.94,
000697,2026-06-06,1274.4800,4.6100,,15538462570.31,
000698,2026-06-06,34.3300,2.0300,,2827324593.75,
002177,2026-06-05,50.0700,2.9100,,4993415112.50,
000700,2026-06-06,9.7600,4.0000,,15872486103.91,
002179,2026-06-05,20.0800,3.2400,,79996410950.00,
002180,2026-06-05,33.5500,2.3700,,21655215742.19,
002181,2026-06-05,99.7200,4.1100,,17462315375.00,
002182,2026-06-05,272.8400,2.6300,,13885081875.00,
002183,2026-06-05,108.2700,2.0100,,18205033528.13,
002184,2026-06-05,135.1000,3.2500,,4134923681.64,
002185,2026-06-05,69.2400,3.3000,,60087501400.00,
002186,2026-06-05,42.5000,3.3800,,2881993838.67,
002187,2026-06-05,16.1100,0.9700,,3889965082.03,
000701,2026-06-06,35.3000,0.0000,,3796018550.00,
600543,2026-06-06,0.0000,2.0800,,1438617600.00,
002191,2026-06-05,14.9800,0.9000,,5472098367.19,
002192,2026-06-05,7.1700,5.1500,,19938922448.05,
000703,2026-06-06,2.5600,1.9300,,50973257225.00,
600536,2026-06-06,0.0000,9.6900,,34083209531.25,
002195,2026-06-05,199.4700,4.2400,,42018812550.00,
002196,2026-06-05,58.3400,4.7600,,6783527784.38,
002197,2026-06-05,225.0200,2.2800,,4024076933.59,
002198,2026-06-05,15.9700,2.7200,,1989438434.38,
002201,2026-06-05,44.0000,5.8100,,6887795575.39,
002202,2026-06-05,10.7100,2.4400,,97147141250.00,
002204,2026-06-05,5.3600,1.3900,,11163318600.00,
000708,2026-06-06,4.5300,1.5400,,68489939996.88,
002206,2026-06-05,5.0600,1.5100,,6229430525.00,
000709,2026-06-06,6.9800,0.4300,,22534924325.00,
002210,2026-06-05,61.0100,7.5600,,7078879281.25,
002211,2026-06-05,85.0200,33.6600,,1630433695.31,
002213,2026-06-05,57.3900,16.2500,,8967429912.50,
600545,2026-06-06,0.0000,4.6600,,12211440240.63,
002215,2026-06-05,1.1900,1.8300,,8931194732.03,
002217,2026-06-05,2295.5100,10.1600,,18997672825.00,
000711,2026-06-06,182.5700,25.6700,,16979302578.13,
002219,2026-06-05,36.4300,3.7100,,7456151250.00,
002221,2026-06-05,6.5500,1.0500,,10528533787.50,
002222,2026-06-05,68.0400,24.2800,,44391600000.00,
600561,2026-06-06,0.0000,1.8400,,1672723565.63,
002225,2026-06-05,23.9800,1.1000,,4532624734.38,
002226,2026-06-05,10.0900,1.4000,,13562484800.00,
600567,2026-06-06,0.0000,0.5800,,8515061718.75,
002228,2026-06-05,9.9600,1.3500,,4052707987.50,
000715,2026-06-06,13.5600,1.3800,,2799451276.56,
000716,2026-06-06,12.2000,1.5900,,4012872053.13,
002232,2026-06-05,9165.0600,4.3700,,6177251784.38,
002233,2026-06-05,6.3700,0.7700,,9369720740.63,
002236,2026-06-05,7.9300,1.4500,,55315916212.50,
002237,2026-06-05,10.4000,1.4100,,18961408415.63,
600568,2026-06-06,0.0000,3.3800,,5460462943.75,
002239,2026-06-05,22.0500,1.4900,,9139127562.50,
002240,2026-06-05,8.5900,3.7100,,39861049617.19,
002241,2026-06-05,17.5200,2.3600,,88120524675.00,
000718,2026-06-06,140.3300,0.7600,,6979663375.00,
002244,2026-06-05,3.6800,0.9900,,29869860000.00,
002245,2026-06-05,17.9300,4.4800,,35109068762.50,
002246,2026-06-05,16.0100,3.7000,,11579144030.86,
002248,2026-06-05,38.1300,27.0200,,3099555703.13,
002249,2026-06-05,6.9100,2.0400,,20663016425.00,
002250,2026-06-05,12.4100,1.8500,,12643218503.91,
002252,2026-06-05,10.9100,1.0600,,34451142150.00,
002254,2026-06-05,84.2800,1.8800,,13310098121.88,
002255,2026-06-05,7.5700,1.7000,,7835208714.06,
002256,2026-06-05,78.4200,6.8000,,8407791506.25,
002261,2026-06-05,58.2100,13.7300,,35770497286.72,
002262,2026-06-05,6.1800,2.3400,,19624996387.50,
002263,2026-06-05,166.5100,2.5900,,7194119398.44,
002264,2026-06-05,5.7000,2.2900,,4772349105.47,
002265,2026-06-05,59.7300,5.2800,,20598825389.06,
002266,2026-06-05,4.2800,2.0400,,25783199975.00,
002267,2026-06-05,2.2200,1.1700,,8229358468.75,
000719,2026-06-06,12.2100,1.1000,,13567682760.94,
002269,2026-06-05,250.6400,18.2400,,3894375000.00,
002270,2026-06-05,11.3200,5.9100,,18453282401.56,
002271,2026-06-05,7.6100,1.4900,,30599244998.44,
600569,2026-06-06,0.0000,3.7500,,5457600375.00,
002274,2026-06-05,10.9700,1.0100,,5314194520.31,
002275,2026-06-05,6.1800,2.3100,,7679521520.31,
002276,2026-06-05,18.6300,1.9200,,11779029210.94,
600571,2026-06-06,0.0000,4.5500,,5255407029.69,
002281,2026-06-05,76.5100,17.7500,,183583274296.88,
002282,2026-06-05,9.1600,0.9100,,3298008374.22,
002283,2026-06-05,8.3700,1.9500,,12169402762.50,
000722,2026-06-06,65.9300,2.2100,,8627457550.78,
002287,2026-06-05,12.3600,2.3300,,11762750256.25,
002289,2026-06-05,22.4200,41.6100,,11041995441.41,
002291,2026-06-05,2.3600,1.8000,,5367648442.19,
002294,2026-06-05,15.9700,3.9300,,35986278637.50,
002296,2026-06-05,4.6800,1.5800,,3962032572.66,
002297,2026-06-05,8.8500,5.1800,,11714262207.81,
002298,2026-06-05,15.1100,3.4800,,6490772921.88,
002299,2026-06-05,8.0000,1.7600,,20237858781.25,
002300,2026-06-05,36.9100,3.1200,,5944806119.53,
002301,2026-06-05,12.6300,1.7300,,5395383606.25,
600579,2026-06-06,0.0000,2.1500,,3262700647.66,
002303,2026-06-05,8.1100,1.1100,,4976802187.50,
002304,2026-06-05,2.6700,1.3200,,65229068500.00,
002305,2026-06-05,24.6000,15.5600,,3884643350.00,
000725,2026-06-06,13.9500,1.7500,,238195025825.00,
000726,2026-06-06,5.1900,0.5000,,4864277468.75,
002309,2026-06-05,66.2600,5.5200,,10346368675.00,
600586,2026-06-06,0.0000,1.4700,,7426849318.75,
002311,2026-06-05,8.1800,2.8800,,72544893757.81,
002312,2026-06-05,17.9500,1.6800,,16272053465.63,
002313,2026-06-05,34.4000,44.2000,,3392064000.00,
000728,2026-06-06,5.5600,0.7700,,30110066906.25,
002315,2026-06-05,11.0700,3.7700,,10846293621.09,
002316,2026-06-05,133.7600,24.4200,,1910563200.00,
002318,2026-06-05,5.6600,2.4500,,22338122273.44,
002319,2026-06-05,47.6400,14.0600,,2511575275.00,
002320,2026-06-05,13.2200,3.9200,,16142461334.38,
000729,2026-06-06,12.6800,2.1300,,33568803956.25,
002322,2026-06-05,17.5300,1.4300,,4053705606.64,
600588,2026-06-06,0.0000,5.3100,,36596043225.00,
002324,2026-06-05,28.5600,2.9000,,13581626566.41,
002326,2026-06-05,19.3600,7.2900,,20260297382.81,
002328,2026-06-05,6.3100,1.9400,,6621786600.00,
002329,2026-06-05,72.7800,5.9400,,2963358184.38,
002330,2026-06-05,27.4100,1.0900,,2515848637.50,
000733,2026-06-06,195.3300,1.9700,,31072279046.48,
002332,2026-06-05,8.7900,1.3600,,8249967745.31,
002333,2026-06-05,32.1200,1.7400,,3354376085.16,
600589,2026-06-06,0.0000,25.2900,,15692960248.44,
002335,2026-06-05,36.8900,4.4400,,28780463542.97,
002337,2026-06-05,41.5400,2.3200,,3096118598.44,
002338,2026-06-05,41.0700,8.8300,,12770400000.00,
000736,2026-06-06,103.1000,2.9200,,3541246593.75,
002340,2026-06-05,7.0300,1.6800,,36736989750.00,
002342,2026-06-05,287.1100,4.3600,,10656000000.00,
000737,2026-06-06,4.2900,3.5500,,26399369390.63,
002344,2026-06-05,13.4600,0.5900,,5015032592.19,
002345,2026-06-05,3.0200,1.9800,,7961074100.00,
002346,2026-06-05,1173.9800,2.7200,,7882120722.66,
002212,2026-06-05,0.0000,0.8000,,7654655851.56,
000738,2026-06-06,19.5400,1.9600,,24738612215.63,
000739,2026-06-06,7.5000,2.8500,,18685695167.19,
002349,2026-06-05,8.4500,1.9700,,5568559484.38,
002352,2026-06-05,6.9600,1.7500,,175674540693.75,
002353,2026-06-05,26.3500,6.6000,,154991311818.75,
000750,2026-06-06,8.9300,1.0000,,22926366006.25,
000751,2026-06-06,11.0200,2.2000,,8126622043.75,
002357,2026-06-05,4.9900,1.8500,,3272825200.78,
002358,2026-06-05,10.9100,1.7300,,5801683875.00,
000752,2026-06-06,31.4400,3.8300,,2376464049.80,
000753,2026-06-06,26.4000,1.8900,,5185446120.31,
000755,2026-06-06,6.5100,1.3000,,7321877679.69,
002363,2026-06-05,16.7200,1.3400,,2930774046.88,
002364,2026-06-05,119.6700,11.9300,,29840766750.00,
002365,2026-06-05,43.6100,1.6900,,3374114625.00,
002366,2026-06-05,129.5000,2.8100,,13068288481.25,
002367,2026-06-05,12.2400,1.2300,,4507261898.44,
000756,2026-06-06,10.6000,1.6600,,8896647496.88,
000757,2026-06-06,25.6800,1.3200,,2125537214.06,
000758,2026-06-06,5.1500,2.1500,,13375756800.00,
002371,2026-06-05,26.7500,11.1300,,437334984337.50,
002372,2026-06-05,12.5900,3.0100,,15044758804.69,
600592,2026-06-06,0.0000,3.2000,,8274754926.56,
002376,2026-06-05,55.6700,1.3700,,5228128628.91,
002378,2026-06-05,9.3500,13.1100,,35670092533.59,
002380,2026-06-05,12.0900,3.7900,,9218077416.02,
002381,2026-06-05,13.6800,1.0900,,2350109755.47,
002383,2026-06-05,1371.5600,3.8700,,5804424850.00,
600594,2026-06-06,0.0000,1.2700,,2732149605.47,
002386,2026-06-05,9.8300,0.9800,,7523520292.19,
002388,2026-06-05,62.1500,2.9800,,2854799680.08,
002389,2026-06-05,18.4400,2.3000,,18644460175.78,
002390,2026-06-05,11.8300,0.8400,,5753801550.00,
002392,2026-06-05,7.3200,1.6000,,9547737318.75,
002393,2026-06-05,8.5800,0.9700,,4449084468.75,
002394,2026-06-05,28.7300,0.7400,,3217578000.00,
002395,2026-06-05,13.9000,2.7100,,4205517181.25,
002396,2026-06-05,43.5600,2.3100,,16215019275.00,
002398,2026-06-05,10.9100,0.8500,,3071368437.50,
002399,2026-06-05,7.5300,1.1600,,14130062887.50,
002400,2026-06-05,84.7300,2.5900,,12970428675.00,
002401,2026-06-05,64.7200,2.8400,,4723905344.14,
002402,2026-06-05,13.9000,3.4300,,23620304209.38,
002404,2026-06-05,7.3600,1.9500,,4043571717.19,
000762,2026-06-06,76.7800,4.9500,,14577732119.53,
002406,2026-06-05,13.0900,1.4300,,5892916380.47,
002407,2026-06-05,10.5200,4.5100,,39522361593.75,
000766,2026-06-06,261.4900,10.2900,,23872418781.25,
002409,2026-06-05,20.5200,6.7600,,54731684960.94,
002410,2026-06-05,45.7400,2.5700,,15643913231.25,
002412,2026-06-05,8.4600,1.3400,,3250672000.00,
000767,2026-06-06,26.1300,2.7200,,16430871281.25,
002414,2026-06-05,14.6200,7.2300,,53512325212.50,
002416,2026-06-05,10.1900,2.1800,,13037244503.13,
002419,2026-06-05,3.7800,1.3500,,5598780647.66,
002420,2026-06-05,12.7800,3.0000,,2381369100.00,
000768,2026-06-06,23.7500,2.6000,,58476228300.00,
002422,2026-06-05,12.1400,2.2400,,55056939062.50,
002424,2026-06-05,22.7600,2.0100,,6414976828.13,
002425,2026-06-05,24.1300,1.1500,,2860428583.59,
000776,2026-06-06,3.1300,1.0700,,147185346206.25,
002428,2026-06-05,613.1700,38.0000,,55841760000.00,
002430,2026-06-05,9.2300,2.4300,,24458970703.13,
600604,2026-06-06,0.0000,1.3200,,7942812537.50,
002434,2026-06-05,13.3300,1.6200,,9581980000.00,
002436,2026-06-05,343.6600,12.0700,,64417629203.13,
002437,2026-06-05,6.6200,2.6300,,6288228112.50,
002438,2026-06-05,10.0900,2.2700,,8628137500.00,
002439,2026-06-05,34.2700,1.5300,,16693095229.69,
002441,2026-06-05,5.0900,1.0700,,4873665164.06,
002442,2026-06-05,31.2800,1.5000,,2763061456.64,
002443,2026-06-05,14.1900,1.6200,,5663426325.00,
002444,2026-06-05,7.3400,1.9800,,37829124692.97,
002445,2026-06-05,31.8600,3.6700,,8389424475.00,
002446,2026-06-05,38.8700,3.8200,,9721714767.19,
002448,2026-06-05,3.8800,1.9600,,7696397690.63,
002451,2026-06-05,60.8500,4.6900,,3622307400.00,
002452,2026-06-05,12.3500,2.5200,,6991142872.66,
002454,2026-06-05,6.9700,1.2200,,4975556982.81,
002455,2026-06-05,32.0300,2.1700,,5938641750.00,
000778,2026-06-06,8.4800,0.6300,,16724628831.25,
000779,2026-06-06,6.0000,0.8800,,3495517781.25,
002458,2026-06-05,10.8300,2.5200,,11177617085.94,
600608,2026-06-06,0.0000,16.5600,,680743110.94,
002460,2026-06-05,7.4900,2.9600,,137647985718.75,
002461,2026-06-05,11.6200,1.8600,,20805287312.50,
002463,2026-06-05,20.6400,15.2700,,256363717959.38,
002465,2026-06-05,678.0100,3.4600,,39510795787.50,
000783,2026-06-06,2.7900,1.1300,,41475548437.50,
002468,2026-06-05,4.6400,1.8700,,21278150406.25,
000785,2026-06-06,24.7700,0.8000,,15380810412.50,
002470,2026-06-05,64.6200,3.4700,,7393562578.13,
000786,2026-06-06,4.6500,1.3400,,37347059896.88,
002472,2026-06-05,12.8200,3.5300,,36427055540.63,
000788,2026-06-06,11.4400,2.0700,,3087214642.97,
002476,2026-06-05,26.3500,3.3300,,3206880000.00,
002478,2026-06-05,9.5900,1.0600,,6413726037.50,
002479,2026-06-05,4.4700,1.0800,,4619100000.00,
600611,2026-06-06,0.0000,1.0600,,10142086865.63,
002481,2026-06-05,33.2800,2.0500,,4984133796.88,
000790,2026-06-06,98.8300,3.3200,,2388845355.86,
002483,2026-06-05,7.4200,1.1000,,5079464146.88,
000791,2026-06-06,6.1300,1.9200,,29843325125.00,
002487,2026-06-05,10.6200,4.6600,,46142618972.66,
002489,2026-06-05,5.1100,1.7200,,7916909312.50,
002490,2026-06-05,106.8800,11.8500,,5967906312.50,
002491,2026-06-05,59.5400,12.1100,,30528464265.63,
002492,2026-06-05,12.4400,1.5000,,2442150000.00,
002493,2026-06-05,4.0600,2.4600,,114179327775.00,
002494,2026-06-05,23.7300,1.5700,,1980881191.41,
002495,2026-06-05,92.3200,2.0500,,2264214012.50,
002497,2026-06-05,7.2100,2.2100,,24434325000.00,
002498,2026-06-05,16.5300,3.0100,,26514563621.88,
002500,2026-06-05,7.1200,0.9700,,18164244106.25,
000792,2026-06-06,5.1500,3.4900,,155836810125.00,
600615,2026-06-06,0.0000,3.1300,,2256246093.75,
002510,2026-06-05,43.5500,2.5200,,6395373632.81,
002512,2026-06-05,12.9800,14.6900,,4729367053.13,
002516,2026-06-05,16.2900,2.3300,,8913282825.00,
002517,2026-06-05,4.1700,3.1400,,32516666740.63,
002519,2026-06-05,465.0700,3.3600,,7456972806.25,
002520,2026-06-05,14.0900,16.0800,,4764057238.28,
002522,2026-06-05,43.2000,2.8300,,6603131643.75,
002523,2026-06-05,27.5000,2.0200,,4986575550.00,
000795,2026-06-06,15.0400,3.8400,,10429893375.00,
002526,2026-06-05,53.1700,1.6500,,5348381718.75,
000796,2026-06-06,259.8000,8.0200,,7281201634.38,
600620,2026-06-06,0.0000,2.2700,,3234249185.16,
002532,2026-06-05,2.8800,2.0400,,63922864875.00,
002533,2026-06-05,6.6500,1.9400,,8748577837.50,
002535,2026-06-05,40.1800,3.5600,,2116443037.50,
002536,2026-06-05,39.3100,6.4700,,22732782283.20,
002537,2026-06-05,13.8700,1.6400,,7208462653.13,
002538,2026-06-05,7.3600,0.9600,,5087192456.25,
002539,2026-06-05,4.7500,1.4800,,14420222507.81,
002540,2026-06-05,16.8500,1.2000,,6681108459.38,
002541,2026-06-05,8.6100,1.2900,,12703239434.38,
002543,2026-06-05,6.8500,1.1300,,5450588000.00,
600622,2026-06-06,0.0000,1.8800,,3764210526.56,
002545,2026-06-05,6.4200,2.5300,,25801848148.44,
002546,2026-06-05,6.5300,1.5300,,5955110306.25,
000799,2026-06-06,43.5900,3.8400,,14462589963.87,
002549,2026-06-05,103.6000,5.3600,,11118612771.09,
002550,2026-06-05,9.1200,2.7200,,7755588000.00,
002553,2026-06-05,2514.5900,4.1400,,6502736812.50,
000800,2026-06-06,30.2800,1.1400,,30069026528.13,
002555,2026-06-05,4.9400,2.9800,,43138634296.88,
002556,2026-06-05,9.1100,1.3400,,4884032718.75,
002557,2026-06-05,6.3900,1.9700,,10754481452.34,
002558,2026-06-05,4.5400,3.0000,,49015494785.94,
002559,2026-06-05,17.0000,3.0800,,5464664100.00,
002560,2026-06-05,22.1000,2.3200,,6389509878.13,
002562,2026-06-05,15.9000,1.5200,,5599827953.13,
002564,2026-06-05,133.8300,22.9900,,4363235018.75,
002565,2026-06-05,81.3700,8.8500,,16260229821.88,
000801,2026-06-06,85.3100,4.0600,,12643080084.38,
002568,2026-06-05,8.8500,3.8000,,19145043089.06,
600624,2026-06-06,0.0000,6.4200,,2730975065.63,
000803,2026-06-06,7.9600,2.3400,,3483232695.70,
002573,2026-06-05,22.1100,0.8700,,4769449895.31,
002574,2026-06-05,20.9700,0.9500,,2581920000.00,
000807,2026-06-06,2.6600,2.6900,,95854345300.00,
002576,2026-06-05,12.2400,2.0400,,2682875000.00,
002577,2026-06-05,104.7500,4.3300,,5032735980.08,
002578,2026-06-05,34.7500,2.4300,,3660657914.06,
002579,2026-06-05,203.7400,4.7700,,11449841517.19,
002580,2026-06-05,16.2700,4.1100,,9917037308.59,
000809,2026-06-06,98.3200,1.2400,,3282669485.94,
002582,2026-06-05,0.3900,0.8500,,4324858223.44,
000810,2026-06-06,15.4000,1.9400,,12767169703.13,
002584,2026-06-05,36.8800,2.0200,,4418383867.19,
000811,2026-06-06,26.2800,4.7200,,30806516150.00,
002587,2026-06-05,30.3300,3.4300,,4614253916.02,
002588,2026-06-05,3.0000,1.3000,,10240320157.81,
002589,2026-06-05,41.6400,0.8100,,4318519045.31,
002591,2026-06-05,36.6500,3.5600,,2278514145.70,
002592,2026-06-05,8.1800,2.0400,,1980485027.93,
002593,2026-06-05,11.7900,1.5400,,3802248192.19,
002595,2026-06-05,11.4300,4.7000,,58916400000.00,
000812,2026-06-06,29.0500,1.8900,,2768172089.06,
002597,2026-06-05,11.3700,1.3800,,10911741750.00,
002598,2026-06-05,12.9200,1.7700,,2221813800.00,
600626,2026-06-06,0.0000,1.4600,,4675436193.75,
002600,2026-06-05,28.1400,4.5200,,110207637150.00,
002601,2026-06-05,17.7600,1.4500,,33212576381.25,
002602,2026-06-05,5.4300,3.4100,,110117996550.00,
002603,2026-06-05,6.2900,2.2600,,25728861812.50,
002605,2026-06-05,5.7300,2.0600,,8017021500.00,
002606,2026-06-05,10.2400,3.0900,,6094336059.38,
002608,2026-06-05,4.7600,1.0400,,37138523328.13,
002609,2026-06-05,268.4500,2.0700,,4960913063.67,
000815,2026-06-06,49.1400,7.7500,,10908675979.69,
002613,2026-06-05,316.6900,2.4700,,5458820612.50,
600636,2026-06-06,0.0000,0.4800,,837796282.03,
002615,2026-06-05,374.4400,1.5800,,4523278687.50,
002616,2026-06-05,4.8300,1.2900,,4803019710.94,
002617,2026-06-05,23.1000,2.5400,,16380712115.63,
000818,2026-06-06,55.9500,4.1400,,9042000000.00,
002625,2026-06-05,45.8700,8.2600,,80797042968.75,
002626,2026-06-05,13.7400,2.0500,,9014852578.91,
002627,2026-06-05,36.2600,1.6600,,5144669984.38,
000819,2026-06-06,190.4000,2.5600,,5331949822.27,
600641,2026-06-06,0.0000,2.9400,,24334454593.75,
002632,2026-06-05,15.9800,2.9400,,6552044575.39,
002633,2026-06-05,49.6500,6.0100,,2583000000.00,
002635,2026-06-05,33.3700,1.9900,,11643471964.84,
002637,2026-06-05,6.0900,1.6300,,6157549294.53,
000821,2026-06-06,25.0100,1.4300,,5954683132.81,
002642,2026-06-05,617.2200,4.2400,,5034626178.13,
002643,2026-06-05,15.0300,1.8600,,13198119000.00,
002646,2026-06-05,7.1800,1.2100,,3483115216.80,
002648,2026-06-05,3.8100,2.2800,,80746435631.25,
002650,2026-06-05,24.3500,4.7300,,8236703681.25,
002651,2026-06-05,26.7700,3.0100,,8433033600.00,
600644,2026-06-06,0.0000,3.1400,,6494542373.44,
002653,2026-06-05,9.6100,11.0000,,53285696953.13,
000823,2026-06-06,30.1300,1.9700,,9941850696.09,
000825,2026-06-06,108.6800,0.6700,,21930552875.00,
002658,2026-06-05,35.1100,1.8600,,5003438270.70,
000828,2026-06-06,3.6400,0.9900,,10343194460.94,
002661,2026-06-05,7.5800,1.1200,,2571823007.81,
002662,2026-06-05,24.1900,1.1300,,5040000000.00,
600657,2026-06-06,0.0000,0.5100,,7871185350.00,
002666,2026-06-05,11.3700,1.0100,,3561756821.88,
002667,2026-06-05,36.2100,0.0000,,6045722890.63,
002668,2026-06-05,3.3800,2.6900,,10353263929.69,
002669,2026-06-05,73.4600,1.8200,,5042508000.00,
000830,2026-06-06,5.4300,1.2300,,23784945090.63,
000831,2026-06-06,41.6100,11.6500,,57645512837.50,
002674,2026-06-05,19.2800,1.7800,,4356420242.97,
002675,2026-06-05,30.9500,2.4100,,10348676074.22,
002676,2026-06-05,15.4000,3.0100,,4046400000.00,
000833,2026-06-06,8.0100,4.1600,,17268829496.88,
000837,2026-06-06,50.6800,2.5000,,12298214168.75,
600658,2026-06-06,0.0000,1.2500,,5056004553.13,
002683,2026-06-05,23.2600,3.4300,,24073159275.00,
002685,2026-06-05,13.5000,4.4300,,7305757031.25,
002686,2026-06-05,215.4300,2.1800,,3510682429.69,
002687,2026-06-05,19.9500,1.4100,,2210934175.78,
002688,2026-06-05,6.4100,1.7500,,3993727706.25,
000848,2026-06-06,3.2600,2.1800,,8088600619.53,
002690,2026-06-05,11.4100,4.3700,,13233433593.75,
002693,2026-06-05,111.3600,9.2300,,3840027591.41,
002698,2026-06-05,16.2600,3.0200,,12751342684.38,
002701,2026-06-05,2.3900,1.2100,,12363643064.06,
002702,2026-06-05,25.4000,2.8000,,2906624800.00,
002703,2026-06-05,32.9300,6.5200,,13787319390.63,
002706,2026-06-05,25.1100,3.2800,,14185068750.00,
002707,2026-06-05,54.9300,6.0400,,5434413950.00,
002708,2026-06-05,27.8100,5.0400,,8914874403.91,
002709,2026-06-05,5.9900,5.1900,,99114870765.63,
600653,2026-06-06,0.0000,5.3300,,3328310334.38,
000858,2026-06-06,3.9000,2.4600,,314720786775.00,
002715,2026-06-05,32.5700,4.6300,,2155560000.00,
002716,2026-06-05,16.4800,6.3100,,25633645850.00,
600665,2026-06-06,0.0000,2.1400,,3033069975.00,
002721,2026-06-05,20.2800,3.1900,,6861197175.00,
002722,2026-06-05,7.1800,0.9900,,2959771216.02,
000860,2026-06-06,6.9000,1.1600,,7981413256.25,
000862,2026-06-06,11.1700,1.4300,,6196194140.63,
002729,2026-06-05,34.2700,5.8000,,3287969145.12,
002732,2026-06-05,4504.3400,1.4800,,2229649500.00,
002733,2026-06-05,61.6800,4.8000,,13047937420.31,
002734,2026-06-05,6.2400,2.0100,,8246300430.47,
002735,2026-06-05,67.1000,4.3300,,6765834972.66,
002736,2026-06-05,4.8700,1.0200,,102519848681.25,
002737,2026-06-05,6.7600,1.8900,,7457680000.00,
002738,2026-06-05,8.3000,3.3000,,42113480743.75,
002741,2026-06-05,31.6200,6.5600,,13011324085.16,
600666,2026-06-06,0.0000,11.6300,,12739201925.00,
000868,2026-06-06,191.9000,4.4300,,3551365814.06,
002745,2026-06-05,3.5700,1.2600,,14930714046.88,
002747,2026-06-05,30.6800,9.2700,,30021107531.25,
002748,2026-06-05,6.6900,1.8000,,2575200000.00,
002753,2026-06-05,210.4700,1.0600,,2807850162.11,
002755,2026-06-05,14.2000,3.6300,,11991831237.50,
002756,2026-06-05,6.5000,2.4100,,31780032503.91,
002757,2026-06-05,15.2200,3.2100,,6609348448.05,
002759,2026-06-05,6.8000,3.8500,,13411985009.77,
002760,2026-06-05,30.4600,2.4200,,2029107695.02,
002761,2026-06-05,3.3900,1.1400,,9896791739.06,
000869,2026-06-06,7.9000,1.1200,,11738310585.94,
002767,2026-06-05,835.3900,3.2300,,2781000000.00,
002768,2026-06-05,7.5700,2.8200,,19421587500.00,
002769,2026-06-05,80.1900,2.5400,,2990277242.58,
000875,2026-06-06,8.4700,1.3200,,23214532000.00,
002773,2026-06-05,6.3900,2.0500,,19651890578.91,
600668,2026-06-06,0.0000,0.5800,,3195850535.16,
002777,2026-06-05,47.6300,3.2900,,5588683673.44,
002782,2026-06-05,50.6600,5.7600,,12900023233.59,
002783,2026-06-05,43.6400,1.5800,,4209246525.00,
002786,2026-06-05,30.4600,21.9700,,4376253891.02,
002788,2026-06-05,6.6600,1.3400,,4522334606.25,
600675,2026-06-06,0.0000,1.0100,,14510725500.00,
002790,2026-06-05,292.1500,1.2600,,2603344458.20,
000878,2026-06-06,6.2200,2.2800,,42004187962.50,
000880,2026-06-06,22.8500,5.7800,,12477532425.78,
002793,2026-06-05,18.8700,4.1400,,4556995880.47,
002795,2026-06-05,4.9000,7.4800,,3334739740.23,
600676,2026-06-06,0.0000,1.3700,,6520645421.88,
002799,2026-06-05,99.2600,1.8300,,2320290000.00,
002800,2026-06-05,140.8600,5.0400,,2489338114.75,
002801,2026-06-05,5.2200,3.5300,,7212740874.61,
002802,2026-06-05,17.7500,3.4700,,2269198648.44,
002803,2026-06-05,13.0300,3.4000,,9426983190.63,
600684,2026-06-06,0.0000,3.1300,,3937624496.88,
000883,2026-06-06,7.0000,0.9400,,35396937500.00,
002811,2026-06-05,9.7700,2.4100,,3492379800.00,
002812,2026-06-05,23.8900,2.4300,,62178769006.25,
000885,2026-06-06,2.6400,0.8500,,8289229602.34,
002817,2026-06-05,11.6100,2.0600,,2015921889.06,
600691,2026-06-06,0.0000,2.0300,,6320111787.50,
002821,2026-06-05,13.7900,2.3400,,41958936250.00,
000887,2026-06-06,8.9900,1.9800,,28949608228.13,
002823,2026-06-05,12.5600,3.1200,,6567378125.00,
002826,2026-06-05,15.9300,3.7300,,3129022582.62,
000888,2026-06-06,8.9200,1.9400,,5279669121.09,
600696,2026-06-06,0.0000,2.2700,,227439201.56,
002833,2026-06-05,5.4100,2.6300,,7852539959.77,
002835,2026-06-05,10.5000,2.2800,,2914879075.00,
002838,2026-06-05,13.0600,4.1400,,15547947949.22,
600706,2026-06-06,0.0000,4.6000,,2063433819.92,
002843,2026-06-05,23.5700,4.2900,,5767308362.30,
600708,2026-06-06,0.0000,1.1500,,6864201093.75,
002846,2026-06-05,39.9100,3.5100,,4997923765.63,
002848,2026-06-05,45.3700,31.5200,,2634284000.00,
002849,2026-06-05,14.4500,2.6700,,3677968845.12,
002850,2026-06-05,10.3800,3.4700,,47850608899.41,
002851,2026-06-05,74.2900,9.5000,,85206116796.88,
000893,2026-06-06,8.3300,3.1900,,44345215738.28,
000895,2026-06-06,6.6400,3.7900,,85785012550.00,
002860,2026-06-05,8.1100,2.0200,,4637751193.36,
002862,2026-06-05,40.2400,9.2300,,2688000000.00,
002864,2026-06-05,13.6400,1.7400,,2968428220.90,
002865,2026-06-05,160.1200,5.6300,,22678847590.63,
002866,2026-06-05,36.1700,2.6200,,5532771242.58,
002867,2026-06-05,4.5400,1.9700,,13318764829.69,
002868,2026-06-05,69.4000,61.0300,,4239743045.31,
600714,2026-06-06,0.0000,12.5900,,9481000552.73,
600715,2026-06-06,0.0000,7.0300,,7591925928.13,
002871,2026-06-05,23.2900,4.4800,,5251151909.18,
000899,2026-06-06,6.6300,2.0100,,13396055292.97,
002873,2026-06-05,58.3900,1.6200,,2040707839.84,
002876,2026-06-05,17.1100,2.3600,,5699947098.83,
002877,2026-06-05,50.6100,2.5300,,3074489662.50,
002879,2026-06-05,218.3300,1.6600,,2958408396.09,
002880,2026-06-05,17.3200,2.2000,,5366088000.00,
002882,2026-06-05,120.1900,4.3200,,9177480000.00,
002883,2026-06-05,143.5700,3.1300,,1467877654.30,
002884,2026-06-05,5.9900,2.3300,,5865993000.00,
002885,2026-06-05,36.8100,7.3400,,11329748613.28,
002886,2026-06-05,57.5100,4.0400,,7480246134.38,
000900,2026-06-06,3.4600,0.5100,,5722212620.31,
002889,2026-06-05,11.3000,1.7400,,4369612975.00,
002890,2026-06-05,45.9700,4.2000,,2543031673.83,
000850,2026-06-06,0.0000,0.8300,,0.00,
002893,2026-06-05,1.5100,2.0400,,2873676000.00,
002895,2026-06-05,10.2000,2.4300,,19237528398.44,
002897,2026-06-05,44.0300,6.2400,,17730390300.78,
000901,2026-06-06,100.1700,3.5400,,15054078521.88,
002901,2026-06-05,11.4400,4.5000,,16763649238.67,
000902,2026-06-06,3.1200,1.2600,,15533607693.75,
600716,2026-06-06,0.0000,0.7600,,3379178856.25,
000905,2026-06-06,8.1300,1.5100,,13880771718.75,
002906,2026-06-05,8.9700,2.0800,,14876204017.19,
002907,2026-06-05,15.3300,2.9200,,5027859320.31,
000906,2026-06-06,2.2400,0.8500,,4187012898.44,
000908,2026-06-06,340.3900,5.9900,,12492796125.00,
002911,2026-06-05,17.3200,3.3900,,14331862350.00,
002913,2026-06-05,94.5700,3.7300,,16502746406.25,
600718,2026-06-06,0.0000,1.1100,,9798834002.34,
002916,2026-06-05,29.8800,14.0400,,254075127812.50,
002917,2026-06-05,12.1600,2.6700,,4664982815.63,
600725,2026-06-06,0.0000,19.2300,,4929880000.00,
002920,2026-06-05,12.2100,3.7200,,56350733810.94,
000915,2026-06-06,5.7800,2.1500,,6392563426.56,
002922,2026-06-05,23.0900,4.1900,,15855310056.25,
002923,2026-06-05,21.8700,3.2400,,3412562535.94,
002925,2026-06-05,18.6300,3.3600,,17370270596.88,
002929,2026-06-05,150.8800,3.0000,,19013682249.02,
002930,2026-06-05,24.6500,2.3200,,4533725900.00,
600730,2026-06-06,0.0000,4.7700,,7996121492.97,
000919,2026-06-06,13.8100,1.0200,,3868370341.41,
000920,2026-06-06,13.2500,2.9000,,5841596718.75,
002936,2026-06-05,1.5000,0.3500,,16093001512.50,
002937,2026-06-05,29.0900,6.9300,,10522439554.30,
002940,2026-06-05,36.2800,3.8900,,6404870449.22,
000921,2026-06-06,3.5800,2.0000,,37017337035.94,
000922,2026-06-06,12.9900,2.2300,,10449796809.38,
002945,2026-06-05,40.0600,5.1100,,37557000000.00,
002946,2026-06-05,7.7900,3.8000,,14519625471.09,
002948,2026-06-05,2.0800,0.7400,,31662731200.00,
002949,2026-06-05,52.3100,1.5900,,2336888528.13,
000923,2026-06-06,42.4700,0.9600,,9608169500.00,
002953,2026-06-05,11.1400,2.2400,,4989533035.16,
600732,2026-06-06,0.0000,5.0000,,23734372500.00,
002957,2026-06-05,36.4200,7.6400,,25282946500.00,
002958,2026-06-05,1.3000,0.4200,,16222419525.00,
002959,2026-06-05,7.0100,1.8200,,5580397495.12,
002960,2026-06-05,14.4000,1.4800,,9315013946.88,
002961,2026-06-05,4.6200,2.2900,,9414665285.16,
002962,2026-06-05,156.2600,3.5600,,6314555707.03,
600733,2026-06-06,0.0000,6.2500,,37629878662.50,
000927,2026-06-06,15.4000,1.5800,,15609912675.00,
002967,2026-06-05,71.6700,2.4700,,12133811200.00,
002969,2026-06-05,27.5500,5.6600,,18443742855.47,
002970,2026-06-05,26.2800,5.3300,,11423347905.47,
002971,2026-06-05,46.1200,4.6000,,8321971500.00,
002972,2026-06-05,8.4000,2.4800,,3131692133.40,
002973,2026-06-05,15.6400,2.1100,,5447513822.66,
000928,2026-06-06,4.5400,0.9700,,8378324975.00,
002977,2026-06-05,80.0900,3.6700,,3121918800.00,
002978,2026-06-05,8.2800,1.4400,,12658771800.00,
002979,2026-06-05,24.3200,9.3700,,17540473725.59,
600734,2026-06-06,0.0000,20.2900,,4639785656.25,
002982,2026-06-05,15.9000,1.5300,,2489127744.14,
002983,2026-06-05,18.2400,4.0000,,5555778925.78,
002984,2026-06-05,7.2200,1.1200,,15139838498.44,
002985,2026-06-05,14.3900,3.5100,,9676850793.75,
600740,2026-06-06,0.0000,0.6900,,10530317695.31,
002988,2026-06-05,16.6900,2.4700,,6637297573.24,
600743,2026-06-06,0.0000,10.5500,,5841791334.38,
002990,2026-06-05,321.4900,4.9100,,12246823155.47,
000932,2026-06-06,13.5900,0.4800,,26862228750.00,
002993,2026-06-05,38.6800,3.7200,,18044734800.00,
002996,2026-06-05,3.4500,1.3200,,4358034056.25,
002997,2026-06-05,5.8300,2.4100,,6218936078.32,
002998,2026-06-05,8.7900,1.6000,,2813673347.27,
003000,2026-06-05,6.7300,3.2500,,4793004299.61,
003002,2026-06-05,27.9600,2.8800,,4470000000.00,
000933,2026-06-06,2.7300,2.3200,,62522321625.00,
000935,2026-06-06,34.1000,2.5600,,20047942606.25,
000936,2026-06-06,87.5600,1.1000,,5599601468.75,
003008,2026-06-05,28.8300,1.8800,,2010320000.00,
003009,2026-06-05,192.6500,4.5300,,9125344089.84,
003010,2026-06-05,10.3700,9.4700,,7499644356.64,
000937,2026-06-06,18.5600,1.0700,,20671249218.75,
003013,2026-06-05,10.1700,2.1200,,7150961250.00,
003016,2026-06-05,16.7500,1.1200,,3023550315.23,
003020,2026-06-05,10.3000,1.9700,,3633240012.50,
003021,2026-06-05,68.6500,5.4700,,28112980672.66,
003022,2026-06-05,22.5000,4.2900,,32561147078.13,
003025,2026-06-05,10.8400,3.2400,,4219550403.13,
003027,2026-06-05,26.3300,1.5700,,2730807713.28,
003028,2026-06-05,67.0500,2.1800,,3820370296.88,
000938,2026-06-06,10.1200,5.1300,,79710429600.00,
003031,2026-06-05,33.2700,9.7300,,64315631674.22,
003032,2026-06-05,181.6400,2.2600,,2648104550.00,
003033,2026-06-05,15.0500,3.4600,,4951597500.00,
003035,2026-06-05,29.7400,3.6200,,25454545200.00,
003036,2026-06-05,86.8400,12.5400,,17811589262.70,
003037,2026-06-05,18.7000,1.4700,,4097670862.50,
600745,2026-06-06,0.0000,1.1600,,26623496313.28,
003039,2026-06-05,11.7300,2.5700,,7644881641.41,
000949,2026-06-06,9.6000,1.6400,,11134368000.00,
003041,2026-06-05,150.6500,4.8000,,7063200000.00,
003043,2026-06-05,118.2700,5.2200,,9226371482.23,
003816,2026-06-05,7.9800,1.7400,,218659782350.00,
300001,2026-06-05,58.4900,4.8700,,42073734092.19,
300002,2026-06-05,8.9300,1.9600,,15284941251.56,
300003,2026-06-05,9.0800,1.3600,,22416044200.00,
000950,2026-06-06,5.5600,0.8100,,9487733934.38,
000951,2026-06-06,5.7000,1.5700,,25904927468.75,
300007,2026-06-05,56.6700,4.7500,,14021220826.17,
300008,2026-06-05,13.2900,4.5000,,11284029778.13,
300009,2026-06-05,7.9700,2.8200,,13348899242.19,
600748,2026-06-06,0.0000,0.7600,,7839392617.19,
000953,2026-06-06,229.9800,14.1900,,2193071903.13,
300012,2026-06-05,13.5300,3.0600,,24131757553.13,
300014,2026-06-05,8.7500,2.7700,,126551077031.25,
300015,2026-06-05,6.7500,3.4600,,79638889312.50,
300016,2026-06-05,10.2700,1.9400,,4618616118.75,
300017,2026-06-05,31.1100,3.5100,,37560056898.44,
300018,2026-06-05,20.6700,4.1600,,6050236086.72,
300019,2026-06-05,14.7300,2.4600,,6777332231.25,
600749,2026-06-06,0.0000,3.2700,,3402212962.11,
300021,2026-06-05,41.4100,1.5400,,4048575300.00,
000910,2026-06-06,0.0000,0.5300,,0.00,
300022,2026-06-05,94.9300,7.8400,,4008289567.97,
000957,2026-06-06,5.9400,1.8300,,5911251945.31,
000958,2026-06-06,9.6100,2.3700,,107365935675.00,
300026,2026-06-05,14.4500,1.1100,,9493128812.50,
300030,2026-06-05,9.6300,3.2500,,2087014306.64,
300031,2026-06-05,9.6600,2.6100,,10690603729.69,
300033,2026-06-05,62.1700,22.7600,,159108096000.00,
300034,2026-06-05,21.1300,3.6900,,14241703121.88,
300035,2026-06-05,17.1300,2.2000,,11076493250.00,
000959,2026-06-06,15.4100,0.5300,,26832187550.00,
300037,2026-06-05,11.9200,5.2100,,57280158556.25,
300039,2026-06-05,8.2200,1.1400,,5334600000.00,
300040,2026-06-05,19.2700,1.8900,,4947825903.91,
000960,2026-06-06,7.3800,3.0900,,64007299937.50,
300046,2026-06-05,51.4500,6.1100,,7022617451.56,
300047,2026-06-05,43.1100,2.0200,,6683564325.00,
000962,2026-06-06,54.2100,7.3600,,29458651908.20,
000963,2026-06-06,4.9700,1.9400,,49841201987.50,
000965,2026-06-06,5.9400,0.6900,,3795621806.25,
300054,2026-06-05,26.3500,12.1100,,66127757167.97,
300055,2026-06-05,19.8600,1.4600,,7145841664.06,
000966,2026-06-06,18.0300,1.4000,,18867209700.00,
300057,2026-06-05,39.5300,1.5300,,8670857625.00,
300058,2026-06-05,44.1000,6.9800,,55612527162.50,
300059,2026-06-05,7.8400,3.0600,,293027144000.00,
300062,2026-06-05,148.9700,2.7100,,4176484848.05,
300065,2026-06-05,854.7300,8.1700,,14358627343.75,
300066,2026-06-05,42.6000,2.4300,,6385804346.88,
300067,2026-06-05,63.0600,2.5500,,6349060351.56,
000967,2026-06-06,16.2600,1.9500,,34843167250.00,
300069,2026-06-05,174.4800,19.4400,,5303610000.00,
300070,2026-06-05,20.8500,0.4600,,12612248625.00,
000968,2026-06-06,4.8200,1.1100,,7120820125.00,
300073,2026-06-05,10.1100,1.8700,,27976696742.19,
000969,2026-06-06,23.4400,3.9500,,23258498962.50,
300075,2026-06-05,71.9100,2.4200,,7658535308.20,
000970,2026-06-06,85.1200,2.1400,,13956531968.75,
600756,2026-06-06,0.0000,2.1500,,4807395849.61,
000973,2026-06-06,6.1400,3.7400,,34194072757.81,
300079,2026-06-05,69.7100,1.7400,,7172921468.75,
000975,2026-06-06,4.3400,3.7300,,60552000600.00,
000977,2026-06-06,15.0900,4.0900,,91251143303.13,
300082,2026-06-05,303.1700,2.2800,,6263704450.78,
300083,2026-06-05,23.8800,3.2400,,17231328492.19,
600758,2026-06-06,0.0000,1.1900,,6345683250.00,
600773,2026-06-06,0.0000,3.4300,,14559279187.50,
000981,2026-06-06,14.1800,11.4800,,35590995425.00,
300087,2026-06-05,59.4100,3.9900,,6763948471.88,
300088,2026-06-05,43.5800,2.4100,,20881052843.75,
000983,2026-06-06,5.4700,1.1900,,44224618737.50,
300092,2026-06-05,14.4100,2.2200,,3684268395.51,
000985,2026-06-06,38.9900,3.6000,,2205167928.22,
300094,2026-06-05,75.6700,34.5200,,3271685070.31,
300095,2026-06-05,21.5100,2.6500,,3636600300.78,
000987,2026-06-06,2.9400,1.1500,,38180378325.00,
300098,2026-06-05,39.4700,3.4500,,9140735128.13,
300099,2026-06-05,38.4100,2.2700,,5441017429.69,
300100,2026-06-05,21.5800,5.4900,,18229094724.22,
000988,2026-06-06,24.7600,13.5200,,158065029843.75,
000989,2026-06-06,4.1400,1.7700,,6830417409.38,
300105,2026-06-05,25.3700,1.6500,,3084570196.09,
300107,2026-06-05,52.4700,2.3400,,3449855527.73,
300109,2026-06-05,12.3600,2.1600,,7999948697.27,
000990,2026-06-06,4.8300,0.6300,,11240946875.00,
600774,2026-06-06,0.0000,1.4500,,2147835889.06,
300115,2026-06-05,36.5900,5.3900,,45822430912.50,
600775,2026-06-06,0.0000,3.1900,,9915147894.53,
300119,2026-06-05,6.8200,1.5300,,7347771609.38,
300120,2026-06-05,147.2400,1.8300,,4583663371.88,
300121,2026-06-05,9.8000,1.6400,,5881575506.64,
000997,2026-06-06,7.1200,2.6600,,20018814318.75,
600782,2026-06-06,0.0000,0.3300,,8501339240.63,
300124,2026-06-05,20.0600,5.5900,,203286913012.50,
000999,2026-06-06,3.7400,1.7300,,40290713240.63,
300127,2026-06-05,17.4100,5.9700,,9361551389.06,
600783,2026-06-06,0.0000,3.9900,,17559435813.28,
300129,2026-06-05,81.1300,1.9100,,11044178681.25,
300130,2026-06-05,12.9100,3.0500,,13774022185.94,
300131,2026-06-05,469.1600,11.0800,,19113728906.25,
300132,2026-06-05,15.3400,2.2800,,3362941648.83,
001202,2026-06-06,28.6600,2.9400,,2523703159.38,
300135,2026-06-05,36.4000,3.7100,,3207168000.00,
300140,2026-06-05,5.6400,1.2600,,18098550550.00,
001203,2026-06-06,36.7000,7.8800,,57843126085.94,
300142,2026-06-05,17.1000,2.5500,,18920293864.06,
300143,2026-06-05,28.3700,2.8800,,7306717207.81,
300144,2026-06-05,8.1700,2.2100,,17270392343.75,
300145,2026-06-05,10.5400,2.8600,,8525874618.75,
300146,2026-06-05,4.0600,1.4100,,16290849810.94,
300148,2026-06-05,30.2300,2.9500,,3043805343.75,
001205,2026-06-06,6.7400,1.2200,,2652729329.88,
001206,2026-06-06,10.7000,1.5900,,2961998813.67,
300151,2026-06-05,76.2900,8.1900,,12934655565.23,
001207,2026-06-06,8.6700,2.3400,,5653518017.58,
300153,2026-06-05,40.5700,8.8100,,8252800000.00,
300154,2026-06-05,15.5900,2.4200,,4347198738.67,
001208,2026-06-06,34.2600,3.5500,,10430645382.81,
001209,2026-06-06,11.7000,2.0100,,2630453906.25,
300160,2026-06-05,10.3800,1.4500,,3887920030.47,
001211,2026-06-06,60.4200,3.8100,,3290000000.00,
001212,2026-06-06,282.3900,5.5500,,10648849700.78,
001213,2026-06-06,13.7500,0.8700,,16755555293.75,
001215,2026-06-06,16.4200,2.0000,,3712498898.93,
600792,2026-06-06,0.0000,2.0600,,5039053115.63,
001220,2026-06-06,14.1600,1.8700,,2922824300.00,
001221,2026-06-06,14.1400,6.1700,,18172454300.00,
300172,2026-06-05,11.9200,1.6400,,3207605400.00,
001222,2026-06-06,12.6200,2.0100,,2865258900.00,
300174,2026-06-05,22.6800,2.7000,,9443975428.91,
001223,2026-06-06,19.7300,3.1500,,6071987615.04,
300176,2026-06-05,30.0800,2.2700,,2230737300.00,
001225,2026-06-06,45.8900,2.2100,,3075926264.65,
001226,2026-06-06,35.6700,5.0500,,3749761634.77,
300181,2026-06-05,4.7400,2.7600,,9461714213.28,
300182,2026-06-05,14.6800,1.9500,,16568995387.50,
001227,2026-06-06,2.2600,0.3900,,12017920406.25,
300184,2026-06-05,14.2200,4.6400,,19534004062.50,
300185,2026-06-05,26.2900,1.5400,,10857340171.88,
300187,2026-06-05,7.9400,3.0500,,3531552938.28,
001228,2026-06-06,8.0200,1.6100,,2772146163.57,
300190,2026-06-05,60.0700,1.2200,,3782875359.38,
300191,2026-06-05,32.7800,8.6500,,9996800000.00,
300194,2026-06-05,8.0800,1.0000,,4437626750.78,
600793,2026-06-06,0.0000,10.5400,,2388204052.73,
300196,2026-06-05,12.1400,2.0400,,9837851850.39,
001230,2026-06-06,8.1300,1.7100,,3444358338.28,
300199,2026-06-05,14.8400,25.5600,,18963191314.84,
300200,2026-06-05,16.5800,2.4700,,4085625965.63,
001233,2026-06-06,17.5200,1.9700,,9307963704.10,
001236,2026-06-06,63.0800,4.2100,,7890900271.88,
001237,2026-06-06,11.8000,2.9700,,9783774598.14,
300207,2026-06-05,33.6600,1.5600,,38371796125.00,
001238,2026-06-06,10.3200,3.7600,,4389136864.75,
001239,2026-06-06,123.2300,2.3300,,3168000000.00,
600797,2026-06-06,0.0000,2.3800,,7881127535.94,
300213,2026-06-05,560.5200,2.1400,,4380467171.09,
300214,2026-06-05,170.5100,1.4800,,3542557942.97,
300215,2026-06-05,264.6200,2.7000,,5378496490.63,
300217,2026-06-05,26.8900,1.8100,,7685479750.00,
300218,2026-06-05,52.1200,1.8600,,2920644914.84,
300219,2026-06-05,62.2300,2.4100,,6279458983.59,
001256,2026-06-06,9.4100,2.7000,,3539644673.83,
300221,2026-06-05,18.2200,4.6500,,7002094281.25,
300222,2026-06-05,42.2800,6.5100,,11510780842.97,
300223,2026-06-05,21.0800,5.2900,,67246872387.50,
300224,2026-06-05,24.7900,2.2500,,11661675894.53,
300226,2026-06-05,12.7100,3.0100,,6737770528.13,
001257,2026-06-06,11.5100,5.8000,,44338211367.19,
300228,2026-06-05,8.3600,1.8700,,4761481297.27,
001258,2026-06-06,146.1800,3.0400,,9268001034.38,
300230,2026-06-05,9.4700,1.1800,,3879028096.88,
300231,2026-06-05,31.0200,2.4100,,3967571442.58,
001259,2026-06-06,98.8000,7.1400,,5190961102.44,
300233,2026-06-05,8.4100,1.3100,,4859852554.69,
300236,2026-06-05,28.2400,6.0900,,29285558121.09,
001266,2026-06-06,13.3000,4.8900,,4828096149.61,
300238,2026-06-05,29.8800,5.2300,,3036032800.78,
300239,2026-06-05,14.9800,1.7200,,2950307319.53,
001267,2026-06-06,287.7700,26.0600,,42783623821.88,
300241,2026-06-05,19.3100,2.4400,,5613059925.00,
300243,2026-06-05,24.6200,4.0300,,4981796789.06,
300244,2026-06-05,16.3300,1.6100,,10512155058.59,
600798,2026-06-06,0.0000,1.1300,,4464176609.38,
001270,2026-06-06,63.4200,18.1800,,28363471711.52,
001279,2026-06-06,68.6800,4.3600,,4441600000.00,
300249,2026-06-05,74.5400,21.9600,,6994949564.06,
001280,2026-06-06,67.3100,8.4600,,144110913050.00,
300251,2026-06-05,151.7500,3.5200,,35320404787.50,
300252,2026-06-05,55.3100,5.1400,,11686374853.13,
300253,2026-06-05,117.6700,3.0200,,16509543750.00,
300254,2026-06-05,74.2400,5.6400,,2481207773.44,
300255,2026-06-05,587.5000,28.5000,,34492356984.38,
300257,2026-06-05,35.7600,4.2900,,28487515450.00,
300258,2026-06-05,259.2000,1.6200,,7617314381.25,
001282,2026-06-06,14.5300,2.4100,,3977122337.89,
300263,2026-06-05,19.0000,2.9200,,12254474925.00,
001283,2026-06-06,17.6100,1.9800,,7057190914.45,
001285,2026-06-06,9.9300,2.1200,,8208918934.38,
300267,2026-06-05,54.9100,1.7900,,7198490904.69,
001287,2026-06-06,13.2800,3.8000,,21034034162.50,
300270,2026-06-05,184.8500,6.8100,,3748738231.64,
300272,2026-06-05,67.7500,2.8600,,3619899393.75,
300274,2026-06-05,13.9100,6.5500,,318756253710.94,
300275,2026-06-05,26.1700,3.0400,,2904488070.90,
001288,2026-06-06,11.1800,2.4600,,5749894434.38,
300277,2026-06-05,26.9300,2.2600,,22855232640.63,
300279,2026-06-05,36.7600,3.6200,,3780739074.61,
300281,2026-06-05,66.1900,2.5900,,3234090143.75,
300283,2026-06-05,15.4600,7.4300,,8702088336.72,
300284,2026-06-05,17.9400,0.8800,,7374914425.00,
300286,2026-06-05,16.3400,3.5600,,8213195957.03,
001289,2026-06-06,9.4600,2.0000,,153653422675.00,
001296,2026-06-06,13.5400,1.6300,,2957416116.50,
001298,2026-06-06,15.8400,5.5500,,9350952342.19,
001299,2026-06-06,13.4700,3.0000,,3729734368.36,
300292,2026-06-05,19.9700,5.6200,,8251854750.00,
001301,2026-06-06,12.7500,3.2100,,23052315711.33,
300294,2026-06-05,27.6800,1.1200,,8365487410.55,
300295,2026-06-05,331.2800,2.0500,,2216584052.54,
300296,2026-06-05,109.6700,2.3100,,18658403050.00,
300298,2026-06-05,8.5800,2.8200,,8381600046.88,
300299,2026-06-05,30.8100,10.0000,,3762135425.78,
600800,2026-06-06,0.0000,4.3500,,4262573700.00,
001308,2026-06-06,9.6900,1.8700,,15060513508.59,
300303,2026-06-05,24.6500,3.2800,,12595400617.19,
300304,2026-06-05,18.5800,3.8400,,13066780162.50,
001309,2026-06-06,4.2700,21.5900,,143026215820.31,
300306,2026-06-05,28.1000,1.9400,,2904755132.81,
300307,2026-06-05,6.7500,1.8600,,6124236785.16,
001312,2026-06-06,11.6600,2.0300,,4734332672.85,
001313,2026-06-06,45.5800,2.0000,,5131000000.00,
300313,2026-06-05,49.9600,56.6700,,2078883963.87,
300314,2026-06-05,29.3100,2.3300,,2897280000.00,
001314,2026-06-06,18.7400,3.8100,,8043131480.27,
300319,2026-06-05,41.9400,4.0100,,19775470387.50,
300320,2026-06-05,8.4800,2.0400,,5296873467.19,
300322,2026-06-05,148.8800,15.2500,,15526289355.47,
001316,2026-06-06,9.3800,4.1700,,5685781303.13,
300326,2026-06-05,6.7900,1.5400,,4488499717.19,
300327,2026-06-05,45.7800,5.1800,,9377439265.23,
600802,2026-06-06,0.0000,2.5000,,2286659508.20,
300331,2026-06-05,51.0700,9.9500,,15335655714.84,
300332,2026-06-05,15.5400,1.0700,,4144485379.69,
300334,2026-06-05,120.7100,4.9700,,2721609169.53,
300335,2026-06-05,16.7700,1.4000,,2695119962.89,
300337,2026-06-05,18.6900,5.7800,,10216803540.63,
300339,2026-06-05,42.7400,9.0600,,33019197468.75,
001319,2026-06-06,14.6700,2.4100,,3402084000.00,
300341,2026-06-05,18.1500,3.8900,,7688718404.69,
300342,2026-06-05,208.6500,13.7000,,21464273417.97,
300343,2026-06-05,85.4800,3.5500,,6955119724.22,
600807,2026-06-06,0.0000,8.1100,,2397360214.84,
300346,2026-06-05,31.7400,10.9500,,39416676581.25,
300347,2026-06-05,68.3300,1.6000,,33511132528.13,
001323,2026-06-06,10.8900,2.0900,,9623986881.25,
300349,2026-06-05,16.9000,1.1100,,5023247906.25,
001325,2026-06-06,12.3800,1.7300,,3166576000.00,
001326,2026-06-06,33.5100,4.1100,,5085936000.00,
300354,2026-06-05,16.8000,5.1700,,4577015262.89,
300357,2026-06-05,9.7700,4.2500,,11644507812.50,
300358,2026-06-05,8.6900,1.0600,,5892362843.75,
001332,2026-06-06,8.0500,2.7600,,7347584814.45,
300360,2026-06-05,7.3100,1.6400,,6967235332.03,
300363,2026-06-05,27.0700,1.4100,,7542977562.50,
001335,2026-06-06,18.7100,4.5700,,4529497453.13,
001336,2026-06-06,19.5500,2.5300,,2070421385.16,
001337,2026-06-06,7.5600,9.5400,,20059200000.00,
001339,2026-06-06,23.5500,10.8800,,25705889791.21,
300371,2026-06-05,31.3400,1.9400,,2285828581.25,
300373,2026-06-05,14.5200,5.6400,,55894189471.88,
001358,2026-06-06,14.4700,2.1400,,3112032000.00,
300376,2026-06-05,77.3400,1.7800,,11524790320.31,
001359,2026-06-06,31.1000,8.3100,,17185016737.50,
001360,2026-06-06,30.4000,2.7500,,3935160000.00,
300381,2026-06-05,17.9100,1.1800,,2953069523.44,
001365,2026-06-06,19.6300,3.1500,,22953000000.00,
300383,2026-06-05,104.2600,1.9700,,23422634346.88,
300384,2026-06-05,8.8100,1.4100,,3990781381.64,
300389,2026-06-05,13.0200,3.0400,,5112039328.13,
300390,2026-06-05,6.9000,5.4200,,66875437890.63,
001366,2026-06-06,24.3600,2.7700,,2228631600.00,
300395,2026-06-05,43.6100,13.0200,,62682443250.78,
001368,2026-06-06,8.6600,1.9700,,2793557631.45,
300397,2026-06-05,64.9200,4.8100,,6900098502.34,
300399,2026-06-05,202.3000,7.4800,,3780088000.00,
300401,2026-06-05,12.2400,1.8700,,6154515526.56,
300403,2026-06-05,20.1400,2.9900,,6699330000.00,
300404,2026-06-05,21.3000,3.2800,,3506423825.39,
300405,2026-06-05,146.2900,4.5900,,1788704253.52,
300406,2026-06-05,6.6300,1.8700,,7006387695.31,
300407,2026-06-05,49.5400,2.0700,,4210852200.00,
300409,2026-06-05,15.6000,2.0600,,16794885694.53,
300410,2026-06-05,34.4400,15.9900,,4409048804.30,
300411,2026-06-05,120.1600,3.7200,,3585506400.00,
001369,2026-06-06,12.7800,2.3100,,16333280000.00,
300413,2026-06-05,15.6300,1.3200,,31166208215.63,
300414,2026-06-05,49.4800,4.0500,,4049162092.97,
300415,2026-06-05,7.5100,2.9900,,10149055289.06,
300416,2026-06-05,20.9600,3.2500,,9128433234.38,
001376,2026-06-06,14.8400,4.9400,,6318939000.00,
001378,2026-06-06,12.6100,1.8700,,3553340673.83,
001379,2026-06-06,19.4900,2.4200,,3652000000.00,
300420,2026-06-05,166.9700,2.8500,,6776448414.06,
300421,2026-06-05,92.7800,5.0600,,6545119103.91,
300422,2026-06-05,6.0500,4.2200,,2797533246.88,
001380,2026-06-06,11.3100,2.4000,,4718280150.39,
300424,2026-06-05,17.9300,6.9300,,4891537455.86,
300425,2026-06-05,2354.3900,1.2400,,2933566492.19,
300428,2026-06-05,6.8000,1.4900,,13512812596.88,
001382,2026-06-06,32.7500,5.1400,,8429520000.00,
300463,2026-06-05,61.1700,0.8700,,5496419408.20,
300466,2026-06-05,84.4400,6.3400,,4391345039.06,
300468,2026-06-05,116.2800,7.4600,,12332289659.38,
300470,2026-06-05,9.7400,2.1800,,6478006930.66,
300473,2026-06-05,12.7300,3.1100,,5955126256.84,
300481,2026-06-05,22.1700,1.6700,,4074301253.13,
300482,2026-06-05,10.2500,1.6000,,8654960265.23,
300484,2026-06-05,26.5100,4.5300,,3138533179.69,
300485,2026-06-05,92.2400,1.2700,,4301281007.81,
300486,2026-06-05,151.2400,7.9000,,13431741710.94,
300487,2026-06-05,15.0500,6.1500,,27371114400.00,
300488,2026-06-05,15.9200,3.0200,,6606678666.99,
300489,2026-06-05,113.4000,23.9100,,17443430572.75,
300490,2026-06-05,7.0900,2.6400,,5884379578.13,
300493,2026-06-05,45.9900,6.6900,,7749318937.50,
300494,2026-06-05,103.6800,3.1900,,4615700202.73,
300496,2026-06-05,28.4900,2.8000,,29166669799.22,
300497,2026-06-05,13.9500,3.8000,,8537585164.06,
300499,2026-06-05,74.0500,8.0500,,11211780848.44,
300500,2026-06-05,8.2200,1.8600,,1856312208.01,
300503,2026-06-05,27.7200,17.1000,,25203705180.47,
300504,2026-06-05,23.1600,2.5300,,5301241359.38,
300505,2026-06-05,13.0100,1.8100,,5354418900.00,
300509,2026-06-05,11.4500,4.2200,,2892864000.00,
300511,2026-06-05,2.1900,2.1300,,3793814193.75,
300512,2026-06-05,14.6400,1.9600,,3200236333.59,
001386,2026-06-06,11.8100,1.5400,,18855837600.00,
600810,2026-06-06,0.0000,0.9100,,6347169234.38,
300515,2026-06-05,9.6600,3.3200,,3199482353.52,
001389,2026-06-06,20.9500,11.4100,,82235727311.72,
300517,2026-06-05,63.6100,2.1300,,2224591974.61,
001390,2026-06-06,8.5800,2.0600,,3430000000.00,
001391,2026-06-06,13.0900,2.2600,,61776939125.00,
300522,2026-06-05,175.1300,4.7300,,3743661960.35,
001393,2026-06-06,32.9800,4.4900,,16211651216.80,
001395,2026-06-06,6.6400,2.5100,,3123192000.00,
001396,2026-06-06,245.2200,3.0900,,4425759457.03,
300529,2026-06-05,6.2400,3.8400,,13751983481.25,
001400,2026-06-06,25.9800,7.6100,,9762480000.00,
300531,2026-06-05,11.7600,3.5300,,5079469841.80,
300532,2026-06-05,8.5000,2.3900,,4398630962.50,
001696,2026-06-06,9.6700,2.9900,,16602891953.13,
300534,2026-06-05,9.5000,3.1900,,2341823400.00,
001872,2026-06-06,4.7900,0.8300,,54204634575.00,
300537,2026-06-05,74.6700,6.1700,,5598307215.23,
300538,2026-06-05,38.7500,3.5300,,3212682365.63,
300540,2026-06-05,49.7300,5.3400,,6110863283.59,
001896,2026-06-06,103.6000,8.5100,,30332534356.25,
001965,2026-06-06,4.7900,0.9200,,64553402500.00,
300545,2026-06-05,24.6500,3.0800,,6698865993.75,
001979,2026-06-06,194.7600,0.7800,,76185469343.75,
300547,2026-06-05,18.7400,5.3500,,7400839250.78,
300548,2026-06-05,49.6100,30.5400,,64529359453.13,
300460,2026-06-05,0.0000,5.6300,,2586207574.22,
300462,2026-06-05,0.0000,1.5700,,2181911610.16,
300465,2026-06-05,0.0000,9.4900,,6341179126.95,
300469,2026-06-05,0.0000,59.4800,,13923714774.02,
300471,2026-06-05,0.0000,2.9100,,4555838666.02,
300472,2026-06-05,0.0000,98.1900,,2243357539.06,
300474,2026-06-05,0.0000,4.3200,,29460045360.94,
300477,2026-06-05,0.0000,31.8200,,2626445746.09,
300478,2026-06-05,0.0000,162.9000,,5117589121.09,0.00
300479,2026-06-05,0.0000,5.4600,,2886649162.11,
300491,2026-06-05,0.0000,4.6800,,5717317523.44,
300498,2026-06-05,0.0000,2.1700,,85769125475.00,
300501,2026-06-05,0.0000,2.5600,,3557956673.05,
300506,2026-06-05,0.0000,4.8200,,6586256118.75,
300508,2026-06-05,0.0000,5.7400,,4881756502.44,
300510,2026-06-05,0.0000,1.5600,,2993627252.34,
002001,2026-06-06,5.3400,2.7800,,97550400393.75,
300556,2026-06-05,19.1500,5.5900,,2246526794.53,
300557,2026-06-05,53.7400,4.6300,,4693419427.34,
300558,2026-06-05,8.7200,3.0300,,20565467609.38,
002004,2026-06-06,5.7000,0.8500,,8830439715.63,
300563,2026-06-05,42.3700,4.9600,,5717264857.62,
002005,2026-06-06,53.0300,14.7900,,4924313810.94,
002006,2026-06-06,17.0200,3.3900,,8483028262.50,
300566,2026-06-05,12.4100,3.1700,,7066340268.75,
300568,2026-06-05,71.2500,2.1400,,20858514687.50,
300569,2026-06-05,15.5700,1.0100,,5277267046.88,
300570,2026-06-05,58.1400,21.6200,,38243626501.17,
300571,2026-06-05,128.9600,5.1000,,6295516931.25,
002007,2026-06-06,10.6600,2.1000,,24555543109.38,
300573,2026-06-05,6.4000,6.0400,,13203077921.88,
300575,2026-06-05,408.6500,1.4100,,2749416277.34,
300576,2026-06-05,57.0000,8.7900,,15303175369.92,
002008,2026-06-06,37.1800,6.3700,,131655391553.13,
002009,2026-06-06,35.8300,4.2900,,8816951812.50,
300580,2026-06-05,16.1300,3.5100,,11779469953.13,
002010,2026-06-06,5.3100,0.7800,,14096557781.25,
300582,2026-06-05,52.5900,5.0300,,4418340257.81,
300583,2026-06-05,66.0900,1.3500,,2390246578.13,
300584,2026-06-05,22.2500,3.6100,,3864000000.00,
002011,2026-06-06,6.2100,1.7800,,12176091649.22,
300586,2026-06-05,601.1300,4.6400,,8555935246.88,
300587,2026-06-05,33.9000,2.7400,,6140811557.03,
002012,2026-06-06,86.6400,2.2800,,3563306369.53,
300589,2026-06-05,157.5100,7.2600,,5041867904.30,
300590,2026-06-05,12.8900,3.5300,,6693184293.75,
300591,2026-06-05,107.5700,17.7400,,3030383204.30,
002015,2026-06-06,12.5900,3.0000,,36232607025.00,
002016,2026-06-06,19.1600,0.8000,,3948386650.00,
300595,2026-06-05,7.0700,2.0400,,10340588671.88,
300596,2026-06-05,7.1400,1.9000,,9425888973.63,
002017,2026-06-06,19.3600,5.1200,,9565517943.75,
002019,2026-06-06,11.4300,1.3700,,12212556384.38,
300599,2026-06-05,14.3400,2.3700,,4627060292.19,
002020,2026-06-06,6.6100,1.7900,,10917848512.50,
300601,2026-06-05,39.9300,1.4500,,13313802806.25,
300602,2026-06-05,30.6800,5.7200,,23734208022.27,
600815,2026-06-06,0.0000,4.0000,,5819030062.50,
600818,2026-06-06,0.0000,3.7500,,1874041202.34,
300606,2026-06-05,50.7700,7.0700,,4854624397.95,
300607,2026-06-05,32.3300,5.3300,,15544529955.86,
002023,2026-06-06,34.4500,2.3600,,8786602379.69,
300610,2026-06-05,8.9000,1.9600,,2302113857.23,
300611,2026-06-05,32.6600,4.3900,,5656802148.44,
002024,2026-06-06,40.3900,0.9500,,11673607050.00,
002025,2026-06-06,56.4900,4.4300,,29507457093.75,
002026,2026-06-06,8.5300,1.4200,,5467002023.05,
300617,2026-06-05,21.3500,3.4500,,10444556035.55,
300618,2026-06-05,17.2800,2.0200,,11186259590.63,
002027,2026-06-06,4.3500,5.0400,,77843458000.00,
300620,2026-06-05,178.4100,36.2000,,79812516652.34,
002028,2026-06-06,25.2500,8.6200,,138877258496.09,
300622,2026-06-05,13.0000,5.4800,,5186871720.70,
300623,2026-06-05,27.6200,4.5100,,27683299000.78,
002029,2026-06-06,11.5000,0.8400,,5731841182.03,
300627,2026-06-05,18.7900,5.3900,,23567428035.16,
300628,2026-06-05,7.6100,5.0000,,49915376734.38,
300629,2026-06-05,51.7400,3.1300,,5546400169.53,
300631,2026-06-05,19.1400,2.2300,,3029510736.82,
300632,2026-06-05,997.2600,4.8600,,8416908571.09,
300634,2026-06-05,42.5100,3.5300,,10761379927.73,
300635,2026-06-05,130.0500,6.3100,,1939193954.10,
300638,2026-06-05,211.4600,3.2700,,20440314759.38,
600821,2026-06-06,0.0000,1.7600,,15836966250.00,
300640,2026-06-05,157.2500,2.5100,,2037006759.77,
300641,2026-06-05,11.6000,2.3800,,7793829453.52,
600826,2026-06-06,0.0000,1.5000,,6494760942.97,
300643,2026-06-05,10.3500,3.1100,,4090876073.44,
300644,2026-06-05,10.7800,2.5700,,2782248710.16,
002032,2026-06-06,6.9900,5.2200,,35321293200.00,
300647,2026-06-05,34.6300,7.0400,,3018318703.13,
002035,2026-06-06,4.2100,1.1100,,4255221040.63,
600828,2026-06-06,0.0000,1.3200,,8885070225.00,
300650,2026-06-05,42.9500,2.3000,,3297560817.97,
300652,2026-06-05,21.4300,3.7100,,5738463427.15,
300653,2026-06-05,18.4900,3.0200,,2727000000.00,
300655,2026-06-05,243.7900,6.3400,,16313516425.00,
600831,2026-06-06,0.0000,7.2100,,2552299842.19,
300657,2026-06-05,54.7500,14.6100,,20760332776.56,
300658,2026-06-05,13.1000,3.0500,,4116291936.33,
600844,2026-06-06,0.0000,57.1200,,3019076929.69,
300660,2026-06-05,29.9300,5.4900,,19670430600.00,
300661,2026-06-05,54.0600,12.2300,,66871490831.25,
300662,2026-06-05,4.3800,1.7100,,4022722943.75,
002040,2026-06-06,8.5100,1.2600,,4362246110.16,
300664,2026-06-05,5.3500,0.8900,,3894720089.84,
002041,2026-06-06,22.0900,2.0200,,7453600000.00,
300666,2026-06-05,25.4500,10.3000,,53379872261.72,
002042,2026-06-06,26.0600,1.1200,,6598643856.25,
600847,2026-06-06,0.0000,4.8000,,2299311035.16,
300669,2026-06-05,252.7700,6.0000,,5280130914.06,
600855,2026-06-06,0.0000,5.1400,,7192130373.05,
300671,2026-06-05,46.4700,6.0100,,9535116723.24,
300673,2026-06-05,43.2800,1.9900,,3491959285.94,
300674,2026-06-05,25.2100,2.4800,,11497251320.31,
600860,2026-06-06,0.0000,6.0300,,4976647882.03,
600868,2026-06-06,0.0000,3.4700,,6719446575.00,
300677,2026-06-05,303.7200,1.6700,,30465670176.56,
300678,2026-06-05,151.7100,8.1800,,7042138692.19,
300679,2026-06-05,28.8300,5.0200,,25119606600.00,
002048,2026-06-06,7.7100,1.7500,,21037586281.25,
002049,2026-06-06,19.1000,4.5800,,63841069053.13,
300684,2026-06-05,26.2200,7.6100,,16982171595.70,
300685,2026-06-05,9.1200,3.7900,,7763093386.72,
002050,2026-06-06,21.5500,6.1300,,199922748109.38,
002051,2026-06-06,18.4800,1.2500,,14435706381.25,
002052,2026-06-06,109.2800,25.4600,,7087981856.25,
300690,2026-06-05,19.1300,2.5100,,4065929604.69,
002053,2026-06-06,5.1100,1.3800,,10533145837.50,
300692,2026-06-05,24.7400,1.4000,,4430735618.75,
300693,2026-06-05,17.5300,6.6300,,14929743571.29,
300694,2026-06-05,15.2900,1.5000,,2272726989.84,
002054,2026-06-06,7.7700,1.4000,,3664077859.38,
300696,2026-06-05,603.1400,4.6400,,8895147388.09,
300697,2026-06-05,11.4900,5.4700,,7173171200.00,
300698,2026-06-05,77.1500,8.7400,,4676600000.00,
300699,2026-06-05,20.0700,4.2000,,24366928035.94,
300700,2026-06-05,332.0800,10.6100,,8182763342.58,
300701,2026-06-05,37.1300,3.0300,,3008301439.06,
300702,2026-06-05,15.8200,1.8100,,6674200957.81,
002055,2026-06-06,15.3900,2.8700,,3886870700.00,
300705,2026-06-05,9.9600,2.1300,,5648286448.44,
300706,2026-06-05,45.0600,11.4500,,7898093481.25,
002056,2026-06-06,12.2900,4.3000,,47434922831.25,
002057,2026-06-06,10.9700,2.3200,,7584069739.06,
300712,2026-06-05,166.4600,3.2600,,4178524792.97,
002058,2026-06-06,46.3500,54.9100,,3481490259.96,
300717,2026-06-05,15.0600,2.5200,,1868449500.00,
300718,2026-06-05,37.4400,12.6800,,22856593798.83,
002060,2026-06-06,11.7100,0.9000,,13102832006.25,
300722,2026-06-05,184.5400,9.6700,,6525918362.11,
300724,2026-06-05,9.6000,1.9100,,25951236337.89,
300725,2026-06-05,15.9000,1.4100,,7771754807.81,
300729,2026-06-05,460.8500,1.0100,,3716753775.00,
002061,2026-06-06,4.2900,0.5800,,9360047812.50,
002062,2026-06-06,13.0700,1.9400,,9638340603.13,
002063,2026-06-06,100.3400,2.7200,,10858546125.00,
300733,2026-06-05,45.8700,2.8900,,5024951200.39,
300735,2026-06-05,102.6900,3.3400,,17501167589.06,
300737,2026-06-05,15.5300,2.4600,,9867648579.69,
300738,2026-06-05,21.7700,5.2600,,20186552704.69,
300739,2026-06-05,75.1900,3.9700,,11001990053.91,
300740,2026-06-05,26.0500,4.0800,,9040857380.86,
300741,2026-06-05,19.6400,1.2800,,8763972400.00,
300743,2026-06-05,6.6500,3.8700,,2623394550.78,
300746,2026-06-05,30.4700,2.9600,,2437973648.44,
300747,2026-06-05,62.1900,7.5600,,26018928000.00,
300748,2026-06-05,22.2100,5.6200,,42808341350.00,
002065,2026-06-06,37.6600,1.8800,,23335912600.00,
300751,2026-06-05,54.2400,7.9700,,64010751400.78,
300752,2026-06-05,31.8600,3.9500,,4965732789.84,
600876,2026-06-06,0.0000,2.0900,,5752964250.00,
300755,2026-06-05,11.7200,2.2200,,6218632104.69,
002067,2026-06-06,32.9600,1.0500,,6990807515.63,
300758,2026-06-05,29.8100,2.6400,,4713555069.92,
300759,2026-06-05,12.6400,2.5800,,42386132507.81,
300760,2026-06-05,7.5100,4.3600,,175064414648.44,
300761,2026-06-05,9.7900,1.6000,,15162952625.78,
600877,2026-06-06,0.0000,6.6300,,16600514628.13,
300763,2026-06-05,63.3600,4.2900,,38751266490.23,
002069,2026-06-06,94.2300,86.9200,,2410670315.63,
002073,2026-06-06,19.2500,0.9200,,5849229428.13,
300768,2026-06-05,21.6100,2.8100,,9940719518.75,
300769,2026-06-05,6.6700,3.3900,,17674259532.81,
300771,2026-06-05,18.0900,1.4300,,2848800000.00,
300772,2026-06-05,22.0900,1.5700,,10559496595.31,
002074,2026-06-06,258.1100,1.8800,,54444578082.81,
300776,2026-06-05,28.4900,11.8500,,46625013173.44,
300777,2026-06-05,72.5000,3.0100,,13833197950.00,
002075,2026-06-06,15.6800,1.2200,,8051339470.31,
600881,2026-06-06,0.0000,12.4100,,5333049046.88,
002077,2026-06-06,25.1800,2.8600,,9668606270.31,
300783,2026-06-05,2.6600,2.2600,,7278557681.25,
300784,2026-06-05,32.0200,3.0600,,2497511711.91,
300786,2026-06-05,67.5800,2.9200,,3264442038.28,
002078,2026-06-06,4.0600,1.1800,,36831971300.00,
300789,2026-06-05,20.9600,2.8200,,2993499803.52,
300791,2026-06-05,10.4700,1.8700,,5226150467.77,
300792,2026-06-05,24.5500,2.5900,,7705376451.56,
002079,2026-06-06,13.1000,3.1100,,11133628782.81,
002080,2026-06-06,20.7400,5.1500,,105268693035.94,
300797,2026-06-05,22.7000,3.9700,,5354367561.72,
300800,2026-06-05,17.2000,1.2500,,2566467602.34,
300801,2026-06-05,6.4900,2.1600,,5585255100.00,
300802,2026-06-05,21.2700,4.5500,,6917306624.02,
300803,2026-06-05,46.0500,17.8700,,51210324942.97,
002081,2026-06-06,8.7100,1.1000,,15347771275.00,
002082,2026-06-06,7.8800,3.1100,,8117114377.73,
002083,2026-06-06,4.9100,1.8100,,8860540893.75,
300809,2026-06-05,74.9200,5.2400,,9581246338.48,
600892,2026-06-06,0.0000,229.3700,,2053233682.81,
300811,2026-06-05,42.6400,12.0600,,37743446953.13,
300812,2026-06-05,61.0300,6.9500,,5451796644.53,
300813,2026-06-05,52.0800,3.1300,,2520943343.75,
300814,2026-06-05,159.8200,18.4400,,30205755109.18,
300815,2026-06-05,4.7800,1.6700,,7852262246.09,
300817,2026-06-05,25.3300,4.0000,,4213155320.31,
002085,2026-06-06,10.1300,3.2200,,24630251000.00,
300820,2026-06-05,40.4100,5.6900,,14684256226.17,
300822,2026-06-05,19.7700,3.4800,,4361506679.69,
300823,2026-06-05,15.2300,2.2600,,2195269973.44,
300824,2026-06-05,8.2500,3.4500,,2702109269.53,
300825,2026-06-05,46.2700,3.4300,,6923378304.30,
300826,2026-06-05,46.3100,2.1500,,3232215179.88,
300827,2026-06-05,17.0300,3.8700,,16656212718.75,
300828,2026-06-05,51.1100,4.1600,,3283505905.86,
600917,2026-06-06,0.0000,1.3900,,8023743993.75,
300832,2026-06-05,7.9100,3.6800,,34948773475.00,
300833,2026-06-05,10.4400,1.7500,,4342418797.95,
300834,2026-06-05,45.0300,3.2800,,9427977869.14,
300835,2026-06-05,91.2100,19.7800,,25161222500.00,
300837,2026-06-05,23.4900,1.9900,,2810157239.26,
300838,2026-06-05,171.9900,2.3500,,2233863788.38,
300839,2026-06-05,9.6700,5.6100,,4518842256.25,
300840,2026-06-05,43.3900,4.1900,,5383200000.00,
300841,2026-06-05,21.8300,1.6800,,5972359721.48,
300842,2026-06-05,82.1700,7.4300,,11917293566.70,
300843,2026-06-05,40.4600,8.9600,,14589612400.00,
002088,2026-06-06,152.2400,1.7500,,4438510638.67,
002090,2026-06-06,18.4300,2.5700,,4029805720.31,
002091,2026-06-06,6.3700,0.8400,,13493819525.00,
300847,2026-06-05,17.2500,2.9100,,4422389400.00,
300848,2026-06-05,22.4900,3.9200,,6118792925.78,
300850,2026-06-05,8.4100,1.7600,,12579926034.38,
300851,2026-06-05,68.4900,1.6900,,2267223031.25,
300852,2026-06-05,27.6400,3.6200,,8146450959.47,
600935,2026-06-06,0.0000,1.4300,,8519529356.25,
300855,2026-06-05,13.9800,6.3500,,13361053542.19,
300856,2026-06-05,13.5400,2.0200,,5522728246.88,
300857,2026-06-05,14.9000,21.3200,,111804766394.92,
300858,2026-06-05,27.4600,2.2100,,4105253621.48,
300861,2026-06-05,6.3800,1.8800,,12395456648.44,
600939,2026-06-06,0.0000,0.7900,,5555227000.00,
300864,2026-06-05,7.7100,2.5300,,3549832606.25,
300866,2026-06-05,12.7600,5.3900,,60164850017.19,
300710,2026-06-05,0.0000,9.0000,,3900019867.19,
300867,2026-06-05,5.2900,1.4700,,5937542898.44,
002094,2026-06-06,44.9900,2.3700,,3502850721.09,
002096,2026-06-06,14.0500,1.8600,,15096164307.81,
002097,2026-06-06,49.9400,1.9400,,9069769721.88,
300871,2026-06-05,5.3000,1.8300,,4116401648.44,
300872,2026-06-05,123.5700,2.5100,,9318231679.69,
300873,2026-06-05,419.1600,1.6000,,5156144378.13,
002098,2026-06-06,8.6000,1.7000,,2584760000.00,
002099,2026-06-06,34.1500,1.8300,,9032431443.75,
300877,2026-06-05,115.6200,2.0200,,3403200000.00,
300879,2026-06-05,16.2900,3.0900,,3815217541.99,
300880,2026-06-05,33.5100,3.9000,,4183743812.50,
300881,2026-06-05,12.5900,4.4600,,5524200000.00,
300882,2026-06-05,20.6100,3.5600,,4596391133.98,
600960,2026-06-06,0.0000,1.1800,,4144247443.75,
300885,2026-06-05,28.0700,7.3900,,6762136464.84,
600975,2026-06-06,0.0000,3.3700,,6023369484.38,
300888,2026-06-05,6.5600,1.4000,,16485756770.70,
002102,2026-06-06,23.7000,1.8100,,5619672651.56,
300890,2026-06-05,17.5700,1.9300,,4118894640.04,
002103,2026-06-06,17.6000,2.8500,,3579629152.34,
300893,2026-06-05,13.0700,4.6500,,9833696799.61,
600977,2026-06-06,0.0000,2.4300,,26679430000.00,
002106,2026-06-06,27.3500,1.7000,,9542634643.75,
300896,2026-06-05,10.0300,3.8000,,29920307775.00,
300897,2026-06-05,57.9200,4.0000,,3913006904.30,
002107,2026-06-06,9.8000,5.3100,,3590243770.31,
300900,2026-06-05,111.0800,6.0400,,11702895149.22,
002108,2026-06-06,17.7100,1.5500,,7830841835.94,
600981,2026-06-06,0.0000,1.1600,,5785477462.50,
600984,2026-06-06,0.0000,3.0800,,5505852309.38,
300905,2026-06-05,31.4500,5.5800,,11059590139.06,
300906,2026-06-05,15.6600,2.5200,,2358400000.00,
300909,2026-06-05,75.7600,4.0000,,7967136739.84,
002111,2026-06-06,6.9000,1.7300,,5330744114.06,
300912,2026-06-05,30.8300,7.0300,,3118165952.34,
300913,2026-06-05,43.0700,7.8900,,20909646718.75,
300916,2026-06-05,337.3900,2.9500,,4039907029.10,
300917,2026-06-05,14.6200,3.9100,,4797910000.00,
300918,2026-06-05,22.1100,1.7600,,6807507869.14,
300919,2026-06-05,9.1200,2.1300,,50632690970.31,
300921,2026-06-05,39.4800,5.6500,,4695873194.53,
300922,2026-06-05,1613.1500,3.8900,,3929624189.26,
300923,2026-06-05,108.7100,1.5900,,1820376000.00,
300925,2026-06-05,34.4100,3.4400,,7733908668.75,
002112,2026-06-06,24.6700,6.0100,,5197300222.85,
002115,2026-06-06,46.1600,4.8300,,9975193335.94,
300930,2026-06-05,21.7900,4.2100,,3986000000.00,
002116,2026-06-06,10.1600,1.4900,,4182831032.03,
300932,2026-06-05,28.3100,2.4000,,4275308889.84,
300933,2026-06-05,23.3100,1.8100,,3851517175.00,
002117,2026-06-06,9.7400,3.2600,,4833943892.58,
002119,2026-06-06,36.5900,6.6200,,9318301332.03,
300938,2026-06-05,28.9600,6.7700,,12981974528.13,
300939,2026-06-05,51.5700,5.1600,,7462800000.00,
002120,2026-06-06,4.0100,0.9200,,19540616425.00,
300943,2026-06-05,82.3900,7.6600,,7828726200.00,
300945,2026-06-05,5.6700,1.8700,,3239204995.31,
300946,2026-06-05,52.7800,6.3500,,7581979212.89,
600986,2026-06-06,0.0000,2.3700,,12211341053.13,
300950,2026-06-05,51.5200,3.3500,,2790175110.94,
002122,2026-06-06,38.2900,2.3900,,5223916631.25,
300952,2026-06-05,83.9100,3.2400,,5494472998.83,
300953,2026-06-05,12.5200,7.4500,,35270597587.50,
600990,2026-06-06,0.0000,3.3200,,5141843324.02,
600992,2026-06-06,0.0000,2.1100,,3009705200.00,
300957,2026-06-05,22.1100,2.3300,,14584548000.00,
002125,2026-06-06,11.9600,3.1400,,10689089749.22,
002126,2026-06-06,19.8000,5.6700,,42391113053.13,
002127,2026-06-06,21.9600,1.8400,,7168221768.75,
300962,2026-06-05,14.8700,3.3400,,3513865216.21,
300963,2026-06-05,34.6700,5.9400,,6664039200.00,
300964,2026-06-05,72.7600,8.5100,,8688450477.93,
002128,2026-06-06,4.2800,1.6400,,85707668000.00,
300966,2026-06-05,95.4000,4.1600,,3051490810.06,
600996,2026-06-06,0.0000,7.4600,,11694981801.56,
002130,2026-06-06,12.4400,3.1500,,28781683787.50,
300971,2026-06-05,20.7200,2.3400,,2529576000.00,
300972,2026-06-05,5.8000,17.5500,,36506714843.75,
300973,2026-06-05,6.9300,1.7600,,4433337051.17,
300976,2026-06-05,17.3900,3.4100,,12513516317.58,
002131,2026-06-06,121.3000,2.9400,,37921961000.00,
300980,2026-06-05,22.1200,2.6900,,3831309169.92,
300981,2026-06-05,101.1700,0.9500,,4987699950.00,
002132,2026-06-06,14.5000,2.3200,,8213051868.75,
300985,2026-06-05,42.6400,5.4300,,4797101500.00,
300988,2026-06-05,11.3000,2.6400,,3447106215.82,
002134,2026-06-06,56.7700,12.7800,,6580460468.75,
002135,2026-06-06,54.4800,1.3400,,8310642625.00,
002137,2026-06-06,44.6800,3.8900,,5977174728.52,
300995,2026-06-05,40.4100,4.3500,,2775164903.71,
300998,2026-06-05,145.2200,2.7900,,3593833019.53,
300999,2026-06-05,9.4100,1.4200,,139389111037.50,
301000,2026-06-05,29.3300,5.9600,,7858457762.70,
301004,2026-06-05,9.0300,3.0900,,5546467892.58,
301005,2026-06-05,137.6000,25.0400,,19578475087.50,
301006,2026-06-05,62.2500,1.5800,,2085021600.00,
301008,2026-06-05,230.0800,2.1900,,3304201614.84,
301009,2026-06-05,134.5100,1.8800,,2528298000.00,
301010,2026-06-05,96.1700,2.5300,,2098440000.00,
002138,2026-06-06,25.2100,7.0600,,44839368309.38,
301012,2026-06-05,29.3300,5.0600,,6026981976.56,
301013,2026-06-05,407.6900,19.6400,,13143369329.30,
301015,2026-06-05,8.9400,4.4500,,11080156060.94,
301016,2026-06-05,181.4700,4.5900,,4730107200.00,
301017,2026-06-05,55.0200,2.7900,,5698779886.72,
301019,2026-06-05,11.7200,3.0100,,3429589053.52,
301020,2026-06-05,11.9100,3.5400,,3572160000.00,
301021,2026-06-05,125.7900,13.8600,,14493595441.21,
002139,2026-06-06,24.3200,1.8000,,12617970200.00,
002140,2026-06-06,5.0100,1.4600,,7129700035.94,
301028,2026-06-05,12.0800,4.1100,,7039630771.88,
301029,2026-06-05,14.2400,4.0900,,18391878164.06,
301031,2026-06-05,14.7500,10.2700,,16797525685.84,
301032,2026-06-05,13.2700,2.1100,,2686226058.59,
002141,2026-06-06,32.6100,4.0200,,3243418353.13,
002142,2026-06-06,2.4700,0.8700,,201805729500.00,
301039,2026-06-05,9.4100,1.0000,,14768100075.00,
002145,2026-06-06,16.1200,1.3800,,16749357625.00,
301043,2026-06-05,16.0300,3.5100,,3036200000.00,
600997,2026-06-06,0.0000,0.6900,,9320385082.81,
301047,2026-06-05,23.1400,1.3900,,7439300524.22,
301048,2026-06-05,10.7200,1.7600,,5056000617.19,
002148,2026-06-06,152.2000,3.0200,,3676583482.03,
002149,2026-06-06,345.0500,8.5200,,31733929296.88,
301053,2026-06-05,32.9300,6.2100,,5558965510.25,
301055,2026-06-05,18.5100,7.7000,,5397600000.00,
301056,2026-06-05,34.4900,4.3700,,3473562823.83,
301057,2026-06-05,21.8400,4.5400,,3565227442.97,
301058,2026-06-05,12.0200,1.9100,,4467031868.75,
301059,2026-06-05,14.3600,4.9700,,3256959915.04,
301060,2026-06-05,9.5900,2.2300,,3540570210.94,
301061,2026-06-05,7.0700,2.7000,,11774060542.97,
002150,2026-06-06,65.2500,4.5400,,9819239750.39,
301063,2026-06-05,31.4600,1.3100,,2064254707.81,
301066,2026-06-05,22.4200,2.5900,,3342955790.82,
002151,2026-06-06,139.9400,3.9200,,18969306791.41,
301069,2026-06-05,20.7400,3.7200,,8564992734.38,
002152,2026-06-06,11.1600,1.9900,,25256004792.19,
002154,2026-06-06,2.4800,1.2000,,5866521675.00,
301076,2026-06-05,42.6500,5.5700,,6713515729.49,
301077,2026-06-05,13.7800,3.7700,,4522398117.19,
301079,2026-06-05,127.8300,8.2200,,3941166897.07,
301080,2026-06-05,13.7700,2.3600,,6369470191.41,
301081,2026-06-05,143.7800,3.8300,,4250744716.21,
002155,2026-06-06,6.4200,4.3900,,38206823062.50,
301083,2026-06-05,59.2200,3.1700,,2653771152.34,
301085,2026-06-05,24.1400,6.0000,,5727196406.25,
301086,2026-06-05,48.4800,9.4600,,18822990993.16,
301087,2026-06-05,10.3100,2.0600,,11032902324.61,
301090,2026-06-05,49.4500,1.5700,,10336679071.88,
002156,2026-06-06,30.8300,6.4800,,101436175125.00,
601011,2026-06-06,0.0000,1.1600,,6302536307.81,
301096,2026-06-05,50.0700,2.5600,,6414978104.88,
002158,2026-06-06,12.5400,3.4200,,15244984135.55,
301099,2026-06-05,17.1100,8.1600,,11709797534.38,
002159,2026-06-06,12.4000,1.7300,,2563776922.27,
301103,2026-06-05,8.0300,1.3700,,2624820229.88,
301106,2026-06-05,41.3500,2.5800,,3342423522.27,
301107,2026-06-05,32.0800,3.7700,,3627236258.11,
002160,2026-06-06,35.6800,1.2000,,4533909344.53,
301112,2026-06-05,201.9900,3.1900,,3557200566.41,
601012,2026-06-06,0.0000,1.9700,,99500009862.50,
601015,2026-06-06,0.0000,1.7200,,8272115507.81,
301118,2026-06-05,13.2800,2.3400,,3186879786.33,
601118,2026-06-06,0.0000,2.9500,,28244223562.50,
002164,2026-06-06,32.5800,4.4600,,7093875566.80,
301123,2026-06-05,270.9900,9.1700,,25716544000.00,
301126,2026-06-05,34.6400,1.3800,,2066356223.44,
301127,2026-06-05,20.3300,2.6900,,9093267534.38,
301130,2026-06-05,22.9400,2.3900,,2107429044.19,
301131,2026-06-05,21.9500,1.8300,,2032348119.14,
301132,2026-06-05,32.5300,3.2100,,5895315556.35,
002166,2026-06-06,13.4300,1.7900,,5710393390.63,
301136,2026-06-05,67.5200,2.5100,,3638207517.97,
301137,2026-06-05,103.5900,5.0600,,7034360385.55,
301141,2026-06-05,98.6100,4.7500,,6090000544.92,
301149,2026-06-05,10.5600,2.3300,,4927800000.00,
002167,2026-06-06,52.2300,5.9400,,10574290289.06,
301152,2026-06-05,35.5400,2.4800,,3004122000.00,
301155,2026-06-05,82.9900,1.9200,,11115227594.73,
301156,2026-06-05,17.6700,3.1800,,2377431068.55,
301157,2026-06-05,43.0100,3.7800,,4204800000.00,
301158,2026-06-05,50.1400,2.1400,,2995433400.00,
601226,2026-06-06,0.0000,1.9900,,8635321882.03,
301160,2026-06-05,15.3100,3.9200,,7302489095.70,
301162,2026-06-05,34.3100,4.8000,,7756362480.47,
301163,2026-06-05,62.5300,1.8400,,2112624000.00,
002169,2026-06-06,54.1100,4.4100,,12335416025.00,
301168,2026-06-05,195.6200,2.4000,,5097600000.00,
002170,2026-06-06,4.0900,2.7700,,11197858834.38,
301170,2026-06-05,10.7500,1.4100,,2541000000.00,
002171,2026-06-06,14.8800,2.3400,,20854750890.63,
301172,2026-06-05,240.3700,3.6000,,5362403200.00,
301175,2026-06-05,9.5800,2.1700,,8242528000.00,
301177,2026-06-05,25.4300,1.5200,,9558554873.44,
301179,2026-06-05,34.3300,3.4400,,8743292683.59,
002172,2026-06-06,47.6800,13.7600,,2496287185.94,
301181,2026-06-05,17.8600,3.0900,,4593216937.89,
601238,2026-06-06,0.0000,0.6000,,62202100312.50,
301187,2026-06-05,39.7800,3.0200,,4423096157.23,
601279,2026-06-06,0.0000,1.3600,,5629540078.13,
301195,2026-06-05,13.7200,1.4800,,3646447307.42,
002177,2026-06-06,50.0700,2.9100,,4993415112.50,
301199,2026-06-05,19.7700,1.9300,,3755921041.41,
301200,2026-06-05,41.9800,11.9700,,135552933140.63,
301201,2026-06-05,77.7300,2.5900,,5442831442.77,
301203,2026-06-05,18.8400,2.5100,,3504000000.00,
301205,2026-06-05,1438.6900,26.9200,,43819739879.30,
301207,2026-06-05,27.5700,1.7900,,10301611350.00,
301210,2026-06-05,17.2900,2.3400,,4404629680.66,
301211,2026-06-05,44.4000,1.7900,,4092480000.00,
301212,2026-06-05,48.1700,2.1700,,2934360000.00,
301213,2026-06-05,75.1800,6.5300,,5251680000.00,
301215,2026-06-05,15.9100,2.5000,,7427079000.00,
601515,2026-06-06,0.0000,1.5400,,7524680143.75,
301219,2026-06-05,4.0800,2.1900,,21660594335.16,
002179,2026-06-06,20.0800,3.2400,,79996410950.00,
301223,2026-06-05,7.6700,1.0800,,3277375332.23,
301225,2026-06-05,36.9300,6.1300,,9821100000.00,
301226,2026-06-05,402.0800,4.2700,,3877632000.00,
002180,2026-06-06,33.5500,2.3700,,21655215742.19,
002181,2026-06-06,99.7200,4.1100,,17462315375.00,
301230,2026-06-05,19.4800,4.5000,,4631483439.84,
301232,2026-06-05,303.0200,9.6600,,13665888052.44,
301233,2026-06-05,14.8100,2.8200,,2832908800.00,
002182,2026-06-06,272.8400,2.6300,,13885081875.00,
002183,2026-06-06,108.2700,2.0100,,18205033528.13,
301238,2026-06-05,13.3700,2.2900,,16881332134.38,
301246,2026-06-05,7.9800,2.5000,,11520195750.00,
002184,2026-06-06,135.1000,3.2500,,4134923681.64,
301251,2026-06-05,132.1000,5.7800,,8983193798.44,
301256,2026-06-05,32.3500,3.2200,,5620800000.00,
301257,2026-06-05,27.3100,2.5600,,3283439479.88,
301259,2026-06-05,54.8500,5.9800,,5293080000.00,
301260,2026-06-05,5.7400,1.8000,,7786857230.86,
301261,2026-06-05,12.5700,4.8200,,7787950206.64,
301263,2026-06-05,35.0700,5.9100,,10023018956.64,
301265,2026-06-05,24.8700,3.7800,,8043938542.97,
301266,2026-06-05,11.5900,2.0400,,3700180110.55,
301267,2026-06-05,8.1600,2.5700,,14011200000.00,
301268,2026-06-05,126.3100,4.6600,,6954894397.27,
002185,2026-06-06,69.2400,3.3000,,60087501400.00,
002186,2026-06-06,42.5000,3.3800,,2881993838.67,
301275,2026-06-05,10.0400,4.3700,,18146304000.00,
301277,2026-06-05,10.2500,2.3300,,3701220081.25,
301278,2026-06-05,55.2300,2.1900,,3116459244.73,
301281,2026-06-05,15.6600,3.3800,,4710615000.00,
301282,2026-06-05,74.0800,3.8200,,6602231265.63,
002187,2026-06-06,16.1100,0.9700,,3889965082.03,
301286,2026-06-05,40.7000,12.2500,,24818203000.00,
301287,2026-06-05,28.1700,2.0700,,2440788700.00,
601519,2026-06-06,0.0000,14.0600,,18240597200.00,
301289,2026-06-05,15.9200,3.8800,,4017000000.00,
301291,2026-06-05,63.6900,3.0800,,15671834732.62,
301292,2026-06-05,7.2300,5.0900,,14555249665.04,
301301,2026-06-05,17.2600,2.3300,,19111828450.00,
601606,2026-06-06,0.0000,10.6100,,23160825431.25,
301303,2026-06-05,12.8100,1.9700,,6900544000.00,
301305,2026-06-05,7.9600,1.9000,,7428196583.98,
002191,2026-06-06,14.9800,0.9000,,5472098367.19,
002192,2026-06-06,7.1700,5.1500,,19938922448.05,
301308,2026-06-05,5.7000,17.8900,,219995958735.16,
301310,2026-06-05,17.2200,2.6900,,6364657090.43,
601616,2026-06-06,0.0000,1.4300,,3414701250.00,
301314,2026-06-05,280.5500,2.7200,,2867475000.00,
301316,2026-06-05,216.7100,14.9800,,16608440000.00,
601718,2026-06-06,0.0000,0.7300,,8852970831.25,
301318,2026-06-05,75.3500,1.5600,,2952221921.29,
301320,2026-06-05,140.2300,2.7500,,2897599200.00,
002195,2026-06-06,199.4700,4.2400,,42018812550.00,
301323,2026-06-05,21.5700,3.9100,,8789203485.55,
002196,2026-06-06,58.3400,4.7600,,6783527784.38,
002197,2026-06-06,225.0200,2.2800,,4024076933.59,
301327,2026-06-05,65.7100,1.5300,,9308474252.73,
301329,2026-06-05,17.6600,3.1700,,5039622000.00,
301330,2026-06-05,49.3600,1.8000,,6241521883.59,
301331,2026-06-05,19.6700,2.2600,,2460145431.74,
301332,2026-06-05,17.7000,1.3000,,3854046875.00,
301333,2026-06-05,19.6700,2.2500,,4490064582.52,
002198,2026-06-06,15.9700,2.7200,,1989438434.38,
301339,2026-06-05,12.5500,2.3600,,6621602739.06,
301353,2026-06-05,17.0900,1.9100,,2511124197.95,
601778,2026-06-06,0.0000,1.2100,,19872608518.75,
301358,2026-06-05,4.5000,2.8900,,60990365750.00,
002201,2026-06-06,44.0000,5.8100,,6887795575.39,
301363,2026-06-05,26.1700,3.9200,,14836161181.25,
002202,2026-06-06,10.7100,2.4400,,97147141250.00,
301366,2026-06-05,87.4500,4.6900,,10143647025.98,
301369,2026-06-05,548.4700,12.3400,,18726420212.50,
301372,2026-06-05,42.2400,3.2700,,2423999038.33,
301376,2026-06-05,9.3800,2.0500,,7055281296.09,
301380,2026-06-05,27.9800,4.1900,,3166484725.20,
301382,2026-06-05,31.1000,5.9000,,11278103357.81,
002203,2026-06-06,10.0100,2.5600,,43635021150.00,
301386,2026-06-05,20.7000,2.0500,,3122000000.00,
002204,2026-06-06,5.3600,1.3900,,11163318600.00,
301388,2026-06-05,56.9600,2.8700,,2822431315.43,
601908,2026-06-06,0.0000,1.1900,,8837446293.75,
301392,2026-06-05,61.1800,22.2100,,16820000000.00,
301393,2026-06-05,17.4300,2.4400,,5829840000.00,
301396,2026-06-05,116.7800,28.5400,,35333605781.25,
301397,2026-06-05,22.7600,2.3700,,4802200477.05,
002206,2026-06-06,5.0600,1.5100,,6229430525.00,
301408,2026-06-05,8.2000,2.9900,,6508162700.00,
301413,2026-06-05,373.4100,9.0900,,11545014438.48,
301418,2026-06-05,40.9900,2.1500,,3479665122.07,
301419,2026-06-05,57.0700,7.2600,,7062000000.00,
301421,2026-06-05,171.2800,9.1900,,11086941392.87,
301428,2026-06-05,21.2900,2.9100,,3509574491.21,
301429,2026-06-05,14.5600,1.7000,,2311201000.00,
301446,2026-06-05,20.5900,3.9700,,4811040000.00,
301449,2026-06-05,107.0100,3.5200,,4051305033.59,
301458,2026-06-05,45.8400,9.9600,,16938668734.38,
301468,2026-06-05,113.0600,3.8400,,8858281169.14,
301469,2026-06-05,11.3800,2.0200,,2848148400.00,
301479,2026-06-05,33.1000,6.4600,,8444591964.84,
601929,2026-06-06,0.0000,1.9300,,9038551243.75,
301487,2026-06-05,54.2300,5.5800,,10773408562.50,
301491,2026-06-05,18.9700,2.5400,,5530230000.00,
301498,2026-06-05,13.5900,3.5400,,16779814117.19,
301499,2026-06-05,36.2900,3.6200,,4726935111.13,
301503,2026-06-05,54.9700,2.2800,,2504000000.00,
301505,2026-06-05,94.1100,2.2900,,2228512000.00,
301507,2026-06-05,7.1700,2.7400,,4499715226.56,
301508,2026-06-05,18.4200,2.7700,,5749346516.80,
301509,2026-06-05,19.8600,1.4900,,3305057426.56,
301510,2026-06-05,63.4600,9.6500,,14000350000.00,
301511,2026-06-05,51.1600,18.1200,,75323478066.41,
601949,2026-06-06,0.0000,1.0000,,9919673931.25,
301513,2026-06-05,23.3100,5.0700,,6861000000.00,
002210,2026-06-06,61.0100,7.5600,,7078879281.25,
002211,2026-06-06,85.0200,33.6600,,1630433695.31,
301518,2026-06-05,35.6000,2.7000,,4492098220.31,
601956,2026-06-06,0.0000,1.3200,,3251054826.17,
002213,2026-06-06,57.3900,16.2500,,8967429912.50,
301522,2026-06-05,42.5000,5.2800,,10237490767.19,
301526,2026-06-05,30.3600,9.6100,,82016599218.75,
601992,2026-06-06,0.0000,0.4400,,17084434000.00,
301529,2026-06-05,44.7000,9.7600,,13737160664.06,
301531,2026-06-05,59.3700,12.1700,,17622610722.66,
301533,2026-06-05,33.2200,2.3900,,2690654357.62,
301536,2026-06-05,15.0000,10.2500,,33041385552.73,
301538,2026-06-05,19.9500,4.8400,,7126560000.00,
301548,2026-06-05,17.6200,4.3500,,6888660000.00,
301552,2026-06-05,12.8100,2.6700,,3232611200.00,
301555,2026-06-05,26.3000,3.1600,,3566107924.80,
301556,2026-06-05,94.1200,5.8200,,5764075200.00,
002215,2026-06-06,1.1900,1.8300,,8931194732.03,
301558,2026-06-05,37.7100,3.8800,,5372077544.53,
301559,2026-06-05,36.7800,1.8200,,8370000000.00,
301563,2026-06-05,35.7500,14.5800,,18454742368.36,
301565,2026-06-05,32.4600,4.2300,,10320258000.00,
301568,2026-06-05,34.1200,8.4400,,9019621103.52,
301571,2026-06-05,41.6900,5.0300,,10388759519.53,
301575,2026-06-05,12.5100,2.5600,,3639273300.00,
002217,2026-06-06,2295.5100,10.1600,,18997672825.00,
301581,2026-06-05,48.0000,3.8600,,3924800000.00,
301584,2026-06-05,14.3900,4.3200,,9377882357.81,
301586,2026-06-05,80.9900,2.3400,,3036903228.52,
301589,2026-06-05,14.6000,3.6300,,13912499226.07,
601996,2026-06-06,0.0000,1.1900,,2925586926.56,
301591,2026-06-05,31.0100,5.6700,,5216281013.67,
002219,2026-06-06,36.4300,3.7100,,7456151250.00,
301596,2026-06-05,30.7300,6.9600,,6231097801.51,
301598,2026-06-05,18.2600,3.2100,,3227566677.73,
301599,2026-06-05,34.8500,10.5400,,22205820000.00,
301600,2026-06-05,25.3100,8.1700,,10379183162.11,
002221,2026-06-06,6.5500,1.0500,,10528533787.50,
301602,2026-06-05,73.7800,4.9100,,6724774867.19,
301608,2026-06-05,12.9900,3.2200,,7160135273.44,
301611,2026-06-05,102.6300,25.7300,,47092360000.00,
301613,2026-06-05,10.3400,3.5300,,5969413901.37,
301617,2026-06-05,17.8000,5.1000,,9086183191.41,
301618,2026-06-05,82.5300,5.4500,,5168285912.11,
002222,2026-06-06,68.0400,24.2800,,44391600000.00,
301628,2026-06-05,38.5000,7.2900,,8710427538.28,
603000,2026-06-06,0.0000,5.0100,,19294309585.94,
301630,2026-06-05,21.2300,5.4600,,9560400000.00,
301631,2026-06-05,14.7800,3.9200,,10443200671.88,
301632,2026-06-05,207.2100,2.6100,,7236902400.00,
002225,2026-06-06,23.9800,1.1000,,4532624734.38,
301636,2026-06-05,1141.8100,2.9700,,3191360030.08,
301638,2026-06-05,104.7100,7.2000,,80826710943.75,
301656,2026-06-05,87.9000,4.4200,,42660991231.25,
002226,2026-06-06,10.0900,1.4000,,13562484800.00,
301662,2026-06-05,14.5200,7.1300,,11043200000.00,
301666,2026-06-05,95.1700,131.3000,,352026639843.75,
301667,2026-06-05,129.0100,7.2500,,9350095575.29,
301668,2026-06-05,50.2200,3.9800,,4031500000.00,
301678,2026-06-05,128.7000,6.6300,,12732375240.23,
301680,2026-06-05,21.9300,5.6600,,10766484000.00,
301682,2026-06-05,15.2800,4.2600,,21295455632.81,
301683,2026-06-05,14.5300,3.7400,,8896256772.71,
301687,2026-06-05,29.6900,5.1000,,7823445488.09,
301696,2026-06-05,40.2600,24.0200,,52449311200.00,
302132,2026-06-05,80.8400,7.2700,,155809640787.50,
600000,2026-06-05,1.7400,0.4100,,311076522250.00,
600004,2026-06-05,12.4300,0.9800,,20849908257.81,
600006,2026-06-05,5.8100,1.4900,,11940000000.00,
600007,2026-06-05,7.0200,2.1300,,21434971600.00,
600008,2026-06-05,5.3600,1.0900,,23049454562.50,
600009,2026-06-05,10.1800,1.3600,,58823718581.25,
603007,2026-06-06,0.0000,22.3400,,5237104875.00,
600011,2026-06-05,2.9400,1.8800,,131707006562.50,
600012,2026-06-05,5.0600,2.0300,,27132438975.00,
600015,2026-06-05,2.1800,0.3400,,108698963362.50,
600016,2026-06-05,1.3600,0.2700,,156303239400.00,
600017,2026-06-05,9.0300,0.6100,,8611830500.00,
600018,2026-06-05,2.9300,0.8100,,117330998400.00,
600019,2026-06-05,5.6200,0.6000,,125029167900.00,
600020,2026-06-05,2.4600,0.7600,,9011961218.75,
600021,2026-06-05,9.6500,2.6300,,54731959000.00,
002228,2026-06-06,9.9600,1.3500,,4052707987.50,
600025,2026-06-05,11.7500,2.5600,,181280542187.50,
600026,2026-06-05,4.4200,1.9900,,96133230793.75,
600028,2026-06-05,3.4800,0.7100,,591325743900.00,
600029,2026-06-05,6.3900,2.5500,,94591456875.00,
600030,2026-06-05,3.7200,1.3100,,380443422237.50,
600031,2026-06-05,6.9100,1.8900,,171486831593.75,
600033,2026-06-05,3.8000,0.7700,,9715176000.00,
600035,2026-06-05,2.5800,0.6800,,6166744040.63,
600037,2026-06-05,14.0900,0.7500,,9519760237.50,
600038,2026-06-05,58.3900,1.2500,,22104320756.25,
600039,2026-06-05,4.8800,1.3800,,73042961250.00,
600048,2026-06-05,7.0100,0.3300,,64161578500.00,
600050,2026-06-05,6.3500,0.7900,,135687604500.00,
600051,2026-06-05,37.7700,0.6000,,2036264000.00,
603008,2026-06-06,0.0000,0.9400,,3303582673.83,
603011,2026-06-06,0.0000,8.6700,,16167353894.53,
600054,2026-06-05,22.9200,1.6500,,7935649300.00,
002232,2026-06-06,9165.0600,4.3700,,6177251784.38,
600056,2026-06-05,7.8100,1.1800,,14225815828.13,
600057,2026-06-05,3.2600,1.0800,,16977313437.50,
600058,2026-06-05,61.3500,2.1400,,10429691141.41,
600059,2026-06-05,11.8000,1.2400,,7319685647.66,
600060,2026-06-05,5.6200,1.5200,,33211544160.16,
600061,2026-06-05,5.2900,0.7400,,40473929006.25,
600062,2026-06-05,3.6100,1.4500,,17520886775.00,
600063,2026-06-05,12.4900,2.0100,,17008054659.38,
600064,2026-06-05,2.0200,0.6400,,12666086512.50,
600066,2026-06-05,10.2700,4.1700,,67680121917.19,
002233,2026-06-06,6.3700,0.7700,,9369720740.63,
603023,2026-06-06,0.0000,3.0500,,2349674181.64,
002236,2026-06-06,7.9300,1.4500,,55315916212.50,
600073,2026-06-05,9.6600,1.0200,,4791797904.69,
002237,2026-06-06,10.4000,1.4100,,18961408415.63,
603028,2026-06-06,0.0000,4.8800,,2267616000.00,
600079,2026-06-05,4.8300,1.4600,,28433375831.25,
600080,2026-06-05,51.5800,1.2600,,2015659687.50,
600081,2026-06-05,14.6800,1.2700,,5856547573.83,
002239,2026-06-06,22.0500,1.4900,,9139127562.50,
600084,2026-06-05,97.9500,4.1800,,5326465017.19,
600085,2026-06-05,7.2900,2.4400,,34327901921.88,
600088,2026-06-05,836.7800,4.5100,,5663339225.00,
600089,2026-06-05,7.1600,1.8100,,129907295175.00,
600094,2026-06-05,205.0300,0.9300,,9578794000.00,
600095,2026-06-05,92.8900,1.8200,,22387440571.88,
600096,2026-06-05,3.8100,2.0800,,54270435557.81,
002240,2026-06-06,8.5900,3.7100,,39861049617.19,
600098,2026-06-05,5.0500,0.9700,,27030219150.00,
600099,2026-06-05,50.1200,3.7900,,2086022400.00,
002241,2026-06-06,17.5200,2.3600,,88120524675.00,
600101,2026-06-05,7.4800,1.7300,,5451231875.00,
600103,2026-06-05,56.9000,2.1700,,8627182867.19,
600104,2026-06-05,4.4700,0.4500,,135299416175.00,
600105,2026-06-05,51.0100,24.4100,,81023754240.63,
600106,2026-06-05,26.2800,1.3100,,6977381250.00,
600107,2026-06-05,61.4700,5.6700,,2296800000.00,
600108,2026-06-05,31.2800,1.5200,,6580573228.13,
600109,2026-06-05,4.2300,0.8100,,29272383500.00,
600111,2026-06-05,19.5600,7.0200,,179524174456.25,
600113,2026-06-05,70.9500,6.0200,,15406640085.16,
600114,2026-06-05,20.2600,7.1600,,25501580196.09,
600115,2026-06-05,5.3600,6.2100,,87467440500.00,
600116,2026-06-05,39.9900,1.1400,,12926086468.75,
603033,2026-06-06,0.0000,4.0800,,10311635156.25,
002244,2026-06-06,3.6800,0.9900,,29869860000.00,
002245,2026-06-06,17.9300,4.4800,,35109068762.50,
600120,2026-06-05,10.5300,0.9800,,16086447159.38,
002246,2026-06-06,16.0100,3.7000,,11579144030.86,
600125,2026-06-05,3.3800,0.9300,,7310922500.00,
600126,2026-06-05,254.4900,1.2600,,24450848812.50,
600127,2026-06-05,2218.7400,5.7800,,3882788378.91,
600128,2026-06-05,17.3000,1.0500,,2270322196.48,
600129,2026-06-05,11.5600,2.1300,,7587514475.00,
600130,2026-06-05,140.2100,3.9400,,3585000000.00,
600131,2026-06-05,452.2400,2.9900,,19365418062.50,
600132,2026-06-05,5.6000,13.4000,,24493782985.55,
002248,2026-06-06,38.1300,27.0200,,3099555703.13,
002249,2026-06-06,6.9100,2.0400,,20663016425.00,
002250,2026-06-06,12.4100,1.8500,,12643218503.91,
600137,2026-06-05,24.4800,3.4000,,1917131025.78,
002252,2026-06-06,10.9100,1.0600,,34451142150.00,
600141,2026-06-05,13.7100,1.4100,,35186940337.50,
600143,2026-06-05,14.8000,2.2600,,45152010609.38,
600148,2026-06-05,50.7700,4.9100,,2363323821.29,
600149,2026-06-05,26.3600,7.9900,,2041459200.00,
600150,2026-06-05,5.6000,1.8100,,270546083937.50,
603042,2026-06-06,0.0000,3.9200,,3268002525.39,
002254,2026-06-06,84.2800,1.8800,,13310098121.88,
600153,2026-06-05,3.9300,0.6400,,27574610540.63,
600155,2026-06-05,39.2800,0.6100,,12196619175.00,
002255,2026-06-06,7.5700,1.7000,,7835208714.06,
600157,2026-06-05,63.5100,0.8400,,39271977000.00,
002256,2026-06-06,78.4200,6.8000,,8407791506.25,
002261,2026-06-06,58.2100,13.7300,,35770497286.72,
600160,2026-06-05,9.0400,4.9100,,106019022965.63,
600161,2026-06-05,20.3800,2.1600,,25646507139.06,
002262,2026-06-06,6.1800,2.3400,,19624996387.50,
600163,2026-06-05,6.3400,1.7000,,12445594453.13,
002263,2026-06-06,166.5100,2.5900,,7194119398.44,
600166,2026-06-05,4.7700,1.4900,,23910549887.50,
600167,2026-06-05,2.7200,1.2100,,14482179000.00,
600168,2026-06-05,11.0400,0.8400,,4559694883.59,
600169,2026-06-05,29.8000,1.4700,,7664866156.25,
600170,2026-06-05,2227.0800,0.7100,,22125990600.00,
600171,2026-06-05,86.9300,4.2900,,19488301001.56,
002264,2026-06-06,5.7000,2.2900,,4772349105.47,
600173,2026-06-05,40.7200,1.3600,,4854508853.91,
600176,2026-06-05,11.6800,4.5800,,147955938900.00,
600177,2026-06-05,3.6800,0.8000,,33889828943.75,
002265,2026-06-06,59.7300,5.2800,,20598825389.06,
600179,2026-06-05,7.6500,1.6000,,19422708356.25,
002266,2026-06-06,4.2800,2.0400,,25783199975.00,
600182,2026-06-05,9.8800,4.0600,,4685200000.00,
600184,2026-06-05,1382.0000,4.5400,,15500551500.00,
600185,2026-06-05,25.0700,112.8300,,9783180004.69,
600186,2026-06-05,12.6600,9.6200,,18160706284.38,
600188,2026-06-05,6.3600,3.2900,,251423139468.75,
600189,2026-06-05,54.8400,4.4500,,5507023156.25,
600191,2026-06-05,25.6800,3.0700,,5266361435.16,
002267,2026-06-06,2.2200,1.1700,,8229358468.75,
600193,2026-06-05,37.1400,14.0000,,923059426.95,
600195,2026-06-05,27.7900,1.1800,,6719155690.63,
600196,2026-06-05,6.7500,1.2000,,58802854837.50,
600197,2026-06-05,5.0800,1.3400,,5323215234.38,
603052,2026-06-06,0.0000,15.6500,,16666490925.78,
002269,2026-06-06,250.6400,18.2400,,3894375000.00,
600201,2026-06-05,15.5600,2.3000,,12551632803.13,
002270,2026-06-06,11.3200,5.9100,,18453282401.56,
600203,2026-06-05,16.4900,4.6400,,7655476189.45,
600206,2026-06-05,28.0200,5.6900,,24736291443.75,
002271,2026-06-06,7.6100,1.4900,,30599244998.44,
600210,2026-06-05,4.5400,1.4400,,9919454053.13,
600211,2026-06-05,4.0600,3.1100,,12125648274.61,
603058,2026-06-06,0.0000,3.5700,,4221519942.97,
002274,2026-06-06,10.9700,1.0100,,5314194520.31,
600216,2026-06-05,4.0800,1.0400,,11703131227.34,
002275,2026-06-06,6.1800,2.3100,,7679521520.31,
600218,2026-06-05,11.6700,1.1100,,3637259021.48,
600219,2026-06-05,5.1000,1.1000,,56155299112.50,
600221,2026-06-05,3.7300,9.2500,,64391296150.00,
600222,2026-06-05,191.9500,3.1100,,4992810714.84,
600223,2026-06-05,18.4200,1.3800,,5875767826.56,
002276,2026-06-06,18.6300,1.9200,,11779029210.94,
603060,2026-06-06,0.0000,2.8700,,5804598532.81,
600229,2026-06-05,13.6000,1.3200,,3640500046.88,
600230,2026-06-05,10.6000,1.5100,,6130762641.41,
603069,2026-06-06,0.0000,6.2200,,4803200000.00,
600232,2026-06-05,23.1500,2.8000,,2691623221.88,
600233,2026-06-05,4.2900,1.6300,,59148403200.00,
002281,2026-06-06,76.5100,17.7500,,183583274296.88,
600236,2026-06-05,9.8800,4.4400,,84893205675.00,
600237,2026-06-05,30.9800,3.8000,,7610011942.58,
600238,2026-06-05,249.3200,29.4800,,2299266000.00,
002282,2026-06-06,9.1600,0.9100,,3298008374.22,
002283,2026-06-06,8.3700,1.9500,,12169402762.50,
603070,2026-06-06,0.0000,3.1000,,6708730000.00,
600248,2026-06-05,6.5800,0.4200,,11742768881.25,
002287,2026-06-06,12.3600,2.3300,,11762750256.25,
600250,2026-06-05,62.0300,4.5800,,2862041367.19,
600251,2026-06-05,2.6400,1.9000,,7692236578.13,
002289,2026-06-06,22.4200,41.6100,,11041995441.41,
600256,2026-06-05,18.2300,1.7600,,43082101062.50,
002291,2026-06-06,2.3600,1.8000,,5367648442.19,
600258,2026-06-05,8.6200,1.1900,,14582836812.50,
600261,2026-06-05,63.0500,1.2900,,4565881153.13,
600262,2026-06-05,4.9900,2.0100,,3753600000.00,
600266,2026-06-05,5.8300,0.5200,,9569177246.88,
600267,2026-06-05,3.2900,1.3100,,11687921425.78,
600268,2026-06-05,30.3600,3.3800,,12769495720.31,
600269,2026-06-05,3.6800,0.5100,,10112312445.31,
002294,2026-06-06,15.9700,3.9300,,35986278637.50,
600272,2026-06-05,16.1800,3.6700,,2920690153.13,
600273,2026-06-05,9.1700,0.9600,,9480764521.88,
600278,2026-06-05,15.5300,0.7400,,5533135060.16,
600279,2026-06-05,744.1800,1.0300,,6919430692.97,
002296,2026-06-06,4.6800,1.5800,,3962032572.66,
600281,2026-06-05,2851.4500,45.8700,,2572009960.94,
600282,2026-06-05,5.1200,1.0800,,30578852600.00,
600283,2026-06-05,12.5300,1.4900,,4738970259.77,
600284,2026-06-05,11.5500,0.6900,,5540161849.22,
600285,2026-06-05,5.0100,3.3800,,12340433450.00,
600287,2026-06-05,36.5800,0.9600,,2197084351.56,
600288,2026-06-05,11.5400,2.9700,,5901168000.00,
002297,2026-06-06,8.8500,5.1800,,11714262207.81,
600292,2026-06-05,15.2500,3.4300,,59921221500.00,
600295,2026-06-05,5.6800,1.6600,,37251711887.50,
600298,2026-06-05,7.1600,2.4500,,30504880816.41,
600299,2026-06-05,10.5400,1.6400,,32214492262.50,
600300,2026-06-05,6.0700,1.3800,,5110169312.50,
600301,2026-06-05,20.8800,7.6200,,37985678375.00,
002298,2026-06-06,15.1100,3.4800,,6490772921.88,
002299,2026-06-06,8.0000,1.7600,,20237858781.25,
600305,2026-06-05,11.5200,2.2400,,7678912643.75,
002300,2026-06-06,36.9100,3.1200,,5944806119.53,
600308,2026-06-05,22.8100,0.5800,,5218033337.50,
002301,2026-06-06,12.6300,1.7300,,5395383606.25,
600313,2026-06-05,37.6500,2.9600,,7142450003.91,
600315,2026-06-05,5.4300,1.7100,,12066456980.47,
600316,2026-06-05,350.1700,3.7600,,20251314362.50,
600318,2026-06-05,16.5800,3.0300,,3363493168.75,
603089,2026-06-06,0.0000,1.4900,,2815093024.02,
600320,2026-06-05,6.3700,1.5000,,23969922150.00,
600322,2026-06-05,2544.1700,38.1200,,2907991000.00,
600323,2026-06-05,4.2100,1.6000,,24387032041.41,
002303,2026-06-06,8.1100,1.1100,,4976802187.50,
002304,2026-06-06,2.6700,1.3200,,65229068500.00,
600327,2026-06-05,17.7600,1.1400,,3220597493.75,
002305,2026-06-06,24.6000,15.5600,,3884643350.00,
600329,2026-06-05,7.1200,4.0100,,30187699500.00,
603108,2026-06-06,0.0000,1.9200,,7051255693.75,
603113,2026-06-06,0.0000,0.5900,,4301847468.75,
600332,2026-06-05,1.9600,0.8800,,34921989337.50,
600333,2026-06-05,17.9000,1.7700,,3434933165.63,
600335,2026-06-05,6.4100,0.7000,,8076890831.25,
600336,2026-06-05,16.4000,2.7200,,6144713695.31,
002309,2026-06-06,66.2600,5.5200,,10346368675.00,
600338,2026-06-05,8.6400,3.4400,,15541573984.38,
603117,2026-06-06,0.0000,2.4300,,2492662412.50,
600345,2026-06-05,102.8500,4.8500,,18454982003.91,
600346,2026-06-05,3.0500,1.6900,,119383136000.00,
600348,2026-06-05,7.2900,1.2700,,35245275000.00,
600350,2026-06-05,6.5200,1.7700,,54437268756.25,
600351,2026-06-05,4.0400,1.5100,,4304240485.94,
600352,2026-06-05,6.6200,1.0700,,35558917393.75,
600353,2026-06-05,65.3200,11.2900,,21797733820.31,
600354,2026-06-05,6.0500,3.8200,,2860687432.81,
600356,2026-06-05,5.1000,0.9400,,2899921062.50,
002311,2026-06-06,8.1800,2.8800,,72544893757.81,
600359,2026-06-05,11.1600,3.7000,,2495093793.75,
600360,2026-06-05,21.5600,3.5500,,12483839062.50,
600361,2026-06-05,6.0100,1.4000,,16013123465.63,
600362,2026-06-05,5.4500,1.8300,,153606675075.00,
002312,2026-06-06,17.9500,1.6800,,16272053465.63,
600366,2026-06-05,12.0100,2.2000,,13990792128.91,
600367,2026-06-05,58.9400,6.7800,,16885979472.66,
600368,2026-06-05,3.2200,0.8600,,6342036390.63,
600369,2026-06-05,8.3900,0.9800,,26048828750.00,
600370,2026-06-05,16.8100,1.1200,,5504978096.88,
600371,2026-06-05,205.4800,4.0000,,2147522577.34,
600372,2026-06-05,30.0200,1.4300,,54050474603.13,
600373,2026-06-05,9.3200,0.5700,,10132137800.00,
600375,2026-06-05,24.6300,1.9700,,6684807764.06,
002313,2026-06-06,34.4000,44.2000,,3392064000.00,
600377,2026-06-05,4.6800,1.4700,,63878638300.00,
600379,2026-06-05,45.4400,5.3200,,4190258323.83,
600380,2026-06-05,4.3700,1.1600,,18129883565.63,
600382,2026-06-05,11.4500,2.1400,,6721870650.00,
603121,2026-06-06,0.0000,4.9200,,5399612689.45,
002315,2026-06-06,11.0700,3.7700,,10846293621.09,
600389,2026-06-05,5.7300,2.5000,,10464795000.00,
600390,2026-06-05,7.3900,0.4900,,21005965009.38,
002316,2026-06-06,133.7600,24.4200,,1910563200.00,
600392,2026-06-05,12.7400,3.2400,,41717272187.50,
600395,2026-06-05,28.9400,1.2200,,13115877795.31,
600396,2026-06-05,18.6900,19.2000,,29468864568.75,
600397,2026-06-05,1011.5000,69.8500,,13483252007.81,
600398,2026-06-05,2.9200,1.4400,,27711984703.13,
002317,2026-06-06,18.6200,4.4700,,18587979351.56,
600400,2026-06-05,114.5600,4.6300,,6415841250.00,
002318,2026-06-06,5.6600,2.4500,,22338122273.44,
002319,2026-06-06,47.6400,14.0600,,2511575275.00,
600406,2026-06-05,26.1100,3.5200,,188344684062.50,
002320,2026-06-06,13.2200,3.9200,,16142461334.38,
603122,2026-06-06,0.0000,4.7400,,4951774557.81,
600415,2026-06-05,6.5400,2.7100,,64760836218.75,
600416,2026-06-05,31.0800,1.6200,,15805628901.56,
002322,2026-06-06,17.5300,1.4300,,4053705606.64,
600419,2026-06-05,8.8000,1.0700,,2618751318.36,
600420,2026-06-05,8.6800,0.8600,,12016907000.00,
603123,2026-06-06,0.0000,4.6800,,7627934171.88,
600423,2026-06-05,57.1600,4.0100,,2124528700.00,
002324,2026-06-06,28.5600,2.9000,,13581626566.41,
600426,2026-06-05,5.2200,1.7100,,58277638523.44,
600428,2026-06-05,5.3500,1.2700,,21731848875.00,
600429,2026-06-05,6.8200,1.4200,,6849526125.00,
600433,2026-06-05,3.6400,1.4800,,6546044278.13,
002326,2026-06-06,19.3600,7.2900,,20260297382.81,
600436,2026-06-05,9.8600,4.8200,,73297005109.38,
002328,2026-06-06,6.3100,1.9400,,6621786600.00,
600439,2026-06-05,77.9700,1.1900,,2988441637.50,
600444,2026-06-05,22.8700,2.8300,,2161187307.42,
002329,2026-06-06,72.7800,5.9400,,2963358184.38,
002330,2026-06-06,27.4100,1.0900,,2515848637.50,
603138,2026-06-06,0.0000,6.4000,,5180975618.36,
600452,2026-06-05,13.9400,3.1100,,17885345606.25,
600455,2026-06-05,9.2800,4.6200,,1580187350.59,
600456,2026-06-05,25.2900,2.0600,,14901880225.00,
600458,2026-06-05,8.3200,1.6300,,13160854710.94,
600459,2026-06-05,9.1700,2.4000,,20376133593.75,
600460,2026-06-05,27.0500,4.6300,,56495240156.25,
600461,2026-06-05,3.9200,1.2100,,12379260225.00,
600463,2026-06-05,43.2800,3.1600,,2802000000.00,
600467,2026-06-05,42.5000,0.9700,,3331067175.00,
600468,2026-06-05,26.7100,3.3500,,6820100409.38,
600469,2026-06-05,10.2800,1.1200,,5233404421.88,
600475,2026-06-05,12.4900,1.6800,,14511559373.44,
600476,2026-06-05,67.9200,0.0000,,1784655600.00,
600477,2026-06-05,28.8700,1.2700,,6322035412.50,
600478,2026-06-05,24.4100,3.2300,,9460272525.00,
600479,2026-06-05,6.6100,1.6000,,4956554700.00,
600480,2026-06-05,8.3800,1.5600,,12845608561.72,
600482,2026-06-05,14.5000,2.0800,,85263382410.94,
600483,2026-06-05,4.9500,1.1600,,32193995868.75,
600486,2026-06-05,5.8500,2.0100,,23810278579.69,
600488,2026-06-05,40.6400,1.8500,,5645054335.94,
600489,2026-06-05,4.5200,3.2800,,107610337500.00,
600490,2026-06-05,14.1500,2.4500,,15600853570.31,
002332,2026-06-06,8.7900,1.3600,,8249967745.31,
600495,2026-06-05,1074.9700,1.4600,,4796518021.88,
600496,2026-06-05,5.4400,0.8800,,8239118146.87,
600499,2026-06-05,4.9600,2.2100,,29074703118.75,
002333,2026-06-06,32.1200,1.7400,,3354376085.16,
600502,2026-06-05,2.5700,0.7000,,8548338853.13,
603159,2026-06-06,0.0000,7.6500,,3791200000.00,
600505,2026-06-05,158.8100,4.0300,,4943535300.00,
600506,2026-06-05,6.8000,8.4600,,4288550789.06,
600507,2026-06-05,9.7300,1.0200,,10501872668.75,
600508,2026-06-05,13.7700,0.8000,,10190323359.38,
600510,2026-06-05,14.9100,0.7900,,8349086042.19,
600511,2026-06-05,4.2400,1.0600,,20130139206.25,
600512,2026-06-05,8.7000,0.5600,,3458569734.38,
600513,2026-06-05,74.1100,3.7200,,4761411227.34,
600515,2026-06-05,31.2900,1.4500,,35189954800.00,
600516,2026-06-05,264.9400,1.4400,,23471406921.88,
600517,2026-06-05,7.4500,1.2100,,29049652975.00,
002335,2026-06-06,36.8900,4.4400,,28780463542.97,
600520,2026-06-05,315.1400,11.9400,,4702202400.00,
600521,2026-06-05,5.5600,2.3400,,22458782812.50,
600523,2026-06-05,11.1600,1.4500,,4710226517.58,
600525,2026-06-05,60.1800,2.3600,,6620276384.38,
600526,2026-06-05,7.9300,0.8900,,4114694021.88,
600527,2026-06-05,53.2100,2.0100,,4173543859.38,
600528,2026-06-05,5.0500,0.6300,,16106248828.13,
600529,2026-06-05,6.5000,1.5600,,13073197031.25,
002337,2026-06-06,41.5400,2.3200,,3096118598.44,
600531,2026-06-05,5.5000,2.1300,,15115784179.69,
002338,2026-06-06,41.0700,8.8300,,12770400000.00,
600535,2026-06-05,5.7300,1.6600,,21199150500.00,
603168,2026-06-06,0.0000,1.5800,,2098849577.34,
002340,2026-06-06,7.0300,1.6800,,36736989750.00,
600539,2026-06-05,611.9300,10.7200,,3220000000.00,
600540,2026-06-05,6.5200,7.0800,,2726658093.36,
002342,2026-06-06,287.1100,4.3600,,10656000000.00,
600546,2026-06-05,6.5300,1.6700,,27972455482.81,
600547,2026-06-05,8.9400,4.0400,,129308518968.75,
600548,2026-06-05,4.3700,0.9500,,22256997942.19,
600551,2026-06-05,9.7400,0.8300,,4929461553.91,
600552,2026-06-05,73.4600,4.7500,,20507415256.25,
600556,2026-06-05,284.8600,2.4000,,9183358093.75,
600557,2026-06-05,8.8000,1.4200,,6975076281.25,
600558,2026-06-05,9.0800,2.0400,,5062490878.13,
600559,2026-06-05,6.7700,2.0400,,11196508443.75,
600560,2026-06-05,45.1700,2.9000,,2864898955.08,
603169,2026-06-06,0.0000,3.7900,,10071509753.91,
600562,2026-06-05,35.6400,4.0900,,27507150546.88,
600563,2026-06-05,14.2300,6.0500,,38106000000.00,
600566,2026-06-05,6.4500,1.7200,,25797326814.84,
002344,2026-06-06,13.4600,0.5900,,5015032592.19,
002345,2026-06-06,3.0200,1.9800,,7961074100.00,
002346,2026-06-06,1173.9800,2.7200,,7882120722.66,
600570,2026-06-05,31.5900,4.4000,,43837950476.56,
603175,2026-06-06,0.0000,13.0800,,35836402343.75,
600572,2026-06-05,5.3200,1.4500,,10553483850.00,
600573,2026-06-05,38.2700,2.3000,,3147500000.00,
600575,2026-06-05,9.0300,1.3100,,29240510850.00,
600576,2026-06-05,33.6900,2.3600,,6095289968.75,
600577,2026-06-05,19.0800,4.1900,,26071280868.75,
603176,2026-06-06,0.0000,2.2300,,2380938309.38,
600580,2026-06-05,22.6400,5.6000,,62484700000.00,
600582,2026-06-05,5.2100,0.8700,,22555308687.50,
600583,2026-06-05,5.7400,0.8700,,25157508171.88,
600585,2026-06-05,6.9900,0.5300,,102541503375.00,
002349,2026-06-06,8.4500,1.9700,,5568559484.38,
600587,2026-06-05,6.3400,1.0000,,7868179063.67,
603177,2026-06-06,0.0000,6.2800,,2027626482.42,
002352,2026-06-06,6.9600,1.7500,,175674540693.75,
600590,2026-06-05,22.8000,3.4600,,11249352208.59,
002353,2026-06-06,26.3500,6.6000,,154991311818.75,
600593,2026-06-05,30.8200,23.1400,,4839509500.00,
603180,2026-06-06,0.0000,0.9200,,2495879871.68,
600595,2026-06-05,3.3900,1.5500,,27854939750.00,
600596,2026-06-05,20.2000,1.5500,,19447693220.31,
600597,2026-06-05,14.2300,1.0300,,9483899400.00,
600598,2026-06-05,4.3900,2.9700,,25474152160.94,
600600,2026-06-05,4.5300,2.5100,,81442450828.13,
600601,2026-06-05,22.9200,10.8800,,53079885731.25,
600602,2026-06-05,55.1700,4.9900,,24577091671.88,
600603,2026-06-05,39.5600,0.8000,,5820916535.16,
600605,2026-06-05,71.0600,4.3200,,6171969478.13,
600606,2026-06-05,9.7000,0.5100,,19816448437.50,
603261,2026-06-06,0.0000,5.2500,,2621994150.00,
600609,2026-06-05,8.9800,2.7500,,4657274179.69,
600610,2026-06-05,43.5000,57.7700,,8045272316.41,
002357,2026-06-06,4.9900,1.8500,,3272825200.78,
600612,2026-06-05,3.4100,1.3600,,18654381193.75,
600613,2026-06-05,20.8900,1.1600,,2691720871.88,
002358,2026-06-06,10.9100,1.7300,,5801683875.00,
600616,2026-06-05,243.5700,1.5300,,2950311705.47,
600617,2026-06-05,5.3400,2.1000,,6713587181.25,
600618,2026-06-05,5.7700,1.2500,,11876228000.00,
600619,2026-06-05,22.1700,2.6000,,16057231850.00,
603272,2026-06-06,0.0000,8.3800,,4518137285.16,
600621,2026-06-05,8.5300,1.4200,,13240023225.00,
603278,2026-06-06,0.0000,2.2700,,4391608470.70,
600623,2026-06-05,10.6900,0.8000,,17937924062.50,
603282,2026-06-06,0.0000,1.5900,,2099635800.00,
002363,2026-06-06,16.7200,1.3400,,2930774046.88,
600628,2026-06-05,18.0600,0.9500,,4049439945.31,
600629,2026-06-05,374.7900,2.9600,,15388221492.19,
600630,2026-06-05,14.4200,4.3900,,3568837453.13,
600633,2026-06-05,9.3200,1.4300,,14912556487.50,
600635,2026-06-05,29.1000,1.6600,,14791697784.38,
002364,2026-06-06,119.6700,11.9300,,29840766750.00,
600637,2026-06-05,49.9000,1.0300,,30761382140.63,
600638,2026-06-05,2.6100,0.7700,,3609406831.25,
600639,2026-06-05,15.0200,0.7200,,10853732652.34,
600640,2026-06-05,111.9500,2.2300,,8856095784.38,
002365,2026-06-06,43.6100,1.6900,,3374114625.00,
600642,2026-06-05,6.0300,1.2500,,47472569937.50,
600643,2026-06-05,83.9500,0.6700,,6627590450.00,
002366,2026-06-06,129.5000,2.8100,,13068288481.25,
600645,2026-06-05,38.2700,2.4900,,9279426810.94,
600648,2026-06-05,83.9500,0.7800,,12443196515.63,
600649,2026-06-05,129.2500,0.4500,,9391877929.69,
600650,2026-06-05,42.9300,1.4000,,5929808759.77,
600651,2026-06-05,249.9300,6.2500,,15769205923.44,
600654,2026-06-05,32.2500,5.4300,,9150748125.00,
600655,2026-06-05,11.3300,0.5900,,17782822559.38,
002367,2026-06-06,12.2400,1.2300,,4507261898.44,
603286,2026-06-06,0.0000,8.8400,,7169609184.38,
600660,2026-06-05,8.1700,3.5700,,139882256625.00,
600661,2026-06-05,9.5500,9.2200,,2349700230.47,
600662,2026-06-05,4.2300,1.8400,,10001543165.63,
600663,2026-06-05,17.7400,1.4000,,35346779325.00,
600664,2026-06-05,4.9700,1.3700,,8008861303.13,
603313,2026-06-06,0.0000,0.9100,,3098286943.36,
603324,2026-06-06,0.0000,2.7300,,4456970316.21,
600667,2026-06-05,26.1600,3.8600,,33778406328.12,
002371,2026-06-06,26.7500,11.1300,,437334984337.50,
600671,2026-06-05,54.0600,27.9500,,2062934506.45,
600673,2026-06-05,83.6900,10.0500,,99826939350.00,
600674,2026-06-05,5.0800,1.5900,,73850294156.25,
002372,2026-06-06,12.5900,3.0100,,15044758804.69,
002373,2026-06-06,323.1600,1.0500,,12072638468.75,
600678,2026-06-05,120.5800,8.6600,,2233536000.00,
600679,2026-06-05,45.0300,2.5600,,5446660717.97,
600681,2026-06-05,4.3800,1.3400,,4920937276.56,
600682,2026-06-05,25.6600,0.4800,,7882474618.75,
603335,2026-06-06,0.0000,10.4700,,2954197804.69,
600685,2026-06-05,9.6900,2.1000,,38376698929.69,
600686,2026-06-05,6.0500,2.5000,,9070649886.72,
600688,2026-06-05,8.8600,1.5600,,36793735075.00,
600689,2026-06-05,57.1500,4.7900,,2271201787.11,
600690,2026-06-05,4.0900,1.5200,,190459652606.25,
002376,2026-06-06,55.6700,1.3700,,5228128628.91,
600692,2026-06-05,133.0600,2.4000,,2328678352.34,
600693,2026-06-05,20.0000,2.5000,,9002909496.09,
600694,2026-06-05,2.0200,0.6100,,5545538212.50,
600697,2026-06-05,50.0400,0.8000,,1799286362.40,
600698,2026-06-05,367.5000,9.2000,,6796535990.63,
600702,2026-06-05,5.8700,1.9000,,13586546142.19,
600703,2026-06-05,125.0000,2.4200,,84364307062.50,
600704,2026-06-05,2.5800,0.5900,,25028511200.00,
002378,2026-06-06,9.3500,13.1100,,35670092533.59,
002379,2026-06-06,3.5900,4.6400,,242769742312.50,
600710,2026-06-05,4.8300,1.7500,,15001484618.75,
600711,2026-06-05,3.6000,2.1000,,36778277593.75,
600712,2026-06-05,113.1800,4.0900,,3104535726.56,
600713,2026-06-05,3.7600,0.8900,,6570642703.13,
002380,2026-06-06,12.0900,3.7900,,9218077416.02,
002381,2026-06-06,13.6800,1.0900,,2350109755.47,
600717,2026-06-05,3.6300,0.6300,,12820424153.13,
002383,2026-06-06,1371.5600,3.8700,,5804424850.00,
600719,2026-06-05,3.6400,8.5600,,3451234667.97,
600720,2026-06-05,18.9500,0.8500,,13538114187.50,
600722,2026-06-05,52.9800,5.4800,,6912048025.00,
600724,2026-06-05,15.7600,3.3500,,9466329164.06,
002384,2026-06-06,36.5400,17.9100,,405536216575.00,
600727,2026-06-05,7.7400,1.3500,,4376667951.56,
600728,2026-06-05,81.8400,1.2800,,10087194304.69,
600729,2026-06-05,3.1000,1.0700,,8654903138.67,
603348,2026-06-06,0.0000,1.2800,,5000187591.80,
600731,2026-06-05,6.9200,0.9700,,3090496296.09,
002386,2026-06-06,9.8300,0.9800,,7523520292.19,
002388,2026-06-06,62.1500,2.9800,,2854799680.08,
002389,2026-06-06,18.4400,2.3000,,18644460175.78,
600735,2026-06-05,73.3300,2.5700,,2744180500.00,
600737,2026-06-05,14.3300,2.6600,,30949134629.69,
600738,2026-06-05,5.2600,1.4900,,3228061393.75,
600739,2026-06-05,2.8400,0.5300,,15664630996.88,
002390,2026-06-06,11.8300,0.8400,,5753801550.00,
600741,2026-06-05,4.2900,0.7800,,53375618378.13,
600742,2026-06-05,7.1600,0.6900,,5870157335.94,
002392,2026-06-06,7.3200,1.6000,,9547737318.75,
600744,2026-06-05,11.8600,12.7200,,16411483687.50,
600746,2026-06-05,21.5400,1.3500,,7345731782.03,
002393,2026-06-06,8.5800,0.9700,,4449084468.75,
002394,2026-06-06,28.7300,0.7400,,3217578000.00,
600750,2026-06-05,5.7200,3.8200,,16475096250.00,
600751,2026-06-05,72.6900,1.2500,,9480834646.88,
600753,2026-06-05,12.3200,31.4200,,2756777268.16,
600754,2026-06-05,15.6700,1.3300,,21443261578.13,
600755,2026-06-05,4.8100,0.6300,,12248568867.19,
002395,2026-06-06,13.9000,2.7100,,4205517181.25,
600757,2026-06-05,2.9000,0.9400,,9721338377.34,
600760,2026-06-05,69.6000,4.8300,,114821334843.75,
600761,2026-06-05,4.6500,1.3600,,15150683411.72,
600763,2026-06-05,8.3800,3.5400,,15655118554.69,
600764,2026-06-05,55.7400,1.7600,,14425776312.50,
600765,2026-06-05,13.5600,1.4900,,21424420218.75,
600768,2026-06-05,7.6800,4.6900,,2147979988.09,
600770,2026-06-05,51.7900,2.3000,,7826000000.00,
600771,2026-06-05,10.6900,4.2000,,7131885235.94,
002396,2026-06-06,43.5600,2.3100,,16215019275.00,
002398,2026-06-06,10.9100,0.8500,,3071368437.50,
002399,2026-06-06,7.5300,1.1600,,14130062887.50,
600776,2026-06-05,46.4000,5.2400,,20020641245.31,
600778,2026-06-05,8.7600,7.3200,,1850258373.05,
600779,2026-06-05,8.9700,2.9000,,15336850770.31,
600780,2026-06-05,4.7200,0.9500,,8117237700.00,
002400,2026-06-06,84.7300,2.5900,,12970428675.00,
002401,2026-06-06,64.7200,2.8400,,4723905344.14,
600784,2026-06-05,9.2100,1.5400,,5121444173.44,
600785,2026-06-05,5.3200,1.5000,,3458927960.74,
600787,2026-06-05,13.8700,0.7300,,10155972206.25,
600789,2026-06-05,14.3900,1.4800,,7661240982.03,
600790,2026-06-05,1.6800,0.9900,,5863163750.00,
002402,2026-06-06,13.9000,3.4300,,23620304209.38,
002404,2026-06-06,7.3600,1.9500,,4043571717.19,
600794,2026-06-05,16.7900,1.5600,,3888493087.50,
600795,2026-06-05,6.4700,1.4800,,90426587062.50,
600796,2026-06-05,12.5300,1.3200,,4584238782.81,
603358,2026-06-06,0.0000,5.1000,,18066319085.16,
002406,2026-06-06,13.0900,1.4300,,5892916380.47,
002407,2026-06-06,10.5200,4.5100,,39522361593.75,
600801,2026-06-05,6.5000,1.2500,,40977003768.75,
603359,2026-06-06,0.0000,0.9100,,1275834604.69,
600803,2026-06-05,9.0800,2.4600,,59470029850.00,
600805,2026-06-05,26.6600,0.9200,,3931132734.38,
002409,2026-06-06,20.5200,6.7600,,54731684960.94,
600808,2026-06-05,51.6200,0.9100,,21869934750.00,
002410,2026-06-06,45.7400,2.5700,,15643913231.25,
600812,2026-06-05,21.4300,1.3700,,7600685284.37,
600814,2026-06-05,5.7000,1.3500,,5152900942.19,
002412,2026-06-06,8.4600,1.3400,,3250672000.00,
600816,2026-06-05,2.7200,1.8100,,27662899231.25,
600817,2026-06-05,11.7500,2.0100,,5243094752.34,
600819,2026-06-05,28.4200,1.7800,,6876370050.00,
600820,2026-06-05,5.8300,0.5400,,17323970337.50,
603363,2026-06-06,0.0000,2.5000,,8111253768.75,
600822,2026-06-05,74.2500,3.5200,,4364561437.50,
600824,2026-06-05,20.9000,1.5600,,3942061389.06,
600825,2026-06-05,392.3700,2.0700,,5172194671.88,
002414,2026-06-06,14.6200,7.2300,,53512325212.50,
600827,2026-06-05,1.8400,0.7100,,14558811900.00,
002415,2026-06-06,10.3100,3.3300,,286677172700.00,
600829,2026-06-05,10.3000,1.6300,,4992840792.19,
600830,2026-06-05,14.1900,1.5800,,3584606066.02,
002416,2026-06-06,10.1900,2.1800,,13037244503.13,
600833,2026-06-05,9.9000,1.9500,,2302250704.69,
600834,2026-06-05,86.3000,2.0200,,3523078525.78,
600835,2026-06-05,12.6000,1.5900,,22490037138.28,
600838,2026-06-05,32.5200,2.0800,,3207055937.50,
600839,2026-06-05,33.3800,2.1300,,32867659950.00,
600843,2026-06-05,473.9800,1.9800,,5370143627.34,
002418,2026-06-06,106.9800,3.5500,,5170620000.00,
600845,2026-06-05,14.5500,4.8600,,55463445450.00,
600846,2026-06-05,12.4000,1.6400,,7116033307.03,
002419,2026-06-06,3.7800,1.3500,,5598780647.66,
600848,2026-06-05,25.7200,1.2900,,21567264117.19,
600850,2026-06-05,56.3300,2.9000,,14216155507.81,
600851,2026-06-05,31.0700,1.9800,,8992572554.69,
600853,2026-06-05,47.0400,1.0300,,3679716536.72,
600854,2026-06-05,169.2000,1.0000,,2483012078.13,
002420,2026-06-06,12.7800,3.0000,,2381369100.00,
600857,2026-06-05,18.1200,3.9000,,3452283297.07,
600858,2026-06-05,3.7100,0.9600,,2636737669.92,
600859,2026-06-05,23.1800,0.6200,,11969869476.56,
603366,2026-06-06,0.0000,1.3600,,5829555056.25,
600861,2026-06-05,3.0700,1.0700,,8067105908.20,
600862,2026-06-05,9.9000,3.1300,,24851995275.00,
600864,2026-06-05,13.9000,0.8600,,11047829189.06,
600865,2026-06-05,13.8500,1.6600,,3830126381.25,
002422,2026-06-06,12.1400,2.2400,,55056939062.50,
600867,2026-06-05,12.2000,2.1400,,15472488218.75,
002424,2026-06-06,22.7600,2.0100,,6414976828.13,
600871,2026-06-05,21.3900,4.5600,,43790776837.50,
600872,2026-06-05,5.3200,2.3500,,13989810660.94,
600873,2026-06-05,21.8100,1.5700,,25714895128.13,
600874,2026-06-05,3.2300,0.8500,,8935679131.25,
002425,2026-06-06,24.1300,1.1500,,2860428583.59,
603385,2026-06-06,0.0000,0.6200,,2185017100.00,
600879,2026-06-05,227.2100,3.4000,,71066908537.50,
600880,2026-06-05,66.3400,1.5400,,4635728143.75,
002428,2026-06-06,613.1700,38.0000,,55841760000.00,
600882,2026-06-05,12.1900,1.9800,,9211567903.13,
600883,2026-06-05,18.9900,1.9800,,1947726064.45,
600884,2026-06-05,9.3000,1.3700,,30794461403.13,
600885,2026-06-05,10.6500,3.9400,,51565844575.00,
600886,2026-06-05,5.1900,1.5900,,109981752712.50,
600887,2026-06-05,3.0100,2.7300,,162372007243.75,
600888,2026-06-05,6.4800,1.3400,,17161599609.38,
600889,2026-06-05,72.9300,7.9200,,8861324103.13,
002429,2026-06-06,25.5200,3.1600,,53508438187.50,
600893,2026-06-05,4413.1500,2.8100,,112941233668.75,
600894,2026-06-05,83.2100,0.8500,,7545870956.25,
600895,2026-06-05,59.6800,3.6500,,49836829115.63,
600897,2026-06-05,5.3800,1.2700,,6312380523.44,
600901,2026-06-05,4.5500,1.4400,,37357537312.50,
600905,2026-06-05,11.5700,1.3400,,120354006500.00,
600906,2026-06-05,8.8000,1.7800,,22293150000.00,
600908,2026-06-05,1.8800,0.5200,,11917121732.81,
600909,2026-06-05,8.4400,1.3900,,36576244250.00,
600916,2026-06-05,7.9600,1.7900,,13036800000.00,
002430,2026-06-06,9.2300,2.4300,,24458970703.13,
600918,2026-06-05,8.9500,0.9400,,41967208625.00,
600919,2026-06-05,1.9700,0.7900,,208838078500.00,
600925,2026-06-05,17.0200,2.1400,,33273332662.50,
600926,2026-06-05,1.7300,0.8200,,114896689625.00,
600927,2026-06-05,9.6700,1.4000,,18762112006.25,
600928,2026-06-05,2.0700,0.4400,,15644444200.00,
600929,2026-06-05,57.4700,1.1300,,8544990195.31,
600930,2026-06-05,12.2600,2.2900,,252788567100.00,
600933,2026-06-05,7.2400,1.6100,,15853751198.44,
603386,2026-06-06,0.0000,4.4200,,5782436430.47,
600936,2026-06-05,40.0300,10.0500,,9992736975.00,
600938,2026-06-05,4.2700,2.0000,,1672103816900.00,
002432,2026-06-06,11.2200,1.5200,,32929381293.75,
600941,2026-06-05,7.1900,1.4800,,2109064695950.00,
600955,2026-06-05,12.0300,1.1200,,8580000000.00,
600958,2026-06-05,4.8100,0.9300,,76299872100.00,
600959,2026-06-05,26.8500,0.7500,,17002440562.50,
002434,2026-06-06,13.3300,1.6200,,9581980000.00,
600961,2026-06-05,2.2900,5.1800,,26199552173.44,
600962,2026-06-05,148.9900,6.7000,,6345482000.00,
600963,2026-06-05,51.7000,0.8800,,6678757687.50,
600965,2026-06-05,11.4600,1.1200,,2464289821.88,
600966,2026-06-05,14.3600,1.0600,,7954223101.56,
600967,2026-06-05,14.8200,1.7100,,20489608037.50,
600968,2026-06-05,6.3200,1.3300,,40253813325.00,
600969,2026-06-05,34.1100,1.0600,,3859626796.48,
600970,2026-06-05,5.2200,1.0100,,23727405953.13,
600973,2026-06-05,21.0400,3.0900,,10449810825.00,
002436,2026-06-06,343.6600,12.0700,,64417629203.13,
600976,2026-06-05,4.9100,1.5700,,4305898800.68,
002437,2026-06-06,6.6200,2.6300,,6288228112.50,
600979,2026-06-05,26.6000,1.5700,,6535383421.88,
600980,2026-06-05,17.8500,2.6500,,4097186117.19,
002438,2026-06-06,10.0900,2.2700,,8628137500.00,
600983,2026-06-05,6.9300,2.1500,,6599039655.47,
600985,2026-06-05,9.3700,1.1000,,46027792037.50,
002439,2026-06-06,34.2700,1.5300,,16693095229.69,
600987,2026-06-05,4.7800,0.9700,,6645531079.69,
600988,2026-06-05,6.0300,4.1700,,59596896800.00,
600989,2026-06-05,4.6900,3.3000,,171820624800.00,
002441,2026-06-06,5.0900,1.0700,,4873665164.06,
002442,2026-06-06,31.2800,1.5000,,2763061456.64,
600993,2026-06-05,4.8700,2.2500,,10345293750.00,
002443,2026-06-06,14.1900,1.6200,,5663426325.00,
002444,2026-06-06,7.3400,1.9800,,37829124692.97,
600998,2026-06-05,3.4200,0.9100,,25061077453.13,
600999,2026-06-05,4.4900,1.1800,,146884338918.75,
601000,2026-06-05,5.4200,1.1700,,25540752912.50,
601001,2026-06-05,10.8800,1.8800,,36821400000.00,
601002,2026-06-05,6.7700,1.1100,,4877191992.97,
601003,2026-06-05,42.1200,1.0600,,9931016468.75,
601006,2026-06-05,4.3100,0.6300,,102691154225.00,
601007,2026-06-05,31.5200,1.6200,,2624700000.00,
601008,2026-06-05,18.9200,1.3800,,5830998453.13,
601009,2026-06-05,2.0900,0.7300,,137977413300.00,
601010,2026-06-05,6.8700,0.7600,,3141600000.00,
002445,2026-06-06,31.8600,3.6700,,8389424475.00,
002446,2026-06-06,38.8700,3.8200,,9721714767.19,
601018,2026-06-05,5.6500,0.8100,,66144921750.00,
601019,2026-06-05,4.4400,0.9300,,14566562000.00,
601020,2026-06-05,64.6700,4.6000,,19761148968.75,
601021,2026-06-05,4.5700,2.4100,,44905504781.25,
601022,2026-06-05,7.6000,1.6900,,10613017178.13,
601026,2026-06-05,32.8300,3.8500,,10148166000.00,
601033,2026-06-05,5.4900,1.1800,,13023000000.00,
601038,2026-06-05,2.5100,1.7200,,14112985125.00,
601058,2026-06-05,3.8700,1.8200,,40838205881.25,
601059,2026-06-05,11.6000,2.3600,,52471740000.00,
601061,2026-06-05,4.3100,2.4500,,59339000000.00,
601065,2026-06-05,19.0200,1.1100,,5000798009.38,
601066,2026-06-05,5.1900,2.2100,,190349295300.00,
601068,2026-06-05,20.7200,5.1000,,15686140312.50,
601069,2026-06-05,4.5400,4.5200,,23740635568.75,
601077,2026-06-05,1.9100,0.5500,,75296910000.00,
601083,2026-06-05,4.3000,1.4900,,14403555600.00,
601086,2026-06-05,11.8000,3.0100,,4908420000.00,
601088,2026-06-05,9.8700,2.1400,,1052371386200.00,
601096,2026-06-05,12.6500,2.7000,,12867495550.00,
601098,2026-06-05,5.2900,1.2100,,20061320000.00,
601099,2026-06-05,90.5800,2.2200,,22084864650.00,
601100,2026-06-05,24.0900,8.7900,,157144213875.00,
601101,2026-06-05,6.0900,1.5800,,19483172517.19,
601106,2026-06-05,1306.7800,4.9100,,25373797562.50,
601107,2026-06-05,3.9900,1.0500,,18226037600.00,
601108,2026-06-05,5.7500,0.9300,,35478357437.50,
601111,2026-06-05,6.5900,2.5700,,112891285487.50,
601112,2026-06-05,14.7800,4.5000,,29586228906.25,
601113,2026-06-05,50.7300,1.0900,,4416608750.00,
601116,2026-06-05,11.1000,1.9900,,6676199676.95,
601117,2026-06-05,2.9100,0.6600,,45555730225.00,
002448,2026-06-06,3.8800,1.9600,,7696397690.63,
601121,2026-06-05,16.8600,1.4200,,6230256508.59,
601127,2026-06-05,17.3200,3.1600,,130666306570.31,
601128,2026-06-05,1.9400,0.7100,,23414642231.25,
601133,2026-06-05,46.8900,4.8100,,14573307796.88,
601136,2026-06-05,19.3800,2.6900,,38102672475.00,
601138,2026-06-05,13.8700,8.3400,,1469653490550.00,
601139,2026-06-05,6.9300,1.1200,,18497458293.75,
601155,2026-06-05,8.5200,0.4300,,26548680503.13,
601156,2026-06-05,4.5500,1.3000,,26289921150.00,
601158,2026-06-05,7.5700,1.1700,,20400127500.00,
601162,2026-06-05,14423.6000,1.1800,,32236752000.00,
601163,2026-06-05,5.0700,0.7800,,11032000000.00,
601166,2026-06-05,1.6500,0.4700,,393629149500.00,
601169,2026-06-05,1.3400,0.3800,,108674942900.00,
601177,2026-06-05,9.6400,2.0800,,6046391436.72,
601179,2026-06-05,22.2300,3.3000,,77042013975.00,
601186,2026-06-05,1.9700,0.3100,,86365882350.00,
601187,2026-06-05,2.7900,0.7100,,19371198143.75,
601188,2026-06-05,7.7600,0.9200,,4164449050.78,
601198,2026-06-05,11.4800,1.3200,,40534868137.50,
601199,2026-06-05,5.9600,1.0900,,5143656718.75,
601200,2026-06-05,6.4100,0.8500,,10069802737.50,
601208,2026-06-05,30.6900,9.4200,,57337985306.25,
601211,2026-06-05,4.4800,0.8800,,286470051562.50,
601212,2026-06-05,29.8200,2.8100,,44724837225.00,
601216,2026-06-05,5.9900,1.4400,,42949509075.00,
601218,2026-06-05,7.5500,1.6200,,4922690259.38,
601222,2026-06-05,21.0200,0.8400,,12655564968.75,
601225,2026-06-05,6.2500,2.5800,,263122300000.00,
002451,2026-06-06,60.8500,4.6900,,3622307400.00,
601228,2026-06-05,9.9000,1.0700,,23086265625.00,
601229,2026-06-05,2.0900,0.5200,,132428182900.00,
601231,2026-06-05,24.4300,4.4100,,101919219300.00,
601233,2026-06-05,2.6300,1.2400,,49982822828.13,
601236,2026-06-05,16.4200,1.2600,,32168492881.25,
002452,2026-06-06,12.3500,2.5200,,6991142872.66,
601288,2026-06-05,2.9600,0.7900,,2225892134400.00,
601298,2026-06-05,4.4300,1.2900,,60886518000.00,
601311,2026-06-05,6.1900,0.9600,,9854427187.50,
601319,2026-06-05,3.3000,0.9100,,290551614300.00,
601326,2026-06-05,4.4400,0.9200,,18997200375.00,
601328,2026-06-05,2.3100,0.5200,,603524617400.00,
601333,2026-06-05,3.7600,0.7500,,21817293575.00,
601336,2026-06-05,2.7000,1.4200,,175786448796.88,
601339,2026-06-05,4.4400,1.1500,,10766905868.75,
601360,2026-06-05,62.7100,2.3500,,68525674043.75,
601366,2026-06-05,53.6000,0.8200,,3599029101.56,
601368,2026-06-05,15.6500,0.8200,,3955718900.00,
601369,2026-06-05,7.9400,1.6700,,15218280110.94,
601375,2026-06-05,10.9000,1.2600,,18385823362.50,
601377,2026-06-05,6.4200,0.8900,,50434167000.00,
601388,2026-06-05,12.1900,1.5600,,7308059218.75,
601390,2026-06-05,2.6600,0.3600,,115778383525.00,
601398,2026-06-05,3.0100,0.6600,,2616021801600.00,
601399,2026-06-05,21.3600,1.8200,,27122969150.00,
601456,2026-06-05,9.9700,0.9300,,49534766600.00,
601500,2026-06-05,5.2100,1.0700,,6595660492.19,
601512,2026-06-05,10.9700,0.8400,,13025354100.00,
002454,2026-06-06,6.9700,1.2200,,4975556982.81,
601518,2026-06-05,5.2400,1.0300,,6030864468.75,
002455,2026-06-06,32.0300,2.1700,,5938641750.00,
601528,2026-06-05,2.2000,0.4600,,9281023451.56,
601555,2026-06-05,4.6600,0.8500,,37314958121.88,
601567,2026-06-05,12.8800,1.8400,,21555911812.50,
601568,2026-06-05,72.9100,1.3100,,14935555425.00,
601577,2026-06-05,1.6700,0.5200,,38446053850.00,
601579,2026-06-05,6.3200,1.9500,,7580316329.30,
601598,2026-06-05,6.3600,1.0400,,43329457550.00,
601599,2026-06-05,20.6300,2.4100,,3690524901.56,
601600,2026-06-05,3.3100,2.2700,,183215092950.00,
601601,2026-06-05,2.9700,0.9300,,298711595812.50,
603389,2026-06-06,0.0000,78.9100,,15820297449.61,
601607,2026-06-05,4.2500,0.7800,,60297964087.50,
601608,2026-06-05,25.9100,2.6100,,24637997493.75,
601609,2026-06-05,12.8300,2.1600,,21849985900.00,
601611,2026-06-05,8.3000,1.4900,,33453558093.75,
601615,2026-06-05,129.1300,1.2100,,31841873800.00,
603392,2026-06-06,0.0000,3.5900,,42470954571.88,
601618,2026-06-05,3.4900,0.5500,,56901951562.50,
601619,2026-06-05,11.2000,1.8500,,14709695234.38,
601137,2026-06-05,0.0000,2.4300,,22761483150.00,
601628,2026-06-05,4.7600,1.5500,,927647618100.00,
601633,2026-06-05,15.1400,1.6200,,143184198487.50,
601636,2026-06-05,158.6000,1.3900,,20799335862.50,
601658,2026-06-05,2.3200,0.5800,,595671448000.00,
601665,2026-06-05,2.3700,0.7300,,36984593425.00,
601666,2026-06-05,19.8800,1.0900,,23878748973.44,
601668,2026-06-05,1.4000,0.3900,,195032240800.00,
601669,2026-06-05,4.6100,0.6100,,89920548675.00,
601677,2026-06-05,3.2100,1.1400,,22520212282.81,
601686,2026-06-05,5.9900,1.1600,,7742529325.00,
601688,2026-06-05,3.5400,0.9600,,170156381687.50,
601689,2026-06-05,21.4200,4.8100,,118172822500.00,
601696,2026-06-05,8.3200,1.5500,,30085740000.00,
601698,2026-06-05,503.6300,8.4600,,135180330000.00,
601699,2026-06-05,7.8200,1.2100,,56238490375.00,
601700,2026-06-05,20.8900,2.7600,,5932925353.91,
601702,2026-06-05,8.4300,3.0600,,20469877812.50,
601717,2026-06-05,3.6200,1.2900,,32280032000.00,
002458,2026-06-06,10.8300,2.5200,,11177617085.94,
601727,2026-06-05,32.0200,2.2200,,121834550600.00,
601728,2026-06-05,7.6100,1.1900,,559108625400.00,
601766,2026-06-05,4.8100,0.9200,,162435575900.00,
601777,2026-06-05,93.9400,4.3900,,45437055000.00,
603398,2026-06-06,0.0000,84.1200,,6018943803.13,
601788,2026-06-05,5.4700,1.0300,,63767191125.00,
601789,2026-06-05,3.9200,1.1500,,7256105325.00,
601798,2026-06-05,23.5500,2.2400,,2896495419.53,
601799,2026-06-05,10.1100,3.1000,,35909899892.58,
601800,2026-06-05,2.4900,0.3500,,102204762750.00,
601801,2026-06-05,3.2800,0.9000,,10964415000.00,
601808,2026-06-05,7.2200,1.3000,,61792114781.25,
601811,2026-06-05,6.2400,1.0300,,16052271613.28,
601816,2026-06-05,7.7100,1.1500,,242182116000.00,
601818,2026-06-05,1.6100,0.3700,,184937771500.00,
601825,2026-06-05,2.3300,0.6300,,83520888287.50,
601827,2026-06-05,3.1100,1.0700,,13375466250.00,
601828,2026-06-05,22.2800,0.4700,,10622998262.50,
601858,2026-06-05,48.2000,3.1700,,18078735000.00,
601860,2026-06-05,2.2300,0.4700,,9555235284.38,
601865,2026-06-05,68.3600,1.1800,,26076257878.13,
601866,2026-06-05,7.9900,1.0600,,32994140625.00,
601872,2026-06-05,4.3200,2.6500,,119503173500.00,
601877,2026-06-05,4.5900,1.2800,,58215567670.31,
601878,2026-06-05,5.5400,1.1000,,41621548718.75,
601880,2026-06-05,10.5000,0.9300,,37714828000.00,
601881,2026-06-05,3.9800,1.0900,,132306270250.00,
601882,2026-06-05,9.6100,3.5000,,10706220000.00,
601886,2026-06-05,6.2900,1.3000,,9607857225.00,
601890,2026-06-05,10.2300,2.2200,,8634600000.00,
601898,2026-06-05,5.8100,1.3600,,223275897550.00,
601900,2026-06-05,3.4600,1.1400,,10398427221.09,
601901,2026-06-05,3.6100,1.0200,,53673300150.00,
002460,2026-06-06,7.4900,2.9600,,137647985718.75,
601918,2026-06-05,5.0400,1.5800,,27615176387.50,
601919,2026-06-05,3.9100,0.9700,,229694756250.00,
601921,2026-06-05,12.5300,1.1300,,16333333078.13,
601928,2026-06-05,5.4100,1.1200,,22878651000.00,
002461,2026-06-06,11.6200,1.8600,,20805287312.50,
601933,2026-06-05,10.9500,14.6600,,31399627587.50,
601939,2026-06-05,3.1000,0.7500,,2673555883600.00,
002463,2026-06-06,20.6400,15.2700,,256363717959.38,
601952,2026-06-05,24.3800,1.6900,,11974820000.00,
002465,2026-06-06,678.0100,3.4600,,39510795787.50,
601958,2026-06-05,7.8600,3.5800,,70856232075.00,
601963,2026-06-05,2.4300,0.7300,,43545276265.63,
601965,2026-06-05,9.3900,1.9300,,15447045796.88,
601966,2026-06-05,104.9100,0.7800,,17723017167.19,
601968,2026-06-05,8.6200,1.2400,,5638945528.13,
601969,2026-06-05,9.1600,2.6300,,18385529764.06,
601975,2026-06-05,4.6400,1.6700,,20031875262.50,
601985,2026-06-05,8.9600,1.5400,,184906342475.00,
601988,2026-06-05,3.4400,0.7100,,1949385141000.00,
601990,2026-06-05,9.7900,1.2100,,28685573337.50,
002466,2026-06-06,5.3900,2.1700,,101182671690.63,
601995,2026-06-05,4.3600,1.5200,,155920397062.50,
603421,2026-06-06,0.0000,1.9200,,4617508795.31,
601997,2026-06-05,1.4700,0.3300,,21754378843.75,
601998,2026-06-05,2.0400,0.5500,,410104829200.00,
601999,2026-06-05,49.1400,1.2100,,3261414950.00,
002468,2026-06-06,4.6400,1.8700,,21278150406.25,
603001,2026-06-05,16.7400,1.7900,,4250388000.00,
603004,2026-06-05,15.5700,2.1500,,4472524800.00,
603005,2026-06-05,45.6500,6.4100,,29869464718.75,
603006,2026-06-05,16.1000,2.6100,,3551932527.34,
603429,2026-06-06,0.0000,3.8100,,4809532106.64,
002470,2026-06-06,64.6200,3.4700,,7393562578.13,
603010,2026-06-05,58.2500,3.1800,,8184574071.88,
603458,2026-06-06,0.0000,1.6400,,4233701726.95,
603012,2026-06-05,24.7300,1.5000,,5753850000.00,
603013,2026-06-05,5.7900,2.0200,,9376651792.97,
603014,2026-06-05,11.0200,1.8000,,13033927968.75,
603015,2026-06-05,77.0100,3.7400,,5210382708.59,
603016,2026-06-05,90.7900,7.1000,,6007888000.00,
603017,2026-06-05,15.4200,2.1600,,3231426427.73,
603018,2026-06-05,7.0000,0.8800,,4766060951.56,
603019,2026-06-05,52.8900,5.3400,,120516846901.56,
603020,2026-06-05,11.9500,1.2300,,4008055459.38,
002472,2026-06-06,12.8200,3.5300,,36427055540.63,
603025,2026-06-05,7.1600,5.7400,,17028985175.78,
603026,2026-06-05,6.9200,3.7500,,19495689452.73,
603027,2026-06-05,6.9700,2.9400,,10331722382.81,
603477,2026-06-06,0.0000,2.9300,,7593658256.25,
603029,2026-06-05,26.8400,2.0700,,1987581991.99,
603030,2026-06-05,145.9100,4.6900,,3279164648.44,
603031,2026-06-05,16.0900,7.5500,,21503616078.13,
603032,2026-06-05,23.4500,5.0300,,5888991909.18,
002475,2026-06-06,13.6900,5.6700,,501057188450.00,
603035,2026-06-05,6.2300,0.8300,,4462107792.19,
603036,2026-06-05,12.4900,1.9600,,2760480347.66,
603037,2026-06-05,36.3800,3.4900,,3464956269.53,
603038,2026-06-05,6.2300,2.9900,,4288086665.63,
603039,2026-06-05,19.7800,4.6400,,12287105716.41,
603040,2026-06-05,18.6800,7.9500,,12356081603.52,
603041,2026-06-05,15.7100,1.4600,,2238064836.72,
002476,2026-06-06,26.3500,3.3300,,3206880000.00,
603043,2026-06-05,15.6500,2.0700,,8258551743.75,
603045,2026-06-05,6.2400,9.0200,,11297483741.02,
603048,2026-06-05,19.2700,2.3900,,3053635200.00,
603049,2026-06-05,3.3400,1.5900,,40751030125.00,
603051,2026-06-05,17.2700,2.0300,,3452478752.34,
002478,2026-06-06,9.5900,1.0600,,6413726037.50,
603053,2026-06-05,4.9500,1.6300,,8257788100.00,
603055,2026-06-05,5.4900,1.3400,,7229185884.38,
603057,2026-06-05,12.3300,4.8100,,10267040000.00,
002479,2026-06-06,4.4700,1.0800,,4619100000.00,
603059,2026-06-05,13.5800,2.3800,,2661890581.05,
603488,2026-06-06,0.0000,4.5600,,3530163822.66,
603061,2026-06-05,31.2300,15.0800,,25763310000.00,
603062,2026-06-05,45.7000,2.1900,,4600800000.00,
603063,2026-06-05,48.9300,4.7800,,25012719676.56,
603065,2026-06-05,73.5600,2.0000,,4001140744.14,
603066,2026-06-05,2.5500,2.0900,,3185970457.62,
603067,2026-06-05,22.5400,6.6900,,27410461171.88,
603068,2026-06-05,31.2300,2.8900,,5069695976.56,
002481,2026-06-06,33.2800,2.0500,,4984133796.88,
603528,2026-06-06,0.0000,2.5900,,4870918617.19,
603071,2026-06-05,4.5300,1.3100,,7822521980.47,
603072,2026-06-05,20.3400,4.3700,,9738718000.00,
603073,2026-06-05,15.5600,1.4800,,2060160000.00,
603075,2026-06-05,13.7900,4.4000,,9860835605.47,
603076,2026-06-05,35.8300,2.2800,,2940283639.45,
603077,2026-06-05,12.1600,1.1900,,21107763000.00,
603078,2026-06-05,55.7000,8.0300,,16027086382.81,
603079,2026-06-05,19.2300,1.5800,,2532996765.63,
603080,2026-06-05,6.4100,1.7800,,2893675000.00,
603081,2026-06-05,113.7000,1.3500,,4313715826.95,
603085,2026-06-05,19.7700,5.1300,,4963750000.00,
603086,2026-06-05,11.9600,1.2400,,2626271039.06,
603087,2026-06-05,16.9400,2.7600,,32600906900.00,
603088,2026-06-05,65.7400,4.5900,,5275074082.03,
002483,2026-06-06,7.4200,1.1000,,5079464146.88,
603090,2026-06-05,36.8400,9.7400,,6350000000.00,
603091,2026-06-05,7.4000,3.0400,,6937924888.48,
603092,2026-06-05,11.4100,4.2300,,24256007106.25,
603093,2026-06-05,6.6000,2.3500,,13521937528.13,
603095,2026-06-05,34.1200,2.0800,,4850295561.33,
603096,2026-06-05,11.5500,1.2700,,2384466909.96,
603097,2026-06-05,3294.4100,3.9800,,4295913201.56,
603098,2026-06-05,30.6800,2.3100,,6600531000.00,
603099,2026-06-05,125.7800,6.7600,,10183387042.58,
603100,2026-06-05,8.5000,1.9900,,9555285042.19,
603101,2026-06-05,5.2900,2.3800,,3405696000.00,
603102,2026-06-05,7.8500,1.3500,,2269440000.00,
603103,2026-06-05,36.8300,11.5600,,14776860000.00,
603105,2026-06-05,185.4900,1.9800,,4245095180.86,
603106,2026-06-05,136.9800,2.9400,,3898694800.00,
603107,2026-06-05,10.0100,2.0600,,4479808800.00,
002484,2026-06-06,47.2500,11.9100,,76547151562.50,
603109,2026-06-05,19.2900,2.2700,,4479798146.48,
603110,2026-06-05,39.8900,5.9700,,4159355872.85,
603111,2026-06-05,9.7500,1.3200,,5439413736.72,
002487,2026-06-06,10.6200,4.6600,,46142618972.66,
603118,2026-06-05,43.1800,2.0800,,10557376607.81,
603119,2026-06-05,48.5400,16.5200,,34849782000.00,
603120,2026-06-05,24.3600,3.9600,,4717072000.00,
002489,2026-06-06,5.1100,1.7200,,7916909312.50,
002490,2026-06-06,106.8800,11.8500,,5967906312.50,
002491,2026-06-06,59.5400,12.1100,,30528464265.63,
603124,2026-06-05,31.3300,12.7000,,24485192812.50,
603125,2026-06-05,12.1000,3.8900,,9837524671.88,
603126,2026-06-05,43.8700,2.2900,,4688640000.00,
603127,2026-06-05,10.2500,2.8500,,24428751421.88,
603128,2026-06-05,7.6400,1.1100,,7029579621.09,
603129,2026-06-05,8.3000,4.3900,,35101516985.35,
603130,2026-06-05,43.0900,4.3200,,6192264390.82,
603131,2026-06-05,55.3900,3.9500,,6519154078.13,
603132,2026-06-05,8.0400,4.8300,,16469520000.00,
603135,2026-06-05,48.0900,3.0100,,8898627244.53,
603136,2026-06-05,23.8200,1.8000,,2490568166.80,
603137,2026-06-05,6.1400,1.8600,,2222639604.49,
002492,2026-06-06,12.4400,1.5000,,2442150000.00,
603139,2026-06-05,18.2100,6.9700,,3802431600.00,
603150,2026-06-05,21.5100,3.3200,,5777795837.99,
603151,2026-06-05,53.8900,1.5700,,2178263368.16,
603153,2026-06-05,43.6800,1.5000,,5815928920.31,
603155,2026-06-05,18.4500,2.8300,,6265210050.00,
603156,2026-06-05,6.3200,5.1500,,51028639138.28,
603158,2026-06-05,15.0700,3.5200,,7999554183.59,
002493,2026-06-06,4.0600,2.4600,,114179327775.00,
603160,2026-06-05,21.9900,2.7500,,25772857603.13,
603161,2026-06-05,18.4400,1.8900,,2894730583.20,
603163,2026-06-05,26.1100,8.4500,,10102000000.00,
603166,2026-06-05,11.5600,3.1800,,8684001957.03,
603167,2026-06-05,8.9900,1.2100,,4278597768.75,
002494,2026-06-06,23.7300,1.5700,,1980881191.41,
002495,2026-06-06,92.3200,2.0500,,2264214012.50,
603170,2026-06-05,7.4200,3.1500,,4868121700.00,
603171,2026-06-05,61.6000,7.4800,,19264816450.00,
603172,2026-06-05,18.2600,2.2900,,2547558000.00,
603173,2026-06-05,5.9800,2.6600,,5529600000.00,
002496,2026-06-06,620.7700,3.2200,,3588063456.25,
002497,2026-06-06,7.2100,2.2100,,24434325000.00,
603178,2026-06-05,21.7500,3.5900,,4106474608.01,
603179,2026-06-05,18.3200,4.9300,,37288312658.59,
603181,2026-06-05,7.0700,2.2000,,7947450000.00,
603182,2026-06-05,7.7200,1.8600,,2109531000.00,
603187,2026-06-05,4.7400,1.1500,,4957718482.81,
603188,2026-06-05,18.1000,3.5900,,2531554800.00,
603190,2026-06-05,6.5500,1.4500,,3272911200.00,
603191,2026-06-05,48.0700,2.3600,,5906366507.81,
603192,2026-06-05,21.9300,1.5100,,3322132826.95,
603193,2026-06-05,17.3000,4.0100,,9107394760.94,
603194,2026-06-05,7.7900,2.5700,,14187380000.00,
603195,2026-06-05,6.8400,4.0600,,72352539440.63,
603196,2026-06-05,41.9200,4.9800,,9922890972.66,
603197,2026-06-05,9.0800,2.0200,,6495677125.98,
603198,2026-06-05,3.3700,2.4500,,28104000000.00,
603199,2026-06-05,5.2200,2.1100,,3633624400.00,
603200,2026-06-05,453.3300,7.6700,,8430063891.41,
603201,2026-06-05,10.4400,1.9300,,3444332088.48,
603202,2026-06-05,8.1400,1.5000,,10329600000.00,
603205,2026-06-05,13.1900,2.3800,,3625440000.00,
603206,2026-06-05,32.4800,2.0700,,4715340000.00,
603207,2026-06-05,6.5300,3.1800,,3658531058.79,
603177,2026-06-05,0.0000,6.2800,,2027626482.42,
603180,2026-06-05,0.0000,0.9200,,2495879871.68,
603183,2026-06-05,0.0000,1.2400,,1983641280.47,
603185,2026-06-05,0.0000,1.0100,,11940182409.38,0.00
603189,2026-06-05,0.0000,2.2800,,3358571827.73,
002498,2026-06-06,16.5300,3.0100,,26514563621.88,
603209,2026-06-05,3.8700,1.2400,,4316000000.00,
603210,2026-06-05,9.1700,2.6600,,5146848000.00,
603211,2026-06-05,66.0300,5.9700,,7480156375.00,
002500,2026-06-06,7.1200,0.9700,,18164244106.25,
603213,2026-06-05,19.2100,3.2700,,6276006726.56,
603214,2026-06-05,22.8500,1.6500,,1956184800.00,
603533,2026-06-06,0.0000,4.5400,,10432576861.72,
603216,2026-06-05,62.0600,2.9000,,5248803300.00,
603217,2026-06-05,8.3700,1.4700,,5081499134.77,
603218,2026-06-05,13.5200,1.1000,,11478002395.31,
603219,2026-06-05,847.3500,5.5000,,8886962000.00,
603557,2026-06-06,0.0000,53.3300,,2992497187.50,
002510,2026-06-06,43.5500,2.5200,,6395373632.81,
002512,2026-06-06,12.9800,14.6900,,4729367053.13,
603225,2026-06-05,9.2800,1.6200,,34103447937.50,
603567,2026-06-06,0.0000,1.0800,,6586015078.13,
603227,2026-06-05,19.6600,1.7200,,8980785114.06,
603228,2026-06-05,30.1900,5.2800,,70249852039.06,
603229,2026-06-05,7.9400,3.2400,,7671945290.63,
603230,2026-06-05,5.6300,1.2400,,3499877777.34,
603231,2026-06-05,9.4800,1.4900,,3011651667.58,
002516,2026-06-06,16.2900,2.3300,,8913282825.00,
603233,2026-06-05,3.5500,2.3600,,18141848142.19,
603235,2026-06-05,6.9500,2.0200,,10222163000.00,
603236,2026-06-05,16.3500,3.3000,,23101284740.63,
002517,2026-06-06,4.1700,3.1400,,32516666740.63,
603238,2026-06-05,7.3400,1.5200,,2279215610.16,
603239,2026-06-05,10.4200,3.7200,,5116608000.00,
603248,2026-06-05,41.0100,5.0600,,11826600000.00,
603257,2026-06-05,14.8900,2.9900,,7665600000.00,
002518,2026-06-06,21.3800,5.9600,,29635258464.84,
603260,2026-06-05,57.0800,1.5000,,44143610546.88,
002519,2026-06-06,465.0700,3.3600,,7456972806.25,
603262,2026-06-05,49.1300,7.1700,,11264281600.00,
603266,2026-06-05,12.4800,2.2900,,3721171969.53,
603267,2026-06-05,17.9500,3.8300,,17284851203.13,
603268,2026-06-05,12.6100,13.0800,,137937885982.81,
603270,2026-06-05,15.5900,2.8400,,6522806435.74,
603271,2026-06-05,7.3900,2.9000,,8815023200.00,
002520,2026-06-06,14.0900,16.0800,,4764057238.28,
603273,2026-06-05,42.9000,3.5800,,3173981430.86,
603275,2026-06-05,13.6900,2.0600,,6206763847.27,
603276,2026-06-05,13.1400,1.8900,,3405451671.87,
603277,2026-06-05,16.9600,2.4600,,7020719956.25,
002522,2026-06-06,43.2000,2.8300,,6603131643.75,
603280,2026-06-05,27.7900,2.2500,,3116692602.54,
603281,2026-06-05,12.2200,2.5800,,12629864904.69,
002523,2026-06-06,27.5000,2.0200,,4986575550.00,
603283,2026-06-05,18.9900,4.8500,,17291414478.52,
603284,2026-06-05,6.5300,1.3900,,3068628204.05,
603285,2026-06-05,21.5500,3.9800,,6848000000.00,
603578,2026-06-06,0.0000,2.5600,,3630279990.82,
603288,2026-06-05,8.1500,4.7400,,199137604750.00,
603289,2026-06-05,51.9700,1.9200,,2860625625.00,
603290,2026-06-05,101.7900,3.8900,,27103610287.89,
603291,2026-06-05,29.0100,2.3600,,4316849976.56,
603293,2026-06-05,13.4600,2.6800,,7813727377.34,
603296,2026-06-05,11.2200,4.0800,,118991077640.63,
603297,2026-06-05,29.7800,6.5300,,13737291464.26,
603298,2026-06-05,6.8800,2.7000,,32457142134.38,
603299,2026-06-05,8.7700,1.1700,,9585789615.63,
603300,2026-06-05,9.6400,1.5700,,10491460390.63,
603301,2026-06-05,38.8500,3.7200,,21152315503.13,
603303,2026-06-05,29.5400,4.0600,,13092129527.34,
603305,2026-06-05,13.7700,1.8400,,17231615132.81,
603306,2026-06-05,278.7500,10.1400,,32603510923.83,
603307,2026-06-05,8.0000,1.8400,,2661810776.37,
603308,2026-06-05,36.3600,8.5900,,43689936256.25,
603309,2026-06-05,5.6300,1.8500,,3376952170.31,
603310,2026-06-05,13.4500,1.3600,,5532346800.00,
603311,2026-06-05,27.2800,7.1600,,9652369443.75,
603312,2026-06-05,9.8600,3.2000,,5895981646.97,
002526,2026-06-06,53.1700,1.6500,,5348381718.75,
603315,2026-06-05,26.4900,3.0600,,5318080722.66,
603316,2026-06-05,22.2700,9.4700,,5232427277.34,
603317,2026-06-05,5.8300,3.0600,,14575945141.41,
603318,2026-06-05,93.4900,2.6200,,4925498043.75,
603319,2026-06-05,66.0400,5.9400,,14637700512.50,
603320,2026-06-05,20.0500,2.6800,,3208134787.21,
603321,2026-06-05,34.9400,1.5900,,2299181753.52,
603322,2026-06-05,11.5500,18.2800,,4811124908.59,
603323,2026-06-05,2.0600,0.4900,,9527515437.50,
603616,2026-06-06,0.0000,11.0800,,2334924587.11,
603325,2026-06-05,14.2300,1.6900,,4680233942.87,
603326,2026-06-05,25.8600,1.9500,,2329991330.08,
603327,2026-06-05,23.0900,4.4500,,11144596937.50,
603328,2026-06-05,35.2800,3.0700,,13289270714.84,
603329,2026-06-05,6.3300,1.7300,,2545521128.52,
603330,2026-06-05,110.5000,2.8600,,3725319642.19,
603331,2026-06-05,424.6900,2.4700,,2575717213.67,
603333,2026-06-05,997.3000,2.6800,,5463227755.08,
603334,2026-06-05,14.6200,3.4400,,5978210000.00,
603633,2026-06-06,0.0000,2.1400,,3721790012.50,
603337,2026-06-05,7.3700,3.5200,,18923073468.75,
603338,2026-06-05,5.8600,2.2400,,26532629468.75,
603339,2026-06-05,9.7100,1.5200,,4112473433.79,
603341,2026-06-05,131.2500,2.8000,,20224255675.78,
603344,2026-06-05,18.0100,2.7900,,6046023358.59,
603345,2026-06-05,5.1300,1.8000,,28889482393.75,
002531,2026-06-06,42.4000,2.0200,,17555503860.94,
603350,2026-06-05,13.1900,2.6200,,3572871099.80,
603351,2026-06-05,9.1700,1.8800,,3449633916.80,
603352,2026-06-05,28.4100,2.3300,,6879334321.29,
603353,2026-06-05,33.8800,4.6500,,7477910830.08,
603355,2026-06-05,84.5000,2.6000,,14667490064.06,
002532,2026-06-06,2.8800,2.0400,,63922864875.00,
603357,2026-06-05,19.4500,0.9700,,3873353533.59,
002533,2026-06-06,6.6500,1.9400,,8748577837.50,
603360,2026-06-05,72.0200,10.1300,,14279842645.31,
002534,2026-06-06,27.4000,2.9100,,16484642821.88,
603365,2026-06-05,4.6000,1.4900,,4832557041.21,
002535,2026-06-06,40.1800,3.5600,,2116443037.50,
603367,2026-06-05,4.6600,0.9600,,6094070207.03,
603368,2026-06-05,2.8900,0.8300,,6490434378.13,
603369,2026-06-05,2.3300,1.8000,,32329524000.00,
603370,2026-06-05,22.3100,3.7900,,7452870000.00,
603373,2026-06-05,23.0100,2.8700,,5361291448.24,
603375,2026-06-05,192.6100,3.0700,,4750461536.13,
603376,2026-06-05,82.3100,6.3500,,11136028275.00,
603379,2026-06-05,7.2700,4.2700,,36775254018.75,
603380,2026-06-05,18.6800,3.5300,,5702080289.65,
603381,2026-06-05,17.9700,1.3100,,4377378893.55,
603382,2026-06-05,24.7100,2.1800,,3867905009.38,
603383,2026-06-05,13.2700,3.9800,,6163426837.89,
002536,2026-06-06,39.3100,6.4700,,22732782283.20,
002537,2026-06-06,13.8700,1.6400,,7208462653.13,
603387,2026-06-05,5.6400,1.5200,,4305733347.66,
603390,2026-06-05,6.7300,2.5100,,4297187344.53,
603391,2026-06-05,136.1600,2.2500,,5097820000.00,
002538,2026-06-06,7.3600,0.9600,,5087192456.25,
603393,2026-06-05,7.8100,1.2000,,11339894482.42,
603395,2026-06-05,28.6900,4.1800,,5961800000.00,
603396,2026-06-05,19.4400,1.6200,,4237556225.00,
002539,2026-06-06,4.7500,1.4800,,14420222507.81,
603399,2026-06-05,6.6800,5.4700,,8852383350.00,
603400,2026-06-05,21.8900,5.5600,,6818000000.00,
603402,2026-06-05,17.8500,2.5000,,7352076905.27,
603406,2026-06-05,10.6300,2.5100,,11720293000.00,
603407,2026-06-05,41.1500,11.1300,,22947058488.28,
603408,2026-06-05,4.8300,1.3000,,4551817489.45,
603409,2026-06-05,12.2700,3.2900,,5104215000.00,
603416,2026-06-05,17.1700,3.3900,,9337175820.90,
603418,2026-06-05,9.4200,2.1000,,9722924545.31,
002540,2026-06-06,16.8500,1.2000,,6681108459.38,
002541,2026-06-06,8.6100,1.2900,,12703239434.38,
603435,2026-06-05,60.1700,17.9100,,38161410925.00,
603439,2026-06-05,15.6500,4.6600,,6951813320.31,
603444,2026-06-05,4.6600,4.0200,,24131606809.03,
603456,2026-06-05,6.3800,1.2400,,10984658292.97,
002543,2026-06-06,6.8500,1.1300,,5450588000.00,
603459,2026-06-05,59.9600,18.2200,,74229653912.50,
603636,2026-06-06,0.0000,2.8100,,5205833755.08,
603486,2026-06-05,8.4300,3.6800,,34110120604.69,
002545,2026-06-06,6.4200,2.5300,,25801848148.44,
603489,2026-06-05,17.7300,2.8600,,7934781024.22,
603496,2026-06-05,125.0700,5.2200,,7275153006.25,
603499,2026-06-05,17.7700,5.8800,,5440647213.67,
603500,2026-06-05,10.3500,3.7700,,4069938574.22,
603501,2026-06-05,23.9200,3.6600,,120318209081.25,
603505,2026-06-05,25.1800,8.1400,,15427789619.53,
603506,2026-06-05,4.3600,1.6800,,2078700168.16,
603507,2026-06-05,6.9300,2.5900,,6725154750.59,
603508,2026-06-05,5.3000,2.0400,,8506232177.73,
603511,2026-06-05,5.6200,1.1800,,5272860146.48,
603515,2026-06-05,10.6700,1.9600,,13979741892.19,
603516,2026-06-05,1605.1800,16.1100,,27445285971.48,
603517,2026-06-05,10.5200,1.2500,,7508364683.20,
603518,2026-06-05,2.6600,0.7700,,2945852493.36,
603519,2026-06-05,9.8900,2.6500,,3342413801.76,
603520,2026-06-05,20.5500,1.6700,,4305185049.22,
603527,2026-06-05,11.1300,2.0100,,4272771660.16,
002546,2026-06-06,6.5300,1.5300,,5955110306.25,
603529,2026-06-05,9.5400,1.8900,,18711772406.25,
603530,2026-06-05,23.6100,12.2000,,23207364600.00,
688055,2026-06-06,0.0000,4.3200,,17333333875.00,
603535,2026-06-05,19.1100,1.4200,,3520226957.81,
603536,2026-06-05,318.1500,6.3700,,2229903367.19,
603538,2026-06-05,30.9000,3.7900,,9629678058.98,
603551,2026-06-05,10.0700,2.8500,,4139831401.56,
603556,2026-06-05,13.0700,1.5900,,11884297506.25,
002549,2026-06-06,103.6000,5.3600,,11118612771.09,
603558,2026-06-05,4.4100,1.7200,,4029422971.88,
603559,2026-06-05,50.6700,4.3600,,3414867203.52,
603565,2026-06-05,3.9000,1.8800,,20559617993.75,
603566,2026-06-05,8.8600,1.3600,,3609429837.89,
002550,2026-06-06,9.1200,2.7200,,7755588000.00,
603568,2026-06-05,7.0000,2.0100,,30761850293.75,
603569,2026-06-05,381.0800,1.3600,,3621043828.13,
002552,2026-06-06,34.2600,14.4500,,22627303425.00,
603579,2026-06-05,5.4300,1.3200,,3787827260.16,
603580,2026-06-05,105.2900,6.4500,,2937533606.25,
603583,2026-06-05,19.9600,2.1400,,10072478158.20,
603585,2026-06-05,14.2200,1.1100,,3060899356.45,
603586,2026-06-05,40.5400,1.4900,,3450529156.25,
603587,2026-06-05,5.8500,1.5800,,5888232731.25,
603588,2026-06-05,3.4300,2.0200,,20655060243.75,
603589,2026-06-05,3.6900,1.1300,,12141825691.41,
603590,2026-06-05,10.2500,1.5000,,4840279560.55,
603595,2026-06-05,23.0900,3.6100,,5494936082.81,
603596,2026-06-05,10.3000,3.4300,,27665250353.13,
603598,2026-06-05,54.6200,25.3800,,5674128018.75,
603599,2026-06-05,6.4600,0.9900,,10158606225.00,
603600,2026-06-05,4.7100,1.4400,,3390244664.06,
603602,2026-06-05,61.6000,3.4300,,3059201300.00,
603605,2026-06-05,7.1000,4.1000,,26047307446.88,
603606,2026-06-05,8.9300,3.9000,,33165550413.28,
603607,2026-06-05,14.6900,3.6700,,3923799195.31,
603608,2026-06-05,66.7800,7.9300,,8684342204.30,
603609,2026-06-05,64.9200,0.8800,,5622322353.91,
603610,2026-06-05,19.7000,2.1300,,6643301941.41,
603611,2026-06-05,6.3500,1.4600,,4742430742.38,
603612,2026-06-05,4.9100,1.7100,,10131445371.09,
603613,2026-06-05,6.0400,1.7600,,16536342796.88,
603615,2026-06-05,92.4900,4.0300,,4638107600.00,
002553,2026-06-06,2514.5900,4.1400,,6502736812.50,
603617,2026-06-05,16.2400,1.8200,,2841724297.27,
603619,2026-06-05,37.0800,2.6900,,11738774911.72,
603626,2026-06-05,3.3200,5.6100,,12778879203.13,
603628,2026-06-05,64.0900,2.2000,,2883987768.75,
603629,2026-06-05,17.4400,21.0800,,47317281600.00,
603630,2026-06-05,14.2600,1.6200,,3060530641.41,
688058,2026-06-06,0.0000,3.0700,,1842826926.27,
002555,2026-06-06,4.9400,2.9800,,43138634296.88,
002556,2026-06-06,9.1100,1.3400,,4884032718.75,
603638,2026-06-05,12.7100,5.2800,,19248017259.38,
603639,2026-06-05,5.0900,1.0900,,3835640788.28,
603648,2026-06-05,9.7400,1.7100,,3239970543.75,
603650,2026-06-05,18.5300,7.8200,,33773670488.28,
603655,2026-06-05,46.9200,6.7000,,3858400000.00,
603656,2026-06-05,62.6200,2.6500,,3514380953.91,
002557,2026-06-06,6.3900,1.9700,,10754481452.34,
603658,2026-06-05,7.5200,1.9400,,17771311425.78,
603659,2026-06-05,8.3800,2.8100,,58985978115.63,
002558,2026-06-06,4.5400,3.0000,,49015494785.94,
603661,2026-06-05,8.1800,1.3100,,4822843627.73,
603662,2026-06-05,45.2400,6.6700,,18602172731.25,
603663,2026-06-05,74.9000,19.8800,,27628778251.95,
603665,2026-06-05,26.8000,6.4900,,4282884172.66,
002559,2026-06-06,17.0000,3.0800,,5464664100.00,
603667,2026-06-05,92.4800,9.0700,,28483513291.41,
603668,2026-06-05,83.4300,2.6400,,5594111709.38,
603669,2026-06-05,98.0800,5.2200,,2899184053.91,
603676,2026-06-05,5.7200,2.5300,,3907750129.69,
603677,2026-06-05,26.3400,2.6400,,3073910339.06,
603678,2026-06-05,75.5200,4.8700,,29951184566.41,
002560,2026-06-06,22.1000,2.3200,,6389509878.13,
603680,2026-06-05,4.8500,1.5600,,9161673100.78,
603681,2026-06-05,21.2500,1.7100,,5691538617.19,
603682,2026-06-05,44.6400,6.2600,,4068225000.00,
603683,2026-06-05,38.5700,5.8300,,9859012893.36,
603685,2026-06-05,84.7700,4.2000,,8451079728.71,
603686,2026-06-05,9.6100,1.7900,,6272998898.44,
603687,2026-06-05,46.6200,3.1400,,10285596792.97,
603689,2026-06-05,3.6300,1.1000,,4159183981.64,
002562,2026-06-06,15.9000,1.5200,,5599827953.13,
603693,2026-06-05,12.4700,1.9000,,13648496603.13,
603696,2026-06-05,27.4800,5.3200,,3076416000.00,
603697,2026-06-05,6.9400,2.4900,,4567751728.13,
603698,2026-06-05,43.4000,5.0500,,17778788300.00,
603699,2026-06-05,12.9800,8.9600,,44819103907.03,
603700,2026-06-05,21.6800,1.4200,,2339554166.02,
603701,2026-06-05,71.8200,7.3900,,5998255479.49,
603703,2026-06-05,88.4300,6.5400,,5403067064.06,
603706,2026-06-05,4.1300,2.3000,,4240278548.05,
603707,2026-06-05,14.5900,1.8700,,12989834793.75,
603708,2026-06-05,4.0900,2.5800,,6211035657.42,
603709,2026-06-05,99.3100,3.9800,,2023539016.11,
603711,2026-06-05,5.9300,1.5500,,5536641701.95,
002564,2026-06-06,133.8300,22.9900,,4363235018.75,
603713,2026-06-05,4.5000,1.6900,,8303280152.93,
002565,2026-06-06,81.3700,8.8500,,16260229821.88,
688060,2026-06-06,0.0000,2.5800,,2287246533.20,
603718,2026-06-05,34.6700,2.4800,,2196918796.88,
603719,2026-06-05,8.1000,1.8900,,3865640000.00,
002568,2026-06-06,8.8500,3.8000,,19145043089.06,
688061,2026-06-06,0.0000,1.8100,,4164740905.76,
603725,2026-06-05,20.2100,4.5500,,3914372807.81,
603726,2026-06-05,5.4600,3.1900,,4774948642.97,
688062,2026-06-06,0.0000,99.6300,,11883023195.31,
603728,2026-06-05,199.5400,9.2700,,27570846150.00,
603729,2026-06-05,49.6700,4.3800,,1195381316.60,
603730,2026-06-05,14.3800,5.3900,,26814352500.00,
603733,2026-06-05,7.3900,2.1200,,18535297289.06,
603737,2026-06-05,24.3400,8.6500,,25968222896.88,
603738,2026-06-05,74.5000,9.4400,,17168134875.00,
603755,2026-06-05,13.5200,3.2400,,2460411844.24,
603757,2026-06-05,88.5300,4.7800,,10144442428.91,
603758,2026-06-05,20.2200,1.8300,,4739007515.63,
603759,2026-06-05,94.0600,1.2400,,3638668800.00,
603766,2026-06-05,5.5000,2.6800,,25915698462.50,
603767,2026-06-05,89.6400,3.9800,,5441173413.87,
603768,2026-06-05,38.4300,1.2200,,2665106062.50,
002573,2026-06-06,22.1100,0.8700,,4769449895.31,
002574,2026-06-06,20.9700,0.9500,,2581920000.00,
603786,2026-06-05,12.6500,3.3200,,19134731334.38,
603787,2026-06-05,9.3100,1.5200,,2345165409.57,
603788,2026-06-05,7.2500,1.5600,,3399512088.28,
688068,2026-06-06,0.0000,3.1100,,7559459277.34,
603790,2026-06-05,14.2200,3.9900,,5206905600.00,
603797,2026-06-05,5.1000,0.7300,,2462104183.98,
603798,2026-06-05,8.8500,3.3100,,4110887238.28,
603799,2026-06-05,3.7900,1.8800,,94760505900.00,
002576,2026-06-06,12.2400,2.0400,,2682875000.00,
002577,2026-06-06,104.7500,4.3300,,5032735980.08,
603806,2026-06-05,14.4200,2.7800,,44974763800.00,
603808,2026-06-05,8.0600,1.2800,,3306334816.41,
603809,2026-06-05,9.0800,2.4900,,9405351823.44,
603810,2026-06-05,15.9400,1.3800,,2136221314.84,
603867,2026-06-05,9.9900,2.5900,,8118778481.84,
603868,2026-06-05,7.7900,4.1800,,14684076000.00,
603869,2026-06-05,130.8000,1.2800,,4812695699.22,
603871,2026-06-05,5.1100,2.6600,,16758105273.44,
603876,2026-06-05,12.0200,3.0500,,23287435718.75,
603877,2026-06-05,4.4100,1.3200,,6020347485.94,
002578,2026-06-06,34.7500,2.4300,,3660657914.06,
002579,2026-06-06,203.7400,4.7700,,11449841517.19,
002580,2026-06-06,16.2700,4.1100,,9917037308.59,
603881,2026-06-05,58.1200,7.7300,,26026799842.19,
603882,2026-06-05,26.0000,1.7500,,11127463915.63,
603883,2026-06-05,3.4100,1.3200,,9008027082.03,
603885,2026-06-05,5.4000,2.3000,,23805657906.25,
688069,2026-06-06,0.0000,4.4100,,5715540000.00,
002582,2026-06-06,0.3900,0.8500,,4324858223.44,
603888,2026-06-05,32.9900,3.4100,,12988710410.16,
603889,2026-06-05,4.6500,1.4600,,5581323562.50,
603890,2026-06-05,22.9900,4.2300,,13958294367.19,
603893,2026-06-05,22.1500,15.4500,,72928896182.03,
603895,2026-06-05,68.5000,17.4200,,3575286400.00,
603896,2026-06-05,10.9600,1.4300,,3171902500.00,
688070,2026-06-06,0.0000,6.1500,,3591640630.66,
603899,2026-06-05,6.0600,2.1200,,20417913560.16,
603900,2026-06-05,4.1900,1.1200,,2239553542.58,
603901,2026-06-05,9.0800,2.0000,,6471197674.22,
603906,2026-06-05,8.6900,5.4000,,18618923881.25,
603908,2026-06-05,9.2100,3.8800,,1885821789.55,
603909,2026-06-05,10.3400,2.2100,,2611944516.80,
002584,2026-06-06,36.8800,2.0200,,4418383867.19,
603915,2026-06-05,19.9500,2.8400,,10973309475.00,
603916,2026-06-05,18.9000,1.3400,,5703864731.25,
002585,2026-06-06,332.4500,1.6200,,13490432873.44,
688075,2026-06-06,0.0000,0.8100,,4181024209.96,
603919,2026-06-05,4.7300,2.7300,,9668375600.00,
603920,2026-06-05,120.4800,6.7800,,44136276269.53,
603922,2026-06-05,31.3400,2.9500,,2741760000.00,
603926,2026-06-05,16.8400,2.8500,,4992422115.23,
002587,2026-06-06,30.3300,3.4300,,4614253916.02,
603928,2026-06-05,12.3100,2.4300,,3915475200.00,
603929,2026-06-05,14.6400,14.3700,,36290402400.00,
603933,2026-06-05,14.3700,3.7000,,4960316164.06,
002588,2026-06-06,3.0000,1.3000,,10240320157.81,
603937,2026-06-05,11.5900,1.9400,,3001756597.27,
603939,2026-06-05,4.8300,2.0300,,24126606085.94,
603948,2026-06-05,7.4300,1.7800,,3930613729.10,
603949,2026-06-05,13.9800,2.9700,,3279063039.84,
603950,2026-06-05,25.2800,6.7700,,20945332346.48,
002589,2026-06-06,41.6400,0.8100,,4318519045.31,
002591,2026-06-06,36.6500,3.5600,,2278514145.70,
603960,2026-06-05,200.9700,5.0400,,5679206310.94,
603966,2026-06-05,8.6800,2.2200,,4709685046.88,
605005,2026-06-05,14.6200,3.0600,,6516250000.00,
605006,2026-06-05,114.6100,4.4000,,11555542555.08,
605007,2026-06-05,6.3800,1.7600,,6341480900.00,
002592,2026-06-06,8.1800,2.0400,,1980485027.93,
605009,2026-06-05,6.3000,1.5100,,5259829671.09,
605011,2026-06-05,20.5000,3.3600,,8306076000.00,
605016,2026-06-05,8.3100,4.8100,,10021493589.84,
605018,2026-06-05,53.6900,2.9300,,8282559065.63,
605020,2026-06-05,9.7600,2.9700,,17602812778.91,
605028,2026-06-05,117.0300,2.5500,,3508800000.00,
605033,2026-06-05,7.3900,2.2200,,2633696000.00,
605050,2026-06-05,6.1100,1.1800,,5288057517.19,
002593,2026-06-06,11.7900,1.5400,,3802248192.19,
605056,2026-06-05,30.4700,4.3100,,7921758480.47,
605058,2026-06-05,16.0600,2.9300,,5316768949.22,
605060,2026-06-05,19.2200,4.7400,,11981481210.94,
605066,2026-06-05,17.8100,1.9200,,3442395799.22,
002594,2026-06-06,20.7600,3.6600,,847990539475.00,
002595,2026-06-06,11.4300,4.7000,,58916400000.00,
605077,2026-06-05,18.6000,1.3400,,4124510500.00,
605080,2026-06-05,4.3100,1.3600,,3089835681.05,
605378,2026-06-06,0.0000,3.4100,,4241652173.44,
605086,2026-06-05,27.5600,3.1900,,5198592000.00,
605088,2026-06-05,8.6400,2.2700,,6720370007.81,
605089,2026-06-05,13.2400,2.3800,,3009780000.00,
605090,2026-06-05,6.1000,2.2600,,26514217284.38,
605098,2026-06-05,16.5900,6.3200,,6481297476.07,
605099,2026-06-05,7.8000,4.6900,,15654753255.47,
605100,2026-06-05,63.3800,4.5400,,8172161912.89,
605108,2026-06-05,20.3500,1.4600,,3411200000.00,
605116,2026-06-05,12.0300,2.8500,,7689048035.16,
605117,2026-06-05,11.2400,11.5500,,133561207863.28,
605118,2026-06-05,20.2200,8.8100,,14246219600.00,
605122,2026-06-05,33.4100,1.2800,,2225090190.43,
605123,2026-06-05,14.7100,2.7000,,12599350019.53,
605128,2026-06-05,15.2700,3.2200,,7070980466.41,
605133,2026-06-05,22.6400,2.6500,,10114654256.05,
605136,2026-06-05,34.7100,1.4900,,3588108300.00,
605138,2026-06-05,2.2600,1.4900,,3744551804.69,
605151,2026-06-05,14.1100,2.0400,,2808146137.70,
605155,2026-06-05,13.4700,1.9700,,2701129249.22,
002597,2026-06-06,11.3700,1.3800,,10911741750.00,
605162,2026-06-05,44.8600,3.8200,,5447009355.47,
605166,2026-06-05,9.6100,1.6500,,3273220031.25,
605169,2026-06-05,71.6900,1.5600,,3145625600.00,
002598,2026-06-06,12.9200,1.7700,,2221813800.00,
605399,2026-06-06,0.0000,1.9700,,4052424702.73,
605179,2026-06-05,36.7600,5.0500,,5814500000.00,
605180,2026-06-05,63.7600,2.0200,,2323750000.00,
605183,2026-06-05,8.0200,1.6700,,6338060015.63,
605186,2026-06-05,115.1200,3.5500,,3929040000.00,
605188,2026-06-05,25.6800,5.5700,,6822028642.19,
605189,2026-06-05,4.5500,1.4300,,3337670981.84,
605196,2026-06-05,30.9900,5.9100,,20004561140.63,
605198,2026-06-05,24.8700,6.3400,,18086254982.81,
002600,2026-06-06,28.1400,4.5200,,110207637150.00,
605208,2026-06-05,27.1200,2.1800,,4843519200.00,
002601,2026-06-06,17.7600,1.4500,,33212576381.25,
605228,2026-06-05,12.8900,2.6100,,5984649853.13,
002602,2026-06-06,5.4300,3.4100,,110117996550.00,
605258,2026-06-05,58.3400,2.4500,,2982320000.00,
605259,2026-06-05,7.3700,1.7600,,3315065600.00,
605266,2026-06-05,7.8200,1.0400,,2812680787.11,
605268,2026-06-05,16.0500,2.6800,,4628156925.00,
605286,2026-06-05,59.1300,2.4900,,5377680000.00,
002603,2026-06-06,6.2900,2.2600,,25728861812.50,
605289,2026-06-05,35.8300,12.2400,,16672696911.62,
002605,2026-06-06,5.7300,2.0600,,8017021500.00,
605300,2026-06-05,24.4000,1.5100,,4348594542.19,
002606,2026-06-06,10.2400,3.0900,,6094336059.38,
605305,2026-06-05,6.3900,2.6900,,8228774400.00,
002608,2026-06-06,4.7600,1.0400,,37138523328.13,
605319,2026-06-05,9.6100,3.3900,,9690704206.25,
605333,2026-06-05,30.3600,2.6600,,9187999734.38,
002609,2026-06-06,268.4500,2.0700,,4960913063.67,
605337,2026-06-05,6.9100,2.2100,,3698169848.44,
605338,2026-06-05,10.3600,2.0500,,4891951998.05,
605339,2026-06-05,189.5400,1.6700,,5723680004.30,
605358,2026-06-05,620.4900,6.4200,,44827896540.63,
605365,2026-06-05,42.8000,2.2400,,8509118496.09,
688078,2026-06-06,0.0000,2.5400,,1699864714.45,
605368,2026-06-05,5.9000,1.5200,,5059622437.50,
605369,2026-06-05,11.9600,2.2300,,3827756581.25,
605377,2026-06-05,7.1800,1.1800,,4670463921.88,
002613,2026-06-06,316.6900,2.4700,,5458820612.50,
605388,2026-06-05,39.3600,2.2200,,3410749031.25,
605398,2026-06-05,126.9400,3.8300,,3978415894.04,
688079,2026-06-06,0.0000,10.2500,,12798720277.34,
605488,2026-06-05,56.0600,4.6700,,10559793827.34,
605499,2026-06-05,7.8500,4.8200,,98669043507.03,
002615,2026-06-06,374.4400,1.5800,,4523278687.50,
605507,2026-06-05,7.7400,1.4300,,12439410960.94,
605555,2026-06-05,62.1300,2.6300,,7866120996.09,
605566,2026-06-05,22.8900,2.8200,,5734953400.00,
605567,2026-06-05,21.6200,1.6700,,1860000000.00,
605577,2026-06-05,3.6600,1.1200,,4506667150.78,
605580,2026-06-05,15.0700,6.8200,,7324800000.00,
002616,2026-06-06,4.8300,1.2900,,4803019710.94,
605598,2026-06-05,252.3600,5.8800,,10073046230.47,
605599,2026-06-05,3.0300,2.3900,,12078889428.13,
688001,2026-06-05,1120.8900,9.0800,,32726651664.06,
688002,2026-06-05,11.7100,7.8800,,56082353187.50,
002617,2026-06-06,23.1000,2.5400,,16380712115.63,
688005,2026-06-05,199.9900,2.9900,,23199988715.63,
688081,2026-06-06,0.0000,13.4400,,5299347200.00,
688008,2026-06-05,34.5300,14.0400,,292582458000.00,
688009,2026-06-05,10.1900,1.1100,,53160890125.00,
002625,2026-06-06,45.8700,8.2600,,80797042968.75,
002626,2026-06-06,13.7400,2.0500,,9014852578.91,
688013,2026-06-05,23.7500,3.9900,,2302384388.62,
688015,2026-06-05,20.2900,1.2300,,3313233146.87,
688016,2026-06-05,7.8500,2.8800,,12153643021.48,
688018,2026-06-05,20.7800,6.2700,,28184711699.22,
002627,2026-06-06,36.2600,1.6600,,5144669984.38,
688021,2026-06-05,16.3000,2.0200,,1781203374.32,
002628,2026-06-06,28.3200,1.3500,,3815785968.75,
688025,2026-06-05,36.3900,14.7900,,35548477207.03,
002632,2026-06-06,15.9800,2.9400,,6552044575.39,
688028,2026-06-05,62.4700,8.7600,,17709337138.28,
688029,2026-06-05,9.4100,3.2500,,13787999332.03,
002633,2026-06-06,49.6500,6.0100,,2583000000.00,
002635,2026-06-06,33.3700,1.9900,,11643471964.84,
002637,2026-06-06,6.0900,1.6300,,6157549294.53,
002639,2026-06-06,328.1000,4.5500,,11762224039.06,
688035,2026-06-05,32.0500,4.6700,,11030712000.00,
688036,2026-06-05,9.9600,3.2800,,69761782593.75,
688037,2026-06-05,1420.4400,17.7900,,49840253445.70,
688083,2026-06-06,0.0000,3.5700,,9430638294.73,
002642,2026-06-06,617.2200,4.2400,,5034626178.13,
688041,2026-06-05,92.7100,27.1100,,637008106537.50,
688045,2026-06-05,35.4400,3.3600,,4830995783.69,
688046,2026-06-05,15.3500,3.1700,,7228300000.00,
688048,2026-06-05,1450.5400,21.5600,,64978534802.93,
688049,2026-06-05,15.2500,3.5500,,7428861958.20,
688050,2026-06-05,8.9800,2.8000,,8014123716.80,
002643,2026-06-06,15.0300,1.8600,,13198119000.00,
002645,2026-06-06,10.8500,5.5000,,23474765010.94,
002646,2026-06-06,7.1800,1.2100,,3483115216.80,
002647,2026-06-06,29.1100,21.9800,,13687830821.88,
688056,2026-06-05,49.1300,3.9900,,3248512400.00,
688057,2026-06-05,28.6300,1.2100,,3861240000.00,
002648,2026-06-06,3.8100,2.2800,,80746435631.25,
688059,2026-06-05,9.4400,7.6200,,16545815146.87,
002649,2026-06-06,47.3700,1.3100,,5506255122.27,
002650,2026-06-06,24.3500,4.7300,,8236703681.25,
002651,2026-06-06,26.7700,3.0100,,8433033600.00,
688063,2026-06-05,64.7500,1.5600,,14432033842.19,
688065,2026-06-05,19.4600,1.8000,,32248865421.09,
688067,2026-06-05,21.5600,3.0700,,1601400000.00,
688084,2026-06-06,0.0000,2.5000,,3837429631.25,
002653,2026-06-06,9.6100,11.0000,,53285696953.13,
688089,2026-06-06,0.0000,1.3400,,2130793225.78,
688071,2026-06-05,213.2300,2.8500,,2880306016.11,
688073,2026-06-05,9.2900,2.0700,,4352382099.71,
688096,2026-06-06,0.0000,3.6800,,3040255826.56,
688076,2026-06-05,7.0600,2.9300,,9140220789.84,
688077,2026-06-05,27.7300,2.9100,,3228293589.84,
002658,2026-06-06,35.1100,1.8600,,5003438270.70,
688098,2026-06-06,0.0000,2.2300,,3092149202.34,
688080,2026-06-05,32.3400,2.5600,,3005168824.22,
002661,2026-06-06,7.5800,1.1200,,2571823007.81,
002662,2026-06-06,24.1900,1.1300,,5040000000.00,
688107,2026-06-06,0.0000,18.7700,,16943904732.42,
688085,2026-06-05,66.8700,2.2300,,4718494375.00,
688087,2026-06-05,14.0700,2.4900,,7180027773.44,
688088,2026-06-05,27.7500,5.4100,,15007784313.28,
002666,2026-06-06,11.3700,1.0100,,3561756821.88,
688091,2026-06-05,48.4500,6.0800,,8801439021.88,
688092,2026-06-05,38.1900,3.3800,,2252585856.93,
688093,2026-06-05,9.6600,2.8700,,8243254113.28,
688095,2026-06-05,57.7100,2.4700,,6502055754.00,
688097,2026-06-05,108.2500,6.4200,,30827632018.75,
002667,2026-06-06,36.2100,0.0000,,6045722890.63,
688100,2026-06-05,11.1800,4.6800,,16574707933.98,
688101,2026-06-05,5.9600,1.3000,,5869974093.75,
688102,2026-06-05,67.8600,14.9700,,29229751999.22,
688103,2026-06-05,87.8800,5.2400,,5909566933.59,
688105,2026-06-05,165.6700,1.8200,,6927600570.31,
688106,2026-06-05,297.2100,4.0100,,14471453382.42,
688108,2026-06-05,33.3200,8.2200,,8150063847.66,
688110,2026-06-05,40.3100,15.5000,,55739550234.38,
688111,2026-06-05,4.9400,7.1700,,108544916621.09,
688113,2026-06-05,9.1200,2.5600,,2590071377.73,
002668,2026-06-06,3.3800,2.6900,,10353263929.69,
688115,2026-06-05,71.1000,2.9400,,3746854000.00,
688116,2026-06-05,25.5300,3.8200,,14397376653.13,
688117,2026-06-05,7.6500,4.5100,,5076642600.00,
002669,2026-06-06,73.4600,1.8200,,5042508000.00,
688119,2026-06-05,178.4600,1.8100,,5085000000.00,
688121,2026-06-05,2.5400,0.6000,,1513818745.31,
688122,2026-06-05,89.9400,5.5000,,39428138030.86,
688123,2026-06-05,66.7600,7.6600,,20590598604.30,
688109,2026-06-06,0.0000,8.6200,,6840357931.05,
688114,2026-06-06,0.0000,2.9100,,20659204062.50,
688127,2026-06-05,26.2400,14.5600,,33997990959.38,
688128,2026-06-05,8.2400,3.0600,,11038805000.00,
688129,2026-06-05,13.4600,2.9800,,3075823734.08,
002674,2026-06-06,19.2800,1.7800,,4356420242.97,
688131,2026-06-05,23.4500,5.1100,,15907800292.97,
002675,2026-06-06,30.9500,2.4100,,10348676074.22,
002676,2026-06-06,15.4000,3.0100,,4046400000.00,
688135,2026-06-05,242.1400,5.2200,,8277519710.94,
688118,2026-06-06,0.0000,2.5500,,2153749417.97,
688125,2026-06-06,0.0000,8.6100,,15453724026.46,
688138,2026-06-05,18.0600,3.5500,,10057860000.00,
688139,2026-06-05,11.8800,2.1200,,9437817998.44,
688126,2026-06-06,0.0000,5.5900,,94160117734.38,
688143,2026-06-05,385.9900,16.8000,,22768445578.13,
688148,2026-06-05,6.7800,10.8400,,4168113473.83,
688151,2026-06-05,90.5400,1.3700,,5801380000.00,
688130,2026-06-06,0.0000,2.3800,,2943698370.61,
002683,2026-06-06,23.2600,3.4300,,24073159275.00,
688155,2026-06-05,6.6300,4.1500,,10181890765.43,
688156,2026-06-05,22.5400,3.2200,,2489655004.69,
002685,2026-06-06,13.5000,4.4300,,7305757031.25,
688159,2026-06-05,15.1600,4.5000,,4215272202.83,
688160,2026-06-05,83.2300,8.4400,,11081528066.41,
688161,2026-06-05,21.8000,2.3000,,9644000000.00,
688163,2026-06-05,696.9100,3.5500,,3952194400.00,
002686,2026-06-06,215.4300,2.1800,,3510682429.69,
688166,2026-06-05,221.8000,8.1000,,20613103500.00,
002687,2026-06-06,19.9500,1.4100,,2210934175.78,
688169,2026-06-05,8.7200,1.9700,,28176506282.03,
002688,2026-06-06,6.4100,1.7500,,3993727706.25,
688132,2026-06-06,0.0000,1.8300,,2166164529.30,
002690,2026-06-06,11.4100,4.3700,,13233433593.75,
688133,2026-06-06,0.0000,1.2300,,3349581530.86,
688136,2026-06-06,0.0000,2.2900,,3954704118.16,
002693,2026-06-06,111.3600,9.2300,,3840027591.41,
688179,2026-06-05,27.4400,7.8500,,7982234367.19,
688137,2026-06-06,0.0000,1.3600,,2757893235.35,
688181,2026-06-05,21.8400,2.5900,,5406156457.03,
688182,2026-06-05,861.3100,6.2200,,14060000000.00,
688183,2026-06-05,22.0400,15.9900,,98030125105.47,
002698,2026-06-06,16.2600,3.0200,,12751342684.38,
688186,2026-06-05,100.1300,1.1200,,5273200617.19,
688187,2026-06-05,11.6100,1.7400,,74662735812.50,
688047,2026-06-05,0.0000,22.7500,,54568080000.00,
688188,2026-06-05,14.3800,7.1000,,45518016844.34,
002701,2026-06-06,2.3900,1.2100,,12363643064.06,
688190,2026-06-05,20.3100,4.6800,,12576000000.00,
002702,2026-06-06,25.4000,2.8000,,2906624800.00,
002703,2026-06-06,32.9300,6.5200,,13787319390.63,
688193,2026-06-05,38.7800,2.1100,,1937379660.28,
688195,2026-06-05,303.3700,43.0200,,43787562000.00,
002706,2026-06-06,25.1100,3.2800,,14185068750.00,
688198,2026-06-05,26.7000,8.0700,,11046019794.43,
688199,2026-06-05,43.5000,1.7100,,4430526332.81,
688200,2026-06-05,61.5800,13.8500,,58008622075.78,
002707,2026-06-06,54.9300,6.0400,,5434413950.00,
688202,2026-06-05,47.1100,3.7600,,7355782800.29,
688203,2026-06-05,224.0100,1.5900,,2342958899.22,
688205,2026-06-05,183.8100,15.3300,,36099141250.00,
002708,2026-06-06,27.8100,5.0400,,8914874403.91,
002709,2026-06-06,5.9900,5.1900,,99114870765.63,
688209,2026-06-05,20.4000,4.1200,,9204898635.16,
688141,2026-06-06,0.0000,33.3300,,41605212768.36,
688211,2026-06-05,146.5800,1.2400,,4329998499.90,
688152,2026-06-06,0.0000,2.6600,,3185334471.68,
688213,2026-06-05,16.2000,7.0300,,38359953082.03,
688215,2026-06-05,47.3100,8.5400,,4209827404.69,
002715,2026-06-06,32.5700,4.6300,,2155560000.00,
002716,2026-06-06,16.4800,6.3100,,25633645850.00,
688219,2026-06-05,11.1500,2.0200,,6144528000.00,
688153,2026-06-06,0.0000,3.1600,,12569442958.20,
688221,2026-06-05,3.1000,6.3500,,7042079765.63,
688222,2026-06-05,25.9800,7.0100,,10782298800.00,
002721,2026-06-06,20.2800,3.1900,,6861197175.00,
002722,2026-06-06,7.1800,0.9900,,2959771216.02,
688226,2026-06-05,133.5800,5.2400,,9314070898.44,
688157,2026-06-06,0.0000,3.2600,,4386328142.58,
688165,2026-06-06,0.0000,8.8200,,10654747600.00,
688167,2026-06-06,0.0000,17.9200,,40063858945.80,
688230,2026-06-05,24.8600,3.3100,,7448784000.00,
688231,2026-06-05,22.6700,3.8400,,10782718537.50,
002729,2026-06-06,34.2700,5.8000,,3287969145.12,
688233,2026-06-05,58.5700,7.7600,,14867687882.81,
002730,2026-06-06,48.3900,6.4100,,10576353376.95,
688235,2026-06-05,21.1100,9.6100,,339389649181.25,
688237,2026-06-05,114.7700,3.4900,,4236577772.27,
002732,2026-06-06,4504.3400,1.4800,,2229649500.00,
002733,2026-06-06,61.6800,4.8000,,13047937420.31,
002734,2026-06-06,6.2400,2.0100,,8246300430.47,
688247,2026-06-05,22.0600,2.7900,,3653920400.00,
688248,2026-06-05,57.7200,8.6000,,28466527000.00,
688249,2026-06-05,160.2600,3.7000,,81187009106.25,
002735,2026-06-06,67.1000,4.3300,,6765834972.66,
688252,2026-06-05,18.1700,3.4000,,8364485361.33,
688253,2026-06-05,19.4200,3.7600,,7890295500.00,
688255,2026-06-05,31.5800,3.2600,,3482527018.55,
688258,2026-06-05,25.7500,15.9900,,15312373734.38,
688259,2026-06-05,39.6600,2.6100,,4119496000.00,
002736,2026-06-06,4.8700,1.0200,,102519848681.25,
688261,2026-06-05,177.7600,3.3500,,9879545000.00,
002737,2026-06-06,6.7600,1.8900,,7457680000.00,
688265,2026-06-05,380.0100,1.5200,,2597743852.54,
688266,2026-06-05,3.7900,14.0100,,24001092777.34,
688267,2026-06-05,17.0700,1.8900,,5398768000.00,
688268,2026-06-05,72.6400,12.5700,,24606737797.85,
688269,2026-06-05,9.3200,4.0900,,4507981094.73,
688270,2026-06-05,61.6500,10.6300,,24401882578.13,
688271,2026-06-05,23.3400,4.2400,,93113367309.38,
002738,2026-06-06,8.3000,3.3000,,42113480743.75,
688273,2026-06-05,18.5600,3.1000,,4254000000.00,
002741,2026-06-06,31.6200,6.5600,,13011324085.16,
688170,2026-06-06,0.0000,6.7200,,8284304000.00,
688278,2026-06-05,13.6500,6.1800,,22446340175.39,
688279,2026-06-05,27.6500,4.6900,,24404189531.25,
688171,2026-06-06,0.0000,5.0300,,4161024700.39,
688281,2026-06-05,24.0700,3.9800,,19030337454.69,
002745,2026-06-06,3.5700,1.2600,,14930714046.88,
688283,2026-06-05,103.6000,4.6000,,4557756000.00,
688285,2026-06-05,24.2200,1.7500,,2972690074.22,
002747,2026-06-06,30.6800,9.2700,,30021107531.25,
002748,2026-06-06,6.6900,1.8000,,2575200000.00,
002752,2026-06-06,4.0900,1.6800,,6203432078.13,
688289,2026-06-05,17.9400,1.2500,,8922575320.31,
002753,2026-06-06,210.4700,1.0600,,2807850162.11,
002755,2026-06-06,14.2000,3.6300,,11991831237.50,
688293,2026-06-05,13.3000,1.8400,,5215736473.14,
688295,2026-06-05,148.4100,9.5100,,45198000000.00,
002756,2026-06-06,6.5000,2.4100,,31780032503.91,
688297,2026-06-05,176.2700,5.1900,,29727000000.00,
002757,2026-06-06,15.2200,3.2100,,6609348448.05,
688299,2026-06-05,41.3700,2.3500,,4609781965.63,
002759,2026-06-06,6.8000,3.8500,,13411985009.77,
002760,2026-06-06,30.4600,2.4200,,2029107695.02,
688305,2026-06-05,37.1300,4.3600,,8373122050.78,
002761,2026-06-06,3.3900,1.1400,,9896791739.06,
002762,2026-06-06,2599.1700,4.6100,,3080017500.00,
688172,2026-06-06,0.0000,5.3800,,97777565381.25,
688312,2026-06-05,483.1500,7.7000,,11927929500.00,
688314,2026-06-05,25.4900,4.5600,,3354366535.74,
002767,2026-06-06,835.3900,3.2300,,2781000000.00,
002768,2026-06-06,7.5700,2.8200,,19421587500.00,
688318,2026-06-05,85.8600,7.6600,,29653516097.66,
688319,2026-06-05,51.1700,14.9500,,13911758395.31,
002769,2026-06-06,80.1900,2.5400,,2990277242.58,
688321,2026-06-05,40.0300,4.6000,,11317149935.55,
688322,2026-06-05,163.1400,16.8900,,50568250064.06,
688173,2026-06-06,0.0000,4.5500,,6511158778.13,
688325,2026-06-05,95.8600,6.0500,,10744979347.27,
002773,2026-06-06,6.3900,2.0500,,19651890578.91,
688176,2026-06-06,0.0000,4.0500,,5940173281.25,
688328,2026-06-05,24.1200,7.6300,,6528819375.00,
002777,2026-06-06,47.6300,3.2900,,5588683673.44,
688330,2026-06-05,35.2400,1.1400,,4999400000.00,
688331,2026-06-05,17.4700,14.5900,,57294466250.00,
002782,2026-06-06,50.6600,5.7600,,12900023233.59,
688333,2026-06-05,160.9100,5.4000,,26993305171.88,
688334,2026-06-05,8.8800,1.9800,,5894710144.53,
002783,2026-06-06,43.6400,1.5800,,4209246525.00,
688336,2026-06-05,19.1500,3.9600,,34112193072.66,
688337,2026-06-05,55.2600,4.0200,,12791832551.17,
688338,2026-06-05,13.4900,1.5200,,2605795977.54,
002785,2026-06-06,1542.7300,11.6600,,9268746017.58,
688345,2026-06-05,17.9400,4.2600,,5016003801.86,
688347,2026-06-05,282.6300,8.7200,,394442612968.75,
002786,2026-06-06,30.4600,21.9700,,4376253891.02,
688349,2026-06-05,12.6800,1.5800,,22749798257.81,
688351,2026-06-05,37.8600,6.0900,,11012040000.00,
002787,2026-06-06,36.4200,5.0500,,9324613055.47,
688353,2026-06-05,13.6000,3.7400,,13195435000.00,
688355,2026-06-05,72.2600,2.1000,,2321697818.85,
688356,2026-06-05,19.4500,3.2600,,4360178696.63,
688357,2026-06-05,17.4800,1.6300,,2873720395.31,
688358,2026-06-05,7.7000,2.5000,,3542047568.26,
688360,2026-06-05,16.0100,3.9800,,5931640863.28,
002788,2026-06-06,6.6600,1.3400,,4522334606.25,
688362,2026-06-05,88.8600,9.0700,,23644253250.00,
688363,2026-06-05,25.9500,2.3500,,16776851814.84,
688365,2026-06-05,136.0600,8.5800,,8192866987.50,
688366,2026-06-05,10.2800,1.3900,,7561771940.63,
688367,2026-06-05,1082.7100,5.5100,,3276283779.39,
688177,2026-06-06,0.0000,32.2200,,7217414400.00,
688370,2026-06-05,27.9400,1.1200,,3002663018.55,
002790,2026-06-06,292.1500,1.2600,,2603344458.20,
688372,2026-06-05,34.5800,5.8500,,24502245840.23,
688180,2026-06-06,0.0000,5.2400,,30923895740.63,
688376,2026-06-05,29.5900,4.7900,,9378367043.95,
688377,2026-06-05,39.5400,3.5500,,6778239375.39,
688378,2026-06-05,16.8900,6.5800,,13528753857.42,
688380,2026-06-05,34.0000,5.4000,,17423884800.00,
688185,2026-06-06,0.0000,2.6200,,12885805056.25,
002793,2026-06-06,18.8700,4.1400,,4556995880.47,
688385,2026-06-05,30.9000,7.2900,,45823500139.06,
688386,2026-06-05,41.6400,4.9800,,7561319486.52,
002795,2026-06-06,4.9000,7.4800,,3334739740.23,
688388,2026-06-05,17.0300,2.5400,,20523547459.38,
688389,2026-06-05,14.8100,2.2400,,4811894446.09,
688390,2026-06-05,27.9800,9.9800,,28396957647.46,
688391,2026-06-05,90.8700,1.8900,,3544108866.21,
688392,2026-06-05,37.0400,10.0400,,18634234482.42,
688189,2026-06-06,0.0000,2.7700,,2123856000.00,
688395,2026-06-05,18.6600,2.8200,,2236818469.92,
688396,2026-06-05,26.8000,3.8200,,88432263412.50,
688398,2026-06-05,1235.9200,4.5800,,4708866430.08,
688399,2026-06-05,19.1700,1.3700,,4049325638.28,
688400,2026-06-05,13.7700,4.8200,,27507824421.88,
688191,2026-06-06,0.0000,13.7800,,11972101230.47,
002799,2026-06-06,99.2600,1.8300,,2320290000.00,
688410,2026-06-05,8.6500,2.5700,,4714108930.66,
688411,2026-06-05,23.2900,9.3800,,47440073766.80,
688416,2026-06-05,19.3600,7.0600,,9415522757.81,
002800,2026-06-06,140.8600,5.0400,,2489338114.75,
688420,2026-06-05,54.5100,1.4800,,2109939800.00,
688425,2026-06-05,9.3200,1.2300,,23147376437.50,
002801,2026-06-06,5.2200,3.5300,,7212740874.61,
688428,2026-06-05,35.7500,5.1500,,37833965350.00,
002802,2026-06-06,17.7500,3.4700,,2269198648.44,
688432,2026-06-05,49.5600,5.5100,,24868504293.75,
002803,2026-06-06,13.0300,3.4000,,9426983190.63,
002805,2026-06-06,7.5800,6.2400,,5830901250.00,
688192,2026-06-06,0.0000,14.8600,,18369401329.30,
688197,2026-06-06,0.0000,7.4200,,4933019077.34,
002810,2026-06-06,7.4500,3.4400,,7647324304.69,
002811,2026-06-06,9.7700,2.4100,,3492379800.00,
002812,2026-06-06,23.8900,2.4300,,62178769006.25,
688456,2026-06-05,30.4200,7.1600,,9215374000.00,
688201,2026-06-06,0.0000,1.9500,,2521372778.32,
002815,2026-06-06,67.6500,2.4700,,21930869100.78,
688466,2026-06-05,82.8100,1.6700,,1922707095.70,
688468,2026-06-05,27.9800,1.7700,,2506925048.83,
688206,2026-06-06,0.0000,8.4700,,16926159651.95,
688472,2026-06-05,8.0300,1.7600,,41713953000.00,
688475,2026-06-05,11.9900,3.6700,,21900375000.00,
002817,2026-06-06,11.6100,2.0600,,2015921889.06,
688479,2026-06-05,61.3400,3.4900,,6567201749.61,
688480,2026-06-05,26.8600,7.1500,,8629880992.09,
688484,2026-06-05,534.8500,4.2800,,17854938730.47,
688207,2026-06-06,0.0000,2.0600,,3762879222.46,
688486,2026-06-05,26.1600,6.2200,,9960009653.13,
688488,2026-06-05,76.1200,5.9400,,5789971500.00,
002821,2026-06-06,13.7900,2.3400,,41958936250.00,
688210,2026-06-06,0.0000,5.7400,,7352254511.72,
688499,2026-06-05,45.5800,3.6700,,8605153300.78,
002823,2026-06-06,12.5600,3.1200,,6567378125.00,
688501,2026-06-05,9.7000,2.3800,,2741667733.79,
002825,2026-06-06,19.9500,2.0800,,3457019323.83,
688503,2026-06-05,7.3300,4.0000,,21216673388.67,
688505,2026-06-05,93.0200,3.3800,,7173078996.88,
002826,2026-06-06,15.9300,3.7300,,3129022582.62,
688212,2026-06-06,0.0000,3.1200,,4013026021.48,
688508,2026-06-05,80.2800,3.9800,,11017369187.50,
688216,2026-06-06,0.0000,4.9300,,3621302837.89,
688511,2026-06-05,61.5500,4.0300,,3309864813.67,
002831,2026-06-06,14.0900,2.8100,,34630337700.00,
688513,2026-06-05,16.3200,2.7800,,8297018320.31,
002832,2026-06-06,2.9500,1.9900,,11402728045.31,
688516,2026-06-05,21.6200,5.0000,,18396357897.27,
688518,2026-06-05,19.9300,2.7700,,9154339642.97,
002833,2026-06-06,5.4100,2.6300,,7852539959.77,
002835,2026-06-06,10.5000,2.2800,,2914879075.00,
688522,2026-06-05,34.2400,3.8700,,9044826525.00,
688526,2026-06-05,7.3800,1.3600,,5845245217.97,
002837,2026-06-06,970.0100,24.2500,,83979644406.25,
002838,2026-06-06,13.0600,4.1400,,15547947949.22,
688530,2026-06-05,19.1000,9.1700,,7770175267.58,
688533,2026-06-05,16.9500,2.3200,,4123024934.77,
688535,2026-06-05,120.4800,7.5700,,16297960929.69,
688217,2026-06-06,0.0000,1.6000,,1347802829.30,
002843,2026-06-06,23.5700,4.2900,,5767308362.30,
688543,2026-06-05,52.0600,4.2000,,10280038223.44,
688548,2026-06-05,40.4100,6.0900,,37088294470.31,
688550,2026-06-05,17.2600,2.2600,,7536154502.93,
688220,2026-06-06,0.0000,7.7000,,41913750023.44,
688553,2026-06-05,33.1600,1.9200,,7252032000.00,
002846,2026-06-06,39.9100,3.5100,,4997923765.63,
688557,2026-06-05,99.4000,2.6000,,3188201567.87,
688558,2026-06-05,10.6900,2.5000,,4389000000.00,
688559,2026-06-05,67.2800,7.0000,,16961581407.42,
002848,2026-06-06,45.3700,31.5200,,2634284000.00,
002849,2026-06-06,14.4500,2.6700,,3677968845.12,
002850,2026-06-06,10.3800,3.4700,,47850608899.41,
688563,2026-06-05,18.7800,2.1600,,22599000000.00,
688565,2026-06-05,288.7400,3.2400,,1612592100.00,
688566,2026-06-05,11.4200,1.9300,,4794318798.44,
002851,2026-06-06,74.2900,9.5000,,85206116796.88,
688569,2026-06-05,21.5100,1.3000,,3846773927.73,
688570,2026-06-05,56.0500,1.6000,,6906350000.00,
688571,2026-06-05,13.7400,2.2600,,3842986570.31,
688223,2026-06-06,0.0000,2.2200,,55249405625.00,
688575,2026-06-05,31.4200,2.0800,,5639602335.94,
688576,2026-06-05,43.2000,1.8100,,3149516759.77,
688577,2026-06-05,46.4900,7.4400,,7700555050.78,
688578,2026-06-05,5.9600,4.9000,,37930500000.00,
688225,2026-06-06,0.0000,3.6100,,5604140100.00,
688580,2026-06-05,7.8900,2.7700,,4855604850.59,
688581,2026-06-05,7.8600,1.7300,,4463337920.51,
688582,2026-06-05,748.1600,7.7000,,19102694279.30,
688583,2026-06-05,137.5100,8.4100,,10007764000.00,
688586,2026-06-05,63.8300,4.0800,,10168706953.13,
002859,2026-06-06,78.1700,12.1400,,37326974631.25,
688589,2026-06-05,0.0000,3.0600,,2903663351.95,
688590,2026-06-05,235.0400,2.7400,,4081999501.95,
688591,2026-06-05,90.3500,3.0400,,7488481093.75,
688592,2026-06-05,0.0000,3.3900,,3220837841.46,
688593,2026-06-05,304.2900,10.5100,,16336270669.92,
688595,2026-06-05,0.0000,8.8900,,5752212364.06,
688597,2026-06-05,0.0000,4.1000,,3263145634.38,
688598,2026-06-05,0.0000,1.8400,,7115606055.47,
688599,2026-06-05,0.0000,1.6200,,33123906659.38,
688600,2026-06-05,29.2600,4.4700,,3588634335.94,
688601,2026-06-05,0.0000,5.8000,,7231437889.45,
688602,2026-06-05,0.0000,1.3600,,3703143750.00,
688603,2026-06-05,73.5300,18.0000,,22013874594.73,
688605,2026-06-05,60.6200,8.9900,,15016588753.91,
688606,2026-06-05,20.3000,1.0100,,3936296607.42,
688607,2026-06-05,0.0000,6.1500,,5164359628.91,
688608,2026-06-05,30.7400,3.8300,,27375612241.41,
688609,2026-06-05,41.1600,7.5700,,6211239398.44,
688611,2026-06-05,0.0000,13.6800,,11803329689.94,
688612,2026-06-05,11.8500,4.1400,,15535110464.84,
688613,2026-06-05,156.9300,1.5400,,2214059032.81,
688615,2026-06-05,15.7700,7.9200,,24482360000.00,
688616,2026-06-05,11.5000,2.3600,,2145364477.34,
688617,2026-06-05,12.4300,9.5700,,28522379518.55,
688618,2026-06-05,0.0000,4.5700,,3769449229.00,
688619,2026-06-05,0.0000,4.8800,,3208077535.16,0.00
688620,2026-06-05,0.0000,3.7400,,4762800000.00,
688621,2026-06-05,27.4200,4.5100,,5657120000.00,
688622,2026-06-05,0.0000,31.0500,,9187996290.33,
688623,2026-06-05,30.6900,2.6700,,5713776265.87,
688625,2026-06-05,21.8600,12.4100,,19714613943.36,
688626,2026-06-05,31.6800,3.8100,,8022400000.00,
688629,2026-06-05,59.1900,32.2800,,62215589975.00,
688631,2026-06-05,0.0000,4.0700,,7745208600.00,
688635,2026-06-05,281.6700,37.4400,,56014660000.00,
688636,2026-06-05,35.7000,4.5000,,6368452596.88,
688638,2026-06-05,0.0000,2.5700,,1966160000.00,
688639,2026-06-05,12.9900,2.0300,,5470030427.34,
688646,2026-06-05,0.0000,4.3000,,6085728686.52,
688648,2026-06-05,0.0000,2.4600,,5304000000.00,
688651,2026-06-05,0.0000,2.8200,,2571859856.69,
688653,2026-06-05,120.8600,4.0900,,5891782400.00,
688655,2026-06-05,0.0000,11.1800,,7293765200.00,
688656,2026-06-05,3700.7200,7.9400,,6565070796.19,
688657,2026-06-05,81.6200,2.4500,,3473302574.22,
688658,2026-06-05,0.0000,1.8800,,6178500000.00,
688659,2026-06-05,38.3900,3.0900,,1600000000.00,
688660,2026-06-05,0.0000,3.3900,,13146667693.75,
688661,2026-06-05,0.0000,15.0300,,18253876132.62,
688662,2026-06-05,106.0400,10.6000,,7832182400.00,
688665,2026-06-05,15.1600,4.3200,,5118306771.09,
688667,2026-06-05,18.3800,3.1700,,5778061360.84,
688669,2026-06-05,0.0000,4.9700,,5399331884.77,
688670,2026-06-05,0.0000,1.8100,,1952720000.00,
688671,2026-06-05,0.0000,2.0100,,2014009820.07,
688676,2026-06-05,36.7700,8.0000,,41343814512.50,
688677,2026-06-05,33.6700,11.4800,,15893292918.95,
688678,2026-06-05,19.8000,3.8600,,9013460990.63,
688680,2026-06-05,0.0000,2.7000,,4259949689.45,
688681,2026-06-05,67.6200,2.7800,,1728101700.00,
688682,2026-06-05,67.3800,7.0700,,4370925437.11,
688683,2026-06-05,43.3900,5.0200,,6070165207.03,
688685,2026-06-05,276.4500,9.0500,,7251536907.42,
688687,2026-06-05,46.3200,1.6500,,2841095837.11,
688689,2026-06-05,28.4600,4.1300,,5210295495.90,
688690,2026-06-05,24.9100,8.3000,,16972336241.02,
688691,2026-06-05,0.0000,9.4600,,11412000000.00,0.00
688692,2026-06-05,19.8200,7.7200,,30008600000.00,
688693,2026-06-05,0.0000,9.5300,,7397893601.56,0.00
688695,2026-06-05,0.0000,2.3300,,1777574186.52,0.00
000002,2026-06-05,0.0000,0.3500,,38774807500.00,
000007,2026-06-05,0.0000,23.8100,,4264774976.17,
000008,2026-06-05,0.0000,3.2600,,7035418534.38,
000011,2026-06-05,0.0000,1.3400,,4517521589.84,
000012,2026-06-05,0.0000,1.0200,,13326013125.00,
000014,2026-06-05,0.0000,1.8700,,2582632862.30,
000029,2026-06-05,0.0000,6.4600,,23359229400.00,
000031,2026-06-05,0.0000,1.1100,,11358730609.38,
000032,2026-06-05,0.0000,2.6200,,19321350820.31,
000042,2026-06-05,0.0000,2.9200,,6628366783.59,
000048,2026-06-05,0.0000,1.9900,,7475858003.91,
000050,2026-06-05,0.0000,0.7800,,20972028131.25,
000066,2026-06-05,0.0000,5.0300,,54999874015.63,
000068,2026-06-05,0.0000,6.1300,,3583750484.38,
000069,2026-06-05,0.0000,0.4500,,15512873181.25,
000070,2026-06-05,0.0000,17.9300,,17298387937.50,
000090,2026-06-05,0.0000,0.5800,,6558594595.31,
000158,2026-06-05,0.0000,4.3900,,23259873257.81,
000401,2026-06-05,0.0000,0.4000,,10499957890.63,
000410,2026-06-05,0.0000,3.3400,,13960615368.75,
000428,2026-06-05,0.0000,2.8300,,3617187355.47,
000488,2026-06-05,0.0000,15.1400,,6324130937.50,
000503,2026-06-05,0.0000,7.2400,,6942900225.00,
000509,2026-06-05,0.0000,42.1200,,5108089131.25,0.00
000510,2026-06-05,0.0000,11.6400,,11998056484.38,
000516,2026-06-05,0.0000,2.8300,,9246643448.44,
000517,2026-06-05,0.0000,1.4500,,6749915700.00,
000518,2026-06-05,0.0000,11.1500,,3603447148.44,
000529,2026-06-05,0.0000,0.9100,,2918951562.50,
000532,2026-06-05,0.0000,2.7600,,4474315011.72,
000536,2026-06-05,0.0000,13.5900,,11423715515.63,
000539,2026-06-05,0.0000,1.8600,,43314840937.50,
000545,2026-06-05,0.0000,3.8800,,2417741156.25,
000546,2026-06-05,0.0000,1.0700,,4090429959.38,
000547,2026-06-05,0.0000,8.6700,,32720645717.19,
000555,2026-06-05,0.0000,2.0800,,11826387318.75,
000561,2026-06-05,0.0000,2.4500,,7119509993.75,
000564,2026-06-05,0.0000,2.0300,,29434643912.50,
000566,2026-06-05,0.0000,1330.0000,,5176487285.16,
000571,2026-06-05,0.0000,302.2200,,4564861675.00,
000572,2026-06-05,0.0000,4.6300,,7302185643.75,
000586,2026-06-05,0.0000,9.9100,,3155006400.00,
000590,2026-06-05,0.0000,4.3400,,2344424111.13,
000592,2026-06-05,0.0000,8.7900,,15570154356.25,
000607,2026-06-05,0.0000,3.0400,,3612829453.13,
000608,2026-06-05,0.0000,2.0200,,4139521312.50,
000615,2026-06-05,0.0000,3.9200,,6417098635.94,
000619,2026-06-05,0.0000,0.9700,,2404369900.39,
000620,2026-06-05,0.0000,4.6200,,16910827200.00,
000632,2026-06-05,0.0000,29.3300,,1843457653.13,
000635,2026-06-05,0.0000,2.4900,,2751052484.38,
000637,2026-06-05,0.0000,4.6100,,2209470410.16,
000639,2026-06-05,0.0000,1.0400,,1716290718.75,
000656,2026-06-05,0.0000,3.6200,,14835829750.00,0.00
000659,2026-06-05,0.0000,51.2500,,4744242225.00,
000663,2026-06-05,0.0000,2.1600,,1969600851.56,
000665,2026-06-05,0.0000,1.5100,,4810142517.19,
000668,2026-06-05,0.0000,4.0500,,3023474809.47,0.00
000670,2026-06-05,0.0000,261.6700,,7957311707.81,
000678,2026-06-05,0.0000,6.9800,,5437207557.03,
000679,2026-06-05,0.0000,15.6700,,2266704000.00,
000695,2026-06-05,0.0000,10.8600,,3246847052.34,
000702,2026-06-05,0.0000,6.1500,,2041621250.00,
000705,2026-06-05,0.0000,1.1800,,2288744476.56,
000707,2026-06-05,0.0000,1.0400,,2865114218.75,
000710,2026-06-05,0.0000,2.0200,,2941298750.00,
000712,2026-06-05,0.0000,3.0100,,8046080000.00,
000713,2026-06-05,0.0000,1.5200,,4757388406.25,
000717,2026-06-05,0.0000,0.7900,,5283983462.50,
000720,2026-06-05,0.0000,3.4500,,6483702862.50,
000721,2026-06-05,0.0000,28.7300,,3644355785.16,
000723,2026-06-05,0.0000,1.5500,,19155216843.75,
000727,2026-06-05,0.0000,7.5400,,13588700625.00,
000731,2026-06-05,0.0000,0.8500,,3260025836.72,
000735,2026-06-05,0.0000,1.4400,,5999385823.44,0.00
000759,2026-06-05,0.0000,5.2200,,3776042484.38,
000761,2026-06-05,0.0000,1.6900,,10024107125.00,
000777,2026-06-05,0.0000,2.6900,,6602451367.97,
000782,2026-06-05,0.0000,3.1100,,5025776465.63,
000789,2026-06-05,0.0000,0.5500,,3556494245.31,
000793,2026-06-05,0.0000,170.0000,,5092975945.31,
000797,2026-06-05,0.0000,0.8600,,3974008173.44,
000798,2026-06-05,0.0000,7.2700,,2945162623.05,
000802,2026-06-05,0.0000,5.7100,,3486434141.41,
000813,2026-06-05,0.0000,1.4100,,6501026953.13,
000816,2026-06-05,0.0000,1.9800,,3863525460.94,
000820,2026-06-05,0.0000,25.8600,,2224149871.88,
000822,2026-06-05,0.0000,1.1500,,4314343590.63,
000829,2026-06-05,0.0000,3.2400,,9389920293.75,
000839,2026-06-05,0.0000,7.2000,,11171504812.50,
000850,2026-06-05,0.0000,0.8300,,3736913400.00,
000852,2026-06-05,0.0000,1.7600,,5506374150.00,
000856,2026-06-05,0.0000,4.7300,,1977170000.00,
000859,2026-06-05,0.0000,3.5700,,9631745527.34,
000863,2026-06-05,0.0000,1.2800,,5572901787.50,
000876,2026-06-05,0.0000,1.7500,,32960315287.50,
000877,2026-06-05,0.0000,0.4100,,30077380631.25,
000881,2026-06-05,0.0000,1.4900,,7431046640.63,
000882,2026-06-05,0.0000,0.6200,,4078654293.75,
000886,2026-06-05,0.0000,1.4200,,4509056962.50,
000889,2026-06-05,0.0000,50.8100,,3520454512.50,
000890,2026-06-05,0.0000,218.3000,,4304110879.69,
000892,2026-06-05,0.0000,6.3600,,3845443437.50,
000897,2026-06-05,0.0000,1.0400,,3137508043.75,
000898,2026-06-05,0.0000,0.4500,,19113211350.00,
000903,2026-06-05,0.0000,5.7500,,3540765206.25,0.00
000909,2026-06-05,0.0000,3.2400,,1987222907.81,
000910,2026-06-05,0.0000,0.5300,,3459552200.00,
000912,2026-06-05,0.0000,0.9100,,5785920000.00,
000913,2026-06-05,0.0000,1.1100,,5932652146.09,
000917,2026-06-05,0.0000,1.0200,,10546619662.50,
000925,2026-06-05,0.0000,1.8100,,5843834775.00,0.00
000926,2026-06-05,0.0000,0.6900,,3631959843.75,
000929,2026-06-05,0.0000,5.1700,,1801930162.11,
000930,2026-06-05,0.0000,0.9000,,9375033835.94,
000931,2026-06-05,0.0000,1.9400,,3148070990.63,
000948,2026-06-05,0.0000,1.8900,,5111442024.61,
000952,2026-06-05,0.0000,3.5900,,2240007523.44,
000955,2026-06-05,0.0000,3.4600,,2245107150.00,
000972,2026-06-05,0.0000,443.7500,,2738056757.81,
000978,2026-06-05,0.0000,2.9000,,3103701900.00,
000980,2026-06-05,0.0000,362.8600,,12808071443.75,
000993,2026-06-05,0.0000,2.4300,,6186923498.44,
000995,2026-06-05,0.0000,12.9400,,2139540574.22,0.00
000998,2026-06-05,0.0000,1.8200,,12313975287.50,
001201,2026-06-05,0.0000,0.9600,,2902647883.98,
001217,2026-06-05,0.0000,1.4800,,3239051200.00,
001229,2026-06-05,0.0000,3.8600,,3910573904.10,
001255,2026-06-05,0.0000,2.9200,,2625907570.31,
001269,2026-06-05,0.0000,7.7600,,5233606187.50,
001306,2026-06-05,0.0000,3.1300,,4016153377.44,
001317,2026-06-05,0.0000,4.3600,,4422896242.38,
001322,2026-06-05,0.0000,1.3200,,6151156481.25,
001388,2026-06-05,0.0000,3.4000,,4929600000.00,
002021,2026-06-05,0.0000,5.2000,,3191924299.22,
002022,2026-06-05,0.0000,1.0700,,2710628205.47,
002047,2026-06-05,0.0000,176.3000,,7217344050.00,0.00
002066,2026-06-05,0.0000,9.1400,,5689447350.78,0.00
002168,2026-06-05,0.0000,260.7100,,2862196546.88,
002175,2026-06-05,0.0000,4.1300,,3191951757.81,
002176,2026-06-05,0.0000,6.3800,,18854898156.25,
002178,2026-06-05,0.0000,8.9300,,3859869090.63,
002189,2026-06-05,0.0000,12.9200,,5398989466.41,
002190,2026-06-05,0.0000,2.1500,,9355660062.50,
002193,2026-06-05,0.0000,4.6600,,1253617282.42,
002194,2026-06-05,0.0000,3.3500,,8295089384.38,
002199,2026-06-05,0.0000,17.7800,,3220742983.01,
002205,2026-06-05,0.0000,9.0100,,2311889446.88,
002207,2026-06-05,0.0000,196.6700,,2319190207.03,
002208,2026-06-05,0.0000,2.1900,,12997262537.50,0.00
002214,2026-06-05,0.0000,7.0500,,8872181144.53,
002218,2026-06-05,0.0000,1.6300,,6421848712.50,
002224,2026-06-05,0.0000,1.0500,,3364893903.91,
002227,2026-06-05,0.0000,2.2100,,2036966893.36,
002229,2026-06-05,0.0000,6.5300,,6996299929.69,
002230,2026-06-05,0.0000,5.6400,,110567735207.81,0.00
002235,2026-06-05,0.0000,8.4200,,6143466429.69,0.00
002238,2026-06-05,0.0000,2.6100,,5096250046.88,
002243,2026-06-05,0.0000,1.5400,,11210195065.63,
002253,2026-06-05,0.0000,2.9800,,2529268510.94,0.00
002268,2026-06-05,0.0000,2.1200,,11644409010.94,
002272,2026-06-05,0.0000,6.3100,,9212668789.06,
002278,2026-06-05,0.0000,2.4500,,3454813047.66,0.00
002279,2026-06-05,0.0000,4.3400,,6061314331.25,
002285,2026-06-05,0.0000,2.3100,,5061785818.75,
002302,2026-06-05,0.0000,0.8200,,6324395027.34,
002306,2026-06-05,0.0000,27.3800,,1904779875.00,
002307,2026-06-05,0.0000,1.5200,,6545652878.13,
002310,2026-06-05,0.0000,6.8200,,16318155500.00,
002314,2026-06-05,0.0000,1.0000,,6769456250.00,
002321,2026-06-05,0.0000,4.3700,,4031162100.00,
002323,2026-06-05,0.0000,16.6700,,3181282734.38,
002331,2026-06-05,0.0000,2.6200,,3787337084.38,
002334,2026-06-05,0.0000,2.4700,,7544531531.25,
002339,2026-06-05,0.0000,2.3900,,4168843359.77,
002343,2026-06-05,0.0000,2.5200,,2406295987.50,
002347,2026-06-05,0.0000,3.1900,,3522822086.72,
002348,2026-06-05,0.0000,31.8300,,12664064000.00,
002350,2026-06-05,0.0000,4.4000,,7885498646.88,0.00
002355,2026-06-05,0.0000,4.2600,,3489470901.56,
002356,2026-06-05,0.0000,6.9800,,4182901954.69,
002360,2026-06-05,0.0000,2.5800,,2370468351.56,
002361,2026-06-05,0.0000,7.3000,,15986898350.00,
002362,2026-06-05,0.0000,4.3800,,3974831948.44,
002368,2026-06-05,0.0000,2.4800,,9859518992.97,
002369,2026-06-05,0.0000,19.2100,,3594502872.66,
002370,2026-06-05,0.0000,3.7700,,4213021375.00,
002374,2026-06-05,0.0000,6.9600,,3722267888.28,
002385,2026-06-05,0.0000,1.8800,,13975254921.88,
002405,2026-06-05,0.0000,2.1200,,18680712150.00,
002408,2026-06-05,0.0000,1.3300,,14583834928.13,
002413,2026-06-05,0.0000,4.2500,,13985012281.25,
002421,2026-06-05,0.0000,4.0700,,11048229940.63,0.00
002426,2026-06-05,0.0000,7.9300,,12998031081.25,
002431,2026-06-05,0.0000,9.8800,,2937919640.63,
002456,2026-06-05,0.0000,8.8000,,33112560687.50,
002457,2026-06-05,0.0000,1.6000,,4068538921.88,
002459,2026-06-05,0.0000,1.3400,,27933978775.00,
002467,2026-06-05,0.0000,4.8400,,7564545312.50,
002469,2026-06-05,0.0000,1.5400,,4087834488.28,
002471,2026-06-05,0.0000,6.0300,,10881642000.00,
002474,2026-06-05,0.0000,3.3800,,4454952000.00,
002480,2026-06-05,0.0000,5.7600,,4645778778.13,
002482,2026-06-05,0.0000,12.4400,,5551424500.00,
002485,2026-06-05,0.0000,2.4600,,2496960000.00,
002501,2026-06-05,0.0000,37.7800,,6035000000.00,0.00
002506,2026-06-05,0.0000,21.3700,,20125087900.00,
002513,2026-06-05,0.0000,52.4300,,2107082252.34,
002524,2026-06-05,0.0000,21.1700,,1953106769.92,
002527,2026-06-05,0.0000,8.2200,,10231036292.97,
002529,2026-06-05,0.0000,25.1000,,1996800000.00,
002544,2026-06-05,0.0000,3.8000,,14155105250.00,
002548,2026-06-05,0.0000,3.1600,,3304412950.78,
002554,2026-06-05,0.0000,2.1600,,4134532000.00,
002567,2026-06-05,0.0000,1.1900,,4944027351.56,
002569,2026-06-05,0.0000,57.5400,,2286878800.00,0.00
002571,2026-06-05,0.0000,6.2400,,4962095901.56,
002575,2026-06-05,0.0000,4.2600,,3594195000.00,
002581,2026-06-05,0.0000,1.5500,,2797279050.00,
002583,2026-06-05,0.0000,7.8100,,15912919531.25,
002586,2026-06-05,0.0000,1.4200,,4554010835.94,
002596,2026-06-05,0.0000,8.1400,,4326378367.19,
002599,2026-06-05,0.0000,2.6900,,3318595183.20,
002611,2026-06-05,0.0000,3.9300,,22434587027.34,
002614,2026-06-05,0.0000,0.7400,,3174832623.44,
002623,2026-06-05,0.0000,1.3400,,3666731250.00,
002629,2026-06-05,0.0000,35.0000,,2207187680.47,0.00
002631,2026-06-05,0.0000,2.9400,,5939757535.16,
002641,2026-06-05,0.0000,0.9500,,5186776284.38,
002652,2026-06-05,0.0000,10.9600,,2575681841.41,
002654,2026-06-05,0.0000,8.1600,,12755615903.91,0.00
002656,2026-06-05,0.0000,5.8900,,2429692400.78,
002660,2026-06-05,0.0000,2.7400,,2728189019.53,
002663,2026-06-05,0.0000,1.6400,,3170961987.50,
002671,2026-06-05,0.0000,1.4700,,2416240780.08,
002672,2026-06-05,0.0000,1.8200,,4056288717.19,
002678,2026-06-05,0.0000,2.7900,,8489501953.13,
002679,2026-06-05,0.0000,2.9000,,2161882484.18,
002681,2026-06-05,0.0000,4.3600,,9278351809.38,
002682,2026-06-05,0.0000,5.4500,,2873703514.06,
002689,2026-06-05,0.0000,2.5600,,3192530751.56,
002691,2026-06-05,0.0000,2.1600,,1757800000.00,0.00
002692,2026-06-05,0.0000,2.8300,,3238838530.47,
002696,2026-06-05,0.0000,1.4800,,2005374468.75,
002713,2026-06-05,0.0000,12.6400,,10979216404.69,
002714,2026-06-05,0.0000,2.3500,,202401226612.50,
002719,2026-06-05,0.0000,11.7400,,1279925267.58,
002724,2026-06-05,0.0000,1.5300,,4220093889.06,
002725,2026-06-05,0.0000,3.6300,,3545600000.00,
002726,2026-06-05,0.0000,3.4500,,1802251605.47,0.00
002742,2026-06-05,0.0000,17.6900,,2832182409.38,
002743,2026-06-05,0.0000,0.8700,,2028351282.81,
002766,2026-06-05,0.0000,3.6100,,3853351845.31,
002771,2026-06-05,0.0000,5.7700,,3417057214.45,
002774,2026-06-05,0.0000,3.3100,,4013319656.25,
002789,2026-06-05,0.0000,14.0300,,2134166142.77,
002791,2026-06-05,0.0000,1.0100,,5414440500.00,
002792,2026-06-05,0.0000,7.8900,,22263030664.06,
002796,2026-06-05,0.0000,13.1800,,11104147656.25,
002798,2026-06-05,0.0000,1.9800,,3433108331.25,0.00
002806,2026-06-05,0.0000,3.7700,,4202838560.55,
002809,2026-06-05,0.0000,1.2000,,2121497524.61,
002813,2026-06-05,0.0000,12.9700,,2678400000.00,
002816,2026-06-05,0.0000,10.5200,,2505000000.00,0.00
002819,2026-06-05,0.0000,1.7600,,6891032246.09,
002822,2026-06-05,0.0000,5.3100,,5733000000.00,
002828,2026-06-05,0.0000,2.8600,,1871194534.18,
002829,2026-06-05,0.0000,3.0700,,4754678946.88,
002840,2026-06-05,0.0000,1.7900,,6433374578.13,
002845,2026-06-05,0.0000,2.1100,,5149112711.72,0.00
002853,2026-06-05,0.0000,4.9400,,4389983906.25,0.00
002855,2026-06-05,0.0000,13.7800,,2856004404.49,
002869,2026-06-05,0.0000,1.6400,,3315387100.00,
002870,2026-06-05,0.0000,3.1800,,5201136958.79,
002872,2026-06-05,0.0000,0.8600,,1666320000.00,
002888,2026-06-05,0.0000,7.7700,,2955820836.72,
002892,2026-06-05,0.0000,6.3700,,8101715500.00,
002900,2026-06-05,0.0000,1.7900,,3166709639.84,
002902,2026-06-05,0.0000,13.2000,,8009110181.25,
002903,2026-06-05,0.0000,9.6400,,7507401086.43,
002905,2026-06-05,0.0000,45.4900,,2961638400.00,0.00
002908,2026-06-05,0.0000,2.9200,,3201226251.56,
002909,2026-06-05,0.0000,2.6600,,2265900000.00,
002910,2026-06-05,0.0000,1.8800,,1865445823.83,0.00
002912,2026-06-05,0.0000,2.1600,,3524321118.75,
002915,2026-06-05,0.0000,4.5700,,6802694876.56,
002918,2026-06-05,0.0000,1.5600,,5028319757.81,
002921,2026-06-05,0.0000,2.9000,,3806185995.12,
002932,2026-06-05,0.0000,0.6600,,3669181318.36,
002933,2026-06-05,0.0000,2.2300,,3434834500.00,
002935,2026-06-05,0.0000,5.0100,,8100357750.00,
002941,2026-06-05,0.0000,1.8300,,8559981246.09,
002943,2026-06-05,0.0000,17.4900,,15134205562.50,
002951,2026-06-05,0.0000,5.9500,,9035550000.00,0.00
002955,2026-06-05,0.0000,2.0100,,6448437338.87,
002963,2026-06-05,0.0000,2.0500,,2425305224.80,
002965,2026-06-05,0.0000,2.3700,,10036686373.44,
002976,2026-06-05,0.0000,3.2900,,4729045211.72,
002981,2026-06-05,0.0000,3.6200,,3848236037.40,
002986,2026-06-05,0.0000,1.1700,,4451221667.19,
002989,2026-06-05,0.0000,4.2100,,5867022644.53,
002992,2026-06-05,0.0000,10.3100,,7587437507.81,
003004,2026-06-05,0.0000,8.0800,,5099258618.51,
003005,2026-06-05,0.0000,1.9400,,3487027579.49,
003007,2026-06-05,0.0000,4.7200,,4830805933.59,
003012,2026-06-05,0.0000,0.7500,,5680777553.91,
003029,2026-06-05,0.0000,3.4700,,3556802987.89,
003038,2026-06-05,0.0000,1.0800,,3053057352.73,
003040,2026-06-05,0.0000,4.0900,,5888706919.53,
300004,2026-06-05,0.0000,3.6500,,6475113579.69,
300006,2026-06-05,0.0000,3.0700,,5342910529.69,
300010,2026-06-05,0.0000,3.2800,,5683184804.69,
300011,2026-06-05,0.0000,2.5100,,3790776745.31,
300020,2026-06-05,0.0000,2.1700,,2892627806.25,
300024,2026-06-05,0.0000,6.0300,,24376703400.00,
300025,2026-06-05,0.0000,5.8800,,2508348950.78,
300036,2026-06-05,0.0000,2.3300,,6154654853.52,
300045,2026-06-05,0.0000,8.3300,,12630589967.19,
300048,2026-06-05,0.0000,3.6000,,6567614140.63,
300051,2026-06-05,0.0000,41.1300,,3932227039.45,0.00
300053,2026-06-05,0.0000,8.1200,,11484488412.50,
300056,2026-06-05,0.0000,53.2800,,3820209771.09,
300068,2026-06-05,0.0000,3.6500,,4015701677.34,
300072,2026-06-05,0.0000,1.7200,,8975931593.75,
300074,2026-06-05,0.0000,2.6500,,2256261230.47,
300076,2026-06-05,0.0000,2.3600,,1984320000.00,
300077,2026-06-05,0.0000,9.1600,,15949540425.00,
300078,2026-06-05,0.0000,7.3800,,3722514644.53,
300080,2026-06-05,0.0000,1.7800,,7643392312.50,
300081,2026-06-05,0.0000,3.2700,,2576428364.06,0.00
300084,2026-06-05,0.0000,4.8000,,6546705401.95,0.00
300085,2026-06-05,0.0000,50.2200,,21079085182.81,0.00
300086,2026-06-05,0.0000,3.2900,,2921898738.28,
300091,2026-06-05,0.0000,6.5200,,8469294100.00,
300093,2026-06-05,0.0000,6.2800,,12220200000.00,
300096,2026-06-05,0.0000,11.1000,,3698000000.00,0.00
300101,2026-06-05,0.0000,5.4700,,9637359782.03,
300103,2026-06-05,0.0000,5.9800,,2683728416.99,
300111,2026-06-05,0.0000,6.1800,,4183434785.16,
300112,2026-06-05,0.0000,2.2200,,2060603878.91,
300118,2026-06-05,0.0000,1.9200,,15937393317.19,
300122,2026-06-05,0.0000,1.9300,,29778743712.50,
300123,2026-06-05,0.0000,14.8900,,4639126643.75,0.00
300125,2026-06-05,0.0000,6.1300,,6405477000.00,
300128,2026-06-05,0.0000,22.8600,,9652427352.34,
300134,2026-06-05,0.0000,2.2400,,8204553285.94,
300141,2026-06-05,0.0000,4.5900,,2841447595.31,
300149,2026-06-05,0.0000,3.1500,,4043467553.13,
300150,2026-06-05,0.0000,1.6000,,2510105142.19,
300152,2026-06-05,0.0000,6.3500,,1340064000.00,
300155,2026-06-05,0.0000,2.2200,,2648994721.88,
300158,2026-06-05,0.0000,1.5400,,5169898467.19,
300161,2026-06-05,0.0000,4.1000,,6334456997.66,0.00
300162,2026-06-05,0.0000,5.3400,,4413245200.00,
300163,2026-06-05,0.0000,5.5300,,3038340000.00,
300164,2026-06-05,0.0000,4.0600,,5596241226.56,
300166,2026-06-05,0.0000,3.3100,,18857630137.50,0.00
300167,2026-06-05,0.0000,32.2700,,2069154664.06,
300169,2026-06-05,0.0000,28.6100,,1884193347.66,
300173,2026-06-05,0.0000,3.5300,,2865430242.19,
300175,2026-06-05,0.0000,5.2300,,2603524000.00,
300177,2026-06-05,0.0000,4.2500,,5358017250.00,
300180,2026-06-05,0.0000,1.8200,,8523531156.25,0.00
300183,2026-06-05,0.0000,1.7600,,5435656943.36,
300188,2026-06-05,0.0000,3.6700,,9153432878.91,
300189,2026-06-05,0.0000,7.5300,,5181440000.00,
300195,2026-06-05,0.0000,0.9300,,2487164859.38,
300198,2026-06-05,0.0000,5.1900,,2496347407.81,
300203,2026-06-05,0.0000,2.2300,,5788715261.72,
300204,2026-06-05,0.0000,14.6400,,11858313450.00,
300205,2026-06-05,0.0000,6.0900,,2533029932.03,
300209,2026-06-05,0.0000,26.3800,,23689506751.56,0.00
300210,2026-06-05,0.0000,13.5700,,5084310000.00,
300211,2026-06-05,0.0000,5.5000,,2422319765.04,
300220,2026-06-05,0.0000,30.4200,,1844640000.00,
300227,2026-06-05,0.0000,4.4100,,6442450901.56,
300229,2026-06-05,0.0000,3.7000,,13951726371.88,
300232,2026-06-05,0.0000,1.4300,,6448561821.88,
300237,2026-06-05,0.0000,72.2600,,3229889600.00,
300240,2026-06-05,0.0000,1.5200,,2166212335.55,
300245,2026-06-05,0.0000,1.6300,,1967572500.00,
300246,2026-06-05,0.0000,4.0700,,4381878529.69,
300248,2026-06-05,0.0000,1.8900,,4068015322.66,
300250,2026-06-05,0.0000,6.3100,,3484116722.66,0.00
300261,2026-06-05,0.0000,2.6300,,4797281465.63,
300264,2026-06-05,0.0000,389.5000,,3356379925.00,
300266,2026-06-05,0.0000,106.5000,,3309609642.19,
300269,2026-06-05,0.0000,35.4300,,2937758771.48,
300276,2026-06-05,0.0000,6.8400,,11978917382.81,
300287,2026-06-05,0.0000,5.5900,,5540156675.00,
300288,2026-06-05,0.0000,3.1200,,3372655234.38,
300289,2026-06-05,0.0000,1.9100,,3117185805.47,
300290,2026-06-05,0.0000,8.8200,,6576451304.69,
300293,2026-06-05,0.0000,8.1900,,6095269927.73,
300300,2026-06-05,0.0000,23.1600,,6161666568.75,
300301,2026-06-05,0.0000,37.5900,,2713671067.97,0.00
300305,2026-06-05,0.0000,1.4600,,2834272949.22,
300310,2026-06-05,0.0000,2.3300,,4390659407.81,
300311,2026-06-05,0.0000,5.3700,,3509613521.09,
300318,2026-06-05,0.0000,3.0800,,3945629264.06,
300324,2026-06-05,0.0000,2.9300,,7255880625.00,
300328,2026-06-05,0.0000,14.8500,,15272169893.75,
300340,2026-06-05,0.0000,41.1500,,2653206628.71,
300345,2026-06-05,0.0000,8.8600,,3568414500.00,
300348,2026-06-05,0.0000,3.8100,,8090807440.63,
300350,2026-06-05,0.0000,2.9100,,2551535863.28,
300351,2026-06-05,0.0000,2.7300,,6650361000.00,0.00
300352,2026-06-05,0.0000,4.4500,,4494454593.75,0.00
300353,2026-06-05,0.0000,6.1200,,13490750020.31,
300355,2026-06-05,0.0000,1.1900,,5005235137.50,
300359,2026-06-05,0.0000,5.0400,,2584000265.63,
300365,2026-06-05,0.0000,1.9200,,3077258755.08,
300366,2026-06-05,0.0000,2.8200,,3250532101.56,
300368,2026-06-05,0.0000,103.0800,,4961490176.56,
300370,2026-06-05,0.0000,8.9100,,3850825575.00,
300374,2026-06-05,0.0000,4.1900,,2975538886.72,
300377,2026-06-05,0.0000,4.1600,,10010869573.44,
300378,2026-06-05,0.0000,4.2000,,9743278471.88,
300382,2026-06-05,0.0000,4.5900,,10452208000.00,
300386,2026-06-05,0.0000,3.0900,,4452168433.59,0.00
300393,2026-06-05,0.0000,5.5100,,9763060300.00,
300396,2026-06-05,0.0000,1.3500,,2069794482.42,
300412,2026-06-05,0.0000,2.1500,,2239904707.03,
300417,2026-06-05,0.0000,3.7500,,1702224519.53,
300418,2026-06-05,0.0000,4.1500,,52043904843.75,
300419,2026-06-05,0.0000,7.8600,,2618406978.13,
300423,2026-06-05,0.0000,2.7400,,3149246459.77,
300429,2026-06-05,0.0000,4.4900,,7483221451.56,
300430,2026-06-05,0.0000,1.1500,,1474452703.13,0.00
300433,2026-06-05,0.0000,4.4100,,240763359906.25,0.00
300436,2026-06-05,0.0000,56.2100,,14144502443.46,
300437,2026-06-05,0.0000,2.1500,,2976765700.39,
300440,2026-06-05,0.0000,4.9500,,8284887939.45,
300449,2026-06-05,0.0000,11.1100,,3092148485.16,0.00
300451,2026-06-05,0.0000,1.4600,,5747252590.63,
300454,2026-06-05,0.0000,4.2800,,46565227058.59,
300456,2026-06-05,0.0000,4.7600,,31521775031.25,
300513,2026-06-05,0.0000,4.6200,,2490708059.77,
300514,2026-06-05,0.0000,2.1300,,2168000000.00,
300516,2026-06-05,0.0000,8.0200,,10326960000.00,
300518,2026-06-05,0.0000,8.5900,,5681236528.52,
300520,2026-06-05,0.0000,5.5000,,9409238694.14,
300523,2026-06-05,0.0000,4.9900,,4827230151.37,
300525,2026-06-05,0.0000,2.6500,,6636468261.72,
300527,2026-06-05,0.0000,2.7000,,7798628896.09,
300530,2026-06-05,0.0000,46.3400,,3370245648.44,
300533,2026-06-05,0.0000,3.5200,,5350422789.06,
300535,2026-06-05,0.0000,1.7800,,1699476049.22,
300542,2026-06-05,0.0000,7.0800,,3773797165.63,
300543,2026-06-05,0.0000,1.9000,,2686876376.37,
300546,2026-06-05,0.0000,2.8100,,3167527054.69,
300551,2026-06-05,0.0000,12.3900,,3795101859.38,0.00
300554,2026-06-05,0.0000,6.8300,,3379521290.23,
300561,2026-06-05,0.0000,8.3000,,4816625554.69,
300564,2026-06-05,0.0000,1.7500,,2174528832.81,
300565,2026-06-05,0.0000,6.1400,,3203710138.28,
300572,2026-06-05,0.0000,3.8300,,6164378727.34,
300578,2026-06-05,0.0000,3.1600,,3648162609.38,
300579,2026-06-05,0.0000,7.6800,,6080400000.00,
300581,2026-06-05,0.0000,6.4400,,5897173756.25,0.00
300585,2026-06-05,0.0000,5.1400,,3259666335.94,
300588,2026-06-05,0.0000,14.2800,,3657096025.39,
300593,2026-06-05,0.0000,8.0000,,18352724783.59,
300594,2026-06-05,0.0000,1.9800,,1514073606.25,
300597,2026-06-05,0.0000,2.4200,,2267782400.00,
300598,2026-06-05,0.0000,5.0600,,7149546989.26,
300600,2026-06-05,0.0000,2.8900,,3463139973.05,0.00
300603,2026-06-05,0.0000,3.3000,,4159943917.97,
300605,2026-06-05,0.0000,4.0800,,1783553132.81,0.00
300608,2026-06-05,0.0000,3.0300,,3964698679.30,
300614,2026-06-05,0.0000,2.5900,,1873947412.50,
300615,2026-06-05,0.0000,4.7400,,2229025250.98,
300616,2026-06-05,0.0000,1.1100,,3183636824.61,0.00
300619,2026-06-05,0.0000,4.3500,,6872984570.31,0.00
300621,2026-06-05,0.0000,2.9200,,1566666945.12,
300624,2026-06-05,0.0000,11.2300,,10967968786.52,
300639,2026-06-05,0.0000,0.9200,,3510498817.97,
300642,2026-06-05,0.0000,1.5300,,2179715092.38,0.00
300645,2026-06-05,0.0000,1.8800,,1982385729.49,
300648,2026-06-05,0.0000,7.0900,,8226082375.00,
300649,2026-06-05,0.0000,8.3600,,3694423183.59,
300656,2026-06-05,0.0000,6.1300,,5267230505.86,
300659,2026-06-05,0.0000,2.4500,,2859108577.73,
300663,2026-06-05,0.0000,11.4500,,3669722285.94,
300665,2026-06-05,0.0000,5.7300,,2368860056.25,
300667,2026-06-05,0.0000,3.9000,,4031329123.05,0.00
300668,2026-06-05,0.0000,8.9300,,6964058137.21,
300670,2026-06-05,0.0000,5.0900,,2155059453.13,
300675,2026-06-05,0.0000,4.2300,,2081200461.91,
300676,2026-06-05,0.0000,1.7300,,14607633459.38,
300682,2026-06-05,0.0000,2.0600,,13855331796.88,
300683,2026-06-05,0.0000,1.5800,,3386238239.16,
300686,2026-06-05,0.0000,6.1200,,4623473294.14,
300688,2026-06-05,0.0000,11.9100,,4365257156.25,
300689,2026-06-05,0.0000,8.5900,,5945308000.00,
300691,2026-06-05,0.0000,2.6200,,4315542889.84,
300695,2026-06-05,0.0000,2.2300,,6410485330.37,
300703,2026-06-05,0.0000,3.7200,,2871837406.25,0.00
300707,2026-06-05,0.0000,2.0100,,2252665602.34,
300711,2026-06-05,0.0000,3.4600,,5322629609.38,
300713,2026-06-05,0.0000,5.2600,,2333195771.48,
300719,2026-06-05,0.0000,3.1700,,3203261578.13,
300730,2026-06-05,0.0000,21.4000,,3400058578.13,
300731,2026-06-05,0.0000,16.7500,,10356960033.59,
300732,2026-06-05,0.0000,0.8900,,2490163987.50,
300749,2026-06-05,0.0000,8.2300,,4530140231.25,0.00
300753,2026-06-05,0.0000,4.1300,,2739022997.56,
300757,2026-06-05,0.0000,66.9100,,108774308287.11,0.00
300762,2026-06-05,0.0000,10.2100,,23197055959.38,
300765,2026-06-05,0.0000,13.5700,,34974364921.88,
300767,2026-06-05,0.0000,3.4600,,5257817655.66,
300774,2026-06-05,0.0000,3.6900,,5379330435.94,
300778,2026-06-05,0.0000,1.9000,,2280987625.00,
300780,2026-06-05,0.0000,3.7700,,3772352400.00,
300782,2026-06-05,0.0000,5.7700,,60241387171.48,
300787,2026-06-05,0.0000,1.9300,,2971344914.06,
300793,2026-06-05,0.0000,1.8100,,5061257851.56,
300795,2026-06-05,0.0000,4.5800,,2872370439.06,
300804,2026-06-05,0.0000,2.1300,,2916340000.00,
300807,2026-06-05,0.0000,6.3100,,2832488531.74,0.00
300808,2026-06-05,0.0000,4.1700,,3916800000.00,
300810,2026-06-05,0.0000,4.0600,,3131866500.00,
300818,2026-06-05,0.0000,2.8200,,5101152172.85,
300830,2026-06-05,0.0000,3.1100,,4091864770.31,
300844,2026-06-05,0.0000,3.1600,,2417890705.47,
300845,2026-06-05,0.0000,3.6200,,2977683037.50,
300846,2026-06-05,0.0000,15.1100,,11588267327.34,
300853,2026-06-05,0.0000,11.1300,,5706029821.68,
300862,2026-06-05,0.0000,2.1300,,4185287580.47,
300868,2026-06-05,0.0000,10.5800,,15537211597.17,0.00
300869,2026-06-05,0.0000,2.6600,,4512250848.44,
300870,2026-06-05,0.0000,15.6500,,40819816652.93,
300875,2026-06-05,0.0000,3.8700,,3289556814.45,
300876,2026-06-05,0.0000,2.6500,,2701708110.35,
300884,2026-06-05,0.0000,2.1600,,2762027187.50,
300887,2026-06-05,0.0000,1.6600,,4573277631.25,
300889,2026-06-05,0.0000,3.8100,,5399968721.88,
300891,2026-06-05,0.0000,2.3100,,2792057257.81,
300894,2026-06-05,0.0000,3.7300,,3619973594.53,0.00
300895,2026-06-05,0.0000,10.7400,,8032680113.28,
300899,2026-06-05,0.0000,3.2500,,2030866671.09,
300902,2026-06-05,0.0000,3.3800,,2737959180.47,
300903,2026-06-05,0.0000,17.1900,,31391373972.66,
300904,2026-06-05,0.0000,6.0900,,3556910361.62,
300911,2026-06-05,0.0000,4.0700,,4414855889.06,
300928,2026-06-05,0.0000,2.5400,,2572800000.00,
300929,2026-06-05,0.0000,2.0500,,1573704006.74,
300931,2026-06-05,0.0000,6.1000,,3647564941.41,
300935,2026-06-05,0.0000,3.8800,,2851562066.89,
300936,2026-06-05,0.0000,7.9900,,8053920000.00,0.00
300942,2026-06-05,0.0000,3.1500,,2616803173.44,0.00
300949,2026-06-05,0.0000,3.7300,,2101050000.00,
300951,2026-06-05,0.0000,3.1400,,7245263895.90,0.00
300955,2026-06-05,0.0000,4.8200,,4172112000.00,
300956,2026-06-05,0.0000,2.3800,,3199101275.39,
300958,2026-06-05,0.0000,1.6200,,1956072787.50,
300960,2026-06-05,0.0000,4.1400,,2628886203.13,
300961,2026-06-05,0.0000,3.7900,,2093676800.00,
300965,2026-06-05,0.0000,2.4200,,3000600000.00,0.00
300967,2026-06-05,0.0000,4.7700,,3329390727.54,
300968,2026-06-05,0.0000,2.6400,,4712532000.00,
300977,2026-06-05,0.0000,1.9800,,2730946983.98,
300982,2026-06-05,0.0000,1.4900,,4259341709.77,
300989,2026-06-05,0.0000,3.0400,,2936556131.25,
300991,2026-06-05,0.0000,8.8600,,5558400000.00,
300992,2026-06-05,0.0000,2.9300,,2532416371.88,
301011,2026-06-05,0.0000,2.6700,,2539106817.87,
301024,2026-06-05,0.0000,8.6300,,2917279800.00,
301027,2026-06-05,0.0000,3.1900,,2870910000.00,
301036,2026-06-05,0.0000,1.4500,,2390000000.00,
301038,2026-06-05,0.0000,4.8900,,4381291200.00,
301040,2026-06-05,0.0000,4.3800,,3067030550.20,
301041,2026-06-05,0.0000,5.1400,,3493770000.00,
301046,2026-06-05,0.0000,3.9400,,4630028675.00,
301049,2026-06-05,0.0000,3.7600,,1980261849.41,
301050,2026-06-05,0.0000,2.9400,,9009407059.57,
301062,2026-06-05,0.0000,2.0900,,2838063316.41,
301067,2026-06-05,0.0000,4.5600,,3505357659.18,
301070,2026-06-05,0.0000,12.0700,,8754095650.78,
301075,2026-06-05,0.0000,9.4200,,5813600000.00,
301082,2026-06-05,0.0000,2.9300,,3027337494.73,
301091,2026-06-05,0.0000,4.0200,,9396129600.00,
301095,2026-06-05,0.0000,6.2900,,19749718654.69,
301098,2026-06-05,0.0000,1.5100,,1706838183.59,
301100,2026-06-05,0.0000,1.5900,,3212000000.00,
301111,2026-06-05,0.0000,6.1800,,4620800000.00,
301113,2026-06-05,0.0000,3.2200,,2198014000.00,
301117,2026-06-05,0.0000,3.8800,,4804815010.94,
301120,2026-06-05,0.0000,5.2100,,8163994657.81,0.00
301121,2026-06-05,0.0000,2.2900,,3793934113.96,
301135,2026-06-05,0.0000,1.9200,,2362157916.02,
301151,2026-06-05,0.0000,1.4900,,3079254730.47,
301159,2026-06-05,0.0000,4.0500,,2627579500.00,
301166,2026-06-05,0.0000,1.2000,,2371357012.50,
301169,2026-06-05,0.0000,13.0600,,5659501526.56,0.00
301171,2026-06-05,0.0000,6.6800,,24635692052.34,
301180,2026-06-05,0.0000,4.5200,,5920148000.00,
301182,2026-06-05,0.0000,12.3400,,8183173113.28,0.00
301193,2026-06-05,0.0000,3.4300,,5769843706.05,
301197,2026-06-05,0.0000,2.7800,,3671648400.00,0.00
301218,2026-06-05,0.0000,5.3200,,4831874800.00,
301221,2026-06-05,0.0000,1.9600,,4000356556.15,
301227,2026-06-05,0.0000,1.8600,,2982802361.23,
301228,2026-06-05,0.0000,15.0500,,9015600000.00,0.00
301235,2026-06-05,0.0000,3.9600,,7479717158.20,0.00
301236,2026-06-05,0.0000,3.2400,,43270912609.38,
301248,2026-06-05,0.0000,7.3200,,11039093100.00,
301258,2026-06-05,0.0000,1.2600,,2348585400.00,
301269,2026-06-05,0.0000,10.3500,,53851055944.92,
301273,2026-06-05,0.0000,3.9200,,3430209468.16,0.00
301285,2026-06-05,0.0000,24.4500,,23078838900.00,
301288,2026-06-05,0.0000,2.6300,,2057590500.00,
301302,2026-06-05,0.0000,2.6700,,3912211500.00,
301306,2026-06-05,0.0000,13.5400,,11385560000.00,
301307,2026-06-05,0.0000,5.1300,,12537018000.00,
301313,2026-06-05,0.0000,7.8800,,5086803601.17,
301317,2026-06-05,0.0000,8.2000,,10057016200.00,0.00
301322,2026-06-05,0.0000,2.3900,,6838923771.09,0.00
301325,2026-06-05,0.0000,2.3700,,6259332246.09,
301326,2026-06-05,0.0000,8.7100,,10758854626.90,
301337,2026-06-05,0.0000,2.3500,,2544564000.00,
301357,2026-06-05,0.0000,7.6000,,8666056000.00,0.00
301360,2026-06-05,0.0000,4.6500,,5553600936.43,0.00
301365,2026-06-05,0.0000,3.1600,,5572800000.00,
301383,2026-06-05,0.0000,2.4100,,4706493882.03,
301387,2026-06-05,0.0000,6.3500,,10360882966.60,0.00
301390,2026-06-05,0.0000,2.0700,,1941000000.00,
301398,2026-06-05,0.0000,4.0300,,4444160000.00,
301486,2026-06-05,0.0000,11.3700,,29040727198.44,
301512,2026-06-05,0.0000,2.8100,,2960003613.28,
301516,2026-06-05,0.0000,3.7500,,4749474403.13,
301517,2026-06-05,0.0000,6.6200,,8416361440.43,
301519,2026-06-05,0.0000,1.5600,,2149850575.20,
301520,2026-06-05,0.0000,1.5900,,2412001177.73,
301528,2026-06-05,0.0000,3.6300,,5679325000.00,
301557,2026-06-05,0.0000,4.9100,,5087162390.09,
301577,2026-06-05,0.0000,6.4200,,4723144459.86,
301578,2026-06-05,0.0000,2.7100,,2524335636.91,
301590,2026-06-05,0.0000,3.6800,,7121692584.23,
301592,2026-06-05,0.0000,7.5800,,7120400000.00,
301601,2026-06-05,0.0000,1.9400,,2577808000.00,
301622,2026-06-05,0.0000,4.1600,,6473637535.94,
301629,2026-06-05,0.0000,12.4400,,14715132276.12,0.00
301633,2026-06-05,0.0000,3.0700,,2854713600.00,
301658,2026-06-05,0.0000,4.1500,,13237112109.38,
600010,2026-06-05,0.0000,2.1200,,109447004700.00,
600022,2026-06-05,0.0000,0.7500,,14122482000.00,
600052,2026-06-05,0.0000,1.5200,,3292359585.94,
600053,2026-06-05,0.0000,1.7000,,3789146428.13,0.00
600055,2026-06-05,0.0000,1.9500,,8654682064.06,
600067,2026-06-05,0.0000,0.7500,,4188922937.50,
600071,2026-06-05,0.0000,10.0500,,5119013615.63,
600072,2026-06-05,0.0000,2.0400,,15531724265.63,
600075,2026-06-05,0.0000,0.9500,,8385278820.31,
600076,2026-06-05,0.0000,1.3600,,4826910940.63,0.00
600082,2026-06-05,0.0000,1.2200,,2067570500.00,
600097,2026-06-05,0.0000,0.9600,,2153973217.97,
600100,2026-06-05,0.0000,1.6000,,25428760396.88,
600117,2026-06-05,0.0000,2.2100,,7616969100.00,
600118,2026-06-05,0.0000,15.8800,,100452445859.38,
600119,2026-06-05,0.0000,26.3500,,1954196589.84,
600121,2026-06-05,0.0000,8.6400,,6360110803.13,
600123,2026-06-05,0.0000,0.7200,,10828314000.00,
600133,2026-06-05,0.0000,0.9400,,8593892510.94,
600135,2026-06-05,0.0000,2.1400,,5040627766.41,
600136,2026-06-05,0.0000,14.4100,,3265321500.00,
600138,2026-06-05,0.0000,0.8800,,5537376000.00,
600151,2026-06-05,0.0000,4.0600,,17885126726.56,
600152,2026-06-05,0.0000,3.7200,,6100285644.14,
600156,2026-06-05,0.0000,10.4000,,3844178321.88,0.00
600158,2026-06-05,0.0000,3.7400,,8981041387.50,
600159,2026-06-05,0.0000,1.5500,,2257608712.50,
600162,2026-06-05,0.0000,1.9600,,11243427150.00,0.00
600165,2026-06-05,0.0000,4.0800,,4669904037.50,
600172,2026-06-05,0.0000,41.7100,,19368538254.69,0.00
600178,2026-06-05,0.0000,1.6400,,4160967801.56,
600180,2026-06-05,0.0000,0.3900,,1684272625.00,
600192,2026-06-05,0.0000,4.1700,,3167333216.02,
600198,2026-06-05,0.0000,60.6100,,11693323535.16,
600199,2026-06-05,0.0000,2.4900,,4834806457.03,
600202,2026-06-05,0.0000,2.5200,,2039372540.63,
600207,2026-06-05,0.0000,4.1700,,7832157436.72,
600212,2026-06-05,0.0000,7.4800,,4316440936.72,
600215,2026-06-05,0.0000,1.2400,,3033702393.75,
600217,2026-06-05,0.0000,1.9700,,5602869675.00,
600227,2026-06-05,0.0000,2.2100,,4964859309.38,
600228,2026-06-05,0.0000,6.9100,,2637536183.20,0.00
600231,2026-06-05,0.0000,1.5900,,5657964971.88,
600234,2026-06-05,0.0000,13.8300,,6226998027.34,0.00
600235,2026-06-05,0.0000,1.3600,,2051592000.00,
600239,2026-06-05,0.0000,2.4200,,2440644050.00,
600241,2026-06-05,0.0000,2.2100,,2260240200.00,
600243,2026-06-05,0.0000,3.1700,,1751011500.00,
600246,2026-06-05,0.0000,7.4000,,33788552625.00,0.00
600249,2026-06-05,0.0000,1.3600,,2904000000.00,
600252,2026-06-05,0.0000,1.3700,,7196208662.50,
600257,2026-06-05,0.0000,3.1700,,2531307606.25,
600265,2026-06-05,0.0000,16.1900,,3428018000.00,0.00
600271,2026-06-05,0.0000,1.0400,,13526058218.75,
600280,2026-06-05,0.0000,14.4100,,3836338203.13,
600289,2026-06-05,0.0000,4.2200,,3798933698.44,
600293,2026-06-05,0.0000,2.6900,,4594174509.38,
600302,2026-06-05,0.0000,7.1200,,3449717752.73,
600303,2026-06-05,0.0000,2.5200,,2372106639.06,
600307,2026-06-05,0.0000,1.8800,,10021372000.00,
600310,2026-06-05,0.0000,3.0500,,8295923021.88,
600319,2026-06-05,0.0000,8.4000,,2838032910.94,
600325,2026-06-05,0.0000,0.8800,,7513375471.88,
600326,2026-06-05,0.0000,2.6300,,10313855318.75,
600328,2026-06-05,0.0000,0.8300,,9868263145.31,
600330,2026-06-05,0.0000,4.6800,,36287643909.38,
600331,2026-06-05,0.0000,11.8000,,36744656000.00,
600337,2026-06-05,0.0000,11.8700,,4655873925.00,
600343,2026-06-05,0.0000,12.9600,,16504017665.63,
600358,2026-06-05,0.0000,61.6700,,2989224681.25,
600365,2026-06-05,0.0000,5.5300,,1216800400.00,
600376,2026-06-05,0.0000,4.2600,,10034509065.63,
600381,2026-06-05,0.0000,3.2400,,3175998403.91,0.00
600383,2026-06-05,0.0000,0.2700,,11873354440.63,
600386,2026-06-05,0.0000,1.7400,,2927232000.00,
600391,2026-06-05,0.0000,6.2900,,11155072901.17,
600399,2026-06-05,0.0000,1.6900,,9051939000.00,
600403,2026-06-05,0.0000,5.8200,,19461212478.13,
600405,2026-06-05,0.0000,89.6100,,2800631314.84,
600408,2026-06-05,0.0000,3.1200,,3614412000.00,
600409,2026-06-05,0.0000,0.9600,,13170549012.50,0.00
600410,2026-06-05,0.0000,4.5500,,19627254906.25,
600418,2026-06-05,0.0000,5.9300,,74613295937.50,
600422,2026-06-05,0.0000,1.2600,,6570549781.25,
600425,2026-06-05,0.0000,0.9100,,5857168687.50,
600435,2026-06-05,0.0000,6.1700,,17921440078.13,
600438,2026-06-05,0.0000,1.7500,,61227068250.00,
600446,2026-06-05,0.0000,3.3200,,11737605725.00,
600448,2026-06-05,0.0000,2.1200,,1933546200.78,
600449,2026-06-05,0.0000,0.8300,,6149408865.63,
600470,2026-06-05,0.0000,1.8800,,2863584000.00,
600481,2026-06-05,0.0000,2.3700,,10300265996.88,
600491,2026-06-05,0.0000,0.3100,,2126363576.56,0.00
600493,2026-06-05,0.0000,1.5400,,1719040000.00,
600500,2026-06-05,0.0000,2.0100,,20453345625.00,0.00
600501,2026-06-05,0.0000,5.3600,,7829183203.13,
600503,2026-06-05,0.0000,1.2900,,4438343300.00,
600518,2026-06-05,0.0000,2.8700,,20881633337.50,
600530,2026-06-05,0.0000,15.8900,,4998234000.00,
600533,2026-06-05,0.0000,1.7800,,2362500000.00,
600536,2026-06-05,0.0000,9.6900,,34083209531.25,
600538,2026-06-05,0.0000,4.7800,,3255272054.30,
600543,2026-06-05,0.0000,2.0800,,1438617600.00,
600545,2026-06-05,0.0000,4.6600,,12211440240.63,0.00
600561,2026-06-05,0.0000,1.8400,,1672723565.63,
600567,2026-06-05,0.0000,0.5800,,8515061718.75,
600568,2026-06-05,0.0000,3.3800,,5460462943.75,
600569,2026-06-05,0.0000,3.7500,,5457600375.00,
600571,2026-06-05,0.0000,4.5500,,5255407029.69,
600579,2026-06-05,0.0000,2.1500,,3262700647.66,
600586,2026-06-05,0.0000,1.4700,,7426849318.75,
600588,2026-06-05,0.0000,5.3100,,36596043225.00,
600589,2026-06-05,0.0000,25.2900,,15692960248.44,
600592,2026-06-05,0.0000,3.2000,,8274754926.56,
600594,2026-06-05,0.0000,1.2700,,2732149605.47,
600604,2026-06-05,0.0000,1.3200,,7942812537.50,0.00
600608,2026-06-05,0.0000,16.5600,,680743110.94,
600611,2026-06-05,0.0000,1.0600,,10142086865.63,
600615,2026-06-05,0.0000,3.1300,,2256246093.75,
600620,2026-06-05,0.0000,2.2700,,3234249185.16,
600622,2026-06-05,0.0000,1.8800,,3764210526.56,
600624,2026-06-05,0.0000,6.4200,,2730975065.63,
600626,2026-06-05,0.0000,1.4600,,4675436193.75,
600636,2026-06-05,0.0000,0.4800,,837796282.03,
600641,2026-06-05,0.0000,2.9400,,24334454593.75,
600644,2026-06-05,0.0000,3.1400,,6494542373.44,
600653,2026-06-05,0.0000,5.3300,,3328310334.38,
600657,2026-06-05,0.0000,0.5100,,7871185350.00,
600658,2026-06-05,0.0000,1.2500,,5056004553.13,
600665,2026-06-05,0.0000,2.1400,,3033069975.00,
600666,2026-06-05,0.0000,11.6300,,12739201925.00,
600668,2026-06-05,0.0000,0.5800,,3195850535.16,
600675,2026-06-05,0.0000,1.0100,,14510725500.00,
600676,2026-06-05,0.0000,1.3700,,6520645421.88,
600684,2026-06-05,0.0000,3.1300,,3937624496.88,
600691,2026-06-05,0.0000,2.0300,,6320111787.50,
600696,2026-06-05,0.0000,2.2700,,227439201.56,0.00
600706,2026-06-05,0.0000,4.6000,,2063433819.92,
600708,2026-06-05,0.0000,1.1500,,6864201093.75,
600714,2026-06-05,0.0000,12.5900,,9481000552.73,0.00
600715,2026-06-05,0.0000,7.0300,,7591925928.13,
600716,2026-06-05,0.0000,0.7600,,3379178856.25,
600718,2026-06-05,0.0000,1.1100,,9798834002.34,
600725,2026-06-05,0.0000,19.2300,,4929880000.00,0.00
600730,2026-06-05,0.0000,4.7700,,7996121492.97,
600732,2026-06-05,0.0000,5.0000,,23734372500.00,
600733,2026-06-05,0.0000,6.2500,,37629878662.50,
600734,2026-06-05,0.0000,20.2900,,4639785656.25,
600740,2026-06-05,0.0000,0.6900,,10530317695.31,
600743,2026-06-05,0.0000,10.5500,,5841791334.38,
600745,2026-06-05,0.0000,1.1600,,26623496313.28,0.00
600748,2026-06-05,0.0000,0.7600,,7839392617.19,
600749,2026-06-05,0.0000,3.2700,,3402212962.11,
600756,2026-06-05,0.0000,2.1500,,4807395849.61,
600758,2026-06-05,0.0000,1.1900,,6345683250.00,0.00
600773,2026-06-05,0.0000,3.4300,,14559279187.50,
600774,2026-06-05,0.0000,1.4500,,2147835889.06,
600775,2026-06-05,0.0000,3.1900,,9915147894.53,
600782,2026-06-05,0.0000,0.3300,,8501339240.63,0.00
600783,2026-06-05,0.0000,3.9900,,17559435813.28,
600792,2026-06-05,0.0000,2.0600,,5039053115.63,
600793,2026-06-05,0.0000,10.5400,,2388204052.73,
600797,2026-06-05,0.0000,2.3800,,7881127535.94,
600798,2026-06-05,0.0000,1.1300,,4464176609.38,
600800,2026-06-05,0.0000,4.3500,,4262573700.00,0.00
600802,2026-06-05,0.0000,2.5000,,2286659508.20,
600807,2026-06-05,0.0000,8.1100,,2397360214.84,
600810,2026-06-05,0.0000,0.9100,,6347169234.38,
600815,2026-06-05,0.0000,4.0000,,5819030062.50,
600818,2026-06-05,0.0000,3.7500,,1874041202.34,
600821,2026-06-05,0.0000,1.7600,,15836966250.00,
600826,2026-06-05,0.0000,1.5000,,6494760942.97,
600828,2026-06-05,0.0000,1.3200,,8885070225.00,0.00
600831,2026-06-05,0.0000,7.2100,,2552299842.19,
600844,2026-06-05,0.0000,57.1200,,3019076929.69,
600847,2026-06-05,0.0000,4.8000,,2299311035.16,
600855,2026-06-05,0.0000,5.1400,,7192130373.05,
600860,2026-06-05,0.0000,6.0300,,4976647882.03,
600866,2026-06-05,0.0000,0.9800,,8008298203.13,
600868,2026-06-05,0.0000,3.4700,,6719446575.00,
600876,2026-06-05,0.0000,2.0900,,5752964250.00,
600877,2026-06-05,0.0000,6.6300,,16600514628.13,
600881,2026-06-05,0.0000,12.4100,,5333049046.88,
600892,2026-06-05,0.0000,229.3700,,2053233682.81,
600917,2026-06-05,0.0000,1.3900,,8023743993.75,
600935,2026-06-05,0.0000,1.4300,,8519529356.25,
600939,2026-06-05,0.0000,0.7900,,5555227000.00,
600960,2026-06-05,0.0000,1.1800,,4144247443.75,
600975,2026-06-05,0.0000,3.3700,,6023369484.38,
600977,2026-06-05,0.0000,2.4300,,26679430000.00,
600981,2026-06-05,0.0000,1.1600,,5785477462.50,
600986,2026-06-05,0.0000,2.3700,,12211341053.13,
600990,2026-06-05,0.0000,3.3200,,5141843324.02,
600992,2026-06-05,0.0000,2.1100,,3009705200.00,
600996,2026-06-05,0.0000,7.4600,,11694981801.56,
600997,2026-06-05,0.0000,0.6900,,9320385082.81,
601005,2026-06-05,0.0000,0.8300,,11418775237.50,
601011,2026-06-05,0.0000,1.1600,,6302536307.81,
601015,2026-06-05,0.0000,1.7200,,8272115507.81,
601118,2026-06-05,0.0000,2.9500,,28244223562.50,
601226,2026-06-05,0.0000,1.9900,,8635321882.03,
601238,2026-06-05,0.0000,0.6000,,62202100312.50,
601515,2026-06-05,0.0000,1.5400,,7524680143.75,
601519,2026-06-05,0.0000,14.0600,,18240597200.00,
601606,2026-06-05,0.0000,10.6100,,23160825431.25,
601616,2026-06-05,0.0000,1.4300,,3414701250.00,
601718,2026-06-05,0.0000,0.7300,,8852970831.25,
601778,2026-06-05,0.0000,1.2100,,19872608518.75,
601908,2026-06-05,0.0000,1.1900,,8837446293.75,
601929,2026-06-05,0.0000,1.9300,,9038551243.75,
601949,2026-06-05,0.0000,1.0000,,9919673931.25,
601956,2026-06-05,0.0000,1.3200,,3251054826.17,
601992,2026-06-05,0.0000,0.4400,,17084434000.00,
601996,2026-06-05,0.0000,1.1900,,2925586926.56,
603000,2026-06-05,0.0000,5.0100,,19294309585.94,
603007,2026-06-05,0.0000,22.3400,,5237104875.00,0.00
603008,2026-06-05,0.0000,0.9400,,3303582673.83,
603011,2026-06-05,0.0000,8.6700,,16167353894.53,
603023,2026-06-05,0.0000,3.0500,,2349674181.64,
603028,2026-06-05,0.0000,4.8800,,2267616000.00,
603033,2026-06-05,0.0000,4.0800,,10311635156.25,
603042,2026-06-05,0.0000,3.9200,,3268002525.39,
603052,2026-06-05,0.0000,15.6500,,16666490925.78,
603058,2026-06-05,0.0000,3.5700,,4221519942.97,
603060,2026-06-05,0.0000,2.8700,,5804598532.81,
603069,2026-06-05,0.0000,6.2200,,4803200000.00,
603070,2026-06-05,0.0000,3.1000,,6708730000.00,0.00
603089,2026-06-05,0.0000,1.4900,,2815093024.02,
603108,2026-06-05,0.0000,1.9200,,7051255693.75,
603113,2026-06-05,0.0000,0.5900,,4301847468.75,
603117,2026-06-05,0.0000,2.4300,,2492662412.50,0.00
603121,2026-06-05,0.0000,4.9200,,5399612689.45,
603122,2026-06-05,0.0000,4.7400,,4951774557.81,
603123,2026-06-05,0.0000,4.6800,,7627934171.88,
603138,2026-06-05,0.0000,6.4000,,5180975618.36,
603159,2026-06-05,0.0000,7.6500,,3791200000.00,
603168,2026-06-05,0.0000,1.5800,,2098849577.34,
603169,2026-06-05,0.0000,3.7900,,10071509753.91,
603175,2026-06-05,0.0000,13.0800,,35836402343.75,
603176,2026-06-05,0.0000,2.2300,,2380938309.38,
603208,2026-06-05,0.0000,2.1900,,2203765142.58,
603212,2026-06-05,0.0000,2.9000,,6942975598.83,
603215,2026-06-05,0.0000,2.3900,,3369543729.49,
603220,2026-06-05,0.0000,3.1700,,12212619233.20,
603221,2026-06-05,0.0000,1.9500,,3056750000.00,
603222,2026-06-05,0.0000,4.0700,,4531531756.64,
603226,2026-06-05,0.0000,21.4200,,18236729179.69,
603232,2026-06-05,0.0000,3.3600,,4372655627.34,
603237,2026-06-05,0.0000,1.9400,,3137394200.00,
603258,2026-06-05,0.0000,1.7500,,3398705898.44,
603261,2026-06-05,0.0000,5.2500,,2621994150.00,
603272,2026-06-05,0.0000,8.3800,,4518137285.16,0.00
603278,2026-06-05,0.0000,2.2700,,4391608470.70,
603282,2026-06-05,0.0000,1.5900,,2099635800.00,
603286,2026-06-05,0.0000,8.8400,,7169609184.38,0.00
603313,2026-06-05,0.0000,0.9100,,3098286943.36,0.00
603324,2026-06-05,0.0000,2.7300,,4456970316.21,
603335,2026-06-05,0.0000,10.4700,,2954197804.69,
603348,2026-06-05,0.0000,1.2800,,5000187591.80,
603356,2026-06-05,0.0000,7.8400,,2366785000.00,
603358,2026-06-05,0.0000,5.1000,,18066319085.16,
603363,2026-06-05,0.0000,2.5000,,8111253768.75,
603366,2026-06-05,0.0000,1.3600,,5829555056.25,
603385,2026-06-05,0.0000,0.6200,,2185017100.00,
603386,2026-06-05,0.0000,4.4200,,5782436430.47,
603392,2026-06-05,0.0000,3.5900,,42470954571.88,
603398,2026-06-05,0.0000,84.1200,,6018943803.13,
603421,2026-06-05,0.0000,1.9200,,4617508795.31,
603429,2026-06-05,0.0000,3.8100,,4809532106.64,
603458,2026-06-05,0.0000,1.6400,,4233701726.95,
603477,2026-06-05,0.0000,2.9300,,7593658256.25,
603488,2026-06-05,0.0000,4.5600,,3530163822.66,
603528,2026-06-05,0.0000,2.5900,,4870918617.19,
603533,2026-06-05,0.0000,4.5400,,10432576861.72,
603557,2026-06-05,0.0000,53.3300,,2992497187.50,
603567,2026-06-05,0.0000,1.0800,,6586015078.13,
603578,2026-06-05,0.0000,2.5600,,3630279990.82,
603616,2026-06-05,0.0000,11.0800,,2334924587.11,
603633,2026-06-05,0.0000,2.1400,,3721790012.50,
603636,2026-06-05,0.0000,2.8100,,5205833755.08,
603637,2026-06-05,0.0000,4.1100,,4286798735.94,
603657,2026-06-05,0.0000,3.9800,,3471679200.00,
603660,2026-06-05,0.0000,9.3900,,6652174973.44,
603666,2026-06-05,0.0000,2.8000,,5923385857.81,
603679,2026-06-05,0.0000,3.3300,,2931822158.20,
603690,2026-06-05,0.0000,2.8700,,9972390290.63,
603712,2026-06-05,0.0000,2.8800,,11008720000.00,
603716,2026-06-05,0.0000,3.5100,,3666842604.69,
603717,2026-06-05,0.0000,5.1300,,1961388253.91,
603721,2026-06-05,0.0000,5.3900,,2641600000.00,
603722,2026-06-05,0.0000,3.8900,,3452451050.20,
603727,2026-06-05,0.0000,1.3000,,4070843839.84,
603776,2026-06-05,0.0000,1.6700,,5710670715.23,
603777,2026-06-05,0.0000,3.6600,,5698588687.50,
603789,2026-06-05,0.0000,14.4600,,1514375419.53,
603800,2026-06-05,0.0000,20.1300,,15922400000.00,
603801,2026-06-05,0.0000,0.9700,,3044803357.81,
603878,2026-06-05,0.0000,1.4000,,3625027738.28,
603879,2026-06-05,0.0000,7.7400,,1793129016.02,
603880,2026-06-05,0.0000,13.3600,,2297883837.89,
603886,2026-06-05,0.0000,1.9700,,2925600000.00,
603887,2026-06-05,0.0000,2.0200,,7025683262.11,
603898,2026-06-05,0.0000,1.2700,,3898040622.66,
603912,2026-06-05,0.0000,2.8200,,4860585462.89,
603917,2026-06-05,0.0000,1.4800,,2482771200.00,
603918,2026-06-05,0.0000,4.1300,,4041740025.00,
603927,2026-06-05,0.0000,3.8700,,12299392000.00,
603936,2026-06-05,0.0000,3.1400,,13836261287.50,0.00
603955,2026-06-05,0.0000,2.1900,,3129703200.00,
603956,2026-06-05,0.0000,1.6100,,2974910828.91,
603959,2026-06-05,0.0000,4050.0000,,1985710886.72,
605008,2026-06-05,0.0000,3.5900,,7008691853.52,
605055,2026-06-05,0.0000,5.1800,,5086400000.00,0.00
605068,2026-06-05,0.0000,2.3400,,3618648447.85,0.00
605069,2026-06-05,0.0000,3.4100,,2345611546.09,
605081,2026-06-05,0.0000,0.8600,,569632911.04,
605158,2026-06-05,0.0000,1.4100,,3411171400.00,
605177,2026-06-05,0.0000,1.5700,,2605300292.87,
605178,2026-06-05,0.0000,5.9100,,6529372000.00,0.00
605199,2026-06-05,0.0000,6.8500,,2628714744.14,
605218,2026-06-05,0.0000,2.3100,,4098712254.69,
605255,2026-06-05,0.0000,12.9200,,10502486400.00,
605288,2026-06-05,0.0000,3.1500,,7042564255.37,
605296,2026-06-05,0.0000,3.1100,,13329016117.19,
605303,2026-06-05,0.0000,5.4600,,4619451577.15,
605318,2026-06-05,0.0000,19.3200,,12356646503.91,
605336,2026-06-05,0.0000,1.6900,,3040977630.86,
605366,2026-06-05,0.0000,3.1400,,8412682640.63,
605378,2026-06-05,0.0000,3.4100,,4241652173.44,
605399,2026-06-05,0.0000,1.9700,,4052424702.73,
605500,2026-06-05,0.0000,1.1700,,3012688000.00,
605588,2026-06-05,0.0000,4.0800,,3862351502.05,
688004,2026-06-05,0.0000,2.8500,,1634596040.14,
688007,2026-06-05,0.0000,2.6300,,6338098930.08,
688010,2026-06-05,0.0000,3.4300,,5884582697.27,
688011,2026-06-05,0.0000,5.5500,,5820000000.00,
688020,2026-06-05,0.0000,8.6200,,11343867971.09,
688022,2026-06-05,0.0000,2.3800,,1572352008.98,
688023,2026-06-05,0.0000,1.8300,,4087003906.25,
688026,2026-06-05,0.0000,1.7400,,1882286661.62,
688027,2026-06-05,0.0000,17.2900,,55771232082.03,0.00
688030,2026-06-05,0.0000,4.3400,,2955868734.37,
688031,2026-06-05,0.0000,20.1900,,16285510185.94,
688032,2026-06-05,0.0000,2.0200,,11476798388.67,
688033,2026-06-05,0.0000,3.0600,,4064695832.81,
688038,2026-06-05,0.0000,3.5400,,2098212373.83,
688039,2026-06-05,0.0000,4.4900,,4656318791.99,
688051,2026-06-05,0.0000,4.1100,,2378020469.97,
688052,2026-06-05,0.0000,5.0200,,38133560699.61,0.00
688053,2026-06-05,0.0000,2.4400,,3862000000.00,
688055,2026-06-05,0.0000,4.3200,,17333333875.00,
688058,2026-06-05,0.0000,3.0700,,1842826926.27,
688060,2026-06-05,0.0000,2.5800,,2287246533.20,
688061,2026-06-05,0.0000,1.8100,,4164740905.76,
688062,2026-06-05,0.0000,99.6300,,11883023195.31,
688068,2026-06-05,0.0000,3.1100,,7559459277.34,0.00
688069,2026-06-05,0.0000,4.4100,,5715540000.00,
688070,2026-06-05,0.0000,6.1500,,3591640630.66,
688075,2026-06-05,0.0000,0.8100,,4181024209.96,
688078,2026-06-05,0.0000,2.5400,,1699864714.45,
688079,2026-06-05,0.0000,10.2500,,12798720277.34,0.00
688081,2026-06-05,0.0000,13.4400,,5299347200.00,0.00
688083,2026-06-05,0.0000,3.5700,,9430638294.73,
688084,2026-06-05,0.0000,2.5000,,3837429631.25,
688089,2026-06-05,0.0000,1.3400,,2130793225.78,0.00
688098,2026-06-05,0.0000,2.2300,,3092149202.34,
688114,2026-06-05,0.0000,2.9100,,20659204062.50,
688118,2026-06-05,0.0000,2.5500,,2153749417.97,
688125,2026-06-05,0.0000,8.6100,,15453724026.46,
688126,2026-06-05,0.0000,5.5900,,94160117734.38,0.00
688130,2026-06-05,0.0000,2.3800,,2943698370.61,
688132,2026-06-05,0.0000,1.8300,,2166164529.30,
688133,2026-06-05,0.0000,1.2300,,3349581530.86,
688136,2026-06-05,0.0000,2.2900,,3954704118.16,
688137,2026-06-05,0.0000,1.3600,,2757893235.35,
688141,2026-06-05,0.0000,33.3300,,41605212768.36,
688152,2026-06-05,0.0000,2.6600,,3185334471.68,
688153,2026-06-05,0.0000,3.1600,,12569442958.20,
688157,2026-06-05,0.0000,3.2600,,4386328142.58,
688165,2026-06-05,0.0000,8.8200,,10654747600.00,
688167,2026-06-05,0.0000,17.9200,,40063858945.80,0.00
688170,2026-06-05,0.0000,6.7200,,8284304000.00,0.00
688171,2026-06-05,0.0000,5.0300,,4161024700.39,
688172,2026-06-05,0.0000,5.3800,,97777565381.25,0.00
688173,2026-06-05,0.0000,4.5500,,6511158778.13,
688176,2026-06-05,0.0000,4.0500,,5940173281.25,
688177,2026-06-05,0.0000,32.2200,,7217414400.00,
688180,2026-06-05,0.0000,5.2400,,30923895740.63,
688185,2026-06-05,0.0000,2.6200,,12885805056.25,
688189,2026-06-05,0.0000,2.7700,,2123856000.00,
688191,2026-06-05,0.0000,13.7800,,11972101230.47,0.00
688192,2026-06-05,0.0000,14.8600,,18369401329.30,
688197,2026-06-05,0.0000,7.4200,,4933019077.34,
688201,2026-06-05,0.0000,1.9500,,2521372778.32,0.00
688206,2026-06-05,0.0000,8.4700,,16926159651.95,
688207,2026-06-05,0.0000,2.0600,,3762879222.46,
688210,2026-06-05,0.0000,5.7400,,7352254511.72,0.00
688212,2026-06-05,0.0000,3.1200,,4013026021.48,
688216,2026-06-05,0.0000,4.9300,,3621302837.89,0.00
688217,2026-06-05,0.0000,1.6000,,1347802829.30,
688220,2026-06-05,0.0000,7.7000,,41913750023.44,0.00
688223,2026-06-05,0.0000,2.2200,,55249405625.00,
688225,2026-06-05,0.0000,3.6100,,5604140100.00,
688227,2026-06-05,0.0000,7.6400,,9521517596.29,
688228,2026-06-05,0.0000,4.6900,,5843144267.58,0.00
688229,2026-06-05,0.0000,11.1700,,4084800000.00,0.00
688232,2026-06-05,0.0000,1.1600,,6201373169.53,
688234,2026-06-05,0.0000,8.9200,,63451112479.69,0.00
688238,2026-06-05,0.0000,2.7800,,3764412968.75,
688244,2026-06-05,0.0000,2.6400,,2498412889.65,
688246,2026-06-05,0.0000,2.4500,,3156213565.43,
688251,2026-06-05,0.0000,2.9600,,2499972125.00,
688260,2026-06-05,0.0000,66.0000,,10660800000.00,
688262,2026-06-05,0.0000,6.2400,,12018715808.20,
688272,2026-06-05,0.0000,6.6100,,2632640000.00,
688276,2026-06-05,0.0000,1.6000,,6171771648.44,
688277,2026-06-05,0.0000,6.5700,,7596826589.84,
688280,2026-06-05,0.0000,5.1900,,3346557145.31,
688282,2026-06-05,0.0000,5.2400,,6600000000.00,
688286,2026-06-05,0.0000,3.3800,,3587827187.50,
688287,2026-06-05,0.0000,0.2200,,129680455.08,
688288,2026-06-05,0.0000,2.7900,,2092095176.56,
688290,2026-06-05,0.0000,4.5600,,6110943896.48,
688292,2026-06-05,0.0000,3.5300,,3442548532.03,
688296,2026-06-05,0.0000,2.7200,,1551583322.85,
688298,2026-06-05,0.0000,0.6900,,4084416000.00,
688302,2026-06-05,0.0000,3.6100,,3733878113.96,
688303,2026-06-05,0.0000,1.1500,,43783649995.31,
688306,2026-06-05,0.0000,6.5000,,11361616015.63,
688310,2026-06-05,0.0000,3.8300,,3099162132.81,
688311,2026-06-05,0.0000,2.8200,,5012155421.88,
688316,2026-06-05,0.0000,54.9100,,2919389230.71,
688317,2026-06-05,0.0000,1.0600,,3493432582.03,
688320,2026-06-05,0.0000,4.8000,,5821578180.18,
688323,2026-06-05,0.0000,7.4700,,5347853385.16,0.00
688326,2026-06-05,0.0000,2.3900,,9466942821.68,
688327,2026-06-05,0.0000,17.3500,,13082889431.25,
688329,2026-06-05,0.0000,2.3300,,1762476000.00,
688332,2026-06-05,0.0000,2.9600,,15635311664.06,
688335,2026-06-05,0.0000,3.7800,,4278199928.71,
688339,2026-06-05,0.0000,2.6400,,5084848792.19,
688343,2026-06-05,0.0000,6.1600,,22928312684.38,
688348,2026-06-05,0.0000,1.8100,,6044809922.66,
688352,2026-06-05,0.0000,4.0100,,23376597053.13,
688361,2026-06-05,0.0000,13.8100,,70025637360.94,0.00
688369,2026-06-05,0.0000,3.3100,,2531341562.60,
688371,2026-06-05,0.0000,6.5900,,12875427053.91,0.00
688373,2026-06-05,0.0000,16.5700,,3012088528.13,
688381,2026-06-05,0.0000,3.7800,,9486675000.00,0.00
688382,2026-06-05,0.0000,6.8000,,10195023142.58,
688387,2026-06-05,0.0000,9.8900,,58050375000.00,0.00
688393,2026-06-05,0.0000,1.6300,,1927494523.44,
688403,2026-06-05,0.0000,5.2200,,22296109570.31,
688408,2026-06-05,0.0000,1.7200,,6966295570.31,
688418,2026-06-05,0.0000,10.9800,,8965342612.50,
688426,2026-06-05,0.0000,1.4700,,1965264959.47,
688429,2026-06-05,0.0000,3.5900,,4624009031.25,
688433,2026-06-05,0.0000,18.9200,,40311017500.00,0.00
688435,2026-06-05,0.0000,2.9300,,3177175000.00,
688439,2026-06-05,0.0000,1.9000,,9534000000.00,
688443,2026-06-05,0.0000,5.7500,,8253966800.00,
688448,2026-06-05,0.0000,5.5600,,5608311736.82,
688450,2026-06-05,0.0000,3.0100,,2815560000.00,
688455,2026-06-05,0.0000,3.6500,,3357253448.44,
688458,2026-06-05,0.0000,2.3300,,4238390859.38,
688459,2026-06-05,0.0000,1.1800,,4075200000.00,
688469,2026-06-05,0.0000,4.7400,,61528921662.50,
688478,2026-06-05,0.0000,5.3500,,8012781054.59,0.00
688485,2026-06-05,0.0000,6.2700,,7845247599.61,
688489,2026-06-05,0.0000,2.2600,,4086844109.38,
688496,2026-06-05,0.0000,0.6000,,531000000.00,
688500,2026-06-05,0.0000,4.9900,,3629300902.34,
688502,2026-06-05,0.0000,20.0900,,23966101737.30,0.00
688506,2026-06-05,0.0000,15.5300,,87648976680.08,0.00
688507,2026-06-05,0.0000,6.1700,,17059879535.64,
688509,2026-06-05,0.0000,3.5100,,3873100000.00,
688512,2026-06-05,0.0000,3.8800,,6162335437.50,
688515,2026-06-05,0.0000,11.6700,,17120000000.00,0.00
688520,2026-06-05,0.0000,222.6400,,16649883890.63,
688521,2026-06-05,0.0000,37.6300,,118436128375.00,
688528,2026-06-05,0.0000,4.2400,,1888320000.00,
688529,2026-06-05,0.0000,3.0800,,3054076089.06,
688538,2026-06-05,0.0000,4.4200,,33556933125.00,
688539,2026-06-05,0.0000,3.3700,,5912256000.00,
688552,2026-06-05,0.0000,3.8600,,9955561190.63,
688556,2026-06-05,0.0000,2.3400,,9130205229.69,
688560,2026-06-05,0.0000,1.1100,,2842382750.78,
688561,2026-06-05,0.0000,2.4900,,17602120546.88,
688562,2026-06-05,0.0000,4.0000,,6672000000.00,
688567,2026-06-05,0.0000,1.6100,,14677467914.06,
688568,2026-06-05,0.0000,10.2000,,37090821796.88,
688573,2026-06-05,0.0000,5.6200,,1942380013.38,
688579,2026-06-05,0.0000,2.5600,,3548088700.00,
688588,2026-06-05,0.0000,3.2900,,4044101100.00,
002860,2026-06-06,8.1100,2.0200,,4637751193.36,
002862,2026-06-06,40.2400,9.2300,,2688000000.00,
002864,2026-06-06,13.6400,1.7400,,2968428220.90,
002865,2026-06-06,160.1200,5.6300,,22678847590.63,
002866,2026-06-06,36.1700,2.6200,,5532771242.58,
002867,2026-06-06,4.5400,1.9700,,13318764829.69,
002868,2026-06-06,69.4000,61.0300,,4239743045.31,
688227,2026-06-06,0.0000,7.6400,,9521517596.29,
688229,2026-06-06,0.0000,11.1700,,4084800000.00,
002871,2026-06-06,23.2900,4.4800,,5251151909.18,
688232,2026-06-06,0.0000,1.1600,,6201373169.53,
002873,2026-06-06,58.3900,1.6200,,2040707839.84,
002875,2026-06-06,26.4000,6.4200,,3964244407.23,
002876,2026-06-06,17.1100,2.3600,,5699947098.83,
002877,2026-06-06,50.6100,2.5300,,3074489662.50,
002879,2026-06-06,218.3300,1.6600,,2958408396.09,
002880,2026-06-06,17.3200,2.2000,,5366088000.00,
002881,2026-06-06,28.5100,4.8800,,13303438978.52,
002882,2026-06-06,120.1900,4.3200,,9177480000.00,
002883,2026-06-06,143.5700,3.1300,,1467877654.30,
002884,2026-06-06,5.9900,2.3300,,5865993000.00,
002885,2026-06-06,36.8100,7.3400,,11329748613.28,
002886,2026-06-06,57.5100,4.0400,,7480246134.38,
002887,2026-06-06,9.4800,1.6000,,3815667778.32,
688234,2026-06-06,0.0000,8.9200,,63451112479.69,
002889,2026-06-06,11.3000,1.7400,,4369612975.00,
002890,2026-06-06,45.9700,4.2000,,2543031673.83,
688238,2026-06-06,0.0000,2.7800,,3764412968.75,
002893,2026-06-06,1.5100,2.0400,,2873676000.00,
002895,2026-06-06,10.2000,2.4300,,19237528398.44,
002897,2026-06-06,44.0300,6.2400,,17730390300.78,
688244,2026-06-06,0.0000,2.6400,,2498412889.65,
002901,2026-06-06,11.4400,4.5000,,16763649238.67,
688246,2026-06-06,0.0000,2.4500,,3156213565.43,
688251,2026-06-06,0.0000,2.9600,,2499972125.00,
688260,2026-06-06,0.0000,66.0000,,10660800000.00,
002906,2026-06-06,8.9700,2.0800,,14876204017.19,
002907,2026-06-06,15.3300,2.9200,,5027859320.31,
688262,2026-06-06,0.0000,6.2400,,12018715808.20,
688272,2026-06-06,0.0000,6.6100,,2632640000.00,
688276,2026-06-06,0.0000,1.6000,,6171771648.44,
002911,2026-06-06,17.3200,3.3900,,14331862350.00,
688277,2026-06-06,0.0000,6.5700,,7596826589.84,
002913,2026-06-06,94.5700,3.7300,,16502746406.25,
688280,2026-06-06,0.0000,5.1900,,3346557145.31,
002916,2026-06-06,29.8800,14.0400,,254075127812.50,
002917,2026-06-06,12.1600,2.6700,,4664982815.63,
688282,2026-06-06,0.0000,5.2400,,6600000000.00,
002920,2026-06-06,12.2100,3.7200,,56350733810.94,
688286,2026-06-06,0.0000,3.3800,,3587827187.50,
002922,2026-06-06,23.0900,4.1900,,15855310056.25,
002923,2026-06-06,21.8700,3.2400,,3412562535.94,
002925,2026-06-06,18.6300,3.3600,,17370270596.88,
002927,2026-06-06,44.3300,4.7200,,4749530165.63,
002929,2026-06-06,150.8800,3.0000,,19013682249.02,
002930,2026-06-06,24.6500,2.3200,,4533725900.00,
688287,2026-06-06,0.0000,0.2200,,129680455.08,
688288,2026-06-06,0.0000,2.7900,,2092095176.56,
688290,2026-06-06,0.0000,4.5600,,6110943896.48,
002936,2026-06-06,1.5000,0.3500,,16093001512.50,
002937,2026-06-06,29.0900,6.9300,,10522439554.30,
002938,2026-06-06,53.1600,7.1000,,246006522695.31,
002940,2026-06-06,36.2800,3.8900,,6404870449.22,
688292,2026-06-06,0.0000,3.5300,,3442548532.03,
688296,2026-06-06,0.0000,2.7200,,1551583322.85,
002945,2026-06-06,40.0600,5.1100,,37557000000.00,
002946,2026-06-06,7.7900,3.8000,,14519625471.09,
002947,2026-06-06,14.9200,6.9800,,22579725333.59,
002948,2026-06-06,2.0800,0.7400,,31662731200.00,
002949,2026-06-06,52.3100,1.5900,,2336888528.13,
688298,2026-06-06,0.0000,0.6900,,4084416000.00,
002953,2026-06-06,11.1400,2.2400,,4989533035.16,
688323,2026-06-06,0.0000,7.4700,,5347853385.16,
002957,2026-06-06,36.4200,7.6400,,25282946500.00,
002958,2026-06-06,1.3000,0.4200,,16222419525.00,
002959,2026-06-06,7.0100,1.8200,,5580397495.12,
002960,2026-06-06,14.4000,1.4800,,9315013946.88,
002961,2026-06-06,4.6200,2.2900,,9414665285.16,
002962,2026-06-06,156.2600,3.5600,,6314555707.03,
688326,2026-06-06,0.0000,2.3900,,9466942821.68,
688327,2026-06-06,0.0000,17.3500,,13082889431.25,
002967,2026-06-06,71.6700,2.4700,,12133811200.00,
002969,2026-06-06,27.5500,5.6600,,18443742855.47,
002970,2026-06-06,26.2800,5.3300,,11423347905.47,
002971,2026-06-06,46.1200,4.6000,,8321971500.00,
002972,2026-06-06,8.4000,2.4800,,3131692133.40,
002973,2026-06-06,15.6400,2.1100,,5447513822.66,
002975,2026-06-06,41.7900,11.7000,,27539854637.50,
688332,2026-06-06,0.0000,2.9600,,15635311664.06,
002977,2026-06-06,80.0900,3.6700,,3121918800.00,
002978,2026-06-06,8.2800,1.4400,,12658771800.00,
002979,2026-06-06,24.3200,9.3700,,17540473725.59,
002980,2026-06-06,133.4000,20.9800,,23692195033.01,
688335,2026-06-06,0.0000,3.7800,,4278199928.71,
002982,2026-06-06,15.9000,1.5300,,2489127744.14,
002983,2026-06-06,18.2400,4.0000,,5555778925.78,
002984,2026-06-06,7.2200,1.1200,,15139838498.44,
002985,2026-06-06,14.3900,3.5100,,9676850793.75,
688339,2026-06-06,0.0000,2.6400,,5084848792.19,
002988,2026-06-06,16.6900,2.4700,,6637297573.24,
688343,2026-06-06,0.0000,6.1600,,22928312684.38,
002990,2026-06-06,321.4900,4.9100,,12246823155.47,
688348,2026-06-06,0.0000,1.8100,,6044809922.66,
002993,2026-06-06,38.6800,3.7200,,18044734800.00,
002996,2026-06-06,3.4500,1.3200,,4358034056.25,
002997,2026-06-06,5.8300,2.4100,,6218936078.32,
002998,2026-06-06,8.7900,1.6000,,2813673347.27,
003000,2026-06-06,6.7300,3.2500,,4793004299.61,
003001,2026-06-06,44.8100,2.4800,,2963865632.81,
003002,2026-06-06,27.9600,2.8800,,4470000000.00,
688352,2026-06-06,0.0000,4.0100,,23376597053.13,
688361,2026-06-06,0.0000,13.8100,,70025637360.94,
688369,2026-06-06,0.0000,3.3100,,2531341562.60,
003008,2026-06-06,28.8300,1.8800,,2010320000.00,
003009,2026-06-06,192.6500,4.5300,,9125344089.84,
003010,2026-06-06,10.3700,9.4700,,7499644356.64,
688371,2026-06-06,0.0000,6.5900,,12875427053.91,
003013,2026-06-06,10.1700,2.1200,,7150961250.00,
003016,2026-06-06,16.7500,1.1200,,3023550315.23,
003019,2026-06-06,24.1100,3.8700,,6678183664.45,
003020,2026-06-06,10.3000,1.9700,,3633240012.50,
003021,2026-06-06,68.6500,5.4700,,28112980672.66,
003022,2026-06-06,22.5000,4.2900,,32561147078.13,
003025,2026-06-06,10.8400,3.2400,,4219550403.13,
003027,2026-06-06,26.3300,1.5700,,2730807713.28,
003028,2026-06-06,67.0500,2.1800,,3820370296.88,
003031,2026-06-06,33.2700,9.7300,,64315631674.22,
003032,2026-06-06,181.6400,2.2600,,2648104550.00,
003033,2026-06-06,15.0500,3.4600,,4951597500.00,
003035,2026-06-06,29.7400,3.6200,,25454545200.00,
003036,2026-06-06,86.8400,12.5400,,17811589262.70,
003037,2026-06-06,18.7000,1.4700,,4097670862.50,
688228,2026-06-06,0.0000,4.6900,,5843144267.58,
003039,2026-06-06,11.7300,2.5700,,7644881641.41,
003041,2026-06-06,150.6500,4.8000,,7063200000.00,
003043,2026-06-06,118.2700,5.2200,,9226371482.23,
003816,2026-06-06,7.9800,1.7400,,218659782350.00,
300001,2026-06-06,58.4900,4.8700,,42073734092.19,
300002,2026-06-06,8.9300,1.9600,,15284941251.56,
300003,2026-06-06,9.0800,1.3600,,22416044200.00,
688373,2026-06-06,0.0000,16.5700,,3012088528.13,
688382,2026-06-06,0.0000,6.8000,,10195023142.58,
300007,2026-06-06,56.6700,4.7500,,14021220826.17,
300008,2026-06-06,13.2900,4.5000,,11284029778.13,
300009,2026-06-06,7.9700,2.8200,,13348899242.19,
688387,2026-06-06,0.0000,9.8900,,58050375000.00,
688393,2026-06-06,0.0000,1.6300,,1927494523.44,
300012,2026-06-06,13.5300,3.0600,,24131757553.13,
300013,2026-06-06,41.7100,13.7900,,2479113543.75,
300014,2026-06-06,8.7500,2.7700,,126551077031.25,
300015,2026-06-06,6.7500,3.4600,,79638889312.50,
300016,2026-06-06,10.2700,1.9400,,4618616118.75,
300017,2026-06-06,31.1100,3.5100,,37560056898.44,
300018,2026-06-06,20.6700,4.1600,,6050236086.72,
300019,2026-06-06,14.7300,2.4600,,6777332231.25,
688403,2026-06-06,0.0000,5.2200,,22296109570.31,
300021,2026-06-06,41.4100,1.5400,,4048575300.00,
300022,2026-06-06,94.9300,7.8400,,4008289567.97,
688408,2026-06-06,0.0000,1.7200,,6966295570.31,
688418,2026-06-06,0.0000,10.9800,,8965342612.50,
300026,2026-06-06,14.4500,1.1100,,9493128812.50,
300030,2026-06-06,9.6300,3.2500,,2087014306.64,
300031,2026-06-06,9.6600,2.6100,,10690603729.69,
300033,2026-06-06,62.1700,22.7600,,159108096000.00,
300034,2026-06-06,21.1300,3.6900,,14241703121.88,
300035,2026-06-06,17.1300,2.2000,,11076493250.00,
688426,2026-06-06,0.0000,1.4700,,1965264959.47,
300037,2026-06-06,11.9200,5.2100,,57280158556.25,
300039,2026-06-06,8.2200,1.1400,,5334600000.00,
300040,2026-06-06,19.2700,1.8900,,4947825903.91,
300041,2026-06-06,9.0900,2.5200,,7619500443.75,
300042,2026-06-06,16.7200,12.0600,,13693332000.00,
688429,2026-06-06,0.0000,3.5900,,4624009031.25,
300046,2026-06-06,51.4500,6.1100,,7022617451.56,
300047,2026-06-06,43.1100,2.0200,,6683564325.00,
688433,2026-06-06,0.0000,18.9200,,40311017500.00,
300050,2026-06-06,122.1600,9.4700,,3906550973.44,
688435,2026-06-06,0.0000,2.9300,,3177175000.00,
688439,2026-06-06,0.0000,1.9000,,9534000000.00,
300054,2026-06-06,26.3500,12.1100,,66127757167.97,
300055,2026-06-06,19.8600,1.4600,,7145841664.06,
688443,2026-06-06,0.0000,5.7500,,8253966800.00,
300057,2026-06-06,39.5300,1.5300,,8670857625.00,
300058,2026-06-06,44.1000,6.9800,,55612527162.50,
300059,2026-06-06,7.8400,3.0600,,293027144000.00,
300062,2026-06-06,148.9700,2.7100,,4176484848.05,
300065,2026-06-06,854.7300,8.1700,,14358627343.75,
300066,2026-06-06,42.6000,2.4300,,6385804346.88,
300067,2026-06-06,63.0600,2.5500,,6349060351.56,
688448,2026-06-06,0.0000,5.5600,,5608311736.82,
300069,2026-06-06,174.4800,19.4400,,5303610000.00,
300070,2026-06-06,20.8500,0.4600,,12612248625.00,
688450,2026-06-06,0.0000,3.0100,,2815560000.00,
300073,2026-06-06,10.1100,1.8700,,27976696742.19,
688455,2026-06-06,0.0000,3.6500,,3357253448.44,
300075,2026-06-06,71.9100,2.4200,,7658535308.20,
688458,2026-06-06,0.0000,2.3300,,4238390859.38,
688459,2026-06-06,0.0000,1.1800,,4075200000.00,
688469,2026-06-06,0.0000,4.7400,,61528921662.50,
300079,2026-06-06,69.7100,1.7400,,7172921468.75,
688478,2026-06-06,0.0000,5.3500,,8012781054.59,
688485,2026-06-06,0.0000,6.2700,,7845247599.61,
300082,2026-06-06,303.1700,2.2800,,6263704450.78,
300083,2026-06-06,23.8800,3.2400,,17231328492.19,
688489,2026-06-06,0.0000,2.2600,,4086844109.38,
688496,2026-06-06,0.0000,0.6000,,531000000.00,
688500,2026-06-06,0.0000,4.9900,,3629300902.34,
300087,2026-06-06,59.4100,3.9900,,6763948471.88,
300088,2026-06-06,43.5800,2.4100,,20881052843.75,
688502,2026-06-06,0.0000,20.0900,,23966101737.30,
300092,2026-06-06,14.4100,2.2200,,3684268395.51,
688506,2026-06-06,0.0000,15.5300,,87648976680.08,
300094,2026-06-06,75.6700,34.5200,,3271685070.31,
300095,2026-06-06,21.5100,2.6500,,3636600300.78,
688507,2026-06-06,0.0000,6.1700,,17059879535.64,
300098,2026-06-06,39.4700,3.4500,,9140735128.13,
300099,2026-06-06,38.4100,2.2700,,5441017429.69,
300100,2026-06-06,21.5800,5.4900,,18229094724.22,
688509,2026-06-06,0.0000,3.5100,,3873100000.00,
300102,2026-06-06,76.8500,5.2400,,22778262246.09,
688512,2026-06-06,0.0000,3.8800,,6162335437.50,
300105,2026-06-06,25.3700,1.6500,,3084570196.09,
300107,2026-06-06,52.4700,2.3400,,3449855527.73,
300109,2026-06-06,12.3600,2.1600,,7999948697.27,
688515,2026-06-06,0.0000,11.6700,,17120000000.00,
688520,2026-06-06,0.0000,222.6400,,16649883890.63,
300115,2026-06-06,36.5900,5.3900,,45822430912.50,
688521,2026-06-06,0.0000,37.6300,,118436128375.00,
300119,2026-06-06,6.8200,1.5300,,7347771609.38,
300120,2026-06-06,147.2400,1.8300,,4583663371.88,
300121,2026-06-06,9.8000,1.6400,,5881575506.64,
688528,2026-06-06,0.0000,4.2400,,1888320000.00,
688529,2026-06-06,0.0000,3.0800,,3054076089.06,
300124,2026-06-06,20.0600,5.5900,,203286913012.50,
688538,2026-06-06,0.0000,4.4200,,33556933125.00,
300127,2026-06-06,17.4100,5.9700,,9361551389.06,
688539,2026-06-06,0.0000,3.3700,,5912256000.00,
300129,2026-06-06,81.1300,1.9100,,11044178681.25,
300130,2026-06-06,12.9100,3.0500,,13774022185.94,
300131,2026-06-06,469.1600,11.0800,,19113728906.25,
300132,2026-06-06,15.3400,2.2800,,3362941648.83,
688552,2026-06-06,0.0000,3.8600,,9955561190.63,
300135,2026-06-06,36.4000,3.7100,,3207168000.00,
300136,2026-06-06,98.0900,12.8200,,102881576880.47,
300137,2026-06-06,772.0900,6.1200,,10039452728.13,
300139,2026-06-06,25.7700,9.7100,,11573760000.00,
300140,2026-06-06,5.6400,1.2600,,18098550550.00,
688556,2026-06-06,0.0000,2.3400,,9130205229.69,
688381,2026-06-06,0.0000,3.7800,,9486675000.00,
300142,2026-06-06,17.1000,2.5500,,18920293864.06,
300143,2026-06-06,28.3700,2.8800,,7306717207.81,
300144,2026-06-06,8.1700,2.2100,,17270392343.75,
300145,2026-06-06,10.5400,2.8600,,8525874618.75,
300146,2026-06-06,4.0600,1.4100,,16290849810.94,
300148,2026-06-06,30.2300,2.9500,,3043805343.75,
688561,2026-06-06,0.0000,2.4900,,17602120546.88,
688562,2026-06-06,0.0000,4.0000,,6672000000.00,
300151,2026-06-06,76.2900,8.1900,,12934655565.23,
688567,2026-06-06,0.0000,1.6100,,14677467914.06,
300153,2026-06-06,40.5700,8.8100,,8252800000.00,
300154,2026-06-06,15.5900,2.4200,,4347198738.67,
688568,2026-06-06,0.0000,10.2000,,37090821796.88,
300159,2026-06-06,27.2600,4.9600,,13852672146.88,
300160,2026-06-06,10.3800,1.4500,,3887920030.47,
688573,2026-06-06,0.0000,5.6200,,1942380013.38,
688579,2026-06-06,0.0000,2.5600,,3548088700.00,
688585,2026-06-06,0.0000,53.9400,,70140569273.44,
688588,2026-06-06,0.0000,3.2900,,4044101100.00,
300165,2026-06-06,23.7700,2.8300,,2987935664.06,
688589,2026-06-06,0.0000,3.0600,,2903663351.95,
688592,2026-06-06,0.0000,3.3900,,3220837841.46,
688595,2026-06-06,0.0000,8.8900,,5752212364.06,
300171,2026-06-06,31.5400,1.0900,,8676830885.94,
300172,2026-06-06,11.9200,1.6400,,3207605400.00,
688596,2026-06-06,0.0000,3.3200,,12029994486.33,
300174,2026-06-06,22.6800,2.7000,,9443975428.91,
688597,2026-06-06,0.0000,4.1000,,3263145634.38,
300176,2026-06-06,30.0800,2.2700,,2230737300.00,
688598,2026-06-06,0.0000,1.8400,,7115606055.47,
300179,2026-06-06,53.7400,18.1500,,23071885546.88,
688599,2026-06-06,0.0000,1.6200,,33123906659.38,
300181,2026-06-06,4.7400,2.7600,,9461714213.28,
300182,2026-06-06,14.6800,1.9500,,16568995387.50,
688601,2026-06-06,0.0000,5.8000,,7231437889.45,
300184,2026-06-06,14.2200,4.6400,,19534004062.50,
300185,2026-06-06,26.2900,1.5400,,10857340171.88,
300187,2026-06-06,7.9400,3.0500,,3531552938.28,
688602,2026-06-06,0.0000,1.3600,,3703143750.00,
688607,2026-06-06,0.0000,6.1500,,5164359628.91,
300190,2026-06-06,60.0700,1.2200,,3782875359.38,
300191,2026-06-06,32.7800,8.6500,,9996800000.00,
300194,2026-06-06,8.0800,1.0000,,4437626750.78,
688611,2026-06-06,0.0000,13.6800,,11803329689.94,
300196,2026-06-06,12.1400,2.0400,,9837851850.39,
688618,2026-06-06,0.0000,4.5700,,3769449229.00,
300199,2026-06-06,14.8400,25.5600,,18963191314.84,
300200,2026-06-06,16.5800,2.4700,,4085625965.63,
300201,2026-06-06,43.4600,9.9200,,18687487356.25,
688619,2026-06-06,0.0000,4.8800,,3208077535.16,
688620,2026-06-06,0.0000,3.7400,,4762800000.00,
688622,2026-06-06,0.0000,31.0500,,9187996290.33,
300207,2026-06-06,33.6600,1.5600,,38371796125.00,
688631,2026-06-06,0.0000,4.0700,,7745208600.00,
688638,2026-06-06,0.0000,2.5700,,1966160000.00,
688646,2026-06-06,0.0000,4.3000,,6085728686.52,
300213,2026-06-06,560.5200,2.1400,,4380467171.09,
300214,2026-06-06,170.5100,1.4800,,3542557942.97,
300215,2026-06-06,264.6200,2.7000,,5378496490.63,
300217,2026-06-06,26.8900,1.8100,,7685479750.00,
300218,2026-06-06,52.1200,1.8600,,2920644914.84,
300219,2026-06-06,62.2300,2.4100,,6279458983.59,
688648,2026-06-06,0.0000,2.4600,,5304000000.00,
300221,2026-06-06,18.2200,4.6500,,7002094281.25,
300222,2026-06-06,42.2800,6.5100,,11510780842.97,
300223,2026-06-06,21.0800,5.2900,,67246872387.50,
300224,2026-06-06,24.7900,2.2500,,11661675894.53,
300225,2026-06-06,25.3900,4.1600,,3651299400.00,
300226,2026-06-06,12.7100,3.0100,,6737770528.13,
688651,2026-06-06,0.0000,2.8200,,2571859856.69,
300228,2026-06-06,8.3600,1.8700,,4761481297.27,
688655,2026-06-06,0.0000,11.1800,,7293765200.00,
300230,2026-06-06,9.4700,1.1800,,3879028096.88,
300231,2026-06-06,31.0200,2.4100,,3967571442.58,
688658,2026-06-06,0.0000,1.8800,,6178500000.00,
300233,2026-06-06,8.4100,1.3100,,4859852554.69,
300234,2026-06-06,114.3200,3.9300,,4443000757.81,
300236,2026-06-06,28.2400,6.0900,,29285558121.09,
688660,2026-06-06,0.0000,3.3900,,13146667693.75,
300238,2026-06-06,29.8800,5.2300,,3036032800.78,
300239,2026-06-06,14.9800,1.7200,,2950307319.53,
688661,2026-06-06,0.0000,15.0300,,18253876132.62,
300241,2026-06-06,19.3100,2.4400,,5613059925.00,
300243,2026-06-06,24.6200,4.0300,,4981796789.06,
300244,2026-06-06,16.3300,1.6100,,10512155058.59,
688669,2026-06-06,0.0000,4.9700,,5399331884.77,
688670,2026-06-06,0.0000,1.8100,,1952720000.00,
300247,2026-06-06,14.1300,2.9000,,3352848103.13,
688671,2026-06-06,0.0000,2.0100,,2014009820.07,
300249,2026-06-06,74.5400,21.9600,,6994949564.06,
688680,2026-06-06,0.0000,2.7000,,4259949689.45,
300251,2026-06-06,151.7500,3.5200,,35320404787.50,
300252,2026-06-06,55.3100,5.1400,,11686374853.13,
300253,2026-06-06,117.6700,3.0200,,16509543750.00,
300254,2026-06-06,74.2400,5.6400,,2481207773.44,
300255,2026-06-06,587.5000,28.5000,,34492356984.38,
300257,2026-06-06,35.7600,4.2900,,28487515450.00,
300258,2026-06-06,259.2000,1.6200,,7617314381.25,
300259,2026-06-06,36.8400,2.3300,,7159185084.38,
300260,2026-06-06,49.6100,12.2000,,26217898971.09,
688691,2026-06-06,0.0000,9.4600,,11412000000.00,
300263,2026-06-06,19.0000,2.9200,,12254474925.00,
000702,2026-06-06,0.0000,6.1500,,0.00,
300265,2026-06-06,280.3700,4.7800,,11250487014.84,
000705,2026-06-06,0.0000,1.1800,,0.00,
300267,2026-06-06,54.9100,1.7900,,7198490904.69,
000707,2026-06-06,0.0000,1.0400,,0.00,
300270,2026-06-06,184.8500,6.8100,,3748738231.64,
300272,2026-06-06,67.7500,2.8600,,3619899393.75,
300274,2026-06-06,13.9100,6.5500,,318756253710.94,
300275,2026-06-06,26.1700,3.0400,,2904488070.90,
000710,2026-06-06,0.0000,2.0200,,0.00,
300277,2026-06-06,26.9300,2.2600,,22855232640.63,
300279,2026-06-06,36.7600,3.6200,,3780739074.61,
300281,2026-06-06,66.1900,2.5900,,3234090143.75,
300283,2026-06-06,15.4600,7.4300,,8702088336.72,
300284,2026-06-06,17.9400,0.8800,,7374914425.00,
300285,2026-06-06,45.6800,9.0100,,64987606971.88,
300286,2026-06-06,16.3400,3.5600,,8213195957.03,
000712,2026-06-06,0.0000,3.0100,,0.00,
000713,2026-06-06,0.0000,1.5200,,0.00,
688560,2026-06-06,0.0000,1.1100,,2842382750.78,
000639,2026-06-06,0.0000,1.0400,,0.00,
000656,2026-06-06,0.0000,3.6200,,0.00,
300292,2026-06-06,19.9700,5.6200,,8251854750.00,
000659,2026-06-06,0.0000,51.2500,,0.00,
300294,2026-06-06,27.6800,1.1200,,8365487410.55,
300295,2026-06-06,331.2800,2.0500,,2216584052.54,
300296,2026-06-06,109.6700,2.3100,,18658403050.00,
300298,2026-06-06,8.5800,2.8200,,8381600046.88,
300299,2026-06-06,30.8100,10.0000,,3762135425.78,
000663,2026-06-06,0.0000,2.1600,,0.00,
000665,2026-06-06,0.0000,1.5100,,0.00,
300302,2026-06-06,29.1400,23.0700,,25405773458.20,
300303,2026-06-06,24.6500,3.2800,,12595400617.19,
300304,2026-06-06,18.5800,3.8400,,13066780162.50,
000668,2026-06-06,0.0000,4.0500,,0.00,
300306,2026-06-06,28.1000,1.9400,,2904755132.81,
300307,2026-06-06,6.7500,1.8600,,6124236785.16,
300308,2026-06-06,22.9400,36.8400,,1315582927460.16,
000717,2026-06-06,0.0000,0.7900,,0.00,
000720,2026-06-06,0.0000,3.4500,,0.00,
300313,2026-06-06,49.9600,56.6700,,2078883963.87,
300314,2026-06-06,29.3100,2.3300,,2897280000.00,
300316,2026-06-06,62.4300,3.7200,,64023108857.03,
300317,2026-06-06,174.2100,3.1600,,4483017562.50,
000721,2026-06-06,0.0000,28.7300,,0.00,
300319,2026-06-06,41.9400,4.0100,,19775470387.50,
300320,2026-06-06,8.4800,2.0400,,5296873467.19,
300322,2026-06-06,148.8800,15.2500,,15526289355.47,
300323,2026-06-06,56.5600,4.3200,,28662157925.00,
000723,2026-06-06,0.0000,1.5500,,0.00,
300326,2026-06-06,6.7900,1.5400,,4488499717.19,
300327,2026-06-06,45.7800,5.1800,,9377439265.23,
000727,2026-06-06,0.0000,7.5400,,0.00,
300331,2026-06-06,51.0700,9.9500,,15335655714.84,
300332,2026-06-06,15.5400,1.0700,,4144485379.69,
300334,2026-06-06,120.7100,4.9700,,2721609169.53,
300335,2026-06-06,16.7700,1.4000,,2695119962.89,
300337,2026-06-06,18.6900,5.7800,,10216803540.63,
300339,2026-06-06,42.7400,9.0600,,33019197468.75,
000731,2026-06-06,0.0000,0.8500,,0.00,
300341,2026-06-06,18.1500,3.8900,,7688718404.69,
300342,2026-06-06,208.6500,13.7000,,21464273417.97,
300343,2026-06-06,85.4800,3.5500,,6955119724.22,
000735,2026-06-06,0.0000,1.4400,,0.00,
300346,2026-06-06,31.7400,10.9500,,39416676581.25,
300347,2026-06-06,68.3300,1.6000,,33511132528.13,
000759,2026-06-06,0.0000,5.2200,,0.00,
300349,2026-06-06,16.9000,1.1100,,5023247906.25,
000761,2026-06-06,0.0000,1.6900,,0.00,
000777,2026-06-06,0.0000,2.6900,,0.00,
000782,2026-06-06,0.0000,3.1100,,0.00,
000789,2026-06-06,0.0000,0.5500,,0.00,
300354,2026-06-06,16.8000,5.1700,,4577015262.89,
000793,2026-06-06,0.0000,170.0000,,0.00,
300357,2026-06-06,9.7700,4.2500,,11644507812.50,
300358,2026-06-06,8.6900,1.0600,,5892362843.75,
000797,2026-06-06,0.0000,0.8600,,0.00,
300360,2026-06-06,7.3100,1.6400,,6967235332.03,
300363,2026-06-06,27.0700,1.4100,,7542977562.50,
000798,2026-06-06,0.0000,7.2700,,0.00,
000802,2026-06-06,0.0000,5.7100,,0.00,
000813,2026-06-06,0.0000,1.4100,,0.00,
000816,2026-06-06,0.0000,1.9800,,0.00,
300371,2026-06-06,31.3400,1.9400,,2285828581.25,
300373,2026-06-06,14.5200,5.6400,,55894189471.88,
000820,2026-06-06,0.0000,25.8600,,0.00,
300376,2026-06-06,77.3400,1.7800,,11524790320.31,
000822,2026-06-06,0.0000,1.1500,,0.00,
000826,2026-06-06,0.0000,,,0.00,
300381,2026-06-06,17.9100,1.1800,,2953069523.44,
000829,2026-06-06,0.0000,3.2400,,0.00,
300383,2026-06-06,104.2600,1.9700,,23422634346.88,
300384,2026-06-06,8.8100,1.4100,,3990781381.64,
000838,2026-06-06,0.0000,,,0.00,
300389,2026-06-06,13.0200,3.0400,,5112039328.13,
300390,2026-06-06,6.9000,5.4200,,66875437890.63,
000839,2026-06-06,0.0000,7.2000,,0.00,
300394,2026-06-06,72.3400,59.4100,,356076477031.25,
300395,2026-06-06,43.6100,13.0200,,62682443250.78,
000852,2026-06-06,0.0000,1.7600,,0.00,
300397,2026-06-06,64.9200,4.8100,,6900098502.34,
300399,2026-06-06,202.3000,7.4800,,3780088000.00,
300400,2026-06-06,28.2000,10.2200,,7218117573.24,
300401,2026-06-06,12.2400,1.8700,,6154515526.56,
300402,2026-06-06,26.3600,2.7900,,4242328829.30,
300403,2026-06-06,20.1400,2.9900,,6699330000.00,
300404,2026-06-06,21.3000,3.2800,,3506423825.39,
300405,2026-06-06,146.2900,4.5900,,1788704253.52,
300406,2026-06-06,6.6300,1.8700,,7006387695.31,
300407,2026-06-06,49.5400,2.0700,,4210852200.00,
300408,2026-06-06,32.6700,11.5400,,258401336857.81,
300409,2026-06-06,15.6000,2.0600,,16794885694.53,
300410,2026-06-06,34.4400,15.9900,,4409048804.30,
300411,2026-06-06,120.1600,3.7200,,3585506400.00,
000856,2026-06-06,0.0000,4.7300,,0.00,
300413,2026-06-06,15.6300,1.3200,,31166208215.63,
300414,2026-06-06,49.4800,4.0500,,4049162092.97,
300415,2026-06-06,7.5100,2.9900,,10149055289.06,
300416,2026-06-06,20.9600,3.2500,,9128433234.38,
000859,2026-06-06,0.0000,3.5700,,0.00,
000863,2026-06-06,0.0000,1.2800,,0.00,
000876,2026-06-06,0.0000,1.7500,,0.00,
300420,2026-06-06,166.9700,2.8500,,6776448414.06,
300421,2026-06-06,92.7800,5.0600,,6545119103.91,
300422,2026-06-06,6.0500,4.2200,,2797533246.88,
000877,2026-06-06,0.0000,0.4100,,0.00,
300424,2026-06-06,17.9300,6.9300,,4891537455.86,
300425,2026-06-06,2354.3900,1.2400,,2933566492.19,
300427,2026-06-06,108.8800,3.2200,,3869839578.13,
300428,2026-06-06,6.8000,1.4900,,13512812596.88,
000881,2026-06-06,0.0000,1.4900,,0.00,
300432,2026-06-06,19.2600,7.9700,,39050925537.50,
300434,2026-06-06,3.2700,1.4200,,3792462475.00,
300435,2026-06-06,16.3900,2.0100,,6973691181.25,
000882,2026-06-06,0.0000,0.6200,,0.00,
000886,2026-06-06,0.0000,1.4200,,0.00,
000889,2026-06-06,0.0000,50.8100,,0.00,
000890,2026-06-06,0.0000,218.3000,,0.00,
300438,2026-06-06,11.7700,6.6800,,38077928091.80,
300439,2026-06-06,10.1400,1.1500,,3424280410.55,
000892,2026-06-06,0.0000,6.3600,,0.00,
300441,2026-06-06,20.0200,1.6000,,4034043524.22,
300442,2026-06-06,21.9400,8.9400,,127756638723.44,
300443,2026-06-06,10.8800,1.1700,,7417518899.22,
300444,2026-06-06,3.8600,5.1300,,10862371054.69,
300445,2026-06-06,15.4400,3.9700,,5213032200.00,
300446,2026-06-06,9.9000,2.2500,,13602648157.03,
300447,2026-06-06,44.2700,2.5700,,5162490757.03,
300448,2026-06-06,363.9600,4.0800,,4972400753.91,
000897,2026-06-06,0.0000,1.0400,,0.00,
300450,2026-06-06,19.4000,4.4000,,78654921665.63,
000898,2026-06-06,0.0000,0.4500,,0.00,
300452,2026-06-06,6.2300,2.8600,,2930703857.42,
000903,2026-06-06,0.0000,5.7500,,0.00,
300455,2026-06-06,536.1200,9.7500,,16271799851.56,
000909,2026-06-06,0.0000,3.2400,,0.00,
300457,2026-06-06,25.8800,2.3300,,16019804851.17,
300458,2026-06-06,15.9000,9.6900,,32273338387.50,
000911,2026-06-06,0.0000,,,0.00,
000912,2026-06-06,0.0000,0.9100,,0.00,
300463,2026-06-06,61.1700,0.8700,,5496419408.20,
000917,2026-06-06,0.0000,1.0200,,0.00,
300466,2026-06-06,84.4400,6.3400,,4391345039.06,
300468,2026-06-06,116.2800,7.4600,,12332289659.38,
000925,2026-06-06,0.0000,1.8100,,0.00,
300470,2026-06-06,9.7400,2.1800,,6478006930.66,
000926,2026-06-06,0.0000,0.6900,,0.00,
000929,2026-06-06,0.0000,5.1700,,0.00,
300473,2026-06-06,12.7300,3.1100,,5955126256.84,
000930,2026-06-06,0.0000,0.9000,,0.00,
300475,2026-06-06,6.0800,16.4500,,80714234882.81,
300476,2026-06-06,25.8500,16.9900,,333065757070.31,
000931,2026-06-06,0.0000,1.9400,,0.00,
000948,2026-06-06,0.0000,1.8900,,0.00,
000952,2026-06-06,0.0000,3.5900,,0.00,
300480,2026-06-06,40.3500,7.4500,,12720849126.56,
300481,2026-06-06,22.1700,1.6700,,4074301253.13,
300482,2026-06-06,10.2500,1.6000,,8654960265.23,
300484,2026-06-06,26.5100,4.5300,,3138533179.69,
300485,2026-06-06,92.2400,1.2700,,4301281007.81,
300486,2026-06-06,151.2400,7.9000,,13431741710.94,
300487,2026-06-06,15.0500,6.1500,,27371114400.00,
300488,2026-06-06,15.9200,3.0200,,6606678666.99,
300489,2026-06-06,113.4000,23.9100,,17443430572.75,
300490,2026-06-06,7.0900,2.6400,,5884379578.13,
000955,2026-06-06,0.0000,3.4600,,0.00,
300493,2026-06-06,45.9900,6.6900,,7749318937.50,
300494,2026-06-06,103.6800,3.1900,,4615700202.73,
300496,2026-06-06,28.4900,2.8000,,29166669799.22,
300497,2026-06-06,13.9500,3.8000,,8537585164.06,
000972,2026-06-06,0.0000,443.7500,,0.00,
300499,2026-06-06,74.0500,8.0500,,11211780848.44,
300500,2026-06-06,8.2200,1.8600,,1856312208.01,
000978,2026-06-06,0.0000,2.9000,,0.00,
300502,2026-06-06,26.7900,36.4900,,744931505312.50,
300503,2026-06-06,27.7200,17.1000,,25203705180.47,
300504,2026-06-06,23.1600,2.5300,,5301241359.38,
300505,2026-06-06,13.0100,1.8100,,5354418900.00,
000980,2026-06-06,0.0000,362.8600,,0.00,
000993,2026-06-06,0.0000,2.4300,,0.00,
300509,2026-06-06,11.4500,4.2200,,2892864000.00,
000995,2026-06-06,0.0000,12.9400,,0.00,
300511,2026-06-06,2.1900,2.1300,,3793814193.75,
300512,2026-06-06,14.6400,1.9600,,3200236333.59,
000998,2026-06-06,0.0000,1.8200,,0.00,
001201,2026-06-06,0.0000,0.9600,,0.00,
300515,2026-06-06,9.6600,3.3200,,3199482353.52,
001210,2026-06-06,0.0000,,,0.00,
300517,2026-06-06,63.6100,2.1300,,2224591974.61,
001217,2026-06-06,0.0000,1.4800,,0.00,
001229,2026-06-06,0.0000,3.8600,,0.00,
300522,2026-06-06,175.1300,4.7300,,3743661960.35,
001255,2026-06-06,0.0000,2.9200,,0.00,
001269,2026-06-06,0.0000,7.7600,,0.00,
001286,2026-06-06,0.0000,,,0.00,
300529,2026-06-06,6.2400,3.8400,,13751983481.25,
001306,2026-06-06,0.0000,3.1300,,0.00,
300531,2026-06-06,11.7600,3.5300,,5079469841.80,
300532,2026-06-06,8.5000,2.3900,,4398630962.50,
001317,2026-06-06,0.0000,4.3600,,0.00,
300534,2026-06-06,9.5000,3.1900,,2341823400.00,
001322,2026-06-06,0.0000,1.3200,,0.00,
300537,2026-06-06,74.6700,6.1700,,5598307215.23,
300538,2026-06-06,38.7500,3.5300,,3212682365.63,
300539,2026-06-06,63.7300,5.3400,,6370072706.25,
300540,2026-06-06,49.7300,5.3400,,6110863283.59,
001388,2026-06-06,0.0000,3.4000,,0.00,
002021,2026-06-06,0.0000,5.2000,,0.00,
300545,2026-06-06,24.6500,3.0800,,6698865993.75,
002022,2026-06-06,0.0000,1.0700,,0.00,
300547,2026-06-06,18.7400,5.3500,,7400839250.78,
300548,2026-06-06,49.6100,30.5400,,64529359453.13,
002030,2026-06-06,0.0000,1.2100,,0.00,
300553,2026-06-06,113.1600,8.8000,,7472951425.29,
002031,2026-06-06,0.0000,7.5600,,0.00,
002036,2026-06-06,0.0000,9.9600,,0.00,
300556,2026-06-06,19.1500,5.5900,,2246526794.53,
300557,2026-06-06,53.7400,4.6300,,4693419427.34,
300558,2026-06-06,8.7200,3.0300,,20565467609.38,
300560,2026-06-06,51.7300,4.7100,,4181333406.25,
002037,2026-06-06,0.0000,3.3800,,0.00,
300563,2026-06-06,42.3700,4.9600,,5717264857.62,
002038,2026-06-06,0.0000,1.1300,,0.00,
002044,2026-06-06,0.0000,2.6400,,0.00,
300566,2026-06-06,12.4100,3.1700,,7066340268.75,
300567,2026-06-06,123.9400,12.6700,,52936334840.82,
300568,2026-06-06,71.2500,2.1400,,20858514687.50,
300569,2026-06-06,15.5700,1.0100,,5277267046.88,
300570,2026-06-06,58.1400,21.6200,,38243626501.17,
300571,2026-06-06,128.9600,5.1000,,6295516931.25,
002045,2026-06-06,0.0000,1.2100,,0.00,
300573,2026-06-06,6.4000,6.0400,,13203077921.88,
300575,2026-06-06,408.6500,1.4100,,2749416277.34,
300576,2026-06-06,57.0000,8.7900,,15303175369.92,
002046,2026-06-06,0.0000,6.7500,,0.00,
002047,2026-06-06,0.0000,176.3000,,0.00,
300580,2026-06-06,16.1300,3.5100,,11779469953.13,
002066,2026-06-06,0.0000,9.1400,,0.00,
002068,2026-06-06,0.0000,3.3900,,0.00,
002076,2026-06-06,0.0000,9.2700,,0.00,
002084,2026-06-06,0.0000,1.6400,,0.00,
002086,2026-06-06,0.0000,2.9700,,0.00,
002092,2026-06-06,0.0000,0.5500,,0.00,
002093,2026-06-06,0.0000,1.9000,,0.00,
002100,2026-06-06,0.0000,1.2700,,0.00,
300582,2026-06-06,52.5900,5.0300,,4418340257.81,
300583,2026-06-06,66.0900,1.3500,,2390246578.13,
300584,2026-06-06,22.2500,3.6100,,3864000000.00,
300586,2026-06-06,601.1300,4.6400,,8555935246.88,
300587,2026-06-06,33.9000,2.7400,,6140811557.03,
000913,2026-06-06,0.0000,1.1100,,0.00,
300589,2026-06-06,157.5100,7.2600,,5041867904.30,
300590,2026-06-06,12.8900,3.5300,,6693184293.75,
300591,2026-06-06,107.5700,17.7400,,3030383204.30,
300592,2026-06-06,6.4400,1.9200,,4609720921.88,
002101,2026-06-06,0.0000,0.7400,,0.00,
002104,2026-06-06,0.0000,3.9300,,0.00,
300595,2026-06-06,7.0700,2.0400,,10340588671.88,
300596,2026-06-06,7.1400,1.9000,,9425888973.63,
002109,2026-06-06,0.0000,0.9200,,0.00,
002121,2026-06-06,0.0000,32.4300,,0.00,
300599,2026-06-06,14.3400,2.3700,,4627060292.19,
002123,2026-06-06,0.0000,4.2400,,0.00,
300601,2026-06-06,39.9300,1.4500,,13313802806.25,
300602,2026-06-06,30.6800,5.7200,,23734208022.27,
002124,2026-06-06,0.0000,3.1900,,0.00,
300604,2026-06-06,37.2000,25.7500,,131153355885.94,
002129,2026-06-06,0.0000,1.9000,,0.00,
300606,2026-06-06,50.7700,7.0700,,4854624397.95,
300607,2026-06-06,32.3300,5.3300,,15544529955.86,
002146,2026-06-06,0.0000,1.0900,,0.00,
300610,2026-06-06,8.9000,1.9600,,2302113857.23,
300611,2026-06-06,32.6600,4.3900,,5656802148.44,
300613,2026-06-06,16.3900,4.7800,,13942769821.68,
002157,2026-06-06,0.0000,2.6900,,0.00,
002161,2026-06-06,0.0000,2.9300,,0.00,
002162,2026-06-06,0.0000,4.2600,,0.00,
300617,2026-06-06,21.3500,3.4500,,10444556035.55,
300618,2026-06-06,17.2800,2.0200,,11186259590.63,
002163,2026-06-06,0.0000,14.0100,,0.00,
300620,2026-06-06,178.4100,36.2000,,79812516652.34,
002168,2026-06-06,0.0000,260.7100,,0.00,
300622,2026-06-06,13.0000,5.4800,,5186871720.70,
300623,2026-06-06,27.6200,4.5100,,27683299000.78,
002175,2026-06-06,0.0000,4.1300,,0.00,
300626,2026-06-06,106.5300,13.6300,,7254000000.00,
300627,2026-06-06,18.7900,5.3900,,23567428035.16,
300628,2026-06-06,7.6100,5.0000,,49915376734.38,
300629,2026-06-06,51.7400,3.1300,,5546400169.53,
300631,2026-06-06,19.1400,2.2300,,3029510736.82,
300632,2026-06-06,997.2600,4.8600,,8416908571.09,
300634,2026-06-06,42.5100,3.5300,,10761379927.73,
300635,2026-06-06,130.0500,6.3100,,1939193954.10,
300638,2026-06-06,211.4600,3.2700,,20440314759.38,
002176,2026-06-06,0.0000,6.3800,,0.00,
300640,2026-06-06,157.2500,2.5100,,2037006759.77,
300641,2026-06-06,11.6000,2.3800,,7793829453.52,
002178,2026-06-06,0.0000,8.9300,,0.00,
300643,2026-06-06,10.3500,3.1100,,4090876073.44,
300644,2026-06-06,10.7800,2.5700,,2782248710.16,
002189,2026-06-06,0.0000,12.9200,,0.00,
300647,2026-06-06,34.6300,7.0400,,3018318703.13,
002190,2026-06-06,0.0000,2.1500,,0.00,
002193,2026-06-06,0.0000,4.6600,,0.00,
300650,2026-06-06,42.9500,2.3000,,3297560817.97,
300651,2026-06-06,598.8100,3.0000,,3280301267.48,
300652,2026-06-06,21.4300,3.7100,,5738463427.15,
300653,2026-06-06,18.4900,3.0200,,2727000000.00,
300655,2026-06-06,243.7900,6.3400,,16313516425.00,
002194,2026-06-06,0.0000,3.3500,,0.00,
300657,2026-06-06,54.7500,14.6100,,20760332776.56,
300658,2026-06-06,13.1000,3.0500,,4116291936.33,
002199,2026-06-06,0.0000,17.7800,,0.00,
300660,2026-06-06,29.9300,5.4900,,19670430600.00,
300661,2026-06-06,54.0600,12.2300,,66871490831.25,
300662,2026-06-06,4.3800,1.7100,,4022722943.75,
002205,2026-06-06,0.0000,9.0100,,0.00,
300664,2026-06-06,5.3500,0.8900,,3894720089.84,
002207,2026-06-06,0.0000,196.6700,,0.00,
300666,2026-06-06,25.4500,10.3000,,53379872261.72,
002208,2026-06-06,0.0000,2.1900,,0.00,
002212,2026-06-06,0.0000,0.8000,,0.00,
300669,2026-06-06,252.7700,6.0000,,5280130914.06,
002214,2026-06-06,0.0000,7.0500,,0.00,
300671,2026-06-06,46.4700,6.0100,,9535116723.24,
300672,2026-06-06,118.1500,16.8300,,64913647500.00,
300673,2026-06-06,43.2800,1.9900,,3491959285.94,
300674,2026-06-06,25.2100,2.4800,,11497251320.31,
002218,2026-06-06,0.0000,1.6300,,0.00,
002224,2026-06-06,0.0000,1.0500,,0.00,
300677,2026-06-06,303.7200,1.6700,,30465670176.56,
300678,2026-06-06,151.7100,8.1800,,7042138692.19,
300679,2026-06-06,28.8300,5.0200,,25119606600.00,
300680,2026-06-06,13.8400,3.9000,,8045144406.25,
300681,2026-06-06,17.5100,3.2200,,9937615362.70,
002227,2026-06-06,0.0000,2.2100,,0.00,
002229,2026-06-06,0.0000,6.5300,,0.00,
300684,2026-06-06,26.2200,7.6100,,16982171595.70,
300685,2026-06-06,9.1200,3.7900,,7763093386.72,
002230,2026-06-06,0.0000,5.6400,,0.00,
300687,2026-06-06,33.7800,3.9800,,10663626916.80,
002235,2026-06-06,0.0000,8.4200,,0.00,
002238,2026-06-06,0.0000,2.6100,,0.00,
300690,2026-06-06,19.1300,2.5100,,4065929604.69,
002243,2026-06-06,0.0000,1.5400,,0.00,
300692,2026-06-06,24.7400,1.4000,,4430735618.75,
300693,2026-06-06,17.5300,6.6300,,14929743571.29,
300694,2026-06-06,15.2900,1.5000,,2272726989.84,
002253,2026-06-06,0.0000,2.9800,,0.00,
300696,2026-06-06,603.1400,4.6400,,8895147388.09,
300697,2026-06-06,11.4900,5.4700,,7173171200.00,
300698,2026-06-06,77.1500,8.7400,,4676600000.00,
300699,2026-06-06,20.0700,4.2000,,24366928035.94,
300700,2026-06-06,332.0800,10.6100,,8182763342.58,
300701,2026-06-06,37.1300,3.0300,,3008301439.06,
300702,2026-06-06,15.8200,1.8100,,6674200957.81,
002268,2026-06-06,0.0000,2.1200,,0.00,
300705,2026-06-06,9.9600,2.1300,,5648286448.44,
300706,2026-06-06,45.0600,11.4500,,7898093481.25,
002272,2026-06-06,0.0000,6.3100,,0.00,
002278,2026-06-06,0.0000,2.4500,,0.00,
002279,2026-06-06,0.0000,4.3400,,0.00,
300712,2026-06-06,166.4600,3.2600,,4178524792.97,
002285,2026-06-06,0.0000,2.3100,,0.00,
002302,2026-06-06,0.0000,0.8200,,0.00,
002306,2026-06-06,0.0000,27.3800,,0.00,
002307,2026-06-06,0.0000,1.5200,,0.00,
002310,2026-06-06,0.0000,6.8200,,0.00,
002314,2026-06-06,0.0000,1.0000,,0.00,
002321,2026-06-06,0.0000,4.3700,,0.00,
300715,2026-06-06,66.5200,5.4900,,9640412460.94,
300717,2026-06-06,15.0600,2.5200,,1868449500.00,
300718,2026-06-06,37.4400,12.6800,,22856593798.83,
002110,2026-06-06,0.0000,0.3800,,0.00,
300720,2026-06-06,216.2500,25.9900,,15303714737.11,
300721,2026-06-06,116.8200,4.5100,,5034418194.14,
300722,2026-06-06,184.5400,9.6700,,6525918362.11,
300723,2026-06-06,2.8600,8.7700,,16974615893.75,
300724,2026-06-06,9.6000,1.9100,,25951236337.89,
300725,2026-06-06,15.9000,1.4100,,7771754807.81,
300726,2026-06-06,32.8900,5.9400,,30892103749.61,
300729,2026-06-06,460.8500,1.0100,,3716753775.00,
002323,2026-06-06,0.0000,16.6700,,0.00,
002331,2026-06-06,0.0000,2.6200,,0.00,
300733,2026-06-06,45.8700,2.8900,,5024951200.39,
300735,2026-06-06,102.6900,3.3400,,17501167589.06,
300737,2026-06-06,15.5300,2.4600,,9867648579.69,
300738,2026-06-06,21.7700,5.2600,,20186552704.69,
300739,2026-06-06,75.1900,3.9700,,11001990053.91,
300740,2026-06-06,26.0500,4.0800,,9040857380.86,
300741,2026-06-06,19.6400,1.2800,,8763972400.00,
300743,2026-06-06,6.6500,3.8700,,2623394550.78,
300745,2026-06-06,141.8100,3.4300,,7590549670.90,
300746,2026-06-06,30.4700,2.9600,,2437973648.44,
300747,2026-06-06,62.1900,7.5600,,26018928000.00,
300748,2026-06-06,22.2100,5.6200,,42808341350.00,
002334,2026-06-06,0.0000,2.4700,,0.00,
300750,2026-06-06,8.9900,5.1500,,1864530756562.50,
300751,2026-06-06,54.2400,7.9700,,64010751400.78,
300752,2026-06-06,31.8600,3.9500,,4965732789.84,
002339,2026-06-06,0.0000,2.3900,,0.00,
300755,2026-06-06,11.7200,2.2200,,6218632104.69,
002343,2026-06-06,0.0000,2.5200,,0.00,
300758,2026-06-06,29.8100,2.6400,,4713555069.92,
300759,2026-06-06,12.6400,2.5800,,42386132507.81,
300760,2026-06-06,7.5100,4.3600,,175064414648.44,
300761,2026-06-06,9.7900,1.6000,,15162952625.78,
002347,2026-06-06,0.0000,3.1900,,0.00,
300763,2026-06-06,63.3600,4.2900,,38751266490.23,
002348,2026-06-06,0.0000,31.8300,,0.00,
002350,2026-06-06,0.0000,4.4000,,0.00,
300768,2026-06-06,21.6100,2.8100,,9940719518.75,
300769,2026-06-06,6.6700,3.3900,,17674259532.81,
300771,2026-06-06,18.0900,1.4300,,2848800000.00,
300772,2026-06-06,22.0900,1.5700,,10559496595.31,
002355,2026-06-06,0.0000,4.2600,,0.00,
300775,2026-06-06,122.1800,2.2300,,13119322334.38,
300776,2026-06-06,28.4900,11.8500,,46625013173.44,
300777,2026-06-06,72.5000,3.0100,,13833197950.00,
002356,2026-06-06,0.0000,6.9800,,0.00,
300779,2026-06-06,796.8900,7.2000,,16981763778.32,
002360,2026-06-06,0.0000,2.5800,,0.00,
002361,2026-06-06,0.0000,7.3000,,0.00,
300783,2026-06-06,2.6600,2.2600,,7278557681.25,
300784,2026-06-06,32.0200,3.0600,,2497511711.91,
300786,2026-06-06,67.5800,2.9200,,3264442038.28,
002362,2026-06-06,0.0000,4.3800,,0.00,
300789,2026-06-06,20.9600,2.8200,,2993499803.52,
300791,2026-06-06,10.4700,1.8700,,5226150467.77,
300792,2026-06-06,24.5500,2.5900,,7705376451.56,
002368,2026-06-06,0.0000,2.4800,,0.00,
002369,2026-06-06,0.0000,19.2100,,0.00,
300797,2026-06-06,22.7000,3.9700,,5354367561.72,
300800,2026-06-06,17.2000,1.2500,,2566467602.34,
300801,2026-06-06,6.4900,2.1600,,5585255100.00,
300802,2026-06-06,21.2700,4.5500,,6917306624.02,
300803,2026-06-06,46.0500,17.8700,,51210324942.97,
002370,2026-06-06,0.0000,3.7700,,0.00,
300806,2026-06-06,247.3100,16.1300,,37660206189.06,
002374,2026-06-06,0.0000,6.9600,,0.00,
002385,2026-06-06,0.0000,1.8800,,0.00,
300809,2026-06-06,74.9200,5.2400,,9581246338.48,
002405,2026-06-06,0.0000,2.1200,,0.00,
300811,2026-06-06,42.6400,12.0600,,37743446953.13,
300812,2026-06-06,61.0300,6.9500,,5451796644.53,
300813,2026-06-06,52.0800,3.1300,,2520943343.75,
300814,2026-06-06,159.8200,18.4400,,30205755109.18,
300815,2026-06-06,4.7800,1.6700,,7852262246.09,
300816,2026-06-06,35.0400,7.2800,,6959200000.00,
300817,2026-06-06,25.3300,4.0000,,4213155320.31,
002408,2026-06-06,0.0000,1.3300,,0.00,
300819,2026-06-06,91.7400,10.8200,,9537183600.00,
300820,2026-06-06,40.4100,5.6900,,14684256226.17,
300821,2026-06-06,10.3600,3.9200,,20100000000.00,
300822,2026-06-06,19.7700,3.4800,,4361506679.69,
300823,2026-06-06,15.2300,2.2600,,2195269973.44,
300824,2026-06-06,8.2500,3.4500,,2702109269.53,
300825,2026-06-06,46.2700,3.4300,,6923378304.30,
300826,2026-06-06,46.3100,2.1500,,3232215179.88,
300827,2026-06-06,17.0300,3.8700,,16656212718.75,
300828,2026-06-06,51.1100,4.1600,,3283505905.86,
002413,2026-06-06,0.0000,4.2500,,0.00,
300831,2026-06-06,42.9500,6.8800,,6694400000.00,
300832,2026-06-06,7.9100,3.6800,,34948773475.00,
300833,2026-06-06,10.4400,1.7500,,4342418797.95,
300834,2026-06-06,45.0300,3.2800,,9427977869.14,
300835,2026-06-06,91.2100,19.7800,,25161222500.00,
300836,2026-06-06,91.4300,10.0700,,6451844316.89,
300837,2026-06-06,23.4900,1.9900,,2810157239.26,
300838,2026-06-06,171.9900,2.3500,,2233863788.38,
300839,2026-06-06,9.6700,5.6100,,4518842256.25,
300840,2026-06-06,43.3900,4.1900,,5383200000.00,
300841,2026-06-06,21.8300,1.6800,,5972359721.48,
300842,2026-06-06,82.1700,7.4300,,11917293566.70,
300843,2026-06-06,40.4600,8.9600,,14589612400.00,
002421,2026-06-06,0.0000,4.0700,,0.00,
002426,2026-06-06,0.0000,7.9300,,0.00,
002431,2026-06-06,0.0000,9.8800,,0.00,
300847,2026-06-06,17.2500,2.9100,,4422389400.00,
300848,2026-06-06,22.4900,3.9200,,6118792925.78,
300850,2026-06-06,8.4100,1.7600,,12579926034.38,
300851,2026-06-06,68.4900,1.6900,,2267223031.25,
300852,2026-06-06,27.6400,3.6200,,8146450959.47,
002456,2026-06-06,0.0000,8.8000,,0.00,
300854,2026-06-06,17.2800,4.5200,,4139845630.37,
300855,2026-06-06,13.9800,6.3500,,13361053542.19,
300856,2026-06-06,13.5400,2.0200,,5522728246.88,
300857,2026-06-06,14.9000,21.3200,,111804766394.92,
300858,2026-06-06,27.4600,2.2100,,4105253621.48,
002457,2026-06-06,0.0000,1.6000,,0.00,
002459,2026-06-06,0.0000,1.3400,,0.00,
002467,2026-06-06,0.0000,4.8400,,0.00,
002469,2026-06-06,0.0000,1.5400,,0.00,
300861,2026-06-06,6.3800,1.8800,,12395456648.44,
002471,2026-06-06,0.0000,6.0300,,0.00,
300863,2026-06-06,17.6900,11.9600,,17801761634.77,
300864,2026-06-06,7.7100,2.5300,,3549832606.25,
300865,2026-06-06,23.5700,2.8700,,2502988800.00,
300866,2026-06-06,12.7600,5.3900,,60164850017.19,
300867,2026-06-06,5.2900,1.4700,,5937542898.44,
002474,2026-06-06,0.0000,3.3800,,0.00,
002480,2026-06-06,0.0000,5.7600,,0.00,
002482,2026-06-06,0.0000,12.4400,,0.00,
300871,2026-06-06,5.3000,1.8300,,4116401648.44,
300872,2026-06-06,123.5700,2.5100,,9318231679.69,
300873,2026-06-06,419.1600,1.6000,,5156144378.13,
002485,2026-06-06,0.0000,2.4600,,0.00,
002501,2026-06-06,0.0000,37.7800,,0.00,
300877,2026-06-06,115.6200,2.0200,,3403200000.00,
300878,2026-06-06,239.1300,4.5700,,4168512815.72,
300879,2026-06-06,16.2900,3.0900,,3815217541.99,
300880,2026-06-06,33.5100,3.9000,,4183743812.50,
300881,2026-06-06,12.5900,4.4600,,5524200000.00,
300882,2026-06-06,20.6100,3.5600,,4596391133.98,
002506,2026-06-06,0.0000,21.3700,,0.00,
300885,2026-06-06,28.0700,7.3900,,6762136464.84,
002513,2026-06-06,0.0000,52.4300,,0.00,
300888,2026-06-06,6.5600,1.4000,,16485756770.70,
002524,2026-06-06,0.0000,21.1700,,0.00,
300890,2026-06-06,17.5700,1.9300,,4118894640.04,
002527,2026-06-06,0.0000,8.2200,,0.00,
300893,2026-06-06,13.0700,4.6500,,9833696799.61,
002528,2026-06-06,0.0000,,,0.00,
002529,2026-06-06,0.0000,25.1000,,0.00,
300896,2026-06-06,10.0300,3.8000,,29920307775.00,
300897,2026-06-06,57.9200,4.0000,,3913006904.30,
002542,2026-06-06,0.0000,,,0.00,
300900,2026-06-06,111.0800,6.0400,,11702895149.22,
002544,2026-06-06,0.0000,3.8000,,0.00,
002547,2026-06-06,0.0000,,,0.00,
002548,2026-06-06,0.0000,3.1600,,0.00,
300905,2026-06-06,31.4500,5.5800,,11059590139.06,
300906,2026-06-06,15.6600,2.5200,,2358400000.00,
300909,2026-06-06,75.7600,4.0000,,7967136739.84,
002554,2026-06-06,0.0000,2.1600,,0.00,
300912,2026-06-06,30.8300,7.0300,,3118165952.34,
300913,2026-06-06,43.0700,7.8900,,20909646718.75,
300916,2026-06-06,337.3900,2.9500,,4039907029.10,
300917,2026-06-06,14.6200,3.9100,,4797910000.00,
300918,2026-06-06,22.1100,1.7600,,6807507869.14,
300919,2026-06-06,9.1200,2.1300,,50632690970.31,
300921,2026-06-06,39.4800,5.6500,,4695873194.53,
300922,2026-06-06,1613.1500,3.8900,,3929624189.26,
300923,2026-06-06,108.7100,1.5900,,1820376000.00,
300925,2026-06-06,34.4100,3.4400,,7733908668.75,
300926,2026-06-06,6.7000,2.4000,,8669027200.00,
002567,2026-06-06,0.0000,1.1900,,0.00,
002569,2026-06-06,0.0000,57.5400,,0.00,
300930,2026-06-06,21.7900,4.2100,,3986000000.00,
002571,2026-06-06,0.0000,6.2400,,0.00,
300932,2026-06-06,28.3100,2.4000,,4275308889.84,
300933,2026-06-06,23.3100,1.8100,,3851517175.00,
002575,2026-06-06,0.0000,4.2600,,0.00,
002581,2026-06-06,0.0000,1.5500,,0.00,
300938,2026-06-06,28.9600,6.7700,,12981974528.13,
300939,2026-06-06,51.5700,5.1600,,7462800000.00,
300941,2026-06-06,1426.8500,2.5100,,3243240000.00,
002583,2026-06-06,0.0000,7.8100,,0.00,
300943,2026-06-06,82.3900,7.6600,,7828726200.00,
300945,2026-06-06,5.6700,1.8700,,3239204995.31,
300946,2026-06-06,52.7800,6.3500,,7581979212.89,
300948,2026-06-06,4512.8900,5.1600,,5022851276.95,
002586,2026-06-06,0.0000,1.4200,,0.00,
300950,2026-06-06,51.5200,3.3500,,2790175110.94,
002596,2026-06-06,0.0000,8.1400,,0.00,
300952,2026-06-06,83.9100,3.2400,,5494472998.83,
300953,2026-06-06,12.5200,7.4500,,35270597587.50,
002599,2026-06-06,0.0000,2.6900,,0.00,
002611,2026-06-06,0.0000,3.9300,,0.00,
300957,2026-06-06,22.1100,2.3300,,14584548000.00,
002614,2026-06-06,0.0000,0.7400,,0.00,
002620,2026-06-06,0.0000,,,0.00,
002623,2026-06-06,0.0000,1.3400,,0.00,
300962,2026-06-06,14.8700,3.3400,,3513865216.21,
300963,2026-06-06,34.6700,5.9400,,6664039200.00,
300964,2026-06-06,72.7600,8.5100,,8688450477.93,
002629,2026-06-06,0.0000,35.0000,,0.00,
300966,2026-06-06,95.4000,4.1600,,3051490810.06,
002630,2026-06-06,0.0000,,,0.00,
002631,2026-06-06,0.0000,2.9400,,0.00,
300971,2026-06-06,20.7200,2.3400,,2529576000.00,
300972,2026-06-06,5.8000,17.5500,,36506714843.75,
300973,2026-06-06,6.9300,1.7600,,4433337051.17,
300975,2026-06-06,11.9900,11.5900,,30777852000.00,
300976,2026-06-06,17.3900,3.4100,,12513516317.58,
002634,2026-06-06,0.0000,,,0.00,
300979,2026-06-06,10.2900,2.4100,,39502950000.00,
300980,2026-06-06,22.1200,2.6900,,3831309169.92,
300981,2026-06-06,101.1700,0.9500,,4987699950.00,
002641,2026-06-06,0.0000,0.9500,,0.00,
002652,2026-06-06,0.0000,10.9600,,0.00,
300985,2026-06-06,42.6400,5.4300,,4797101500.00,
300986,2026-06-06,20.3000,3.5100,,7815146483.59,
300988,2026-06-06,11.3000,2.6400,,3447106215.82,
002654,2026-06-06,0.0000,8.1600,,0.00,
300990,2026-06-06,23.3500,6.4900,,13959289525.39,
002656,2026-06-06,0.0000,5.8900,,0.00,
002663,2026-06-06,0.0000,1.6400,,0.00,
300995,2026-06-06,40.4100,4.3500,,2775164903.71,
300996,2026-06-06,77.5500,3.4500,,4563448341.02,
300997,2026-06-06,20.6800,7.1200,,7686409669.53,
300998,2026-06-06,145.2200,2.7900,,3593833019.53,
300999,2026-06-06,9.4100,1.4200,,139389111037.50,
301000,2026-06-06,29.3300,5.9600,,7858457762.70,
301004,2026-06-06,9.0300,3.0900,,5546467892.58,
301005,2026-06-06,137.6000,25.0400,,19578475087.50,
301006,2026-06-06,62.2500,1.5800,,2085021600.00,
301007,2026-06-06,59.8200,8.0600,,5302497200.00,
301008,2026-06-06,230.0800,2.1900,,3304201614.84,
301009,2026-06-06,134.5100,1.8800,,2528298000.00,
301010,2026-06-06,96.1700,2.5300,,2098440000.00,
002671,2026-06-06,0.0000,1.4700,,0.00,
301012,2026-06-06,29.3300,5.0600,,6026981976.56,
301013,2026-06-06,407.6900,19.6400,,13143369329.30,
002672,2026-06-06,0.0000,1.8200,,0.00,
002678,2026-06-06,0.0000,2.7900,,0.00,
002679,2026-06-06,0.0000,2.9000,,0.00,
002681,2026-06-06,0.0000,4.3600,,0.00,
002682,2026-06-06,0.0000,5.4500,,0.00,
301015,2026-06-06,8.9400,4.4500,,11080156060.94,
301016,2026-06-06,181.4700,4.5900,,4730107200.00,
301017,2026-06-06,55.0200,2.7900,,5698779886.72,
301018,2026-06-06,128.8800,13.2200,,36481197244.92,
301019,2026-06-06,11.7200,3.0100,,3429589053.52,
301020,2026-06-06,11.9100,3.5400,,3572160000.00,
301021,2026-06-06,125.7900,13.8600,,14493595441.21,
002514,2026-06-06,0.0000,,,0.00,
301026,2026-06-06,7.9000,2.9900,,5069832625.00,
002689,2026-06-06,0.0000,2.5600,,0.00,
301028,2026-06-06,12.0800,4.1100,,7039630771.88,
301029,2026-06-06,14.2400,4.0900,,18391878164.06,
301031,2026-06-06,14.7500,10.2700,,16797525685.84,
301032,2026-06-06,13.2700,2.1100,,2686226058.59,
002691,2026-06-06,0.0000,2.1600,,0.00,
002692,2026-06-06,0.0000,2.8300,,0.00,
301039,2026-06-06,9.4100,1.0000,,14768100075.00,
002694,2026-06-06,0.0000,,,0.00,
002696,2026-06-06,0.0000,1.4800,,0.00,
301043,2026-06-06,16.0300,3.5100,,3036200000.00,
002713,2026-06-06,0.0000,12.6400,,0.00,
301047,2026-06-06,23.1400,1.3900,,7439300524.22,
301048,2026-06-06,10.7200,1.7600,,5056000617.19,
002714,2026-06-06,0.0000,2.3500,,0.00,
301053,2026-06-06,32.9300,6.2100,,5558965510.25,
301055,2026-06-06,18.5100,7.7000,,5397600000.00,
301056,2026-06-06,34.4900,4.3700,,3473562823.83,
301057,2026-06-06,21.8400,4.5400,,3565227442.97,
301058,2026-06-06,12.0200,1.9100,,4467031868.75,
301059,2026-06-06,14.3600,4.9700,,3256959915.04,
301060,2026-06-06,9.5900,2.2300,,3540570210.94,
301061,2026-06-06,7.0700,2.7000,,11774060542.97,
002717,2026-06-06,0.0000,,,0.00,
301063,2026-06-06,31.4600,1.3100,,2064254707.81,
301066,2026-06-06,22.4200,2.5900,,3342955790.82,
002719,2026-06-06,0.0000,11.7400,,0.00,
301069,2026-06-06,20.7400,3.7200,,8564992734.38,
002724,2026-06-06,0.0000,1.5300,,0.00,
301071,2026-06-06,53.4100,3.5700,,19213301532.03,
002725,2026-06-06,0.0000,3.6300,,0.00,
301076,2026-06-06,42.6500,5.5700,,6713515729.49,
301077,2026-06-06,13.7800,3.7700,,4522398117.19,
301079,2026-06-06,127.8300,8.2200,,3941166897.07,
301080,2026-06-06,13.7700,2.3600,,6369470191.41,
301081,2026-06-06,143.7800,3.8300,,4250744716.21,
002726,2026-06-06,0.0000,3.4500,,0.00,
301083,2026-06-06,59.2200,3.1700,,2653771152.34,
301085,2026-06-06,24.1400,6.0000,,5727196406.25,
301086,2026-06-06,48.4800,9.4600,,18822990993.16,
301087,2026-06-06,10.3100,2.0600,,11032902324.61,
301090,2026-06-06,49.4500,1.5700,,10336679071.88,
002742,2026-06-06,0.0000,17.6900,,0.00,
301092,2026-06-06,35.8100,3.2000,,6332576699.71,
301093,2026-06-06,3313.1200,9.1600,,20196796992.19,
002743,2026-06-06,0.0000,0.8700,,0.00,
301096,2026-06-06,50.0700,2.5600,,6414978104.88,
002766,2026-06-06,0.0000,3.6100,,0.00,
301099,2026-06-06,17.1100,8.1600,,11709797534.38,
002771,2026-06-06,0.0000,5.7700,,0.00,
301103,2026-06-06,8.0300,1.3700,,2624820229.88,
301106,2026-06-06,41.3500,2.5800,,3342423522.27,
301107,2026-06-06,32.0800,3.7700,,3627236258.11,
301109,2026-06-06,5.0100,1.4300,,11007958078.13,
301110,2026-06-06,12.6700,3.4600,,5336143985.45,
002774,2026-06-06,0.0000,3.3100,,0.00,
301112,2026-06-06,201.9900,3.1900,,3557200566.41,
002775,2026-06-06,0.0000,,,0.00,
002789,2026-06-06,0.0000,14.0300,,0.00,
002791,2026-06-06,0.0000,1.0100,,0.00,
301118,2026-06-06,13.2800,2.3400,,3186879786.33,
301119,2026-06-06,13.9000,3.3200,,3545360000.00,
002792,2026-06-06,0.0000,7.8900,,0.00,
002796,2026-06-06,0.0000,13.1800,,0.00,
301123,2026-06-06,270.9900,9.1700,,25716544000.00,
301126,2026-06-06,34.6400,1.3800,,2066356223.44,
301127,2026-06-06,20.3300,2.6900,,9093267534.38,
301128,2026-06-06,143.8800,22.5200,,21140502843.16,
301130,2026-06-06,22.9400,2.3900,,2107429044.19,
301131,2026-06-06,21.9500,1.8300,,2032348119.14,
301132,2026-06-06,32.5300,3.2100,,5895315556.35,
002806,2026-06-06,0.0000,3.7700,,0.00,
301136,2026-06-06,67.5200,2.5100,,3638207517.97,
301137,2026-06-06,103.5900,5.0600,,7034360385.55,
301139,2026-06-06,83.5300,0.3400,,657752132.23,
301141,2026-06-06,98.6100,4.7500,,6090000544.92,
301148,2026-06-06,352.4700,3.8400,,6768481487.30,
301149,2026-06-06,10.5600,2.3300,,4927800000.00,
301150,2026-06-06,18.9800,3.6600,,13445911049.80,
002809,2026-06-06,0.0000,1.2000,,0.00,
301152,2026-06-06,35.5400,2.4800,,3004122000.00,
301155,2026-06-06,82.9900,1.9200,,11115227594.73,
301156,2026-06-06,17.6700,3.1800,,2377431068.55,
301157,2026-06-06,43.0100,3.7800,,4204800000.00,
301158,2026-06-06,50.1400,2.1400,,2995433400.00,
002813,2026-06-06,0.0000,12.9700,,0.00,
301160,2026-06-06,15.3100,3.9200,,7302489095.70,
301162,2026-06-06,34.3100,4.8000,,7756362480.47,
301163,2026-06-06,62.5300,1.8400,,2112624000.00,
301165,2026-06-06,57.7600,13.8300,,71005452281.25,
002816,2026-06-06,0.0000,10.5200,,0.00,
301168,2026-06-06,195.6200,2.4000,,5097600000.00,
002819,2026-06-06,0.0000,1.7600,,0.00,
301170,2026-06-06,10.7500,1.4100,,2541000000.00,
002822,2026-06-06,0.0000,5.3100,,0.00,
301172,2026-06-06,240.3700,3.6000,,5362403200.00,
301175,2026-06-06,9.5800,2.1700,,8242528000.00,
301176,2026-06-06,74.7900,4.7200,,7023030685.55,
301177,2026-06-06,25.4300,1.5200,,9558554873.44,
301179,2026-06-06,34.3300,3.4400,,8743292683.59,
002828,2026-06-06,0.0000,2.8600,,0.00,
301181,2026-06-06,17.8600,3.0900,,4593216937.89,
002829,2026-06-06,0.0000,3.0700,,0.00,
301186,2026-06-06,31.7200,3.0800,,5061005275.88,
301187,2026-06-06,39.7800,3.0200,,4423096157.23,
301189,2026-06-06,72.8500,5.7300,,11922341718.75,
301191,2026-06-06,49.1400,5.5300,,9422191225.39,
002840,2026-06-06,0.0000,1.7900,,0.00,
301195,2026-06-06,13.7200,1.4800,,3646447307.42,
301196,2026-06-06,26.3400,5.6200,,18797055175.78,
002845,2026-06-06,0.0000,2.1100,,0.00,
002853,2026-06-06,0.0000,4.9400,,0.00,
002855,2026-06-06,0.0000,13.7800,,0.00,
002869,2026-06-06,0.0000,1.6400,,0.00,
002870,2026-06-06,0.0000,3.1800,,0.00,
301199,2026-06-06,19.7700,1.9300,,3755921041.41,
301200,2026-06-06,41.9800,11.9700,,135552933140.63,
301201,2026-06-06,77.7300,2.5900,,5442831442.77,
301203,2026-06-06,18.8400,2.5100,,3504000000.00,
301205,2026-06-06,1438.6900,26.9200,,43819739879.30,
301207,2026-06-06,27.5700,1.7900,,10301611350.00,
301210,2026-06-06,17.2900,2.3400,,4404629680.66,
301211,2026-06-06,44.4000,1.7900,,4092480000.00,
301212,2026-06-06,48.1700,2.1700,,2934360000.00,
301213,2026-06-06,75.1800,6.5300,,5251680000.00,
301215,2026-06-06,15.9100,2.5000,,7427079000.00,
301216,2026-06-06,3.7700,2.1900,,14354090982.03,
301217,2026-06-06,86.7300,16.7700,,92236261053.13,
002660,2026-06-06,0.0000,2.7400,,0.00,
301219,2026-06-06,4.0800,2.1900,,21660594335.16,
301222,2026-06-06,18.4700,3.2400,,4761675232.03,
301223,2026-06-06,7.6700,1.0800,,3277375332.23,
301225,2026-06-06,36.9300,6.1300,,9821100000.00,
301226,2026-06-06,402.0800,4.2700,,3877632000.00,
002872,2026-06-06,0.0000,0.8600,,0.00,
002888,2026-06-06,0.0000,7.7700,,0.00,
301230,2026-06-06,19.4800,4.5000,,4631483439.84,
301232,2026-06-06,303.0200,9.6600,,13665888052.44,
301233,2026-06-06,14.8100,2.8200,,2832908800.00,
002892,2026-06-06,0.0000,6.3700,,0.00,
002900,2026-06-06,0.0000,1.7900,,0.00,
301238,2026-06-06,13.3700,2.2900,,16881332134.38,
301246,2026-06-06,7.9800,2.5000,,11520195750.00,
002902,2026-06-06,0.0000,13.2000,,0.00,
301251,2026-06-06,132.1000,5.7800,,8983193798.44,
301256,2026-06-06,32.3500,3.2200,,5620800000.00,
301257,2026-06-06,27.3100,2.5600,,3283439479.88,
002903,2026-06-06,0.0000,9.6400,,0.00,
301259,2026-06-06,54.8500,5.9800,,5293080000.00,
301260,2026-06-06,5.7400,1.8000,,7786857230.86,
301261,2026-06-06,12.5700,4.8200,,7787950206.64,
301263,2026-06-06,35.0700,5.9100,,10023018956.64,
301265,2026-06-06,24.8700,3.7800,,8043938542.97,
301266,2026-06-06,11.5900,2.0400,,3700180110.55,
301267,2026-06-06,8.1600,2.5700,,14011200000.00,
301268,2026-06-06,126.3100,4.6600,,6954894397.27,
002905,2026-06-06,0.0000,45.4900,,0.00,
002908,2026-06-06,0.0000,2.9200,,0.00,
301275,2026-06-06,10.0400,4.3700,,18146304000.00,
301277,2026-06-06,10.2500,2.3300,,3701220081.25,
301278,2026-06-06,55.2300,2.1900,,3116459244.73,
301280,2026-06-06,14.2100,4.0500,,8013948864.26,
301281,2026-06-06,15.6600,3.3800,,4710615000.00,
301282,2026-06-06,74.0800,3.8200,,6602231265.63,
002909,2026-06-06,0.0000,2.6600,,0.00,
301286,2026-06-06,40.7000,12.2500,,24818203000.00,
301287,2026-06-06,28.1700,2.0700,,2440788700.00,
002910,2026-06-06,0.0000,1.8800,,0.00,
301289,2026-06-06,15.9200,3.8800,,4017000000.00,
301291,2026-06-06,63.6900,3.0800,,15671834732.62,
301292,2026-06-06,7.2300,5.0900,,14555249665.04,
301301,2026-06-06,17.2600,2.3300,,19111828450.00,
002912,2026-06-06,0.0000,2.1600,,0.00,
301303,2026-06-06,12.8100,1.9700,,6900544000.00,
301305,2026-06-06,7.9600,1.9000,,7428196583.98,
002915,2026-06-06,0.0000,4.5700,,0.00,
002918,2026-06-06,0.0000,1.5600,,0.00,
301308,2026-06-06,5.7000,17.8900,,219995958735.16,
301309,2026-06-06,9.8100,1.9100,,3194983368.55,
301310,2026-06-06,17.2200,2.6900,,6364657090.43,
301312,2026-06-06,101.8800,11.8800,,14678368096.88,
002921,2026-06-06,0.0000,2.9000,,0.00,
301314,2026-06-06,280.5500,2.7200,,2867475000.00,
301316,2026-06-06,216.7100,14.9800,,16608440000.00,
002932,2026-06-06,0.0000,0.6600,,0.00,
301318,2026-06-06,75.3500,1.5600,,2952221921.29,
301319,2026-06-06,73.2000,17.7800,,21779119494.73,
301320,2026-06-06,140.2300,2.7500,,2897599200.00,
002933,2026-06-06,0.0000,2.2300,,0.00,
301323,2026-06-06,21.5700,3.9100,,8789203485.55,
002935,2026-06-06,0.0000,5.0100,,0.00,
002941,2026-06-06,0.0000,1.8300,,0.00,
301327,2026-06-06,65.7100,1.5300,,9308474252.73,
301328,2026-06-06,49.5000,4.6100,,9194247070.31,
301329,2026-06-06,17.6600,3.1700,,5039622000.00,
301330,2026-06-06,49.3600,1.8000,,6241521883.59,
301331,2026-06-06,19.6700,2.2600,,2460145431.74,
301332,2026-06-06,17.7000,1.3000,,3854046875.00,
301333,2026-06-06,19.6700,2.2500,,4490064582.52,
002943,2026-06-06,0.0000,17.4900,,0.00,
301338,2026-06-06,42.2500,16.1700,,27454392000.00,
301339,2026-06-06,12.5500,2.3600,,6621602739.06,
301349,2026-06-06,26.0600,2.9500,,8159463886.33,
301353,2026-06-06,17.0900,1.9100,,2511124197.95,
002951,2026-06-06,0.0000,5.9500,,0.00,
301358,2026-06-06,4.5000,2.8900,,60990365750.00,
002955,2026-06-06,0.0000,2.0100,,0.00,
301361,2026-06-06,19.9300,3.3200,,4132254581.25,
301363,2026-06-06,26.1700,3.9200,,14836161181.25,
002963,2026-06-06,0.0000,2.0500,,0.00,
301366,2026-06-06,87.4500,4.6900,,10143647025.98,
301369,2026-06-06,548.4700,12.3400,,18726420212.50,
301372,2026-06-06,42.2400,3.2700,,2423999038.33,
301373,2026-06-06,37.5800,8.4600,,14385569850.20,
301376,2026-06-06,9.3800,2.0500,,7055281296.09,
301377,2026-06-06,62.5100,55.9400,,162882477527.34,
301380,2026-06-06,27.9800,4.1900,,3166484725.20,
301381,2026-06-06,16.5100,2.5100,,7024207316.41,
301382,2026-06-06,31.1000,5.9000,,11278103357.81,
002965,2026-06-06,0.0000,2.3700,,0.00,
301386,2026-06-06,20.7000,2.0500,,3122000000.00,
002976,2026-06-06,0.0000,3.2900,,0.00,
301388,2026-06-06,56.9600,2.8700,,2822431315.43,
002981,2026-06-06,0.0000,3.6200,,0.00,
301392,2026-06-06,61.1800,22.2100,,16820000000.00,
301393,2026-06-06,17.4300,2.4400,,5829840000.00,
301396,2026-06-06,116.7800,28.5400,,35333605781.25,
301397,2026-06-06,22.7600,2.3700,,4802200477.05,
002986,2026-06-06,0.0000,1.1700,,0.00,
301408,2026-06-06,8.2000,2.9900,,6508162700.00,
301413,2026-06-06,373.4100,9.0900,,11545014438.48,
301418,2026-06-06,40.9900,2.1500,,3479665122.07,
301419,2026-06-06,57.0700,7.2600,,7062000000.00,
301421,2026-06-06,171.2800,9.1900,,11086941392.87,
301428,2026-06-06,21.2900,2.9100,,3509574491.21,
002989,2026-06-06,0.0000,4.2100,,0.00,
002992,2026-06-06,0.0000,10.3100,,0.00,
301429,2026-06-06,14.5600,1.7000,,2311201000.00,
301439,2026-06-06,14.2100,2.5800,,7840401207.03,
301446,2026-06-06,20.5900,3.9700,,4811040000.00,
301449,2026-06-06,107.0100,3.5200,,4051305033.59,
301456,2026-06-06,22.9500,1.8100,,4066867798.44,
301458,2026-06-06,45.8400,9.9600,,16938668734.38,
301468,2026-06-06,113.0600,3.8400,,8858281169.14,
301469,2026-06-06,11.3800,2.0200,,2848148400.00,
301479,2026-06-06,33.1000,6.4600,,8444591964.84,
600010,2026-06-06,0.0000,2.1200,,109447004700.00,
301487,2026-06-06,54.2300,5.5800,,10773408562.50,
301489,2026-06-06,64.8800,15.7300,,17208162493.46,
301491,2026-06-06,18.9700,2.5400,,5530230000.00,
301498,2026-06-06,13.5900,3.5400,,16779814117.19,
301499,2026-06-06,36.2900,3.6200,,4726935111.13,
301500,2026-06-06,3.5600,2.7800,,14430927159.38,
301502,2026-06-06,50.6600,5.5700,,4662580359.77,
301503,2026-06-06,54.9700,2.2800,,2504000000.00,
301505,2026-06-06,94.1100,2.2900,,2228512000.00,
301507,2026-06-06,7.1700,2.7400,,4499715226.56,
301508,2026-06-06,18.4200,2.7700,,5749346516.80,
301509,2026-06-06,19.8600,1.4900,,3305057426.56,
301510,2026-06-06,63.4600,9.6500,,14000350000.00,
301511,2026-06-06,51.1600,18.1200,,75323478066.41,
301513,2026-06-06,23.3100,5.0700,,6861000000.00,
002798,2026-06-06,0.0000,1.9800,,0.00,
301518,2026-06-06,35.6000,2.7000,,4492098220.31,
002856,2026-06-06,0.0000,,,0.00,
003005,2026-06-06,0.0000,1.9400,,0.00,
301522,2026-06-06,42.5000,5.2800,,10237490767.19,
301526,2026-06-06,30.3600,9.6100,,82016599218.75,
003007,2026-06-06,0.0000,4.7200,,0.00,
301529,2026-06-06,44.7000,9.7600,,13737160664.06,
301531,2026-06-06,59.3700,12.1700,,17622610722.66,
301533,2026-06-06,33.2200,2.3900,,2690654357.62,
301536,2026-06-06,15.0000,10.2500,,33041385552.73,
301538,2026-06-06,19.9500,4.8400,,7126560000.00,
301548,2026-06-06,17.6200,4.3500,,6888660000.00,
301550,2026-06-06,99.7300,20.9500,,39128496707.81,
301552,2026-06-06,12.8100,2.6700,,3232611200.00,
301555,2026-06-06,26.3000,3.1600,,3566107924.80,
301556,2026-06-06,94.1200,5.8200,,5764075200.00,
003012,2026-06-06,0.0000,0.7500,,0.00,
301558,2026-06-06,37.7100,3.8800,,5372077544.53,
301559,2026-06-06,36.7800,1.8200,,8370000000.00,
301563,2026-06-06,35.7500,14.5800,,18454742368.36,
301565,2026-06-06,32.4600,4.2300,,10320258000.00,
301566,2026-06-06,27.6400,9.7900,,14912372800.00,
301568,2026-06-06,34.1200,8.4400,,9019621103.52,
301571,2026-06-06,41.6900,5.0300,,10388759519.53,
301575,2026-06-06,12.5100,2.5600,,3639273300.00,
003029,2026-06-06,0.0000,3.4700,,0.00,
003038,2026-06-06,0.0000,1.0800,,0.00,
301581,2026-06-06,48.0000,3.8600,,3924800000.00,
301584,2026-06-06,14.3900,4.3200,,9377882357.81,
301586,2026-06-06,80.9900,2.3400,,3036903228.52,
301587,2026-06-06,24.4400,1.8500,,3683199951.17,
301589,2026-06-06,14.6000,3.6300,,13912499226.07,
003040,2026-06-06,0.0000,4.0900,,0.00,
301591,2026-06-06,31.0100,5.6700,,5216281013.67,
300004,2026-06-06,0.0000,3.6500,,0.00,
301596,2026-06-06,30.7300,6.9600,,6231097801.51,
301598,2026-06-06,18.2600,3.2100,,3227566677.73,
301599,2026-06-06,34.8500,10.5400,,22205820000.00,
301600,2026-06-06,25.3100,8.1700,,10379183162.11,
300006,2026-06-06,0.0000,3.0700,,0.00,
301602,2026-06-06,73.7800,4.9100,,6724774867.19,
301603,2026-06-06,15.8100,6.6900,,16743374000.00,
301608,2026-06-06,12.9900,3.2200,,7160135273.44,
301609,2026-06-06,52.2600,5.8500,,7586950400.00,
301611,2026-06-06,102.6300,25.7300,,47092360000.00,
301613,2026-06-06,10.3400,3.5300,,5969413901.37,
301617,2026-06-06,17.8000,5.1000,,9086183191.41,
301618,2026-06-06,82.5300,5.4500,,5168285912.11,
300010,2026-06-06,0.0000,3.2800,,0.00,
301628,2026-06-06,38.5000,7.2900,,8710427538.28,
300011,2026-06-06,0.0000,2.5100,,0.00,
301630,2026-06-06,21.2300,5.4600,,9560400000.00,
301631,2026-06-06,14.7800,3.9200,,10443200671.88,
301632,2026-06-06,207.2100,2.6100,,7236902400.00,
301636,2026-06-06,1141.8100,2.9700,,3191360030.08,
301638,2026-06-06,104.7100,7.2000,,80826710943.75,
301656,2026-06-06,87.9000,4.4200,,42660991231.25,
300020,2026-06-06,0.0000,2.1700,,0.00,
301662,2026-06-06,14.5200,7.1300,,11043200000.00,
301666,2026-06-06,95.1700,131.3000,,352026639843.75,
301667,2026-06-06,129.0100,7.2500,,9350095575.29,
301668,2026-06-06,50.2200,3.9800,,4031500000.00,
301678,2026-06-06,128.7000,6.6300,,12732375240.23,
301680,2026-06-06,21.9300,5.6600,,10766484000.00,
301682,2026-06-06,15.2800,4.2600,,21295455632.81,
301683,2026-06-06,14.5300,3.7400,,8896256772.71,
301687,2026-06-06,29.6900,5.1000,,7823445488.09,
301696,2026-06-06,40.2600,24.0200,,52449311200.00,
302132,2026-06-06,80.8400,7.2700,,155809640787.50,
600000,2026-06-06,1.7400,0.4100,,311076522250.00,
600004,2026-06-06,12.4300,0.9800,,20849908257.81,
600006,2026-06-06,5.8100,1.4900,,11940000000.00,
600007,2026-06-06,7.0200,2.1300,,21434971600.00,
600008,2026-06-06,5.3600,1.0900,,23049454562.50,
600009,2026-06-06,10.1800,1.3600,,58823718581.25,
600011,2026-06-06,2.9400,1.8800,,131707006562.50,
600012,2026-06-06,5.0600,2.0300,,27132438975.00,
600015,2026-06-06,2.1800,0.3400,,108698963362.50,
600016,2026-06-06,1.3600,0.2700,,156303239400.00,
600017,2026-06-06,9.0300,0.6100,,8611830500.00,
600018,2026-06-06,2.9300,0.8100,,117330998400.00,
600019,2026-06-06,5.6200,0.6000,,125029167900.00,
600020,2026-06-06,2.4600,0.7600,,9011961218.75,
600021,2026-06-06,9.6500,2.6300,,54731959000.00,
300024,2026-06-06,0.0000,6.0300,,0.00,
600023,2026-06-06,8.4800,1.0400,,80318307675.00,
600025,2026-06-06,11.7500,2.5600,,181280542187.50,
600026,2026-06-06,4.4200,1.9900,,96133230793.75,
600027,2026-06-06,3.3800,1.2100,,60381223500.00,
600028,2026-06-06,3.4800,0.7100,,591325743900.00,
300025,2026-06-06,0.0000,5.8800,,0.00,
300027,2026-06-06,0.0000,,,0.00,
300036,2026-06-06,0.0000,2.3300,,0.00,
300044,2026-06-06,0.0000,,,0.00,
600029,2026-06-06,6.3900,2.5500,,94591456875.00,
600030,2026-06-06,3.7200,1.3100,,380443422237.50,
600031,2026-06-06,6.9100,1.8900,,171486831593.75,
600032,2026-06-06,87.1300,1.9300,,24744108965.63,
600033,2026-06-06,3.8000,0.7700,,9715176000.00,
600035,2026-06-06,2.5800,0.6800,,6166744040.63,
600036,2026-06-06,2.5700,0.8600,,972981620100.00,
600037,2026-06-06,14.0900,0.7500,,9519760237.50,
600038,2026-06-06,58.3900,1.2500,,22104320756.25,
600039,2026-06-06,4.8800,1.3800,,73042961250.00,
600048,2026-06-06,7.0100,0.3300,,64161578500.00,
600050,2026-06-06,6.3500,0.7900,,135687604500.00,
600051,2026-06-06,37.7700,0.6000,,2036264000.00,
300045,2026-06-06,0.0000,8.3300,,0.00,
300048,2026-06-06,0.0000,3.6000,,0.00,
600054,2026-06-06,22.9200,1.6500,,7935649300.00,
300051,2026-06-06,0.0000,41.1300,,0.00,
600056,2026-06-06,7.8100,1.1800,,14225815828.13,
600057,2026-06-06,3.2600,1.0800,,16977313437.50,
600058,2026-06-06,61.3500,2.1400,,10429691141.41,
600059,2026-06-06,11.8000,1.2400,,7319685647.66,
600060,2026-06-06,5.6200,1.5200,,33211544160.16,
600061,2026-06-06,5.2900,0.7400,,40473929006.25,
600062,2026-06-06,3.6100,1.4500,,17520886775.00,
600063,2026-06-06,12.4900,2.0100,,17008054659.38,
600064,2026-06-06,2.0200,0.6400,,12666086512.50,
600066,2026-06-06,10.2700,4.1700,,67680121917.19,
300053,2026-06-06,0.0000,8.1200,,0.00,
300056,2026-06-06,0.0000,53.2800,,0.00,
300068,2026-06-06,0.0000,3.6500,,0.00,
600073,2026-06-06,9.6600,1.0200,,4791797904.69,
300072,2026-06-06,0.0000,1.7200,,0.00,
300074,2026-06-06,0.0000,2.6500,,0.00,
600078,2026-06-06,34.2000,5.5400,,9434771695.31,
600079,2026-06-06,4.8300,1.4600,,28433375831.25,
600080,2026-06-06,51.5800,1.2600,,2015659687.50,
600081,2026-06-06,14.6800,1.2700,,5856547573.83,
300076,2026-06-06,0.0000,2.3600,,0.00,
600084,2026-06-06,97.9500,4.1800,,5326465017.19,
600085,2026-06-06,7.2900,2.4400,,34327901921.88,
600088,2026-06-06,836.7800,4.5100,,5663339225.00,
600089,2026-06-06,7.1600,1.8100,,129907295175.00,
600094,2026-06-06,205.0300,0.9300,,9578794000.00,
600095,2026-06-06,92.8900,1.8200,,22387440571.88,
600096,2026-06-06,3.8100,2.0800,,54270435557.81,
300077,2026-06-06,0.0000,9.1600,,0.00,
600098,2026-06-06,5.0500,0.9700,,27030219150.00,
600099,2026-06-06,50.1200,3.7900,,2086022400.00,
300078,2026-06-06,0.0000,7.3800,,0.00,
600101,2026-06-06,7.4800,1.7300,,5451231875.00,
600103,2026-06-06,56.9000,2.1700,,8627182867.19,
600104,2026-06-06,4.4700,0.4500,,135299416175.00,
600105,2026-06-06,51.0100,24.4100,,81023754240.63,
600106,2026-06-06,26.2800,1.3100,,6977381250.00,
600107,2026-06-06,61.4700,5.6700,,2296800000.00,
600108,2026-06-06,31.2800,1.5200,,6580573228.13,
600109,2026-06-06,4.2300,0.8100,,29272383500.00,
600110,2026-06-06,48.8700,3.4700,,19590192784.38,
600111,2026-06-06,19.5600,7.0200,,179524174456.25,
600113,2026-06-06,70.9500,6.0200,,15406640085.16,
600114,2026-06-06,20.2600,7.1600,,25501580196.09,
600115,2026-06-06,5.3600,6.2100,,87467440500.00,
600116,2026-06-06,39.9900,1.1400,,12926086468.75,
300080,2026-06-06,0.0000,1.7800,,0.00,
300081,2026-06-06,0.0000,3.2700,,0.00,
300084,2026-06-06,0.0000,4.8000,,0.00,
600120,2026-06-06,10.5300,0.9800,,16086447159.38,
300085,2026-06-06,0.0000,50.2200,,0.00,
300086,2026-06-06,0.0000,3.2900,,0.00,
600125,2026-06-06,3.3800,0.9300,,7310922500.00,
600126,2026-06-06,254.4900,1.2600,,24450848812.50,
600127,2026-06-06,2218.7400,5.7800,,3882788378.91,
600128,2026-06-06,17.3000,1.0500,,2270322196.48,
600129,2026-06-06,11.5600,2.1300,,7587514475.00,
600130,2026-06-06,140.2100,3.9400,,3585000000.00,
600131,2026-06-06,452.2400,2.9900,,19365418062.50,
600132,2026-06-06,5.6000,13.4000,,24493782985.55,
300091,2026-06-06,0.0000,6.5200,,0.00,
300093,2026-06-06,0.0000,6.2800,,0.00,
300096,2026-06-06,0.0000,11.1000,,0.00,
600137,2026-06-06,24.4800,3.4000,,1917131025.78,
300101,2026-06-06,0.0000,5.4700,,0.00,
600141,2026-06-06,13.7100,1.4100,,35186940337.50,
600143,2026-06-06,14.8000,2.2600,,45152010609.38,
600148,2026-06-06,50.7700,4.9100,,2363323821.29,
600149,2026-06-06,26.3600,7.9900,,2041459200.00,
600150,2026-06-06,5.6000,1.8100,,270546083937.50,
300103,2026-06-06,0.0000,5.9800,,0.00,
300111,2026-06-06,0.0000,6.1800,,0.00,
600153,2026-06-06,3.9300,0.6400,,27574610540.63,
600155,2026-06-06,39.2800,0.6100,,12196619175.00,
300112,2026-06-06,0.0000,2.2200,,0.00,
600157,2026-06-06,63.5100,0.8400,,39271977000.00,
300118,2026-06-06,0.0000,1.9200,,0.00,
300122,2026-06-06,0.0000,1.9300,,0.00,
600160,2026-06-06,9.0400,4.9100,,106019022965.63,
600161,2026-06-06,20.3800,2.1600,,25646507139.06,
300123,2026-06-06,0.0000,14.8900,,0.00,
600163,2026-06-06,6.3400,1.7000,,12445594453.13,
300125,2026-06-06,0.0000,6.1300,,0.00,
600166,2026-06-06,4.7700,1.4900,,23910549887.50,
600167,2026-06-06,2.7200,1.2100,,14482179000.00,
600168,2026-06-06,11.0400,0.8400,,4559694883.59,
600169,2026-06-06,29.8000,1.4700,,7664866156.25,
600170,2026-06-06,2227.0800,0.7100,,22125990600.00,
600171,2026-06-06,86.9300,4.2900,,19488301001.56,
300128,2026-06-06,0.0000,22.8600,,0.00,
600173,2026-06-06,40.7200,1.3600,,4854508853.91,
600176,2026-06-06,11.6800,4.5800,,147955938900.00,
600177,2026-06-06,3.6800,0.8000,,33889828943.75,
300134,2026-06-06,0.0000,2.2400,,0.00,
600179,2026-06-06,7.6500,1.6000,,19422708356.25,
300141,2026-06-06,0.0000,4.5900,,0.00,
600182,2026-06-06,9.8800,4.0600,,4685200000.00,
600183,2026-06-06,28.8100,18.6100,,333663815887.50,
600184,2026-06-06,1382.0000,4.5400,,15500551500.00,
600185,2026-06-06,25.0700,112.8300,,9783180004.69,
600186,2026-06-06,12.6600,9.6200,,18160706284.38,
600187,2026-06-06,14.8400,0.8700,,2598187560.94,
600188,2026-06-06,6.3600,3.2900,,251423139468.75,
600189,2026-06-06,54.8400,4.4500,,5507023156.25,
300147,2026-06-06,0.0000,,,0.00,
300149,2026-06-06,0.0000,3.1500,,0.00,
300150,2026-06-06,0.0000,1.6000,,0.00,
600191,2026-06-06,25.6800,3.0700,,5266361435.16,
300152,2026-06-06,0.0000,6.3500,,0.00,
600193,2026-06-06,37.1400,14.0000,,923059426.95,
600195,2026-06-06,27.7900,1.1800,,6719155690.63,
600196,2026-06-06,6.7500,1.2000,,58802854837.50,
600197,2026-06-06,5.0800,1.3400,,5323215234.38,
300155,2026-06-06,0.0000,2.2200,,0.00,
300157,2026-06-06,0.0000,,,0.00,
600201,2026-06-06,15.5600,2.3000,,12551632803.13,
300158,2026-06-06,0.0000,1.5400,,0.00,
600203,2026-06-06,16.4900,4.6400,,7655476189.45,
600206,2026-06-06,28.0200,5.6900,,24736291443.75,
300161,2026-06-06,0.0000,4.1000,,0.00,
600208,2026-06-06,7.7100,0.5800,,24250480781.25,
600210,2026-06-06,4.5400,1.4400,,9919454053.13,
600211,2026-06-06,4.0600,3.1100,,12125648274.61,
300162,2026-06-06,0.0000,5.3400,,0.00,
300163,2026-06-06,0.0000,5.5300,,0.00,
600216,2026-06-06,4.0800,1.0400,,11703131227.34,
300164,2026-06-06,0.0000,4.0600,,0.00,
600218,2026-06-06,11.6700,1.1100,,3637259021.48,
600219,2026-06-06,5.1000,1.1000,,56155299112.50,
600221,2026-06-06,3.7300,9.2500,,64391296150.00,
600222,2026-06-06,191.9500,3.1100,,4992810714.84,
600223,2026-06-06,18.4200,1.3800,,5875767826.56,
600226,2026-06-06,28.7400,5.5700,,20642205875.00,
300166,2026-06-06,0.0000,3.3100,,0.00,
300167,2026-06-06,0.0000,32.2700,,0.00,
600229,2026-06-06,13.6000,1.3200,,3640500046.88,
600230,2026-06-06,10.6000,1.5100,,6130762641.41,
300169,2026-06-06,0.0000,28.6100,,0.00,
600232,2026-06-06,23.1500,2.8000,,2691623221.88,
600233,2026-06-06,4.2900,1.6300,,59148403200.00,
300173,2026-06-06,0.0000,3.5300,,0.00,
300175,2026-06-06,0.0000,5.2300,,0.00,
600236,2026-06-06,9.8800,4.4400,,84893205675.00,
600237,2026-06-06,30.9800,3.8000,,7610011942.58,
600238,2026-06-06,249.3200,29.4800,,2299266000.00,
300177,2026-06-06,0.0000,4.2500,,0.00,
300180,2026-06-06,0.0000,1.8200,,0.00,
300183,2026-06-06,0.0000,1.7600,,0.00,
300188,2026-06-06,0.0000,3.6700,,0.00,
600248,2026-06-06,6.5800,0.4200,,11742768881.25,
300189,2026-06-06,0.0000,7.5300,,0.00,
600250,2026-06-06,62.0300,4.5800,,2862041367.19,
600251,2026-06-06,2.6400,1.9000,,7692236578.13,
300195,2026-06-06,0.0000,0.9300,,0.00,
600255,2026-06-06,49.2700,5.5000,,8109600170.31,
600256,2026-06-06,18.2300,1.7600,,43082101062.50,
300197,2026-06-06,0.0000,,,0.00,
600258,2026-06-06,8.6200,1.1900,,14582836812.50,
600259,2026-06-06,18.4900,8.6300,,31598059581.25,
600261,2026-06-06,63.0500,1.2900,,4565881153.13,
600262,2026-06-06,4.9900,2.0100,,3753600000.00,
300198,2026-06-06,0.0000,5.1900,,0.00,
600266,2026-06-06,5.8300,0.5200,,9569177246.88,
600267,2026-06-06,3.2900,1.3100,,11687921425.78,
600268,2026-06-06,30.3600,3.3800,,12769495720.31,
600269,2026-06-06,3.6800,0.5100,,10112312445.31,
300203,2026-06-06,0.0000,2.2300,,0.00,
600272,2026-06-06,16.1800,3.6700,,2920690153.13,
600273,2026-06-06,9.1700,0.9600,,9480764521.88,
600276,2026-06-06,13.6900,4.9100,,312479376000.00,
600278,2026-06-06,15.5300,0.7400,,5533135060.16,
600279,2026-06-06,744.1800,1.0300,,6919430692.97,
300204,2026-06-06,0.0000,14.6400,,0.00,
600281,2026-06-06,2851.4500,45.8700,,2572009960.94,
600282,2026-06-06,5.1200,1.0800,,30578852600.00,
600283,2026-06-06,12.5300,1.4900,,4738970259.77,
600284,2026-06-06,11.5500,0.6900,,5540161849.22,
600285,2026-06-06,5.0100,3.3800,,12340433450.00,
600287,2026-06-06,36.5800,0.9600,,2197084351.56,
600288,2026-06-06,11.5400,2.9700,,5901168000.00,
300205,2026-06-06,0.0000,6.0900,,0.00,
600292,2026-06-06,15.2500,3.4300,,59921221500.00,
300209,2026-06-06,0.0000,26.3800,,0.00,
600295,2026-06-06,5.6800,1.6600,,37251711887.50,
600298,2026-06-06,7.1600,2.4500,,30504880816.41,
600299,2026-06-06,10.5400,1.6400,,32214492262.50,
600300,2026-06-06,6.0700,1.3800,,5110169312.50,
600301,2026-06-06,20.8800,7.6200,,37985678375.00,
300210,2026-06-06,0.0000,13.5700,,0.00,
300211,2026-06-06,0.0000,5.5000,,0.00,
600305,2026-06-06,11.5200,2.2400,,7678912643.75,
300212,2026-06-06,0.0000,,,0.00,
600308,2026-06-06,22.8100,0.5800,,5218033337.50,
600309,2026-06-06,6.1000,2.0400,,226833969418.75,
300220,2026-06-06,0.0000,30.4200,,0.00,
600312,2026-06-06,6.3000,2.2400,,26120734062.50,
600313,2026-06-06,37.6500,2.9600,,7142450003.91,
600315,2026-06-06,5.4300,1.7100,,12066456980.47,
600316,2026-06-06,350.1700,3.7600,,20251314362.50,
600318,2026-06-06,16.5800,3.0300,,3363493168.75,
300227,2026-06-06,0.0000,4.4100,,0.00,
600320,2026-06-06,6.3700,1.5000,,23969922150.00,
600322,2026-06-06,2544.1700,38.1200,,2907991000.00,
600323,2026-06-06,4.2100,1.6000,,24387032041.41,
300229,2026-06-06,0.0000,3.7000,,0.00,
300232,2026-06-06,0.0000,1.4300,,0.00,
600327,2026-06-06,17.7600,1.1400,,3220597493.75,
300237,2026-06-06,0.0000,72.2600,,0.00,
600329,2026-06-06,7.1200,4.0100,,30187699500.00,
300240,2026-06-06,0.0000,1.5200,,0.00,
300245,2026-06-06,0.0000,1.6300,,0.00,
600332,2026-06-06,1.9600,0.8800,,34921989337.50,
600333,2026-06-06,17.9000,1.7700,,3434933165.63,
600335,2026-06-06,6.4100,0.7000,,8076890831.25,
600336,2026-06-06,16.4000,2.7200,,6144713695.31,
300246,2026-06-06,0.0000,4.0700,,0.00,
600338,2026-06-06,8.6400,3.4400,,15541573984.38,
600339,2026-06-06,9.2300,0.7200,,19429353300.00,
300248,2026-06-06,0.0000,1.8900,,0.00,
600345,2026-06-06,102.8500,4.8500,,18454982003.91,
600346,2026-06-06,3.0500,1.6900,,119383136000.00,
600348,2026-06-06,7.2900,1.2700,,35245275000.00,
600350,2026-06-06,6.5200,1.7700,,54437268756.25,
600351,2026-06-06,4.0400,1.5100,,4304240485.94,
600352,2026-06-06,6.6200,1.0700,,35558917393.75,
600353,2026-06-06,65.3200,11.2900,,21797733820.31,
600354,2026-06-06,6.0500,3.8200,,2860687432.81,
600356,2026-06-06,5.1000,0.9400,,2899921062.50,
300250,2026-06-06,0.0000,6.3100,,0.00,
300261,2026-06-06,0.0000,2.6300,,0.00,
300264,2026-06-06,0.0000,389.5000,,0.00,
300266,2026-06-06,0.0000,106.5000,,0.00,
300269,2026-06-06,0.0000,35.4300,,0.00,
600359,2026-06-06,11.1600,3.7000,,2495093793.75,
600360,2026-06-06,21.5600,3.5500,,12483839062.50,
600361,2026-06-06,6.0100,1.4000,,16013123465.63,
600362,2026-06-06,5.4500,1.8300,,153606675075.00,
600363,2026-06-06,19.7900,3.6100,,16358231095.31,
300276,2026-06-06,0.0000,6.8400,,0.00,
600366,2026-06-06,12.0100,2.2000,,13990792128.91,
600367,2026-06-06,58.9400,6.7800,,16885979472.66,
600368,2026-06-06,3.2200,0.8600,,6342036390.63,
600369,2026-06-06,8.3900,0.9800,,26048828750.00,
600370,2026-06-06,16.8100,1.1200,,5504978096.88,
600371,2026-06-06,205.4800,4.0000,,2147522577.34,
600372,2026-06-06,30.0200,1.4300,,54050474603.13,
600373,2026-06-06,9.3200,0.5700,,10132137800.00,
600375,2026-06-06,24.6300,1.9700,,6684807764.06,
300287,2026-06-06,0.0000,5.5900,,0.00,
600377,2026-06-06,4.6800,1.4700,,63878638300.00,
600378,2026-06-06,19.5200,3.2400,,60113981796.88,
600379,2026-06-06,45.4400,5.3200,,4190258323.83,
600380,2026-06-06,4.3700,1.1600,,18129883565.63,
300288,2026-06-06,0.0000,3.1200,,0.00,
600382,2026-06-06,11.4500,2.1400,,6721870650.00,
300289,2026-06-06,0.0000,1.9100,,0.00,
300290,2026-06-06,0.0000,8.8200,,0.00,
600388,2026-06-06,8.7200,1.9000,,21298676922.66,
600389,2026-06-06,5.7300,2.5000,,10464795000.00,
600390,2026-06-06,7.3900,0.4900,,21005965009.38,
300293,2026-06-06,0.0000,8.1900,,0.00,
600392,2026-06-06,12.7400,3.2400,,41717272187.50,
600395,2026-06-06,28.9400,1.2200,,13115877795.31,
600396,2026-06-06,18.6900,19.2000,,29468864568.75,
600397,2026-06-06,1011.5000,69.8500,,13483252007.81,
600398,2026-06-06,2.9200,1.4400,,27711984703.13,
300300,2026-06-06,0.0000,23.1600,,0.00,
600400,2026-06-06,114.5600,4.6300,,6415841250.00,
300301,2026-06-06,0.0000,37.5900,,0.00,
300305,2026-06-06,0.0000,1.4600,,0.00,
600406,2026-06-06,26.1100,3.5200,,188344684062.50,
300310,2026-06-06,0.0000,2.3300,,0.00,
300311,2026-06-06,0.0000,5.3700,,0.00,
300318,2026-06-06,0.0000,3.0800,,0.00,
600415,2026-06-06,6.5400,2.7100,,64760836218.75,
600416,2026-06-06,31.0800,1.6200,,15805628901.56,
300324,2026-06-06,0.0000,2.9300,,0.00,
600419,2026-06-06,8.8000,1.0700,,2618751318.36,
600420,2026-06-06,8.6800,0.8600,,12016907000.00,
600421,2026-06-06,0.9600,5.0700,,70416000.00,
300328,2026-06-06,0.0000,14.8500,,0.00,
600423,2026-06-06,57.1600,4.0100,,2124528700.00,
300338,2026-06-06,0.0000,,,0.00,
600426,2026-06-06,5.2200,1.7100,,58277638523.44,
600428,2026-06-06,5.3500,1.2700,,21731848875.00,
600429,2026-06-06,6.8200,1.4200,,6849526125.00,
600433,2026-06-06,3.6400,1.4800,,6546044278.13,
300340,2026-06-06,0.0000,41.1500,,0.00,
600436,2026-06-06,9.8600,4.8200,,73297005109.38,
300345,2026-06-06,0.0000,8.8600,,0.00,
600439,2026-06-06,77.9700,1.1900,,2988441637.50,
600444,2026-06-06,22.8700,2.8300,,2161187307.42,
300348,2026-06-06,0.0000,3.8100,,0.00,
300350,2026-06-06,0.0000,2.9100,,0.00,
300351,2026-06-06,0.0000,2.7300,,0.00,
600452,2026-06-06,13.9400,3.1100,,17885345606.25,
600455,2026-06-06,9.2800,4.6200,,1580187350.59,
600456,2026-06-06,25.2900,2.0600,,14901880225.00,
600458,2026-06-06,8.3200,1.6300,,13160854710.94,
600459,2026-06-06,9.1700,2.4000,,20376133593.75,
600460,2026-06-06,27.0500,4.6300,,56495240156.25,
600461,2026-06-06,3.9200,1.2100,,12379260225.00,
600463,2026-06-06,43.2800,3.1600,,2802000000.00,
600467,2026-06-06,42.5000,0.9700,,3331067175.00,
600468,2026-06-06,26.7100,3.3500,,6820100409.38,
600469,2026-06-06,10.2800,1.1200,,5233404421.88,
300352,2026-06-06,0.0000,4.4500,,0.00,
600475,2026-06-06,12.4900,1.6800,,14511559373.44,
600476,2026-06-06,67.9200,0.0000,,1784655600.00,
600477,2026-06-06,28.8700,1.2700,,6322035412.50,
600478,2026-06-06,24.4100,3.2300,,9460272525.00,
600479,2026-06-06,6.6100,1.6000,,4956554700.00,
600480,2026-06-06,8.3800,1.5600,,12845608561.72,
300353,2026-06-06,0.0000,6.1200,,0.00,
600482,2026-06-06,14.5000,2.0800,,85263382410.94,
600483,2026-06-06,4.9500,1.1600,,32193995868.75,
600486,2026-06-06,5.8500,2.0100,,23810278579.69,
600487,2026-06-06,21.4500,7.3200,,237069617062.50,
600488,2026-06-06,40.6400,1.8500,,5645054335.94,
600489,2026-06-06,4.5200,3.2800,,107610337500.00,
600490,2026-06-06,14.1500,2.4500,,15600853570.31,
300355,2026-06-06,0.0000,1.1900,,0.00,
300359,2026-06-06,0.0000,5.0400,,0.00,
600495,2026-06-06,1074.9700,1.4600,,4796518021.88,
600496,2026-06-06,5.4400,0.8800,,8239118146.87,
600497,2026-06-06,6.8100,2.6200,,45061002787.50,
600498,2026-06-06,199.8000,4.3700,,76709300400.00,
600499,2026-06-06,4.9600,2.2100,,29074703118.75,
300365,2026-06-06,0.0000,1.9200,,0.00,
300366,2026-06-06,0.0000,2.8200,,0.00,
600502,2026-06-06,2.5700,0.7000,,8548338853.13,
300368,2026-06-06,0.0000,103.0800,,0.00,
600505,2026-06-06,158.8100,4.0300,,4943535300.00,
600506,2026-06-06,6.8000,8.4600,,4288550789.06,
600507,2026-06-06,9.7300,1.0200,,10501872668.75,
600508,2026-06-06,13.7700,0.8000,,10190323359.38,
600509,2026-06-06,6.8000,1.5300,,11916024970.31,
600510,2026-06-06,14.9100,0.7900,,8349086042.19,
600511,2026-06-06,4.2400,1.0600,,20130139206.25,
600512,2026-06-06,8.7000,0.5600,,3458569734.38,
600513,2026-06-06,74.1100,3.7200,,4761411227.34,
600515,2026-06-06,31.2900,1.4500,,35189954800.00,
600516,2026-06-06,264.9400,1.4400,,23471406921.88,
600517,2026-06-06,7.4500,1.2100,,29049652975.00,
300370,2026-06-06,0.0000,8.9100,,0.00,
600519,2026-06-06,5.8400,5.8800,,1591178817643.75,
600520,2026-06-06,315.1400,11.9400,,4702202400.00,
600521,2026-06-06,5.5600,2.3400,,22458782812.50,
600522,2026-06-06,17.1100,4.1400,,157234592103.13,
600523,2026-06-06,11.1600,1.4500,,4710226517.58,
600525,2026-06-06,60.1800,2.3600,,6620276384.38,
600526,2026-06-06,7.9300,0.8900,,4114694021.88,
600527,2026-06-06,53.2100,2.0100,,4173543859.38,
600528,2026-06-06,5.0500,0.6300,,16106248828.13,
300374,2026-06-06,0.0000,4.1900,,0.00,
300377,2026-06-06,0.0000,4.1600,,0.00,
600529,2026-06-06,6.5000,1.5600,,13073197031.25,
300378,2026-06-06,0.0000,4.2000,,0.00,
600531,2026-06-06,5.5000,2.1300,,15115784179.69,
300382,2026-06-06,0.0000,4.5900,,0.00,
600535,2026-06-06,5.7300,1.6600,,21199150500.00,
300385,2026-06-06,0.0000,,,0.00,
300386,2026-06-06,0.0000,3.0900,,0.00,
600539,2026-06-06,611.9300,10.7200,,3220000000.00,
600540,2026-06-06,6.5200,7.0800,,2726658093.36,
300393,2026-06-06,0.0000,5.5100,,0.00,
300396,2026-06-06,0.0000,1.3500,,0.00,
600546,2026-06-06,6.5300,1.6700,,27972455482.81,
600547,2026-06-06,8.9400,4.0400,,129308518968.75,
600548,2026-06-06,4.3700,0.9500,,22256997942.19,
600549,2026-06-06,8.8500,5.3600,,98001670276.56,
600550,2026-06-06,39.6700,26.4500,,23626809853.13,
600551,2026-06-06,9.7400,0.8300,,4929461553.91,
600552,2026-06-06,73.4600,4.7500,,20507415256.25,
600556,2026-06-06,284.8600,2.4000,,9183358093.75,
600557,2026-06-06,8.8000,1.4200,,6975076281.25,
600558,2026-06-06,9.0800,2.0400,,5062490878.13,
600559,2026-06-06,6.7700,2.0400,,11196508443.75,
600560,2026-06-06,45.1700,2.9000,,2864898955.08,
300412,2026-06-06,0.0000,2.1500,,0.00,
600562,2026-06-06,35.6400,4.0900,,27507150546.88,
600563,2026-06-06,14.2300,6.0500,,38106000000.00,
600566,2026-06-06,6.4500,1.7200,,25797326814.84,
300417,2026-06-06,0.0000,3.7500,,0.00,
300418,2026-06-06,0.0000,4.1500,,0.00,
300419,2026-06-06,0.0000,7.8600,,0.00,
600570,2026-06-06,31.5900,4.4000,,43837950476.56,
300423,2026-06-06,0.0000,2.7400,,0.00,
600572,2026-06-06,5.3200,1.4500,,10553483850.00,
600573,2026-06-06,38.2700,2.3000,,3147500000.00,
600575,2026-06-06,9.0300,1.3100,,29240510850.00,
600576,2026-06-06,33.6900,2.3600,,6095289968.75,
600577,2026-06-06,19.0800,4.1900,,26071280868.75,
600578,2026-06-06,5.1400,2.2500,,56636495775.00,
300429,2026-06-06,0.0000,4.4900,,0.00,
600580,2026-06-06,22.6400,5.6000,,62484700000.00,
600582,2026-06-06,5.2100,0.8700,,22555308687.50,
600583,2026-06-06,5.7400,0.8700,,25157508171.88,
600584,2026-06-06,46.6400,4.7100,,135369209289.06,
600585,2026-06-06,6.9900,0.5300,,102541503375.00,
300430,2026-06-06,0.0000,1.1500,,0.00,
600587,2026-06-06,6.3400,1.0000,,7868179063.67,
300433,2026-06-06,0.0000,4.4100,,0.00,
300436,2026-06-06,0.0000,56.2100,,0.00,
600590,2026-06-06,22.8000,3.4600,,11249352208.59,
300437,2026-06-06,0.0000,2.1500,,0.00,
600593,2026-06-06,30.8200,23.1400,,4839509500.00,
300440,2026-06-06,0.0000,4.9500,,0.00,
600595,2026-06-06,3.3900,1.5500,,27854939750.00,
600596,2026-06-06,20.2000,1.5500,,19447693220.31,
600597,2026-06-06,14.2300,1.0300,,9483899400.00,
600598,2026-06-06,4.3900,2.9700,,25474152160.94,
600599,2026-06-06,0.9100,0.6600,,83000000.00,
600600,2026-06-06,4.5300,2.5100,,81442450828.13,
600601,2026-06-06,22.9200,10.8800,,53079885731.25,
600602,2026-06-06,55.1700,4.9900,,24577091671.88,
600603,2026-06-06,39.5600,0.8000,,5820916535.16,
300449,2026-06-06,0.0000,11.1100,,0.00,
600605,2026-06-06,71.0600,4.3200,,6171969478.13,
600606,2026-06-06,9.7000,0.5100,,19816448437.50,
300451,2026-06-06,0.0000,1.4600,,0.00,
600609,2026-06-06,8.9800,2.7500,,4657274179.69,
600610,2026-06-06,43.5000,57.7700,,8045272316.41,
300454,2026-06-06,0.0000,4.2800,,0.00,
600612,2026-06-06,3.4100,1.3600,,18654381193.75,
600613,2026-06-06,20.8900,1.1600,,2691720871.88,
300456,2026-06-06,0.0000,4.7600,,0.00,
600616,2026-06-06,243.5700,1.5300,,2950311705.47,
600617,2026-06-06,5.3400,2.1000,,6713587181.25,
600618,2026-06-06,5.7700,1.2500,,11876228000.00,
600619,2026-06-06,22.1700,2.6000,,16057231850.00,
300460,2026-06-06,0.0000,5.6300,,0.00,
600621,2026-06-06,8.5300,1.4200,,13240023225.00,
300462,2026-06-06,0.0000,1.5700,,0.00,
600623,2026-06-06,10.6900,0.8000,,17937924062.50,
300465,2026-06-06,0.0000,9.4900,,0.00,
300469,2026-06-06,0.0000,59.4800,,0.00,
600628,2026-06-06,18.0600,0.9500,,4049439945.31,
600629,2026-06-06,374.7900,2.9600,,15388221492.19,
600630,2026-06-06,14.4200,4.3900,,3568837453.13,
600633,2026-06-06,9.3200,1.4300,,14912556487.50,
600635,2026-06-06,29.1000,1.6600,,14791697784.38,
300471,2026-06-06,0.0000,2.9100,,0.00,
600637,2026-06-06,49.9000,1.0300,,30761382140.63,
600638,2026-06-06,2.6100,0.7700,,3609406831.25,
600639,2026-06-06,15.0200,0.7200,,10853732652.34,
600640,2026-06-06,111.9500,2.2300,,8856095784.38,
300472,2026-06-06,0.0000,98.1900,,0.00,
600642,2026-06-06,6.0300,1.2500,,47472569937.50,
600643,2026-06-06,83.9500,0.6700,,6627590450.00,
300474,2026-06-06,0.0000,4.3200,,0.00,
600645,2026-06-06,38.2700,2.4900,,9279426810.94,
600648,2026-06-06,83.9500,0.7800,,12443196515.63,
600649,2026-06-06,129.2500,0.4500,,9391877929.69,
600650,2026-06-06,42.9300,1.4000,,5929808759.77,
600651,2026-06-06,249.9300,6.2500,,15769205923.44,
300477,2026-06-06,0.0000,31.8200,,0.00,
600654,2026-06-06,32.2500,5.4300,,9150748125.00,
600655,2026-06-06,11.3300,0.5900,,17782822559.38,
300478,2026-06-06,0.0000,162.9000,,0.00,
300479,2026-06-06,0.0000,5.4600,,0.00,
600660,2026-06-06,8.1700,3.5700,,139882256625.00,
600661,2026-06-06,9.5500,9.2200,,2349700230.47,
600662,2026-06-06,4.2300,1.8400,,10001543165.63,
600663,2026-06-06,17.7400,1.4000,,35346779325.00,
600664,2026-06-06,4.9700,1.3700,,8008861303.13,
300491,2026-06-06,0.0000,4.6800,,0.00,
300498,2026-06-06,0.0000,2.1700,,0.00,
600667,2026-06-06,26.1600,3.8600,,33778406328.12,
300501,2026-06-06,0.0000,2.5600,,0.00,
600671,2026-06-06,54.0600,27.9500,,2062934506.45,
600673,2026-06-06,83.6900,10.0500,,99826939350.00,
600674,2026-06-06,5.0800,1.5900,,73850294156.25,
300506,2026-06-06,0.0000,4.8200,,0.00,
300508,2026-06-06,0.0000,5.7400,,0.00,
600678,2026-06-06,120.5800,8.6600,,2233536000.00,
600679,2026-06-06,45.0300,2.5600,,5446660717.97,
300510,2026-06-06,0.0000,1.5600,,0.00,
300513,2026-06-06,0.0000,4.6200,,0.00,
300514,2026-06-06,0.0000,2.1300,,0.00,
300516,2026-06-06,0.0000,8.0200,,0.00,
600681,2026-06-06,4.3800,1.3400,,4920937276.56,
600682,2026-06-06,25.6600,0.4800,,7882474618.75,
300518,2026-06-06,0.0000,8.5900,,0.00,
600685,2026-06-06,9.6900,2.1000,,38376698929.69,
600686,2026-06-06,6.0500,2.5000,,9070649886.72,
600688,2026-06-06,8.8600,1.5600,,36793735075.00,
600689,2026-06-06,57.1500,4.7900,,2271201787.11,
600690,2026-06-06,4.0900,1.5200,,190459652606.25,
300520,2026-06-06,0.0000,5.5000,,0.00,
600692,2026-06-06,133.0600,2.4000,,2328678352.34,
600693,2026-06-06,20.0000,2.5000,,9002909496.09,
600694,2026-06-06,2.0200,0.6100,,5545538212.50,
300523,2026-06-06,0.0000,4.9900,,0.00,
600697,2026-06-06,50.0400,0.8000,,1799286362.40,
600698,2026-06-06,367.5000,9.2000,,6796535990.63,
600699,2026-06-06,10.1800,2.3400,,40940344500.00,
600702,2026-06-06,5.8700,1.9000,,13586546142.19,
600703,2026-06-06,125.0000,2.4200,,84364307062.50,
600704,2026-06-06,2.5800,0.5900,,25028511200.00,
300525,2026-06-06,0.0000,2.6500,,0.00,
600707,2026-06-06,759.7600,1.9300,,42020043240.63,
300527,2026-06-06,0.0000,2.7000,,0.00,
600710,2026-06-06,4.8300,1.7500,,15001484618.75,
600711,2026-06-06,3.6000,2.1000,,36778277593.75,
600712,2026-06-06,113.1800,4.0900,,3104535726.56,
600713,2026-06-06,3.7600,0.8900,,6570642703.13,
300530,2026-06-06,0.0000,46.3400,,0.00,
300533,2026-06-06,0.0000,3.5200,,0.00,
300535,2026-06-06,0.0000,1.7800,,0.00,
600717,2026-06-06,3.6300,0.6300,,12820424153.13,
300542,2026-06-06,0.0000,7.0800,,0.00,
600719,2026-06-06,3.6400,8.5600,,3451234667.97,
600720,2026-06-06,18.9500,0.8500,,13538114187.50,
600721,2026-06-06,40.9900,3.3700,,2722597129.69,
600722,2026-06-06,52.9800,5.4800,,6912048025.00,
600724,2026-06-06,15.7600,3.3500,,9466329164.06,
300543,2026-06-06,0.0000,1.9000,,0.00,
600726,2026-06-06,12.2900,14.8400,,73933593937.50,
600727,2026-06-06,7.7400,1.3500,,4376667951.56,
600728,2026-06-06,81.8400,1.2800,,10087194304.69,
600729,2026-06-06,3.1000,1.0700,,8654903138.67,
300546,2026-06-06,0.0000,2.8100,,0.00,
600731,2026-06-06,6.9200,0.9700,,3090496296.09,
300551,2026-06-06,0.0000,12.3900,,0.00,
300554,2026-06-06,0.0000,6.8300,,0.00,
300555,2026-06-06,0.0000,6.2100,,0.00,
600735,2026-06-06,73.3300,2.5700,,2744180500.00,
600736,2026-06-06,3.8700,1.1200,,8335360528.13,
600737,2026-06-06,14.3300,2.6600,,30949134629.69,
600738,2026-06-06,5.2600,1.4900,,3228061393.75,
600739,2026-06-06,2.8400,0.5300,,15664630996.88,
300561,2026-06-06,0.0000,8.3000,,0.00,
600741,2026-06-06,4.2900,0.7800,,53375618378.13,
600742,2026-06-06,7.1600,0.6900,,5870157335.94,
300564,2026-06-06,0.0000,1.7500,,0.00,
600744,2026-06-06,11.8600,12.7200,,16411483687.50,
300565,2026-06-06,0.0000,6.1400,,0.00,
600746,2026-06-06,21.5400,1.3500,,7345731782.03,
300572,2026-06-06,0.0000,3.8300,,0.00,
300578,2026-06-06,0.0000,3.1600,,0.00,
600750,2026-06-06,5.7200,3.8200,,16475096250.00,
600751,2026-06-06,72.6900,1.2500,,9480834646.88,
600753,2026-06-06,12.3200,31.4200,,2756777268.16,
600754,2026-06-06,15.6700,1.3300,,21443261578.13,
600755,2026-06-06,4.8100,0.6300,,12248568867.19,
300579,2026-06-06,0.0000,7.6800,,0.00,
600757,2026-06-06,2.9000,0.9400,,9721338377.34,
300581,2026-06-06,0.0000,6.4400,,0.00,
600759,2026-06-06,10.7800,1.3200,,11949147000.00,
600760,2026-06-06,69.6000,4.8300,,114821334843.75,
600761,2026-06-06,4.6500,1.3600,,15150683411.72,
600763,2026-06-06,8.3800,3.5400,,15655118554.69,
600764,2026-06-06,55.7400,1.7600,,14425776312.50,
600765,2026-06-06,13.5600,1.4900,,21424420218.75,
600768,2026-06-06,7.6800,4.6900,,2147979988.09,
600769,2026-06-06,126.4600,47.4000,,6007134543.75,
600770,2026-06-06,51.7900,2.3000,,7826000000.00,
600771,2026-06-06,10.6900,4.2000,,7131885235.94,
300585,2026-06-06,0.0000,5.1400,,0.00,
300588,2026-06-06,0.0000,14.2800,,0.00,
300593,2026-06-06,0.0000,8.0000,,0.00,
600776,2026-06-06,46.4000,5.2400,,20020641245.31,
600777,2026-06-06,27.1500,1.7500,,38762825062.50,
600778,2026-06-06,8.7600,7.3200,,1850258373.05,
600779,2026-06-06,8.9700,2.9000,,15336850770.31,
600780,2026-06-06,4.7200,0.9500,,8117237700.00,
300594,2026-06-06,0.0000,1.9800,,0.00,
300597,2026-06-06,0.0000,2.4200,,0.00,
600784,2026-06-06,9.2100,1.5400,,5121444173.44,
600785,2026-06-06,5.3200,1.5000,,3458927960.74,
600787,2026-06-06,13.8700,0.7300,,10155972206.25,
600789,2026-06-06,14.3900,1.4800,,7661240982.03,
600790,2026-06-06,1.6800,0.9900,,5863163750.00,
300600,2026-06-06,0.0000,2.8900,,0.00,
300603,2026-06-06,0.0000,3.3000,,0.00,
600794,2026-06-06,16.7900,1.5600,,3888493087.50,
600795,2026-06-06,6.4700,1.4800,,90426587062.50,
600796,2026-06-06,12.5300,1.3200,,4584238782.81,
300605,2026-06-06,0.0000,4.0800,,0.00,
300608,2026-06-06,0.0000,3.0300,,0.00,
300614,2026-06-06,0.0000,2.5900,,0.00,
600801,2026-06-06,6.5000,1.2500,,40977003768.75,
300615,2026-06-06,0.0000,4.7400,,0.00,
600803,2026-06-06,9.0800,2.4600,,59470029850.00,
600805,2026-06-06,26.6600,0.9200,,3931132734.38,
300616,2026-06-06,0.0000,1.1100,,0.00,
600808,2026-06-06,51.6200,0.9100,,21869934750.00,
600809,2026-06-06,2.7700,3.3100,,148872233614.06,
300619,2026-06-06,0.0000,4.3500,,0.00,
600812,2026-06-06,21.4300,1.3700,,7600685284.37,
600814,2026-06-06,5.7000,1.3500,,5152900942.19,
300621,2026-06-06,0.0000,2.9200,,0.00,
600816,2026-06-06,2.7200,1.8100,,27662899231.25,
600817,2026-06-06,11.7500,2.0100,,5243094752.34,
300639,2026-06-06,0.0000,0.9200,,0.00,
600819,2026-06-06,28.4200,1.7800,,6876370050.00,
600820,2026-06-06,5.8300,0.5400,,17323970337.50,
300642,2026-06-06,0.0000,1.5300,,0.00,
600822,2026-06-06,74.2500,3.5200,,4364561437.50,
600824,2026-06-06,20.9000,1.5600,,3942061389.06,
600825,2026-06-06,392.3700,2.0700,,5172194671.88,
300645,2026-06-06,0.0000,1.8800,,0.00,
300648,2026-06-06,0.0000,7.0900,,0.00,
300649,2026-06-06,0.0000,8.3600,,0.00,
300656,2026-06-06,0.0000,6.1300,,0.00,
300659,2026-06-06,0.0000,2.4500,,0.00,
600827,2026-06-06,1.8400,0.7100,,14558811900.00,
300663,2026-06-06,0.0000,11.4500,,0.00,
600829,2026-06-06,10.3000,1.6300,,4992840792.19,
600830,2026-06-06,14.1900,1.5800,,3584606066.02,
300665,2026-06-06,0.0000,5.7300,,0.00,
600833,2026-06-06,9.9000,1.9500,,2302250704.69,
600834,2026-06-06,86.3000,2.0200,,3523078525.78,
600835,2026-06-06,12.6000,1.5900,,22490037138.28,
600838,2026-06-06,32.5200,2.0800,,3207055937.50,
600839,2026-06-06,33.3800,2.1300,,32867659950.00,
600841,2026-06-06,28.4100,1.6000,,10283758935.94,
600843,2026-06-06,473.9800,1.9800,,5370143627.34,
300667,2026-06-06,0.0000,3.9000,,0.00,
600845,2026-06-06,14.5500,4.8600,,55463445450.00,
600846,2026-06-06,12.4000,1.6400,,7116033307.03,
300668,2026-06-06,0.0000,8.9300,,0.00,
600848,2026-06-06,25.7200,1.2900,,21567264117.19,
600850,2026-06-06,56.3300,2.9000,,14216155507.81,
600851,2026-06-06,31.0700,1.9800,,8992572554.69,
600853,2026-06-06,47.0400,1.0300,,3679716536.72,
600854,2026-06-06,169.2000,1.0000,,2483012078.13,
300670,2026-06-06,0.0000,5.0900,,0.00,
600857,2026-06-06,18.1200,3.9000,,3452283297.07,
600858,2026-06-06,3.7100,0.9600,,2636737669.92,
600859,2026-06-06,23.1800,0.6200,,11969869476.56,
300675,2026-06-06,0.0000,4.2300,,0.00,
600861,2026-06-06,3.0700,1.0700,,8067105908.20,
600862,2026-06-06,9.9000,3.1300,,24851995275.00,
600863,2026-06-06,7.0300,2.3400,,48813229806.25,
600864,2026-06-06,13.9000,0.8600,,11047829189.06,
600865,2026-06-06,13.8500,1.6600,,3830126381.25,
300676,2026-06-06,0.0000,1.7300,,0.00,
600867,2026-06-06,12.2000,2.1400,,15472488218.75,
300682,2026-06-06,0.0000,2.0600,,0.00,
600869,2026-06-06,65.4800,14.7100,,63273748684.38,
600871,2026-06-06,21.3900,4.5600,,43790776837.50,
600872,2026-06-06,5.3200,2.3500,,13989810660.94,
600873,2026-06-06,21.8100,1.5700,,25714895128.13,
600874,2026-06-06,3.2300,0.8500,,8935679131.25,
600875,2026-06-06,7.1700,2.4300,,113710887075.00,
300683,2026-06-06,0.0000,1.5800,,0.00,
300686,2026-06-06,0.0000,6.1200,,0.00,
600879,2026-06-06,227.2100,3.4000,,71066908537.50,
600880,2026-06-06,66.3400,1.5400,,4635728143.75,
300688,2026-06-06,0.0000,11.9100,,0.00,
600882,2026-06-06,12.1900,1.9800,,9211567903.13,
600883,2026-06-06,18.9900,1.9800,,1947726064.45,
600884,2026-06-06,9.3000,1.3700,,30794461403.13,
600885,2026-06-06,10.6500,3.9400,,51565844575.00,
600886,2026-06-06,5.1900,1.5900,,109981752712.50,
600887,2026-06-06,3.0100,2.7300,,162372007243.75,
600888,2026-06-06,6.4800,1.3400,,17161599609.38,
600889,2026-06-06,72.9300,7.9200,,8861324103.13,
300689,2026-06-06,0.0000,8.5900,,0.00,
600893,2026-06-06,4413.1500,2.8100,,112941233668.75,
600894,2026-06-06,83.2100,0.8500,,7545870956.25,
600895,2026-06-06,59.6800,3.6500,,49836829115.63,
600897,2026-06-06,5.3800,1.2700,,6312380523.44,
600900,2026-06-06,9.9900,2.9600,,675567485175.00,
600901,2026-06-06,4.5500,1.4400,,37357537312.50,
600903,2026-06-06,9.8200,3.2500,,9959081187.50,
600905,2026-06-06,11.5700,1.3400,,120354006500.00,
600906,2026-06-06,8.8000,1.7800,,22293150000.00,
600908,2026-06-06,1.8800,0.5200,,11917121732.81,
600909,2026-06-06,8.4400,1.3900,,36576244250.00,
600916,2026-06-06,7.9600,1.7900,,13036800000.00,
300691,2026-06-06,0.0000,2.6200,,0.00,
600918,2026-06-06,8.9500,0.9400,,41967208625.00,
600919,2026-06-06,1.9700,0.7900,,208838078500.00,
600925,2026-06-06,17.0200,2.1400,,33273332662.50,
600926,2026-06-06,1.7300,0.8200,,114896689625.00,
600927,2026-06-06,9.6700,1.4000,,18762112006.25,
600928,2026-06-06,2.0700,0.4400,,15644444200.00,
600929,2026-06-06,57.4700,1.1300,,8544990195.31,
600930,2026-06-06,12.2600,2.2900,,252788567100.00,
600933,2026-06-06,7.2400,1.6100,,15853751198.44,
300695,2026-06-06,0.0000,2.2300,,0.00,
600936,2026-06-06,40.0300,10.0500,,9992736975.00,
600938,2026-06-06,4.2700,2.0000,,1672103816900.00,
300703,2026-06-06,0.0000,3.7200,,0.00,
600941,2026-06-06,7.1900,1.4800,,2109064695950.00,
600955,2026-06-06,12.0300,1.1200,,8580000000.00,
600956,2026-06-06,5.5000,1.5900,,39350684050.00,
600958,2026-06-06,4.8100,0.9300,,76299872100.00,
600959,2026-06-06,26.8500,0.7500,,17002440562.50,
300707,2026-06-06,0.0000,2.0100,,0.00,
600961,2026-06-06,2.2900,5.1800,,26199552173.44,
600962,2026-06-06,148.9900,6.7000,,6345482000.00,
600963,2026-06-06,51.7000,0.8800,,6678757687.50,
600965,2026-06-06,11.4600,1.1200,,2464289821.88,
600966,2026-06-06,14.3600,1.0600,,7954223101.56,
600967,2026-06-06,14.8200,1.7100,,20489608037.50,
600968,2026-06-06,6.3200,1.3300,,40253813325.00,
600969,2026-06-06,34.1100,1.0600,,3859626796.48,
600970,2026-06-06,5.2200,1.0100,,23727405953.13,
600971,2026-06-06,32.9500,0.8500,,10056041245.31,
600973,2026-06-06,21.0400,3.0900,,10449810825.00,
300711,2026-06-06,0.0000,3.4600,,0.00,
600976,2026-06-06,4.9100,1.5700,,4305898800.68,
300713,2026-06-06,0.0000,5.2600,,0.00,
600979,2026-06-06,26.6000,1.5700,,6535383421.88,
600980,2026-06-06,17.8500,2.6500,,4097186117.19,
300716,2026-06-06,0.0000,,,0.00,
600982,2026-06-06,9.8000,1.5600,,7108110900.00,
600983,2026-06-06,6.9300,2.1500,,6599039655.47,
300719,2026-06-06,0.0000,3.1700,,0.00,
600985,2026-06-06,9.3700,1.1000,,46027792037.50,
300730,2026-06-06,0.0000,21.4000,,0.00,
600987,2026-06-06,4.7800,0.9700,,6645531079.69,
600988,2026-06-06,6.0300,4.1700,,59596896800.00,
600989,2026-06-06,4.6900,3.3000,,171820624800.00,
300731,2026-06-06,0.0000,16.7500,,0.00,
300732,2026-06-06,0.0000,0.8900,,0.00,
600993,2026-06-06,4.8700,2.2500,,10345293750.00,
600995,2026-06-06,10.6600,2.0900,,48355569834.38,
300749,2026-06-06,0.0000,8.2300,,0.00,
300753,2026-06-06,0.0000,4.1300,,0.00,
600998,2026-06-06,3.4200,0.9100,,25061077453.13,
600999,2026-06-06,4.4900,1.1800,,146884338918.75,
601000,2026-06-06,5.4200,1.1700,,25540752912.50,
300757,2026-06-06,0.0000,66.9100,,0.00,
300762,2026-06-06,0.0000,10.2100,,0.00,
601001,2026-06-06,10.8800,1.8800,,36821400000.00,
601002,2026-06-06,6.7700,1.1100,,4877191992.97,
601003,2026-06-06,42.1200,1.0600,,9931016468.75,
601006,2026-06-06,4.3100,0.6300,,102691154225.00,
601007,2026-06-06,31.5200,1.6200,,2624700000.00,
601008,2026-06-06,18.9200,1.3800,,5830998453.13,
601009,2026-06-06,2.0900,0.7300,,137977413300.00,
601010,2026-06-06,6.8700,0.7600,,3141600000.00,
601005,2026-06-06,0.0000,0.8300,,11418775237.50,
601016,2026-06-06,14.8500,1.7000,,30300705112.50,
601018,2026-06-06,5.6500,0.8100,,66144921750.00,
601019,2026-06-06,4.4400,0.9300,,14566562000.00,
601020,2026-06-06,64.6700,4.6000,,19761148968.75,
601021,2026-06-06,4.5700,2.4100,,44905504781.25,
601022,2026-06-06,7.6000,1.6900,,10613017178.13,
601026,2026-06-06,32.8300,3.8500,,10148166000.00,
601033,2026-06-06,5.4900,1.1800,,13023000000.00,
601038,2026-06-06,2.5100,1.7200,,14112985125.00,
601058,2026-06-06,3.8700,1.8200,,40838205881.25,
601059,2026-06-06,11.6000,2.3600,,52471740000.00,
601061,2026-06-06,4.3100,2.4500,,59339000000.00,
601065,2026-06-06,19.0200,1.1100,,5000798009.38,
601066,2026-06-06,5.1900,2.2100,,190349295300.00,
601068,2026-06-06,20.7200,5.1000,,15686140312.50,
601069,2026-06-06,4.5400,4.5200,,23740635568.75,
601077,2026-06-06,1.9100,0.5500,,75296910000.00,
601083,2026-06-06,4.3000,1.4900,,14403555600.00,
601086,2026-06-06,11.8000,3.0100,,4908420000.00,
601088,2026-06-06,9.8700,2.1400,,1052371386200.00,
601089,2026-06-06,8.6000,2.1200,,8208000000.00,
601096,2026-06-06,12.6500,2.7000,,12867495550.00,
601098,2026-06-06,5.2900,1.2100,,20061320000.00,
601099,2026-06-06,90.5800,2.2200,,22084864650.00,
601100,2026-06-06,24.0900,8.7900,,157144213875.00,
601101,2026-06-06,6.0900,1.5800,,19483172517.19,
601106,2026-06-06,1306.7800,4.9100,,25373797562.50,
601107,2026-06-06,3.9900,1.0500,,18226037600.00,
601108,2026-06-06,5.7500,0.9300,,35478357437.50,
601111,2026-06-06,6.5900,2.5700,,112891285487.50,
601112,2026-06-06,14.7800,4.5000,,29586228906.25,
601113,2026-06-06,50.7300,1.0900,,4416608750.00,
601116,2026-06-06,11.1000,1.9900,,6676199676.95,
601117,2026-06-06,2.9100,0.6600,,45555730225.00,
300598,2026-06-06,0.0000,5.0600,,0.00,
601121,2026-06-06,16.8600,1.4200,,6230256508.59,
601126,2026-06-06,22.1800,11.6100,,60025249023.44,
601127,2026-06-06,17.3200,3.1600,,130666306570.31,
601128,2026-06-06,1.9400,0.7100,,23414642231.25,
601133,2026-06-06,46.8900,4.8100,,14573307796.88,
601136,2026-06-06,19.3800,2.6900,,38102672475.00,
300765,2026-06-06,0.0000,13.5700,,0.00,
601138,2026-06-06,13.8700,8.3400,,1469653490550.00,
601139,2026-06-06,6.9300,1.1200,,18497458293.75,
601155,2026-06-06,8.5200,0.4300,,26548680503.13,
601156,2026-06-06,4.5500,1.3000,,26289921150.00,
601158,2026-06-06,7.5700,1.1700,,20400127500.00,
601162,2026-06-06,14423.6000,1.1800,,32236752000.00,
601163,2026-06-06,5.0700,0.7800,,11032000000.00,
601166,2026-06-06,1.6500,0.4700,,393629149500.00,
601168,2026-06-06,4.5900,3.6500,,72752990000.00,
601169,2026-06-06,1.3400,0.3800,,108674942900.00,
601177,2026-06-06,9.6400,2.0800,,6046391436.72,
601179,2026-06-06,22.2300,3.3000,,77042013975.00,
601186,2026-06-06,1.9700,0.3100,,86365882350.00,
601187,2026-06-06,2.7900,0.7100,,19371198143.75,
601188,2026-06-06,7.7600,0.9200,,4164449050.78,
601198,2026-06-06,11.4800,1.3200,,40534868137.50,
601199,2026-06-06,5.9600,1.0900,,5143656718.75,
601200,2026-06-06,6.4100,0.8500,,10069802737.50,
601208,2026-06-06,30.6900,9.4200,,57337985306.25,
601211,2026-06-06,4.4800,0.8800,,286470051562.50,
601212,2026-06-06,29.8200,2.8100,,44724837225.00,
601216,2026-06-06,5.9900,1.4400,,42949509075.00,
601218,2026-06-06,7.5500,1.6200,,4922690259.38,
601222,2026-06-06,21.0200,0.8400,,12655564968.75,
601225,2026-06-06,6.2500,2.5800,,263122300000.00,
300767,2026-06-06,0.0000,3.4600,,0.00,
601228,2026-06-06,9.9000,1.0700,,23086265625.00,
601229,2026-06-06,2.0900,0.5200,,132428182900.00,
601231,2026-06-06,24.4300,4.4100,,101919219300.00,
601233,2026-06-06,2.6300,1.2400,,49982822828.13,
601236,2026-06-06,16.4200,1.2600,,32168492881.25,
300774,2026-06-06,0.0000,3.6900,,0.00,
300778,2026-06-06,0.0000,1.9000,,0.00,
601288,2026-06-06,2.9600,0.7900,,2225892134400.00,
601298,2026-06-06,4.4300,1.2900,,60886518000.00,
601311,2026-06-06,6.1900,0.9600,,9854427187.50,
601318,2026-06-06,3.8700,0.9500,,968396720900.00,
601319,2026-06-06,3.3000,0.9100,,290551614300.00,
601326,2026-06-06,4.4400,0.9200,,18997200375.00,
601328,2026-06-06,2.3100,0.5200,,603524617400.00,
601330,2026-06-06,5.7900,1.4500,,11959687987.50,
601333,2026-06-06,3.7600,0.7500,,21817293575.00,
601336,2026-06-06,2.7000,1.4200,,175786448796.88,
601339,2026-06-06,4.4400,1.1500,,10766905868.75,
601360,2026-06-06,62.7100,2.3500,,68525674043.75,
601366,2026-06-06,53.6000,0.8200,,3599029101.56,
601368,2026-06-06,15.6500,0.8200,,3955718900.00,
601369,2026-06-06,7.9400,1.6700,,15218280110.94,
601375,2026-06-06,10.9000,1.2600,,18385823362.50,
601377,2026-06-06,6.4200,0.8900,,50434167000.00,
601388,2026-06-06,12.1900,1.5600,,7308059218.75,
601390,2026-06-06,2.6600,0.3600,,115778383525.00,
601398,2026-06-06,3.0100,0.6600,,2616021801600.00,
601399,2026-06-06,21.3600,1.8200,,27122969150.00,
601456,2026-06-06,9.9700,0.9300,,49534766600.00,
601500,2026-06-06,5.2100,1.0700,,6595660492.19,
601512,2026-06-06,10.9700,0.8400,,13025354100.00,
300780,2026-06-06,0.0000,3.7700,,0.00,
601518,2026-06-06,5.2400,1.0300,,6030864468.75,
300782,2026-06-06,0.0000,5.7700,,0.00,
601528,2026-06-06,2.2000,0.4600,,9281023451.56,
601555,2026-06-06,4.6600,0.8500,,37314958121.88,
601566,2026-06-06,9.2600,1.5700,,6430189253.91,
601567,2026-06-06,12.8800,1.8400,,21555911812.50,
601568,2026-06-06,72.9100,1.3100,,14935555425.00,
601577,2026-06-06,1.6700,0.5200,,38446053850.00,
300787,2026-06-06,0.0000,1.9300,,0.00,
300793,2026-06-06,0.0000,1.8100,,0.00,
300795,2026-06-06,0.0000,4.5800,,0.00,
601579,2026-06-06,6.3200,1.9500,,7580316329.30,
601595,2026-06-06,66.6100,5.1200,,8663706000.00,
601598,2026-06-06,6.3600,1.0400,,43329457550.00,
601599,2026-06-06,20.6300,2.4100,,3690524901.56,
601600,2026-06-06,3.3100,2.2700,,183215092950.00,
601601,2026-06-06,2.9700,0.9300,,298711595812.50,
601607,2026-06-06,4.2500,0.7800,,60297964087.50,
601608,2026-06-06,25.9100,2.6100,,24637997493.75,
601609,2026-06-06,12.8300,2.1600,,21849985900.00,
601611,2026-06-06,8.3000,1.4900,,33453558093.75,
601615,2026-06-06,129.1300,1.2100,,31841873800.00,
601618,2026-06-06,3.4900,0.5500,,56901951562.50,
601619,2026-06-06,11.2000,1.8500,,14709695234.38,
601628,2026-06-06,4.7600,1.5500,,927647618100.00,
601633,2026-06-06,15.1400,1.6200,,143184198487.50,
601636,2026-06-06,158.6000,1.3900,,20799335862.50,
601658,2026-06-06,2.3200,0.5800,,595671448000.00,
601665,2026-06-06,2.3700,0.7300,,36984593425.00,
601666,2026-06-06,19.8800,1.0900,,23878748973.44,
601668,2026-06-06,1.4000,0.3900,,195032240800.00,
601669,2026-06-06,4.6100,0.6100,,89920548675.00,
601677,2026-06-06,3.2100,1.1400,,22520212282.81,
601678,2026-06-06,7.5400,0.9400,,11045210662.50,
601686,2026-06-06,5.9900,1.1600,,7742529325.00,
601688,2026-06-06,3.5400,0.9600,,170156381687.50,
601689,2026-06-06,21.4200,4.8100,,118172822500.00,
601696,2026-06-06,8.3200,1.5500,,30085740000.00,
601698,2026-06-06,503.6300,8.4600,,135180330000.00,
601699,2026-06-06,7.8200,1.2100,,56238490375.00,
601700,2026-06-06,20.8900,2.7600,,5932925353.91,
601702,2026-06-06,8.4300,3.0600,,20469877812.50,
601717,2026-06-06,3.6200,1.2900,,32280032000.00,
601588,2026-06-06,0.0000,1.0400,,6801380400.00,
601727,2026-06-06,32.0200,2.2200,,121834550600.00,
601728,2026-06-06,7.6100,1.1900,,559108625400.00,
601766,2026-06-06,4.8100,0.9200,,162435575900.00,
601777,2026-06-06,93.9400,4.3900,,45437055000.00,
300624,2026-06-06,0.0000,11.2300,,0.00,
601788,2026-06-06,5.4700,1.0300,,63767191125.00,
601789,2026-06-06,3.9200,1.1500,,7256105325.00,
601798,2026-06-06,23.5500,2.2400,,2896495419.53,
601799,2026-06-06,10.1100,3.1000,,35909899892.58,
601800,2026-06-06,2.4900,0.3500,,102204762750.00,
601801,2026-06-06,3.2800,0.9000,,10964415000.00,
601808,2026-06-06,7.2200,1.3000,,61792114781.25,
601811,2026-06-06,6.2400,1.0300,,16052271613.28,
601816,2026-06-06,7.7100,1.1500,,242182116000.00,
601818,2026-06-06,1.6100,0.3700,,184937771500.00,
601825,2026-06-06,2.3300,0.6300,,83520888287.50,
601827,2026-06-06,3.1100,1.0700,,13375466250.00,
601828,2026-06-06,22.2800,0.4700,,10622998262.50,
601838,2026-06-06,2.5600,0.8800,,80699808350.00,
601857,2026-06-06,4.0200,1.2000,,1941852597800.00,
601858,2026-06-06,48.2000,3.1700,,18078735000.00,
601860,2026-06-06,2.2300,0.4700,,9555235284.38,
601865,2026-06-06,68.3600,1.1800,,26076257878.13,
601866,2026-06-06,7.9900,1.0600,,32994140625.00,
601868,2026-06-06,8.7900,1.0700,,127854134650.00,
601869,2026-06-06,73.8500,25.6900,,365660835855.47,
601872,2026-06-06,4.3200,2.6500,,119503173500.00,
601877,2026-06-06,4.5900,1.2800,,58215567670.31,
601878,2026-06-06,5.5400,1.1000,,41621548718.75,
601880,2026-06-06,10.5000,0.9300,,37714828000.00,
601881,2026-06-06,3.9800,1.0900,,132306270250.00,
601882,2026-06-06,9.6100,3.5000,,10706220000.00,
601886,2026-06-06,6.2900,1.3000,,9607857225.00,
601888,2026-06-06,5.0600,2.0500,,118849972312.50,
601890,2026-06-06,10.2300,2.2200,,8634600000.00,
601898,2026-06-06,5.8100,1.3600,,223275897550.00,
601899,2026-06-06,3.9200,3.9900,,787882885450.00,
601900,2026-06-06,3.4600,1.1400,,10398427221.09,
601901,2026-06-06,3.6100,1.0200,,53673300150.00,
300804,2026-06-06,0.0000,2.1300,,0.00,
601916,2026-06-06,1.4200,0.4600,,84865722150.00,
601918,2026-06-06,5.0400,1.5800,,27615176387.50,
601919,2026-06-06,3.9100,0.9700,,229694756250.00,
601921,2026-06-06,12.5300,1.1300,,16333333078.13,
601928,2026-06-06,5.4100,1.1200,,22878651000.00,
300807,2026-06-06,0.0000,6.3100,,0.00,
601933,2026-06-06,10.9500,14.6600,,31399627587.50,
601939,2026-06-06,3.1000,0.7500,,2673555883600.00,
300808,2026-06-06,0.0000,4.1700,,0.00,
601952,2026-06-06,24.3800,1.6900,,11974820000.00,
300810,2026-06-06,0.0000,4.0600,,0.00,
601958,2026-06-06,7.8600,3.5800,,70856232075.00,
601963,2026-06-06,2.4300,0.7300,,43545276265.63,
601965,2026-06-06,9.3900,1.9300,,15447045796.88,
601966,2026-06-06,104.9100,0.7800,,17723017167.19,
601968,2026-06-06,8.6200,1.2400,,5638945528.13,
601969,2026-06-06,9.1600,2.6300,,18385529764.06,
601975,2026-06-06,4.6400,1.6700,,20031875262.50,
601985,2026-06-06,8.9600,1.5400,,184906342475.00,
601988,2026-06-06,3.4400,0.7100,,1949385141000.00,
601990,2026-06-06,9.7900,1.2100,,28685573337.50,
601991,2026-06-06,5.0700,3.9800,,146758210300.00,
300818,2026-06-06,0.0000,2.8200,,0.00,
601995,2026-06-06,4.3600,1.5200,,155920397062.50,
300830,2026-06-06,0.0000,3.1100,,0.00,
601997,2026-06-06,1.4700,0.3300,,21754378843.75,
601998,2026-06-06,2.0400,0.5500,,410104829200.00,
601999,2026-06-06,49.1400,1.2100,,3261414950.00,
300844,2026-06-06,0.0000,3.1600,,0.00,
603001,2026-06-06,16.7400,1.7900,,4250388000.00,
603002,2026-06-06,4054.6000,5.5000,,18995815136.72,
603004,2026-06-06,15.5700,2.1500,,4472524800.00,
603005,2026-06-06,45.6500,6.4100,,29869464718.75,
603006,2026-06-06,16.1000,2.6100,,3551932527.34,
300845,2026-06-06,0.0000,3.6200,,0.00,
300846,2026-06-06,0.0000,15.1100,,0.00,
603009,2026-06-06,64.1100,8.4800,,17423407175.78,
603010,2026-06-06,58.2500,3.1800,,8184574071.88,
300853,2026-06-06,0.0000,11.1300,,0.00,
603012,2026-06-06,24.7300,1.5000,,5753850000.00,
603013,2026-06-06,5.7900,2.0200,,9376651792.97,
603014,2026-06-06,11.0200,1.8000,,13033927968.75,
603015,2026-06-06,77.0100,3.7400,,5210382708.59,
603016,2026-06-06,90.7900,7.1000,,6007888000.00,
300862,2026-06-06,0.0000,2.1300,,0.00,
300868,2026-06-06,0.0000,10.5800,,0.00,
300869,2026-06-06,0.0000,2.6600,,0.00,
300870,2026-06-06,0.0000,15.6500,,0.00,
603017,2026-06-06,15.4200,2.1600,,3231426427.73,
603018,2026-06-06,7.0000,0.8800,,4766060951.56,
603019,2026-06-06,52.8900,5.3400,,120516846901.56,
603020,2026-06-06,11.9500,1.2300,,4008055459.38,
603022,2026-06-06,15.7400,2.2800,,1946000000.00,
300710,2026-06-06,0.0000,9.0000,,0.00,
603025,2026-06-06,7.1600,5.7400,,17028985175.78,
603026,2026-06-06,6.9200,3.7500,,19495689452.73,
603027,2026-06-06,6.9700,2.9400,,10331722382.81,
300875,2026-06-06,0.0000,3.8700,,0.00,
603029,2026-06-06,26.8400,2.0700,,1987581991.99,
603030,2026-06-06,145.9100,4.6900,,3279164648.44,
603031,2026-06-06,16.0900,7.5500,,21503616078.13,
603032,2026-06-06,23.4500,5.0300,,5888991909.18,
300876,2026-06-06,0.0000,2.6500,,0.00,
603035,2026-06-06,6.2300,0.8300,,4462107792.19,
603036,2026-06-06,12.4900,1.9600,,2760480347.66,
603037,2026-06-06,36.3800,3.4900,,3464956269.53,
603038,2026-06-06,6.2300,2.9900,,4288086665.63,
603039,2026-06-06,19.7800,4.6400,,12287105716.41,
603040,2026-06-06,18.6800,7.9500,,12356081603.52,
603041,2026-06-06,15.7100,1.4600,,2238064836.72,
300884,2026-06-06,0.0000,2.1600,,0.00,
603043,2026-06-06,15.6500,2.0700,,8258551743.75,
603045,2026-06-06,6.2400,9.0200,,11297483741.02,
603048,2026-06-06,19.2700,2.3900,,3053635200.00,
603049,2026-06-06,3.3400,1.5900,,40751030125.00,
603050,2026-06-06,18.9800,4.1900,,8046218414.06,
603051,2026-06-06,17.2700,2.0300,,3452478752.34,
300887,2026-06-06,0.0000,1.6600,,0.00,
603053,2026-06-06,4.9500,1.6300,,8257788100.00,
603055,2026-06-06,5.4900,1.3400,,7229185884.38,
603057,2026-06-06,12.3300,4.8100,,10267040000.00,
300889,2026-06-06,0.0000,3.8100,,0.00,
603059,2026-06-06,13.5800,2.3800,,2661890581.05,
300891,2026-06-06,0.0000,2.3100,,0.00,
603061,2026-06-06,31.2300,15.0800,,25763310000.00,
603062,2026-06-06,45.7000,2.1900,,4600800000.00,
603063,2026-06-06,48.9300,4.7800,,25012719676.56,
603065,2026-06-06,73.5600,2.0000,,4001140744.14,
603066,2026-06-06,2.5500,2.0900,,3185970457.62,
603067,2026-06-06,22.5400,6.6900,,27410461171.88,
603068,2026-06-06,31.2300,2.8900,,5069695976.56,
300894,2026-06-06,0.0000,3.7300,,0.00,
300895,2026-06-06,0.0000,10.7400,,0.00,
603071,2026-06-06,4.5300,1.3100,,7822521980.47,
603072,2026-06-06,20.3400,4.3700,,9738718000.00,
603073,2026-06-06,15.5600,1.4800,,2060160000.00,
603075,2026-06-06,13.7900,4.4000,,9860835605.47,
603076,2026-06-06,35.8300,2.2800,,2940283639.45,
603077,2026-06-06,12.1600,1.1900,,21107763000.00,
603078,2026-06-06,55.7000,8.0300,,16027086382.81,
603079,2026-06-06,19.2300,1.5800,,2532996765.63,
603080,2026-06-06,6.4100,1.7800,,2893675000.00,
603081,2026-06-06,113.7000,1.3500,,4313715826.95,
603082,2026-06-06,32.0800,3.6500,,6098131725.00,
603083,2026-06-06,57.2300,8.9500,,67715928007.81,
603085,2026-06-06,19.7700,5.1300,,4963750000.00,
603086,2026-06-06,11.9600,1.2400,,2626271039.06,
603087,2026-06-06,16.9400,2.7600,,32600906900.00,
603088,2026-06-06,65.7400,4.5900,,5275074082.03,
603090,2026-06-06,36.8400,9.7400,,6350000000.00,
603091,2026-06-06,7.4000,3.0400,,6937924888.48,
603092,2026-06-06,11.4100,4.2300,,24256007106.25,
603093,2026-06-06,6.6000,2.3500,,13521937528.13,
603095,2026-06-06,34.1200,2.0800,,4850295561.33,
603096,2026-06-06,11.5500,1.2700,,2384466909.96,
603097,2026-06-06,3294.4100,3.9800,,4295913201.56,
603098,2026-06-06,30.6800,2.3100,,6600531000.00,
603099,2026-06-06,125.7800,6.7600,,10183387042.58,
603100,2026-06-06,8.5000,1.9900,,9555285042.19,
603101,2026-06-06,5.2900,2.3800,,3405696000.00,
603102,2026-06-06,7.8500,1.3500,,2269440000.00,
603103,2026-06-06,36.8300,11.5600,,14776860000.00,
603105,2026-06-06,185.4900,1.9800,,4245095180.86,
603106,2026-06-06,136.9800,2.9400,,3898694800.00,
603107,2026-06-06,10.0100,2.0600,,4479808800.00,
300899,2026-06-06,0.0000,3.2500,,0.00,
603109,2026-06-06,19.2900,2.2700,,4479798146.48,
603110,2026-06-06,39.8900,5.9700,,4159355872.85,
603111,2026-06-06,9.7500,1.3200,,5439413736.72,
603112,2026-06-06,7.7600,2.5200,,11393185671.88,
300902,2026-06-06,0.0000,3.3800,,0.00,
603115,2026-06-06,63.2500,11.5900,,25081614603.91,
603116,2026-06-06,45.7700,1.6700,,4223551726.56,
300903,2026-06-06,0.0000,17.1900,,0.00,
603118,2026-06-06,43.1800,2.0800,,10557376607.81,
603119,2026-06-06,48.5400,16.5200,,34849782000.00,
603120,2026-06-06,24.3600,3.9600,,4717072000.00,
300904,2026-06-06,0.0000,6.0900,,0.00,
300911,2026-06-06,0.0000,4.0700,,0.00,
300928,2026-06-06,0.0000,2.5400,,0.00,
603124,2026-06-06,31.3300,12.7000,,24485192812.50,
603125,2026-06-06,12.1000,3.8900,,9837524671.88,
603126,2026-06-06,43.8700,2.2900,,4688640000.00,
603127,2026-06-06,10.2500,2.8500,,24428751421.88,
603128,2026-06-06,7.6400,1.1100,,7029579621.09,
603129,2026-06-06,8.3000,4.3900,,35101516985.35,
603130,2026-06-06,43.0900,4.3200,,6192264390.82,
603131,2026-06-06,55.3900,3.9500,,6519154078.13,
603132,2026-06-06,8.0400,4.8300,,16469520000.00,
603135,2026-06-06,48.0900,3.0100,,8898627244.53,
603136,2026-06-06,23.8200,1.8000,,2490568166.80,
603137,2026-06-06,6.1400,1.8600,,2222639604.49,
300929,2026-06-06,0.0000,2.0500,,0.00,
603139,2026-06-06,18.2100,6.9700,,3802431600.00,
603150,2026-06-06,21.5100,3.3200,,5777795837.99,
603151,2026-06-06,53.8900,1.5700,,2178263368.16,
603153,2026-06-06,43.6800,1.5000,,5815928920.31,
603155,2026-06-06,18.4500,2.8300,,6265210050.00,
603156,2026-06-06,6.3200,5.1500,,51028639138.28,
603158,2026-06-06,15.0700,3.5200,,7999554183.59,
300931,2026-06-06,0.0000,6.1000,,0.00,
603160,2026-06-06,21.9900,2.7500,,25772857603.13,
603161,2026-06-06,18.4400,1.8900,,2894730583.20,
603162,2026-06-06,7.0800,3.2100,,14885623500.00,
603163,2026-06-06,26.1100,8.4500,,10102000000.00,
603165,2026-06-06,6.8800,1.9900,,5219436969.92,
603166,2026-06-06,11.5600,3.1800,,8684001957.03,
603167,2026-06-06,8.9900,1.2100,,4278597768.75,
603170,2026-06-06,7.4200,3.1500,,4868121700.00,
603171,2026-06-06,61.6000,7.4800,,19264816450.00,
603172,2026-06-06,18.2600,2.2900,,2547558000.00,
603173,2026-06-06,5.9800,2.6600,,5529600000.00,
603178,2026-06-06,21.7500,3.5900,,4106474608.01,
603179,2026-06-06,18.3200,4.9300,,37288312658.59,
603181,2026-06-06,7.0700,2.2000,,7947450000.00,
603182,2026-06-06,7.7200,1.8600,,2109531000.00,
603186,2026-06-06,62.7000,8.2800,,19388712988.48,
603187,2026-06-06,4.7400,1.1500,,4957718482.81,
603188,2026-06-06,18.1000,3.5900,,2531554800.00,
603190,2026-06-06,6.5500,1.4500,,3272911200.00,
603191,2026-06-06,48.0700,2.3600,,5906366507.81,
603192,2026-06-06,21.9300,1.5100,,3322132826.95,
603193,2026-06-06,17.3000,4.0100,,9107394760.94,
603194,2026-06-06,7.7900,2.5700,,14187380000.00,
603195,2026-06-06,6.8400,4.0600,,72352539440.63,
603196,2026-06-06,41.9200,4.9800,,9922890972.66,
603197,2026-06-06,9.0800,2.0200,,6495677125.98,
603198,2026-06-06,3.3700,2.4500,,28104000000.00,
603199,2026-06-06,5.2200,2.1100,,3633624400.00,
603200,2026-06-06,453.3300,7.6700,,8430063891.41,
603201,2026-06-06,10.4400,1.9300,,3444332088.48,
603202,2026-06-06,8.1400,1.5000,,10329600000.00,
603203,2026-06-06,21.9100,11.2600,,16887106296.09,
603205,2026-06-06,13.1900,2.3800,,3625440000.00,
603206,2026-06-06,32.4800,2.0700,,4715340000.00,
603207,2026-06-06,6.5300,3.1800,,3658531058.79,
603209,2026-06-06,3.8700,1.2400,,4316000000.00,
603210,2026-06-06,9.1700,2.6600,,5146848000.00,
603211,2026-06-06,66.0300,5.9700,,7480156375.00,
603213,2026-06-06,19.2100,3.2700,,6276006726.56,
603214,2026-06-06,22.8500,1.6500,,1956184800.00,
603216,2026-06-06,62.0600,2.9000,,5248803300.00,
603217,2026-06-06,8.3700,1.4700,,5081499134.77,
603218,2026-06-06,13.5200,1.1000,,11478002395.31,
603219,2026-06-06,847.3500,5.5000,,8886962000.00,
603223,2026-06-06,7.1900,1.6400,,6698252559.38,
603225,2026-06-06,9.2800,1.6200,,34103447937.50,
603227,2026-06-06,19.6600,1.7200,,8980785114.06,
603228,2026-06-06,30.1900,5.2800,,70249852039.06,
603229,2026-06-06,7.9400,3.2400,,7671945290.63,
603230,2026-06-06,5.6300,1.2400,,3499877777.34,
603231,2026-06-06,9.4800,1.4900,,3011651667.58,
603233,2026-06-06,3.5500,2.3600,,18141848142.19,
603235,2026-06-06,6.9500,2.0200,,10222163000.00,
603236,2026-06-06,16.3500,3.3000,,23101284740.63,
603238,2026-06-06,7.3400,1.5200,,2279215610.16,
603239,2026-06-06,10.4200,3.7200,,5116608000.00,
603248,2026-06-06,41.0100,5.0600,,11826600000.00,
603255,2026-06-06,35.7800,2.5200,,4000065300.78,
603256,2026-06-06,126.4700,63.9900,,177353210809.38,
603257,2026-06-06,14.8900,2.9900,,7665600000.00,
603259,2026-06-06,6.1900,3.4200,,288111594025.00,
603260,2026-06-06,57.0800,1.5000,,44143610546.88,
603262,2026-06-06,49.1300,7.1700,,11264281600.00,
603266,2026-06-06,12.4800,2.2900,,3721171969.53,
603267,2026-06-06,17.9500,3.8300,,17284851203.13,
603268,2026-06-06,12.6100,13.0800,,137937885982.81,
603269,2026-06-06,30.2800,6.5700,,6783276977.34,
603270,2026-06-06,15.5900,2.8400,,6522806435.74,
603271,2026-06-06,7.3900,2.9000,,8815023200.00,
603273,2026-06-06,42.9000,3.5800,,3173981430.86,
603275,2026-06-06,13.6900,2.0600,,6206763847.27,
603276,2026-06-06,13.1400,1.8900,,3405451671.87,
603277,2026-06-06,16.9600,2.4600,,7020719956.25,
603279,2026-06-06,6.5400,1.7400,,8080749569.53,
603280,2026-06-06,27.7900,2.2500,,3116692602.54,
603281,2026-06-06,12.2200,2.5800,,12629864904.69,
603283,2026-06-06,18.9900,4.8500,,17291414478.52,
603284,2026-06-06,6.5300,1.3900,,3068628204.05,
603285,2026-06-06,21.5500,3.9800,,6848000000.00,
603288,2026-06-06,8.1500,4.7400,,199137604750.00,
603289,2026-06-06,51.9700,1.9200,,2860625625.00,
603290,2026-06-06,101.7900,3.8900,,27103610287.89,
603291,2026-06-06,29.0100,2.3600,,4316849976.56,
603293,2026-06-06,13.4600,2.6800,,7813727377.34,
603296,2026-06-06,11.2200,4.0800,,118991077640.63,
603297,2026-06-06,29.7800,6.5300,,13737291464.26,
603298,2026-06-06,6.8800,2.7000,,32457142134.38,
603299,2026-06-06,8.7700,1.1700,,9585789615.63,
603300,2026-06-06,9.6400,1.5700,,10491460390.63,
603301,2026-06-06,38.8500,3.7200,,21152315503.13,
603303,2026-06-06,29.5400,4.0600,,13092129527.34,
603305,2026-06-06,13.7700,1.8400,,17231615132.81,
603306,2026-06-06,278.7500,10.1400,,32603510923.83,
603307,2026-06-06,8.0000,1.8400,,2661810776.37,
603308,2026-06-06,36.3600,8.5900,,43689936256.25,
603309,2026-06-06,5.6300,1.8500,,3376952170.31,
603310,2026-06-06,13.4500,1.3600,,5532346800.00,
603311,2026-06-06,27.2800,7.1600,,9652369443.75,
603312,2026-06-06,9.8600,3.2000,,5895981646.97,
603315,2026-06-06,26.4900,3.0600,,5318080722.66,
603316,2026-06-06,22.2700,9.4700,,5232427277.34,
603317,2026-06-06,5.8300,3.0600,,14575945141.41,
603318,2026-06-06,93.4900,2.6200,,4925498043.75,
603319,2026-06-06,66.0400,5.9400,,14637700512.50,
603320,2026-06-06,20.0500,2.6800,,3208134787.21,
603321,2026-06-06,34.9400,1.5900,,2299181753.52,
603322,2026-06-06,11.5500,18.2800,,4811124908.59,
603323,2026-06-06,2.0600,0.4900,,9527515437.50,
603325,2026-06-06,14.2300,1.6900,,4680233942.87,
603326,2026-06-06,25.8600,1.9500,,2329991330.08,
603327,2026-06-06,23.0900,4.4500,,11144596937.50,
603328,2026-06-06,35.2800,3.0700,,13289270714.84,
603329,2026-06-06,6.3300,1.7300,,2545521128.52,
603330,2026-06-06,110.5000,2.8600,,3725319642.19,
603331,2026-06-06,424.6900,2.4700,,2575717213.67,
603332,2026-06-06,13.3800,1.9600,,2587512596.09,
603333,2026-06-06,997.3000,2.6800,,5463227755.08,
603334,2026-06-06,14.6200,3.4400,,5978210000.00,
603336,2026-06-06,182.2800,3.8200,,5484557345.31,
603337,2026-06-06,7.3700,3.5200,,18923073468.75,
603338,2026-06-06,5.8600,2.2400,,26532629468.75,
603339,2026-06-06,9.7100,1.5200,,4112473433.79,
603341,2026-06-06,131.2500,2.8000,,20224255675.78,
603344,2026-06-06,18.0100,2.7900,,6046023358.59,
603345,2026-06-06,5.1300,1.8000,,28889482393.75,
603350,2026-06-06,13.1900,2.6200,,3572871099.80,
603351,2026-06-06,9.1700,1.8800,,3449633916.80,
603352,2026-06-06,28.4100,2.3300,,6879334321.29,
603353,2026-06-06,33.8800,4.6500,,7477910830.08,
603355,2026-06-06,84.5000,2.6000,,14667490064.06,
603357,2026-06-06,19.4500,0.9700,,3873353533.59,
603360,2026-06-06,72.0200,10.1300,,14279842645.31,
603365,2026-06-06,4.6000,1.4900,,4832557041.21,
603367,2026-06-06,4.6600,0.9600,,6094070207.03,
603368,2026-06-06,2.8900,0.8300,,6490434378.13,
603369,2026-06-06,2.3300,1.8000,,32329524000.00,
603370,2026-06-06,22.3100,3.7900,,7452870000.00,
603373,2026-06-06,23.0100,2.8700,,5361291448.24,
603375,2026-06-06,192.6100,3.0700,,4750461536.13,
603376,2026-06-06,82.3100,6.3500,,11136028275.00,
603379,2026-06-06,7.2700,4.2700,,36775254018.75,
603380,2026-06-06,18.6800,3.5300,,5702080289.65,
603381,2026-06-06,17.9700,1.3100,,4377378893.55,
603382,2026-06-06,24.7100,2.1800,,3867905009.38,
603383,2026-06-06,13.2700,3.9800,,6163426837.89,
603387,2026-06-06,5.6400,1.5200,,4305733347.66,
603390,2026-06-06,6.7300,2.5100,,4297187344.53,
603391,2026-06-06,136.1600,2.2500,,5097820000.00,
603393,2026-06-06,7.8100,1.2000,,11339894482.42,
603395,2026-06-06,28.6900,4.1800,,5961800000.00,
603396,2026-06-06,19.4400,1.6200,,4237556225.00,
603399,2026-06-06,6.6800,5.4700,,8852383350.00,
603400,2026-06-06,21.8900,5.5600,,6818000000.00,
603402,2026-06-06,17.8500,2.5000,,7352076905.27,
603406,2026-06-06,10.6300,2.5100,,11720293000.00,
603407,2026-06-06,41.1500,11.1300,,22947058488.28,
603408,2026-06-06,4.8300,1.3000,,4551817489.45,
603409,2026-06-06,12.2700,3.2900,,5104215000.00,
603416,2026-06-06,17.1700,3.3900,,9337175820.90,
603418,2026-06-06,9.4200,2.1000,,9722924545.31,
603435,2026-06-06,60.1700,17.9100,,38161410925.00,
603439,2026-06-06,15.6500,4.6600,,6951813320.31,
603444,2026-06-06,4.6600,4.0200,,24131606809.03,
603456,2026-06-06,6.3800,1.2400,,10984658292.97,
603459,2026-06-06,59.9600,18.2200,,74229653912.50,
603466,2026-06-06,16.1400,3.3100,,6876115587.50,
603486,2026-06-06,8.4300,3.6800,,34110120604.69,
603489,2026-06-06,17.7300,2.8600,,7934781024.22,
603496,2026-06-06,125.0700,5.2200,,7275153006.25,
603499,2026-06-06,17.7700,5.8800,,5440647213.67,
603500,2026-06-06,10.3500,3.7700,,4069938574.22,
603501,2026-06-06,23.9200,3.6600,,120318209081.25,
603505,2026-06-06,25.1800,8.1400,,15427789619.53,
603506,2026-06-06,4.3600,1.6800,,2078700168.16,
603507,2026-06-06,6.9300,2.5900,,6725154750.59,
603508,2026-06-06,5.3000,2.0400,,8506232177.73,
603511,2026-06-06,5.6200,1.1800,,5272860146.48,
603515,2026-06-06,10.6700,1.9600,,13979741892.19,
603516,2026-06-06,1605.1800,16.1100,,27445285971.48,
603517,2026-06-06,10.5200,1.2500,,7508364683.20,
603518,2026-06-06,2.6600,0.7700,,2945852493.36,
603519,2026-06-06,9.8900,2.6500,,3342413801.76,
603520,2026-06-06,20.5500,1.6700,,4305185049.22,
603527,2026-06-06,11.1300,2.0100,,4272771660.16,
603529,2026-06-06,9.5400,1.8900,,18711772406.25,
603530,2026-06-06,23.6100,12.2000,,23207364600.00,
603535,2026-06-06,19.1100,1.4200,,3520226957.81,
603536,2026-06-06,318.1500,6.3700,,2229903367.19,
603538,2026-06-06,30.9000,3.7900,,9629678058.98,
603551,2026-06-06,10.0700,2.8500,,4139831401.56,
603556,2026-06-06,13.0700,1.5900,,11884297506.25,
603558,2026-06-06,4.4100,1.7200,,4029422971.88,
603559,2026-06-06,50.6700,4.3600,,3414867203.52,
603565,2026-06-06,3.9000,1.8800,,20559617993.75,
603566,2026-06-06,8.8600,1.3600,,3609429837.89,
603568,2026-06-06,7.0000,2.0100,,30761850293.75,
603569,2026-06-06,381.0800,1.3600,,3621043828.13,
603577,2026-06-06,24.5100,1.6900,,3333737368.36,
603579,2026-06-06,5.4300,1.3200,,3787827260.16,
603580,2026-06-06,105.2900,6.4500,,2937533606.25,
603583,2026-06-06,19.9600,2.1400,,10072478158.20,
603585,2026-06-06,14.2200,1.1100,,3060899356.45,
603586,2026-06-06,40.5400,1.4900,,3450529156.25,
603587,2026-06-06,5.8500,1.5800,,5888232731.25,
603588,2026-06-06,3.4300,2.0200,,20655060243.75,
603589,2026-06-06,3.6900,1.1300,,12141825691.41,
603590,2026-06-06,10.2500,1.5000,,4840279560.55,
603595,2026-06-06,23.0900,3.6100,,5494936082.81,
603596,2026-06-06,10.3000,3.4300,,27665250353.13,
603598,2026-06-06,54.6200,25.3800,,5674128018.75,
603599,2026-06-06,6.4600,0.9900,,10158606225.00,
603600,2026-06-06,4.7100,1.4400,,3390244664.06,
603601,2026-06-06,131.6700,6.9600,,18837202059.38,
603602,2026-06-06,61.6000,3.4300,,3059201300.00,
603605,2026-06-06,7.1000,4.1000,,26047307446.88,
603606,2026-06-06,8.9300,3.9000,,33165550413.28,
603607,2026-06-06,14.6900,3.6700,,3923799195.31,
603608,2026-06-06,66.7800,7.9300,,8684342204.30,
603609,2026-06-06,64.9200,0.8800,,5622322353.91,
603610,2026-06-06,19.7000,2.1300,,6643301941.41,
603611,2026-06-06,6.3500,1.4600,,4742430742.38,
603612,2026-06-06,4.9100,1.7100,,10131445371.09,
603613,2026-06-06,6.0400,1.7600,,16536342796.88,
603615,2026-06-06,92.4900,4.0300,,4638107600.00,
603617,2026-06-06,16.2400,1.8200,,2841724297.27,
603618,2026-06-06,35.6700,10.6600,,28837277318.75,
603619,2026-06-06,37.0800,2.6900,,11738774911.72,
603626,2026-06-06,3.3200,5.6100,,12778879203.13,
603628,2026-06-06,64.0900,2.2000,,2883987768.75,
603629,2026-06-06,17.4400,21.0800,,47317281600.00,
603630,2026-06-06,14.2600,1.6200,,3060530641.41,
603638,2026-06-06,12.7100,5.2800,,19248017259.38,
603639,2026-06-06,5.0900,1.0900,,3835640788.28,
603648,2026-06-06,9.7400,1.7100,,3239970543.75,
603650,2026-06-06,18.5300,7.8200,,33773670488.28,
603655,2026-06-06,46.9200,6.7000,,3858400000.00,
603656,2026-06-06,62.6200,2.6500,,3514380953.91,
603658,2026-06-06,7.5200,1.9400,,17771311425.78,
603659,2026-06-06,8.3800,2.8100,,58985978115.63,
603661,2026-06-06,8.1800,1.3100,,4822843627.73,
603662,2026-06-06,45.2400,6.6700,,18602172731.25,
603663,2026-06-06,74.9000,19.8800,,27628778251.95,
603665,2026-06-06,26.8000,6.4900,,4282884172.66,
603667,2026-06-06,92.4800,9.0700,,28483513291.41,
603668,2026-06-06,83.4300,2.6400,,5594111709.38,
603669,2026-06-06,98.0800,5.2200,,2899184053.91,
603676,2026-06-06,5.7200,2.5300,,3907750129.69,
603677,2026-06-06,26.3400,2.6400,,3073910339.06,
603678,2026-06-06,75.5200,4.8700,,29951184566.41,
603680,2026-06-06,4.8500,1.5600,,9161673100.78,
603681,2026-06-06,21.2500,1.7100,,5691538617.19,
603682,2026-06-06,44.6400,6.2600,,4068225000.00,
603683,2026-06-06,38.5700,5.8300,,9859012893.36,
603685,2026-06-06,84.7700,4.2000,,8451079728.71,
603686,2026-06-06,9.6100,1.7900,,6272998898.44,
603687,2026-06-06,46.6200,3.1400,,10285596792.97,
603688,2026-06-06,102.3700,6.4300,,37641223764.06,
603689,2026-06-06,3.6300,1.1000,,4159183981.64,
603693,2026-06-06,12.4700,1.9000,,13648496603.13,
603696,2026-06-06,27.4800,5.3200,,3076416000.00,
603697,2026-06-06,6.9400,2.4900,,4567751728.13,
603698,2026-06-06,43.4000,5.0500,,17778788300.00,
603699,2026-06-06,12.9800,8.9600,,44819103907.03,
603700,2026-06-06,21.6800,1.4200,,2339554166.02,
603701,2026-06-06,71.8200,7.3900,,5998255479.49,
603703,2026-06-06,88.4300,6.5400,,5403067064.06,
603706,2026-06-06,4.1300,2.3000,,4240278548.05,
603707,2026-06-06,14.5900,1.8700,,12989834793.75,
603708,2026-06-06,4.0900,2.5800,,6211035657.42,
603709,2026-06-06,99.3100,3.9800,,2023539016.11,
603711,2026-06-06,5.9300,1.5500,,5536641701.95,
603637,2026-06-06,0.0000,4.1100,,4286798735.94,
603713,2026-06-06,4.5000,1.6900,,8303280152.93,
603657,2026-06-06,0.0000,3.9800,,3471679200.00,
603660,2026-06-06,0.0000,9.3900,,6652174973.44,
603718,2026-06-06,34.6700,2.4800,,2196918796.88,
603719,2026-06-06,8.1000,1.8900,,3865640000.00,
300982,2026-06-06,0.0000,1.4900,,0.00,
300983,2026-06-06,0.0000,2.2000,,0.00,
603725,2026-06-06,20.2100,4.5500,,3914372807.81,
603726,2026-06-06,5.4600,3.1900,,4774948642.97,
300989,2026-06-06,0.0000,3.0400,,0.00,
603728,2026-06-06,199.5400,9.2700,,27570846150.00,
603729,2026-06-06,49.6700,4.3800,,1195381316.60,
603730,2026-06-06,14.3800,5.3900,,26814352500.00,
603733,2026-06-06,7.3900,2.1200,,18535297289.06,
603737,2026-06-06,24.3400,8.6500,,25968222896.88,
603738,2026-06-06,74.5000,9.4400,,17168134875.00,
603739,2026-06-06,17.9400,1.7800,,3205876242.19,
603755,2026-06-06,13.5200,3.2400,,2460411844.24,
603757,2026-06-06,88.5300,4.7800,,10144442428.91,
603758,2026-06-06,20.2200,1.8300,,4739007515.63,
603759,2026-06-06,94.0600,1.2400,,3638668800.00,
603766,2026-06-06,5.5000,2.6800,,25915698462.50,
603767,2026-06-06,89.6400,3.9800,,5441173413.87,
603768,2026-06-06,38.4300,1.2200,,2665106062.50,
603786,2026-06-06,12.6500,3.3200,,19134731334.38,
603787,2026-06-06,9.3100,1.5200,,2345165409.57,
603788,2026-06-06,7.2500,1.5600,,3399512088.28,
603790,2026-06-06,14.2200,3.9900,,5206905600.00,
603797,2026-06-06,5.1000,0.7300,,2462104183.98,
603798,2026-06-06,8.8500,3.3100,,4110887238.28,
603799,2026-06-06,3.7900,1.8800,,94760505900.00,
603803,2026-06-06,81.3500,3.6200,,5565975078.13,
603806,2026-06-06,14.4200,2.7800,,44974763800.00,
603808,2026-06-06,8.0600,1.2800,,3306334816.41,
603809,2026-06-06,9.0800,2.4900,,9405351823.44,
603810,2026-06-06,15.9400,1.3800,,2136221314.84,
603811,2026-06-06,7.9500,2.4300,,3521794234.38,
603815,2026-06-06,6.3900,2.3300,,3664031375.00,
603816,2026-06-06,4.5800,2.0500,,22729562572.66,
603817,2026-06-06,5.1800,1.0700,,3494614824.22,
603818,2026-06-06,172.1900,1.0300,,2135151305.47,
603819,2026-06-06,39.2500,3.3300,,2704209025.78,
603823,2026-06-06,28.7200,4.9200,,12332811135.16,
603826,2026-06-06,26.2400,10.4200,,19492200000.00,
603828,2026-06-06,102.5000,6.1000,,3122831423.44,
603829,2026-06-06,118.1900,2.5600,,3824044909.57,
603833,2026-06-06,14.2500,1.1900,,22051334640.63,
603836,2026-06-06,21.4200,1.4800,,2581858757.03,
603839,2026-06-06,8.6300,1.5600,,2623969910.16,
603848,2026-06-06,14.4800,2.2600,,5883182801.56,
603855,2026-06-06,6.4900,2.7300,,6125824933.59,
603856,2026-06-06,7.6500,1.2200,,3412878734.38,
603858,2026-06-06,4.9500,1.5500,,15871254984.38,
603859,2026-06-06,22.6100,3.5100,,11094593505.47,
603860,2026-06-06,268.8300,2.1800,,1833700000.00,
603861,2026-06-06,28.5600,2.4300,,9724098860.55,
603866,2026-06-06,14.1600,1.4000,,7342711214.06,
603867,2026-06-06,9.9900,2.5900,,8118778481.84,
603868,2026-06-06,7.7900,4.1800,,14684076000.00,
603869,2026-06-06,130.8000,1.2800,,4812695699.22,
603871,2026-06-06,5.1100,2.6600,,16758105273.44,
603876,2026-06-06,12.0200,3.0500,,23287435718.75,
603877,2026-06-06,4.4100,1.3200,,6020347485.94,
603881,2026-06-06,58.1200,7.7300,,26026799842.19,
603882,2026-06-06,26.0000,1.7500,,11127463915.63,
603883,2026-06-06,3.4100,1.3200,,9008027082.03,
603885,2026-06-06,5.4000,2.3000,,23805657906.25,
603888,2026-06-06,32.9900,3.4100,,12988710410.16,
603889,2026-06-06,4.6500,1.4600,,5581323562.50,
603890,2026-06-06,22.9900,4.2300,,13958294367.19,
603893,2026-06-06,22.1500,15.4500,,72928896182.03,
603895,2026-06-06,68.5000,17.4200,,3575286400.00,
603896,2026-06-06,10.9600,1.4300,,3171902500.00,
603897,2026-06-06,19.5100,3.4300,,8703329243.75,
603899,2026-06-06,6.0600,2.1200,,20417913560.16,
603900,2026-06-06,4.1900,1.1200,,2239553542.58,
603901,2026-06-06,9.0800,2.0000,,6471197674.22,
603903,2026-06-06,18.3000,2.2100,,3155748923.44,
603906,2026-06-06,8.6900,5.4000,,18618923881.25,
603908,2026-06-06,9.2100,3.8800,,1885821789.55,
603909,2026-06-06,10.3400,2.2100,,2611944516.80,
603915,2026-06-06,19.9500,2.8400,,10973309475.00,
603916,2026-06-06,18.9000,1.3400,,5703864731.25,
603919,2026-06-06,4.7300,2.7300,,9668375600.00,
603920,2026-06-06,120.4800,6.7800,,44136276269.53,
603922,2026-06-06,31.3400,2.9500,,2741760000.00,
603926,2026-06-06,16.8400,2.8500,,4992422115.23,
603928,2026-06-06,12.3100,2.4300,,3915475200.00,
603929,2026-06-06,14.6400,14.3700,,36290402400.00,
603931,2026-06-06,39.3300,5.7800,,11530484261.72,
603933,2026-06-06,14.3700,3.7000,,4960316164.06,
603937,2026-06-06,11.5900,1.9400,,3001756597.27,
603938,2026-06-06,52.0200,7.9600,,20210225677.34,
603939,2026-06-06,4.8300,2.0300,,24126606085.94,
603948,2026-06-06,7.4300,1.7800,,3930613729.10,
603949,2026-06-06,13.9800,2.9700,,3279063039.84,
603950,2026-06-06,25.2800,6.7700,,20945332346.48,
603958,2026-06-06,25.5100,6.7500,,4391587200.00,
603960,2026-06-06,200.9700,5.0400,,5679206310.94,
603966,2026-06-06,8.6800,2.2200,,4709685046.88,
603967,2026-06-06,4.3800,1.7500,,4333333984.38,
301528,2026-06-06,0.0000,3.6300,,0.00,
603969,2026-06-06,10.7900,2.5000,,7076854684.38,
603970,2026-06-06,5.5400,1.8700,,3045505106.45,
603976,2026-06-06,49.5200,2.8500,,3380916941.80,
603977,2026-06-06,22.9500,2.6500,,9163316503.91,
603978,2026-06-06,31.3000,3.4000,,5646772441.41,
603979,2026-06-06,7.4200,3.9000,,44632096242.19,
603980,2026-06-06,21.3500,0.9900,,3898560600.00,
301557,2026-06-06,0.0000,4.9100,,0.00,
603983,2026-06-06,9.1100,2.6800,,9206960000.00,
603985,2026-06-06,15.8400,3.0900,,10316077382.81,
603986,2026-06-06,23.4100,13.5400,,342137981875.00,
603987,2026-06-06,5.8600,1.1100,,3166734013.67,
603988,2026-06-06,105.6000,7.1300,,4753392000.00,
603989,2026-06-06,20.5700,3.5800,,14156683066.41,
603990,2026-06-06,180.4400,8.2700,,6940365875.78,
603991,2026-06-06,31.9400,4.6300,,16275799534.57,
603992,2026-06-06,15.2200,3.9600,,14522910101.56,
603993,2026-06-06,5.0100,4.3800,,389162498900.00,
603995,2026-06-06,5.4800,1.1700,,6910184039.06,
603997,2026-06-06,14.1900,3.4500,,18676846759.38,
603998,2026-06-06,4.8100,2.4500,,4250308012.50,
603999,2026-06-06,34.3900,1.5800,,3271680000.00,
605001,2026-06-06,20.3100,0.9100,,2479110758.59,
605003,2026-06-06,19.1700,1.7800,,2624600000.00,
605005,2026-06-06,14.6200,3.0600,,6516250000.00,
605006,2026-06-06,114.6100,4.4000,,11555542555.08,
605007,2026-06-06,6.3800,1.7600,,6341480900.00,
301577,2026-06-06,0.0000,6.4200,,0.00,
301578,2026-06-06,0.0000,2.7100,,0.00,
301590,2026-06-06,0.0000,3.6800,,0.00,
301592,2026-06-06,0.0000,7.5800,,0.00,
301601,2026-06-06,0.0000,1.9400,,0.00,
301622,2026-06-06,0.0000,4.1600,,0.00,
301629,2026-06-06,0.0000,12.4400,,0.00,
301633,2026-06-06,0.0000,3.0700,,0.00,
301658,2026-06-06,0.0000,4.1500,,0.00,
605009,2026-06-06,6.3000,1.5100,,5259829671.09,
605011,2026-06-06,20.5000,3.3600,,8306076000.00,
605016,2026-06-06,8.3100,4.8100,,10021493589.84,
605018,2026-06-06,53.6900,2.9300,,8282559065.63,
605020,2026-06-06,9.7600,2.9700,,17602812778.91,
605028,2026-06-06,117.0300,2.5500,,3508800000.00,
605033,2026-06-06,7.3900,2.2200,,2633696000.00,
605050,2026-06-06,6.1100,1.1800,,5288057517.19,
605056,2026-06-06,30.4700,4.3100,,7921758480.47,
605058,2026-06-06,16.0600,2.9300,,5316768949.22,
605060,2026-06-06,19.2200,4.7400,,11981481210.94,
605066,2026-06-06,17.8100,1.9200,,3442395799.22,
600212,2026-06-06,0.0000,7.4800,,4316440936.72,
605077,2026-06-06,18.6000,1.3400,,4124510500.00,
605080,2026-06-06,4.3100,1.3600,,3089835681.05,
605086,2026-06-06,27.5600,3.1900,,5198592000.00,
605088,2026-06-06,8.6400,2.2700,,6720370007.81,
605089,2026-06-06,13.2400,2.3800,,3009780000.00,
605090,2026-06-06,6.1000,2.2600,,26514217284.38,
605098,2026-06-06,16.5900,6.3200,,6481297476.07,
605099,2026-06-06,7.8000,4.6900,,15654753255.47,
605100,2026-06-06,63.3800,4.5400,,8172161912.89,
605108,2026-06-06,20.3500,1.4600,,3411200000.00,
605111,2026-06-06,26.3900,5.7500,,24953183640.63,
605116,2026-06-06,12.0300,2.8500,,7689048035.16,
605117,2026-06-06,11.2400,11.5500,,133561207863.28,
605118,2026-06-06,20.2200,8.8100,,14246219600.00,
605122,2026-06-06,33.4100,1.2800,,2225090190.43,
605123,2026-06-06,14.7100,2.7000,,12599350019.53,
605128,2026-06-06,15.2700,3.2200,,7070980466.41,
605133,2026-06-06,22.6400,2.6500,,10114654256.05,
605136,2026-06-06,34.7100,1.4900,,3588108300.00,
605138,2026-06-06,2.2600,1.4900,,3744551804.69,
605151,2026-06-06,14.1100,2.0400,,2808146137.70,
605155,2026-06-06,13.4700,1.9700,,2701129249.22,
605162,2026-06-06,44.8600,3.8200,,5447009355.47,
605166,2026-06-06,9.6100,1.6500,,3273220031.25,
605167,2026-06-06,20.0900,3.1900,,6730176510.94,
605168,2026-06-06,90.4700,3.6400,,9950562031.25,
605169,2026-06-06,71.6900,1.5600,,3145625600.00,
605179,2026-06-06,36.7600,5.0500,,5814500000.00,
605180,2026-06-06,63.7600,2.0200,,2323750000.00,
605183,2026-06-06,8.0200,1.6700,,6338060015.63,
605186,2026-06-06,115.1200,3.5500,,3929040000.00,
605188,2026-06-06,25.6800,5.5700,,6822028642.19,
605189,2026-06-06,4.5500,1.4300,,3337670981.84,
605196,2026-06-06,30.9900,5.9100,,20004561140.63,
605198,2026-06-06,24.8700,6.3400,,18086254982.81,
605208,2026-06-06,27.1200,2.1800,,4843519200.00,
605222,2026-06-06,12.1500,2.4600,,11581937039.06,
605228,2026-06-06,12.8900,2.6100,,5984649853.13,
605258,2026-06-06,58.3400,2.4500,,2982320000.00,
605259,2026-06-06,7.3700,1.7600,,3315065600.00,
605266,2026-06-06,7.8200,1.0400,,2812680787.11,
605268,2026-06-06,16.0500,2.6800,,4628156925.00,
605277,2026-06-06,16.5200,4.2100,,7348045359.38,
605286,2026-06-06,59.1300,2.4900,,5377680000.00,
605287,2026-06-06,18.2700,3.9000,,6174000000.00,
605289,2026-06-06,35.8300,12.2400,,16672696911.62,
605298,2026-06-06,131.3000,9.4800,,10143900000.00,
605299,2026-06-06,27.4200,5.2100,,6669306096.88,
605300,2026-06-06,24.4000,1.5100,,4348594542.19,
605305,2026-06-06,6.3900,2.6900,,8228774400.00,
605319,2026-06-06,9.6100,3.3900,,9690704206.25,
605333,2026-06-06,30.3600,2.6600,,9187999734.38,
605337,2026-06-06,6.9100,2.2100,,3698169848.44,
605338,2026-06-06,10.3600,2.0500,,4891951998.05,
605339,2026-06-06,189.5400,1.6700,,5723680004.30,
605358,2026-06-06,620.4900,6.4200,,44827896540.63,
605365,2026-06-06,42.8000,2.2400,,8509118496.09,
605368,2026-06-06,5.9000,1.5200,,5059622437.50,
605369,2026-06-06,11.9600,2.2300,,3827756581.25,
605376,2026-06-06,65.1600,26.5100,,46672056000.00,
605377,2026-06-06,7.1800,1.1800,,4670463921.88,
605388,2026-06-06,39.3600,2.2200,,3410749031.25,
605389,2026-06-06,42.2200,7.3800,,15914129737.50,
605398,2026-06-06,126.9400,3.8300,,3978415894.04,
605488,2026-06-06,56.0600,4.6700,,10559793827.34,
605499,2026-06-06,7.8500,4.8200,,98669043507.03,
605507,2026-06-06,7.7400,1.4300,,12439410960.94,
605555,2026-06-06,62.1300,2.6300,,7866120996.09,
605566,2026-06-06,22.8900,2.8200,,5734953400.00,
605567,2026-06-06,21.6200,1.6700,,1860000000.00,
605577,2026-06-06,3.6600,1.1200,,4506667150.78,
605580,2026-06-06,15.0700,6.8200,,7324800000.00,
605589,2026-06-06,25.1500,4.0900,,44604674773.44,
605598,2026-06-06,252.3600,5.8800,,10073046230.47,
605599,2026-06-06,3.0300,2.3900,,12078889428.13,
688001,2026-06-06,1120.8900,9.0800,,32726651664.06,
688002,2026-06-06,11.7100,7.8800,,56082353187.50,
688003,2026-06-06,434.6100,10.3300,,20403653320.31,
688005,2026-06-06,199.9900,2.9900,,23199988715.63,
688006,2026-06-06,14.9200,3.4600,,19112258982.81,
688008,2026-06-06,34.5300,14.0400,,292582458000.00,
688009,2026-06-06,10.1900,1.1100,,53160890125.00,
688012,2026-06-06,27.7900,10.6400,,258604539375.00,
688013,2026-06-06,23.7500,3.9900,,2302384388.62,
605055,2026-06-06,0.0000,5.1800,,5086400000.00,
688015,2026-06-06,20.2900,1.2300,,3313233146.87,
688016,2026-06-06,7.8500,2.8800,,12153643021.48,
688017,2026-06-06,220.7800,20.1900,,72048728378.91,
688018,2026-06-06,20.7800,6.2700,,28184711699.22,
688019,2026-06-06,23.0000,10.4100,,47773469707.03,
688021,2026-06-06,16.3000,2.0200,,1781203374.32,
688025,2026-06-06,36.3900,14.7900,,35548477207.03,
688028,2026-06-06,62.4700,8.7600,,17709337138.28,
688029,2026-06-06,9.4100,3.2500,,13787999332.03,
688035,2026-06-06,32.0500,4.6700,,11030712000.00,
688036,2026-06-06,9.9600,3.2800,,69761782593.75,
688037,2026-06-06,1420.4400,17.7900,,49840253445.70,
688041,2026-06-06,92.7100,27.1100,,637008106537.50,
688045,2026-06-06,35.4400,3.3600,,4830995783.69,
688046,2026-06-06,15.3500,3.1700,,7228300000.00,
688048,2026-06-06,1450.5400,21.5600,,64978534802.93,
688049,2026-06-06,15.2500,3.5500,,7428861958.20,
688050,2026-06-06,8.9800,2.8000,,8014123716.80,
688056,2026-06-06,49.1300,3.9900,,3248512400.00,
688057,2026-06-06,28.6300,1.2100,,3861240000.00,
688059,2026-06-06,9.4400,7.6200,,16545815146.87,
688063,2026-06-06,64.7500,1.5600,,14432033842.19,
688065,2026-06-06,19.4600,1.8000,,32248865421.09,
688067,2026-06-06,21.5600,3.0700,,1601400000.00,
688071,2026-06-06,213.2300,2.8500,,2880306016.11,
688072,2026-06-06,28.8500,22.6900,,164612138449.22,
688073,2026-06-06,9.2900,2.0700,,4352382099.71,
688076,2026-06-06,7.0600,2.9300,,9140220789.84,
688077,2026-06-06,27.7300,2.9100,,3228293589.84,
688080,2026-06-06,32.3400,2.5600,,3005168824.22,
688082,2026-06-06,116.1500,8.8300,,121131776406.25,
688085,2026-06-06,66.8700,2.2300,,4718494375.00,
688087,2026-06-06,14.0700,2.4900,,7180027773.44,
688088,2026-06-06,27.7500,5.4100,,15007784313.28,
688090,2026-06-06,65.3900,14.5500,,13459487041.21,
688091,2026-06-06,48.4500,6.0800,,8801439021.88,
688092,2026-06-06,38.1900,3.3800,,2252585856.93,
688093,2026-06-06,9.6600,2.8700,,8243254113.28,
688095,2026-06-06,57.7100,2.4700,,6502055754.00,
688097,2026-06-06,108.2500,6.4200,,30827632018.75,
688099,2026-06-06,23.3100,5.3600,,40381356379.69,
688100,2026-06-06,11.1800,4.6800,,16574707933.98,
688101,2026-06-06,5.9600,1.3000,,5869974093.75,
688102,2026-06-06,67.8600,14.9700,,29229751999.22,
688103,2026-06-06,87.8800,5.2400,,5909566933.59,
688105,2026-06-06,165.6700,1.8200,,6927600570.31,
688106,2026-06-06,297.2100,4.0100,,14471453382.42,
688108,2026-06-06,33.3200,8.2200,,8150063847.66,
688110,2026-06-06,40.3100,15.5000,,55739550234.38,
688111,2026-06-06,4.9400,7.1700,,108544916621.09,
688112,2026-06-06,29.6200,6.9200,,11356915709.77,
688113,2026-06-06,9.1200,2.5600,,2590071377.73,
688115,2026-06-06,71.1000,2.9400,,3746854000.00,
688116,2026-06-06,25.5300,3.8200,,14397376653.13,
688117,2026-06-06,7.6500,4.5100,,5076642600.00,
688119,2026-06-06,178.4600,1.8100,,5085000000.00,
688120,2026-06-06,35.4600,11.3600,,87705694062.50,
688121,2026-06-06,2.5400,0.6000,,1513818745.31,
688122,2026-06-06,89.9400,5.5000,,39428138030.86,
688123,2026-06-06,66.7600,7.6600,,20590598604.30,
688127,2026-06-06,26.2400,14.5600,,33997990959.38,
688128,2026-06-06,8.2400,3.0600,,11038805000.00,
688129,2026-06-06,13.4600,2.9800,,3075823734.08,
688131,2026-06-06,23.4500,5.1100,,15907800292.97,
688135,2026-06-06,242.1400,5.2200,,8277519710.94,
688138,2026-06-06,18.0600,3.5500,,10057860000.00,
688139,2026-06-06,11.8800,2.1200,,9437817998.44,
688143,2026-06-06,385.9900,16.8000,,22768445578.13,
688146,2026-06-06,120.8000,20.8500,,122352360375.78,
688147,2026-06-06,186.7300,13.2800,,39247130761.72,
688148,2026-06-06,6.7800,10.8400,,4168113473.83,
688150,2026-06-06,43.6100,10.2800,,20053466464.45,
688151,2026-06-06,90.5400,1.3700,,5801380000.00,
688155,2026-06-06,6.6300,4.1500,,10181890765.43,
600325,2026-06-06,0.0000,0.8800,,7513375471.88,
688156,2026-06-06,22.5400,3.2200,,2489655004.69,
688158,2026-06-06,622.3400,7.0200,,17056536368.75,
688159,2026-06-06,15.1600,4.5000,,4215272202.83,
688160,2026-06-06,83.2300,8.4400,,11081528066.41,
688161,2026-06-06,21.8000,2.3000,,9644000000.00,
688162,2026-06-06,18.6200,1.6000,,3863500566.02,
688163,2026-06-06,696.9100,3.5500,,3952194400.00,
688166,2026-06-06,221.8000,8.1000,,20613103500.00,
688168,2026-06-06,49.7800,6.0200,,6022128287.70,
688169,2026-06-06,8.7200,1.9700,,28176506282.03,
688175,2026-06-06,116.7100,2.6600,,4607564779.59,
688178,2026-06-06,29.2100,3.5700,,3318314218.75,
688179,2026-06-06,27.4400,7.8500,,7982234367.19,
688181,2026-06-06,21.8400,2.5900,,5406156457.03,
688182,2026-06-06,861.3100,6.2200,,14060000000.00,
688183,2026-06-06,22.0400,15.9900,,98030125105.47,
688184,2026-06-06,9.4400,1.8000,,1902676710.74,
688186,2026-06-06,100.1300,1.1200,,5273200617.19,
688187,2026-06-06,11.6100,1.7400,,74662735812.50,
688188,2026-06-06,14.3800,7.1000,,45518016844.34,
688190,2026-06-06,20.3100,4.6800,,12576000000.00,
688193,2026-06-06,38.7800,2.1100,,1937379660.28,
688195,2026-06-06,303.3700,43.0200,,43787562000.00,
688196,2026-06-06,17.3100,1.6200,,5214822832.03,
688198,2026-06-06,26.7000,8.0700,,11046019794.43,
688199,2026-06-06,43.5000,1.7100,,4430526332.81,
688200,2026-06-06,61.5800,13.8500,,58008622075.78,
688202,2026-06-06,47.1100,3.7600,,7355782800.29,
688203,2026-06-06,224.0100,1.5900,,2342958899.22,
688205,2026-06-06,183.8100,15.3300,,36099141250.00,
688208,2026-06-06,10.0200,5.0600,,19502349398.44,
688209,2026-06-06,20.4000,4.1200,,9204898635.16,
688211,2026-06-06,146.5800,1.2400,,4329998499.90,
688213,2026-06-06,16.2000,7.0300,,38359953082.03,
688215,2026-06-06,47.3100,8.5400,,4209827404.69,
688218,2026-06-06,134.1800,5.9700,,5092300235.55,
688219,2026-06-06,11.1500,2.0200,,6144528000.00,
688221,2026-06-06,3.1000,6.3500,,7042079765.63,
688222,2026-06-06,25.9800,7.0100,,10782298800.00,
688226,2026-06-06,133.5800,5.2400,,9314070898.44,
688230,2026-06-06,24.8600,3.3100,,7448784000.00,
688231,2026-06-06,22.6700,3.8400,,10782718537.50,
688233,2026-06-06,58.5700,7.7600,,14867687882.81,
688235,2026-06-06,21.1100,9.6100,,339389649181.25,
688236,2026-06-06,9.6900,1.9600,,5979833158.59,
688237,2026-06-06,114.7700,3.4900,,4236577772.27,
688239,2026-06-06,19.2700,5.2500,,10866001289.06,
688247,2026-06-06,22.0600,2.7900,,3653920400.00,
688248,2026-06-06,57.7200,8.6000,,28466527000.00,
688249,2026-06-06,160.2600,3.7000,,81187009106.25,
688252,2026-06-06,18.1700,3.4000,,8364485361.33,
688253,2026-06-06,19.4200,3.7600,,7890295500.00,
688255,2026-06-06,31.5800,3.2600,,3482527018.55,
688256,2026-06-06,80.5600,63.4200,,816278275750.00,
688257,2026-06-06,8.4600,9.8500,,26434720798.83,
688258,2026-06-06,25.7500,15.9900,,15312373734.38,
688259,2026-06-06,39.6600,2.6100,,4119496000.00,
688261,2026-06-06,177.7600,3.3500,,9879545000.00,
688265,2026-06-06,380.0100,1.5200,,2597743852.54,
688266,2026-06-06,3.7900,14.0100,,24001092777.34,
688267,2026-06-06,17.0700,1.8900,,5398768000.00,
688268,2026-06-06,72.6400,12.5700,,24606737797.85,
688269,2026-06-06,9.3200,4.0900,,4507981094.73,
688270,2026-06-06,61.6500,10.6300,,24401882578.13,
688271,2026-06-06,23.3400,4.2400,,93113367309.38,
688273,2026-06-06,18.5600,3.1000,,4254000000.00,
688275,2026-06-06,3.8800,2.8200,,15575634267.58,
688278,2026-06-06,13.6500,6.1800,,22446340175.39,
688279,2026-06-06,27.6500,4.6900,,24404189531.25,
688281,2026-06-06,24.0700,3.9800,,19030337454.69,
688283,2026-06-06,103.6000,4.6000,,4557756000.00,
688285,2026-06-06,24.2200,1.7500,,2972690074.22,
688289,2026-06-06,17.9400,1.2500,,8922575320.31,
688291,2026-06-06,9.5200,4.9800,,5047094933.59,
688293,2026-06-06,13.3000,1.8400,,5215736473.14,
688295,2026-06-06,148.4100,9.5100,,45198000000.00,
688297,2026-06-06,176.2700,5.1900,,29727000000.00,
688299,2026-06-06,41.3700,2.3500,,4609781965.63,
688300,2026-06-06,52.9900,21.3700,,37961372809.18,
688301,2026-06-06,20.4900,5.8900,,36633590683.59,
688305,2026-06-06,37.1300,4.3600,,8373122050.78,
688307,2026-06-06,56.4100,9.1600,,8405300105.76,
688308,2026-06-06,11.8200,8.5100,,24107825392.38,
688309,2026-06-06,11.8500,6.1900,,5037218397.66,
688312,2026-06-06,483.1500,7.7000,,11927929500.00,
688313,2026-06-06,61.0000,42.7300,,70866930262.11,
688314,2026-06-06,25.4900,4.5600,,3354366535.74,
688315,2026-06-06,19.0600,2.1000,,5614538000.00,
688318,2026-06-06,85.8600,7.6600,,29653516097.66,
688319,2026-06-06,51.1700,14.9500,,13911758395.31,
688321,2026-06-06,40.0300,4.6000,,11317149935.55,
688322,2026-06-06,163.1400,16.8900,,50568250064.06,
688325,2026-06-06,95.8600,6.0500,,10744979347.27,
688328,2026-06-06,24.1200,7.6300,,6528819375.00,
688330,2026-06-06,35.2400,1.1400,,4999400000.00,
688331,2026-06-06,17.4700,14.5900,,57294466250.00,
688333,2026-06-06,160.9100,5.4000,,26993305171.88,
688334,2026-06-06,8.8800,1.9800,,5894710144.53,
688336,2026-06-06,19.1500,3.9600,,34112193072.66,
688337,2026-06-06,55.2600,4.0200,,12791832551.17,
688338,2026-06-06,13.4900,1.5200,,2605795977.54,
688345,2026-06-06,17.9400,4.2600,,5016003801.86,
688347,2026-06-06,282.6300,8.7200,,394442612968.75,
688349,2026-06-06,12.6800,1.5800,,22749798257.81,
688350,2026-06-06,24.9700,2.5600,,4761450491.02,
688351,2026-06-06,37.8600,6.0900,,11012040000.00,
688353,2026-06-06,13.6000,3.7400,,13195435000.00,
688355,2026-06-06,72.2600,2.1000,,2321697818.85,
688356,2026-06-06,19.4500,3.2600,,4360178696.63,
688357,2026-06-06,17.4800,1.6300,,2873720395.31,
688358,2026-06-06,7.7000,2.5000,,3542047568.26,
688359,2026-06-06,239.5300,21.2300,,13340598584.96,
688360,2026-06-06,16.0100,3.9800,,5931640863.28,
688362,2026-06-06,88.8600,9.0700,,23644253250.00,
688363,2026-06-06,25.9500,2.3500,,16776851814.84,
688365,2026-06-06,136.0600,8.5800,,8192866987.50,
688366,2026-06-06,10.2800,1.3900,,7561771940.63,
688367,2026-06-06,1082.7100,5.5100,,3276283779.39,
688368,2026-06-06,84.5700,8.4800,,31086773514.65,
688370,2026-06-06,27.9400,1.1200,,3002663018.55,
688372,2026-06-06,34.5800,5.8500,,24502245840.23,
688375,2026-06-06,6535.7700,8.6500,,55965797496.09,
688376,2026-06-06,29.5900,4.7900,,9378367043.95,
688377,2026-06-06,39.5400,3.5500,,6778239375.39,
688378,2026-06-06,16.8900,6.5800,,13528753857.42,
688379,2026-06-06,19.1700,5.0600,,7103449756.93,
688380,2026-06-06,34.0000,5.4000,,17423884800.00,
688383,2026-06-06,66.5700,11.3100,,14200016595.70,
688385,2026-06-06,30.9000,7.2900,,45823500139.06,
688386,2026-06-06,41.6400,4.9800,,7561319486.52,
688388,2026-06-06,17.0300,2.5400,,20523547459.38,
688389,2026-06-06,14.8100,2.2400,,4811894446.09,
688390,2026-06-06,27.9800,9.9800,,28396957647.46,
688391,2026-06-06,90.8700,1.8900,,3544108866.21,
688392,2026-06-06,37.0400,10.0400,,18634234482.42,
688395,2026-06-06,18.6600,2.8200,,2236818469.92,
688396,2026-06-06,26.8000,3.8200,,88432263412.50,
688398,2026-06-06,1235.9200,4.5800,,4708866430.08,
688399,2026-06-06,19.1700,1.3700,,4049325638.28,
688400,2026-06-06,13.7700,4.8200,,27507824421.88,
688401,2026-06-06,20.6900,8.4400,,14118379919.53,
688409,2026-06-06,76.7800,9.8500,,44492429353.52,
688410,2026-06-06,8.6500,2.5700,,4714108930.66,
688411,2026-06-06,23.2900,9.3800,,47440073766.80,
688416,2026-06-06,19.3600,7.0600,,9415522757.81,
688419,2026-06-06,37.4300,5.0900,,5361019523.44,
688420,2026-06-06,54.5100,1.4800,,2109939800.00,
688425,2026-06-06,9.3200,1.2300,,23147376437.50,
688428,2026-06-06,35.7500,5.1500,,37833965350.00,
688432,2026-06-06,49.5600,5.5100,,24868504293.75,
688449,2026-06-06,365.3900,16.8000,,32374800000.00,
688456,2026-06-06,30.4200,7.1600,,9215374000.00,
688466,2026-06-06,82.8100,1.6700,,1922707095.70,
688468,2026-06-06,27.9800,1.7700,,2506925048.83,
688472,2026-06-06,8.0300,1.7600,,41713953000.00,
688475,2026-06-06,11.9900,3.6700,,21900375000.00,
688479,2026-06-06,61.3400,3.4900,,6567201749.61,
688480,2026-06-06,26.8600,7.1500,,8629880992.09,
688484,2026-06-06,534.8500,4.2800,,17854938730.47,
688486,2026-06-06,26.1600,6.2200,,9960009653.13,
688488,2026-06-06,76.1200,5.9400,,5789971500.00,
688498,2026-06-06,91.6300,65.1300,,164430168803.91,
688499,2026-06-06,45.5800,3.6700,,8605153300.78,
688501,2026-06-06,9.7000,2.3800,,2741667733.79,
688503,2026-06-06,7.3300,4.0000,,21216673388.67,
688505,2026-06-06,93.0200,3.3800,,7173078996.88,
688508,2026-06-06,80.2800,3.9800,,11017369187.50,
688510,2026-06-06,35.6700,5.8200,,7147252339.45,
688511,2026-06-06,61.5500,4.0300,,3309864813.67,
688513,2026-06-06,16.3200,2.7800,,8297018320.31,
688516,2026-06-06,21.6200,5.0000,,18396357897.27,
688517,2026-06-06,19.1400,3.3800,,2734996326.56,
688518,2026-06-06,19.9300,2.7700,,9154339642.97,
688519,2026-06-06,36.9200,19.2200,,55429432177.73,
688522,2026-06-06,34.2400,3.8700,,9044826525.00,
688523,2026-06-06,1602.4000,14.5500,,24449419200.00,
688525,2026-06-06,5.0500,17.2000,,146430219531.25,
688526,2026-06-06,7.3800,1.3600,,5845245217.97,
688530,2026-06-06,19.1000,9.1700,,7770175267.58,
688531,2026-06-06,73.2000,9.4500,,32318962682.81,
688533,2026-06-06,16.9500,2.3200,,4123024934.77,
688535,2026-06-06,120.4800,7.5700,,16297960929.69,
688536,2026-06-06,38.3800,6.3600,,40456120927.73,
688543,2026-06-06,52.0600,4.2000,,10280038223.44,
688545,2026-06-06,48.4500,10.2800,,31017600000.00,
688548,2026-06-06,40.4100,6.0900,,37088294470.31,
688549,2026-06-06,370.4400,7.8500,,23621642240.63,
688550,2026-06-06,17.2600,2.2600,,7536154502.93,
688551,2026-06-06,80.7900,4.4800,,5894427946.88,
688553,2026-06-06,33.1600,1.9200,,7252032000.00,
688557,2026-06-06,99.4000,2.6000,,3188201567.87,
688558,2026-06-06,10.6900,2.5000,,4389000000.00,
688559,2026-06-06,67.2800,7.0000,,16961581407.42,
688563,2026-06-06,18.7800,2.1600,,22599000000.00,
688565,2026-06-06,288.7400,3.2400,,1612592100.00,
688566,2026-06-06,11.4200,1.9300,,4794318798.44,
688569,2026-06-06,21.5100,1.3000,,3846773927.73,
688570,2026-06-06,56.0500,1.6000,,6906350000.00,
688571,2026-06-06,13.7400,2.2600,,3842986570.31,
688575,2026-06-06,31.4200,2.0800,,5639602335.94,
688576,2026-06-06,43.2000,1.8100,,3149516759.77,
688577,2026-06-06,46.4900,7.4400,,7700555050.78,
688578,2026-06-06,5.9600,4.9000,,37930500000.00,
688580,2026-06-06,7.8900,2.7700,,4855604850.59,
688581,2026-06-06,7.8600,1.7300,,4463337920.51,
688582,2026-06-06,748.1600,7.7000,,19102694279.30,
688583,2026-06-06,137.5100,8.4100,,10007764000.00,
688584,2026-06-06,136.6600,4.1000,,17151477861.72,
688586,2026-06-06,63.8300,4.0800,,10168706953.13,
688590,2026-06-06,235.0400,2.7400,,4081999501.95,
688591,2026-06-06,90.3500,3.0400,,7488481093.75,
688593,2026-06-06,304.2900,10.5100,,16336270669.92,
688600,2026-06-06,29.2600,4.4700,,3588634335.94,
688603,2026-06-06,73.5300,18.0000,,22013874594.73,
688605,2026-06-06,60.6200,8.9900,,15016588753.91,
688606,2026-06-06,20.3000,1.0100,,3936296607.42,
688608,2026-06-06,30.7400,3.8300,,27375612241.41,
688609,2026-06-06,41.1600,7.5700,,6211239398.44,
688610,2026-06-06,58.8100,8.7900,,13647600000.00,
688612,2026-06-06,11.8500,4.1400,,15535110464.84,
688613,2026-06-06,156.9300,1.5400,,2214059032.81,
688615,2026-06-06,15.7700,7.9200,,24482360000.00,
688616,2026-06-06,11.5000,2.3600,,2145364477.34,
688617,2026-06-06,12.4300,9.5700,,28522379518.55,
688621,2026-06-06,27.4200,4.5100,,5657120000.00,
688623,2026-06-06,30.6900,2.6700,,5713776265.87,
688625,2026-06-06,21.8600,12.4100,,19714613943.36,
688626,2026-06-06,31.6800,3.8100,,8022400000.00,
688627,2026-06-06,249.4200,20.8100,,36292069996.88,
688628,2026-06-06,12.8400,6.9600,,9319182292.58,
688629,2026-06-06,59.1900,32.2800,,62215589975.00,
601137,2026-06-06,0.0000,2.4300,,22761483150.00,
688630,2026-06-06,46.0600,20.6400,,49929726484.38,
600022,2026-06-06,0.0000,0.7500,,14122482000.00,
688633,2026-06-06,6.4700,2.4200,,4738611205.08,
688635,2026-06-06,281.6700,37.4400,,56014660000.00,
688636,2026-06-06,35.7000,4.5000,,6368452596.88,
600052,2026-06-06,0.0000,1.5200,,3292359585.94,
688639,2026-06-06,12.9900,2.0300,,5470030427.34,
600053,2026-06-06,0.0000,1.7000,,3789146428.13,
600055,2026-06-06,0.0000,1.9500,,8654682064.06,
600067,2026-06-06,0.0000,0.7500,,4188922937.50,
688652,2026-06-06,46.4000,9.5900,,21549360000.00,
688653,2026-06-06,120.8600,4.0900,,5891782400.00,
600071,2026-06-06,0.0000,10.0500,,5119013615.63,
688656,2026-06-06,3700.7200,7.9400,,6565070796.19,
688657,2026-06-06,81.6200,2.4500,,3473302574.22,
600072,2026-06-06,0.0000,2.0400,,15531724265.63,
688659,2026-06-06,38.3900,3.0900,,1600000000.00,
600075,2026-06-06,0.0000,0.9500,,8385278820.31,
600076,2026-06-06,0.0000,1.3600,,4826910940.63,
688662,2026-06-06,106.0400,10.6000,,7832182400.00,
688663,2026-06-06,298.7100,9.0100,,12502110367.48,
688665,2026-06-06,15.1600,4.3200,,5118306771.09,
688667,2026-06-06,18.3800,3.1700,,5778061360.84,
688668,2026-06-06,68.6500,26.8100,,55146977780.57,
600082,2026-06-06,0.0000,1.2200,,2067570500.00,
600097,2026-06-06,0.0000,0.9600,,2153973217.97,
600100,2026-06-06,0.0000,1.6000,,25428760396.88,
688676,2026-06-06,36.7700,8.0000,,41343814512.50,
688677,2026-06-06,33.6700,11.4800,,15893292918.95,
688678,2026-06-06,19.8000,3.8600,,9013460990.63,
688679,2026-06-06,1366.3500,6.6600,,7312728889.16,
600117,2026-06-06,0.0000,2.2100,,7616969100.00,
688681,2026-06-06,67.6200,2.7800,,1728101700.00,
688682,2026-06-06,67.3800,7.0700,,4370925437.11,
688683,2026-06-06,43.3900,5.0200,,6070165207.03,
688685,2026-06-06,276.4500,9.0500,,7251536907.42,
688686,2026-06-06,26.4000,5.3900,,16863609310.55,
688687,2026-06-06,46.3200,1.6500,,2841095837.11,
688689,2026-06-06,28.4600,4.1300,,5210295495.90,
688690,2026-06-06,24.9100,8.3000,,16972336241.02,
688692,2026-06-06,19.8200,7.7200,,30008600000.00,
688693,2026-06-06,0.0000,9.5300,,7397893601.56,
688695,2026-06-06,0.0000,2.3300,,1777574186.52,
688696,2026-06-06,10.0300,1.6800,,5041440000.00,
688697,2026-06-06,14.3500,5.0000,,9562841361.33,
688698,2026-06-06,29.4700,5.9500,,14234655960.35,
688699,2026-06-06,26.5600,5.1800,,6290191867.68,
688700,2026-06-06,59.1200,13.9600,,26199643468.75,
688701,2026-06-06,0.0000,9.5700,,1243408745.70,
688702,2026-06-06,0.0000,48.3100,,107838200000.00,
688707,2026-06-06,0.0000,1.9800,,7717588762.89,
688708,2026-06-06,74.0200,5.4000,,19072476800.00,
688709,2026-06-06,0.0000,7.2600,,21130583200.78,
688710,2026-06-06,65.7800,3.4400,,8030197993.75,
688711,2026-06-06,785.9400,6.7900,,7145001348.24,
688712,2026-06-06,35.3100,9.1500,,16142070000.00,
688716,2026-06-06,0.0000,3.4600,,4078713600.00,
688717,2026-06-06,23.4500,3.5300,,15630400000.00,
688718,2026-06-06,25.8500,3.1900,,2573302583.01,
688719,2026-06-06,0.0000,5.4000,,9090061842.77,
688720,2026-06-06,86.5700,7.8100,,8152330322.27,
688721,2026-06-06,55.8000,4.6600,,5700450000.00,
688722,2026-06-06,10.2800,2.5500,,3724973873.05,
688726,2026-06-06,20.7300,5.9300,,24968094593.75,
688727,2026-06-06,90.2200,9.1200,,23072561941.41,
688728,2026-06-06,2545.0700,4.5600,,35888096718.75,
688729,2026-06-06,44.3300,7.8300,,70637884000.00,
688733,2026-06-06,1727.1300,3.4600,,7241850830.08,
688737,2026-06-06,86.8100,1.6800,,2989112548.83,
688739,2026-06-06,0.0000,0.9300,,8712134000.00,
688750,2026-06-06,79.6800,3.1100,,7705250000.00,
688755,2026-06-06,16.7200,2.4400,,3086160000.00,
688757,2026-06-06,229.4800,19.0000,,17011678410.94,
900948,2026-06-06,3.9700,1.0900,,7841649934.06,
603183,2026-06-06,0.0000,1.2400,,1983641280.47,
603185,2026-06-06,0.0000,1.0100,,11940182409.38,
603189,2026-06-06,0.0000,2.2800,,3358571827.73,
603208,2026-06-06,0.0000,2.1900,,2203765142.58,
603212,2026-06-06,0.0000,2.9000,,6942975598.83,
603215,2026-06-06,0.0000,2.3900,,3369543729.49,
603220,2026-06-06,0.0000,3.1700,,12212619233.20,
603221,2026-06-06,0.0000,1.9500,,3056750000.00,
603222,2026-06-06,0.0000,4.0700,,4531531756.64,
603226,2026-06-06,0.0000,21.4200,,18236729179.69,
603232,2026-06-06,0.0000,3.3600,,4372655627.34,
603237,2026-06-06,0.0000,1.9400,,3137394200.00,
603258,2026-06-06,0.0000,1.7500,,3398705898.44,
603356,2026-06-06,0.0000,7.8400,,2366785000.00,
605500,2026-06-06,0.0000,1.1700,,3012688000.00,
605588,2026-06-06,0.0000,4.0800,,3862351502.05,
688004,2026-06-06,0.0000,2.8500,,1634596040.14,
688007,2026-06-06,0.0000,2.6300,,6338098930.08,
688010,2026-06-06,0.0000,3.4300,,5884582697.27,
688011,2026-06-06,0.0000,5.5500,,5820000000.00,
688020,2026-06-06,0.0000,8.6200,,11343867971.09,
688022,2026-06-06,0.0000,2.3800,,1572352008.98,
688023,2026-06-06,0.0000,1.8300,,4087003906.25,
688026,2026-06-06,0.0000,1.7400,,1882286661.62,
688027,2026-06-06,0.0000,17.2900,,55771232082.03,
688030,2026-06-06,0.0000,4.3400,,2955868734.37,
688031,2026-06-06,0.0000,20.1900,,16285510185.94,
688032,2026-06-06,0.0000,2.0200,,11476798388.67,
688033,2026-06-06,0.0000,3.0600,,4064695832.81,
688038,2026-06-06,0.0000,3.5400,,2098212373.83,
688039,2026-06-06,0.0000,4.4900,,4656318791.99,
688047,2026-06-06,0.0000,22.7500,,54568080000.00,
688051,2026-06-06,0.0000,4.1100,,2378020469.97,
688052,2026-06-06,0.0000,5.0200,,38133560699.61,
688053,2026-06-06,0.0000,2.4400,,3862000000.00,
600866,2026-06-06,0.0000,0.9800,,8008298203.13,
603666,2026-06-06,0.0000,2.8000,,5923385857.81,
603679,2026-06-06,0.0000,3.3300,,2931822158.20,
603690,2026-06-06,0.0000,2.8700,,9972390290.63,
603712,2026-06-06,0.0000,2.8800,,11008720000.00,
603716,2026-06-06,0.0000,3.5100,,3666842604.69,
603717,2026-06-06,0.0000,5.1300,,1961388253.91,
603721,2026-06-06,0.0000,5.3900,,2641600000.00,
688302,2026-06-06,0.0000,3.6100,,3733878113.96,
000670,2026-06-06,0.0000,261.6700,,0.00,
000678,2026-06-06,0.0000,6.9800,,0.00,
000679,2026-06-06,0.0000,15.6700,,0.00,
000695,2026-06-06,0.0000,10.8600,,0.00,
688303,2026-06-06,0.0000,1.1500,,43783649995.31,
688306,2026-06-06,0.0000,6.5000,,11361616015.63,
688310,2026-06-06,0.0000,3.8300,,3099162132.81,
688311,2026-06-06,0.0000,2.8200,,5012155421.88,
688316,2026-06-06,0.0000,54.9100,,2919389230.71,
688317,2026-06-06,0.0000,1.0600,,3493432582.03,
688320,2026-06-06,0.0000,4.8000,,5821578180.18,
688329,2026-06-06,0.0000,2.3300,,1762476000.00,
000002,2026-06-06,0.0000,0.3500,,0.00,
003004,2026-06-06,0.0000,8.0800,,0.00,
300935,2026-06-06,0.0000,3.8800,,0.00,
300936,2026-06-06,0.0000,7.9900,,0.00,
300942,2026-06-06,0.0000,3.1500,,0.00,
300949,2026-06-06,0.0000,3.7300,,0.00,
300951,2026-06-06,0.0000,3.1400,,0.00,
300955,2026-06-06,0.0000,4.8200,,0.00,
300956,2026-06-06,0.0000,2.3800,,0.00,
300958,2026-06-06,0.0000,1.6200,,0.00,
300960,2026-06-06,0.0000,4.1400,,0.00,
300961,2026-06-06,0.0000,3.7900,,0.00,
300965,2026-06-06,0.0000,2.4200,,0.00,
300967,2026-06-06,0.0000,4.7700,,0.00,
300968,2026-06-06,0.0000,2.6400,,0.00,
300977,2026-06-06,0.0000,1.9800,,0.00,
301218,2026-06-06,0.0000,5.3200,,0.00,
301337,2026-06-06,0.0000,2.3500,,0.00,
301357,2026-06-06,0.0000,7.6000,,0.00,
301360,2026-06-06,0.0000,4.6500,,0.00,
301365,2026-06-06,0.0000,3.1600,,0.00,
301383,2026-06-06,0.0000,2.4100,,0.00,
301387,2026-06-06,0.0000,6.3500,,0.00,
301390,2026-06-06,0.0000,2.0700,,0.00,
301398,2026-06-06,0.0000,4.0300,,0.00,
301486,2026-06-06,0.0000,11.3700,,0.00,
301512,2026-06-06,0.0000,2.8100,,0.00,
301516,2026-06-06,0.0000,3.7500,,0.00,
301517,2026-06-06,0.0000,6.6200,,0.00,
301519,2026-06-06,0.0000,1.5600,,0.00,
301520,2026-06-06,0.0000,1.5900,,0.00,
600118,2026-06-06,0.0000,15.8800,,100452445859.38,
600119,2026-06-06,0.0000,26.3500,,1954196589.84,
600121,2026-06-06,0.0000,8.6400,,6360110803.13,
600123,2026-06-06,0.0000,0.7200,,10828314000.00,
600133,2026-06-06,0.0000,0.9400,,8593892510.94,
600135,2026-06-06,0.0000,2.1400,,5040627766.41,
600136,2026-06-06,0.0000,14.4100,,3265321500.00,
600138,2026-06-06,0.0000,0.8800,,5537376000.00,
600151,2026-06-06,0.0000,4.0600,,17885126726.56,
600152,2026-06-06,0.0000,3.7200,,6100285644.14,
600156,2026-06-06,0.0000,10.4000,,3844178321.88,
600158,2026-06-06,0.0000,3.7400,,8981041387.50,
600159,2026-06-06,0.0000,1.5500,,2257608712.50,
600162,2026-06-06,0.0000,1.9600,,11243427150.00,
600165,2026-06-06,0.0000,4.0800,,4669904037.50,
600172,2026-06-06,0.0000,41.7100,,19368538254.69,
600178,2026-06-06,0.0000,1.6400,,4160967801.56,
600180,2026-06-06,0.0000,0.3900,,1684272625.00,
600192,2026-06-06,0.0000,4.1700,,3167333216.02,
600198,2026-06-06,0.0000,60.6100,,11693323535.16,
600199,2026-06-06,0.0000,2.4900,,4834806457.03,
600202,2026-06-06,0.0000,2.5200,,2039372540.63,
600207,2026-06-06,0.0000,4.1700,,7832157436.72,
301325,2026-06-06,0.0000,2.3700,,0.00,
603722,2026-06-06,0.0000,3.8900,,3452451050.20,
603727,2026-06-06,0.0000,1.3000,,4070843839.84,
603773,2026-06-06,0.0000,28.1800,,29757774046.88,
603776,2026-06-06,0.0000,1.6700,,5710670715.23,
603777,2026-06-06,0.0000,3.6600,,5698588687.50,
603778,2026-06-06,0.0000,40.2600,,11372525544.53,
603779,2026-06-06,0.0000,5.8700,,2875837156.25,
603789,2026-06-06,0.0000,14.4600,,1514375419.53,
603800,2026-06-06,0.0000,20.1300,,15922400000.00,
603801,2026-06-06,0.0000,0.9700,,3044803357.81,
603813,2026-06-06,0.0000,7.4600,,3701778750.00,
603822,2026-06-06,0.0000,18.1000,,6030833027.34,
603825,2026-06-06,0.0000,66.1800,,2062159141.80,
603838,2026-06-06,0.0000,3.1400,,2758537886.33,
603843,2026-06-06,0.0000,217.0300,,5617974321.09,
603863,2026-06-06,0.0000,13.4000,,3243702500.00,
603878,2026-06-06,0.0000,1.4000,,3625027738.28,
603879,2026-06-06,0.0000,7.7400,,1793129016.02,
603880,2026-06-06,0.0000,13.3600,,2297883837.89,
603886,2026-06-06,0.0000,1.9700,,2925600000.00,
603887,2026-06-06,0.0000,2.0200,,7025683262.11,
603898,2026-06-06,0.0000,1.2700,,3898040622.66,
603912,2026-06-06,0.0000,2.8200,,4860585462.89,
603917,2026-06-06,0.0000,1.4800,,2482771200.00,
603918,2026-06-06,0.0000,4.1300,,4041740025.00,
603927,2026-06-06,0.0000,3.8700,,12299392000.00,
603936,2026-06-06,0.0000,3.1400,,13836261287.50,
603955,2026-06-06,0.0000,2.1900,,3129703200.00,
603956,2026-06-06,0.0000,1.6100,,2974910828.91,
603959,2026-06-06,0.0000,4050.0000,,1985710886.72,
603968,2026-06-06,0.0000,1.2600,,2214518400.00,
603982,2026-06-06,0.0000,1.1500,,2450015485.16,
605008,2026-06-06,0.0000,3.5900,,7008691853.52,
605068,2026-06-06,0.0000,2.3400,,3618648447.85,
605069,2026-06-06,0.0000,3.4100,,2345611546.09,
605081,2026-06-06,0.0000,0.8600,,569632911.04,
605158,2026-06-06,0.0000,1.4100,,3411171400.00,
605177,2026-06-06,0.0000,1.5700,,2605300292.87,
605178,2026-06-06,0.0000,5.9100,,6529372000.00,
605199,2026-06-06,0.0000,6.8500,,2628714744.14,
605218,2026-06-06,0.0000,2.3100,,4098712254.69,
605255,2026-06-06,0.0000,12.9200,,10502486400.00,
605288,2026-06-06,0.0000,3.1500,,7042564255.37,
605296,2026-06-06,0.0000,3.1100,,13329016117.19,
605303,2026-06-06,0.0000,5.4600,,4619451577.15,
605318,2026-06-06,0.0000,19.3200,,12356646503.91,
605336,2026-06-06,0.0000,1.6900,,3040977630.86,
605366,2026-06-06,0.0000,3.1400,,8412682640.63,
000007,2026-06-06,0.0000,23.8100,,0.00,
000008,2026-06-06,0.0000,3.2600,,0.00,
000011,2026-06-06,0.0000,1.3400,,0.00,
000012,2026-06-06,0.0000,1.0200,,0.00,
000014,2026-06-06,0.0000,1.8700,,0.00,
000016,2026-06-06,0.0000,,,0.00,
000029,2026-06-06,0.0000,6.4600,,0.00,
000031,2026-06-06,0.0000,1.1100,,0.00,
000032,2026-06-06,0.0000,2.6200,,0.00,
000042,2026-06-06,0.0000,2.9200,,0.00,
000048,2026-06-06,0.0000,1.9900,,0.00,
000056,2026-06-06,0.0000,,,0.00,
000066,2026-06-06,0.0000,5.0300,,0.00,
000068,2026-06-06,0.0000,6.1300,,0.00,
000069,2026-06-06,0.0000,0.4500,,0.00,
000070,2026-06-06,0.0000,17.9300,,0.00,
000090,2026-06-06,0.0000,0.5800,,0.00,
000158,2026-06-06,0.0000,4.3900,,0.00,
000401,2026-06-06,0.0000,0.4000,,0.00,
000410,2026-06-06,0.0000,3.3400,,0.00,
000428,2026-06-06,0.0000,2.8300,,0.00,
000488,2026-06-06,0.0000,15.1400,,0.00,
000503,2026-06-06,0.0000,7.2400,,0.00,
000509,2026-06-06,0.0000,42.1200,,0.00,
000510,2026-06-06,0.0000,11.6400,,0.00,
000516,2026-06-06,0.0000,2.8300,,0.00,
000517,2026-06-06,0.0000,1.4500,,0.00,
000518,2026-06-06,0.0000,11.1500,,0.00,
000529,2026-06-06,0.0000,0.9100,,0.00,
000532,2026-06-06,0.0000,2.7600,,0.00,
000536,2026-06-06,0.0000,13.5900,,0.00,
000539,2026-06-06,0.0000,1.8600,,0.00,
000545,2026-06-06,0.0000,3.8800,,0.00,
000546,2026-06-06,0.0000,1.0700,,0.00,
000547,2026-06-06,0.0000,8.6700,,0.00,
000555,2026-06-06,0.0000,2.0800,,0.00,
000561,2026-06-06,0.0000,2.4500,,0.00,
000564,2026-06-06,0.0000,2.0300,,0.00,
000566,2026-06-06,0.0000,1330.0000,,0.00,
000571,2026-06-06,0.0000,302.2200,,0.00,
000572,2026-06-06,0.0000,4.6300,,0.00,
000586,2026-06-06,0.0000,9.9100,,0.00,
000590,2026-06-06,0.0000,4.3400,,0.00,
000592,2026-06-06,0.0000,8.7900,,0.00,
000607,2026-06-06,0.0000,3.0400,,0.00,
000608,2026-06-06,0.0000,2.0200,,0.00,
000609,2026-06-06,0.0000,,,0.00,
000610,2026-06-06,0.0000,,,0.00,
000615,2026-06-06,0.0000,3.9200,,0.00,
000619,2026-06-06,0.0000,0.9700,,0.00,
000620,2026-06-06,0.0000,4.6200,,0.00,
000632,2026-06-06,0.0000,29.3300,,0.00,
000635,2026-06-06,0.0000,2.4900,,0.00,
000637,2026-06-06,0.0000,4.6100,,0.00,
300991,2026-06-06,0.0000,8.8600,,0.00,
300992,2026-06-06,0.0000,2.9300,,0.00,
301011,2026-06-06,0.0000,2.6700,,0.00,
301024,2026-06-06,0.0000,8.6300,,0.00,
301027,2026-06-06,0.0000,3.1900,,0.00,
301030,2026-06-06,0.0000,,,0.00,
301036,2026-06-06,0.0000,1.4500,,0.00,
301038,2026-06-06,0.0000,4.8900,,0.00,
301040,2026-06-06,0.0000,4.3800,,0.00,
301041,2026-06-06,0.0000,5.1400,,0.00,
301046,2026-06-06,0.0000,3.9400,,0.00,
301049,2026-06-06,0.0000,3.7600,,0.00,
301050,2026-06-06,0.0000,2.9400,,0.00,
301062,2026-06-06,0.0000,2.0900,,0.00,
301067,2026-06-06,0.0000,4.5600,,0.00,
301070,2026-06-06,0.0000,12.0700,,0.00,
301075,2026-06-06,0.0000,9.4200,,0.00,
301082,2026-06-06,0.0000,2.9300,,0.00,
301091,2026-06-06,0.0000,4.0200,,0.00,
301095,2026-06-06,0.0000,6.2900,,0.00,
301098,2026-06-06,0.0000,1.5100,,0.00,
301100,2026-06-06,0.0000,1.5900,,0.00,
301111,2026-06-06,0.0000,6.1800,,0.00,
301113,2026-06-06,0.0000,3.2200,,0.00,
301115,2026-06-06,0.0000,2.5200,,0.00,
301117,2026-06-06,0.0000,3.8800,,0.00,
301120,2026-06-06,0.0000,5.2100,,0.00,
301121,2026-06-06,0.0000,2.2900,,0.00,
301135,2026-06-06,0.0000,1.9200,,0.00,
301151,2026-06-06,0.0000,1.4900,,0.00,
301159,2026-06-06,0.0000,4.0500,,0.00,
301166,2026-06-06,0.0000,1.2000,,0.00,
301169,2026-06-06,0.0000,13.0600,,0.00,
301171,2026-06-06,0.0000,6.6800,,0.00,
301180,2026-06-06,0.0000,4.5200,,0.00,
301182,2026-06-06,0.0000,12.3400,,0.00,
301193,2026-06-06,0.0000,3.4300,,0.00,
301197,2026-06-06,0.0000,2.7800,,0.00,
301221,2026-06-06,0.0000,1.9600,,0.00,
301227,2026-06-06,0.0000,1.8600,,0.00,
301228,2026-06-06,0.0000,15.0500,,0.00,
301235,2026-06-06,0.0000,3.9600,,0.00,
301236,2026-06-06,0.0000,3.2400,,0.00,
301248,2026-06-06,0.0000,7.3200,,0.00,
301258,2026-06-06,0.0000,1.2600,,0.00,
301269,2026-06-06,0.0000,10.3500,,0.00,
301273,2026-06-06,0.0000,3.9200,,0.00,
301285,2026-06-06,0.0000,24.4500,,0.00,
301288,2026-06-06,0.0000,2.6300,,0.00,
301302,2026-06-06,0.0000,2.6700,,0.00,
301306,2026-06-06,0.0000,13.5400,,0.00,
301307,2026-06-06,0.0000,5.1300,,0.00,
301313,2026-06-06,0.0000,7.8800,,0.00,
301317,2026-06-06,0.0000,8.2000,,0.00,
301322,2026-06-06,0.0000,2.3900,,0.00,
301326,2026-06-06,0.0000,8.7100,,0.00,
