code,price,open,high,low,volume,amount,bid_vol,ask_vol,turnover,updated_at
000048,14.1000,14.4300,14.6600,13.8700,174912,247306144.00,79052,95860,3.2990,2026-06-06 12:02:19.577001+00:00
000049,24.4600,24.6500,24.8900,23.9300,82444,200945680.00,37071,45374,2.1434,2026-06-06 12:02:19.577001+00:00
000050,8.6100,8.1300,9.0600,8.0600,1088008,945207488.00,653914,434095,4.4668,2026-06-06 12:02:19.577001+00:00
688766,396.0000,404.0000,421.0000,393.0000,63409,2580958720.00,30049,33361,0.0428,2026-06-05 21:34:50.826350+00:00
688793,18.1800,18.0000,18.5500,17.2000,18718,33703788.00,10065,8654,0.0218,2026-06-05 21:34:50.826350+00:00
688800,126.1100,134.0000,138.6000,125.2800,163689,2162591488.00,73108,90582,0.0796,2026-06-05 21:34:50.826350+00:00
688819,24.2300,24.1400,24.6800,23.9000,28922,70175184.00,14884,14039,0.0030,2026-06-05 21:34:50.826350+00:00
688981,127.4000,131.0000,134.7500,126.7000,934574,12150117376.00,417073,517501,0.0467,2026-06-05 21:34:50.826350+00:00
000001,10.9800,10.8300,11.0300,10.8300,1003503,1102446080.00,560931,442572,0.5171,2026-06-06 12:02:19.577001+00:00
000002,3.2500,3.2500,3.3700,3.2300,1644370,540009024.00,927372,716999,1.3783,2026-06-06 12:02:19.577001+00:00
000004,0.0000,0.0000,0.0000,0.0000,0,0.00,0,0,0.0000,2026-06-06 12:02:19.577001+00:00
000006,8.5100,8.4100,8.6900,8.2100,347372,294982912.00,185536,161836,2.5731,2026-06-06 12:02:19.577001+00:00
000007,12.3100,12.4300,12.5500,12.1300,84727,104520992.00,32442,52285,2.4456,2026-06-06 12:02:19.577001+00:00
000008,2.5900,2.5700,2.6000,2.5600,213548,55119840.00,120583,92965,0.7861,2026-06-06 12:02:19.577001+00:00
000009,7.1900,7.1500,7.3400,7.0200,256012,183708864.00,132735,123277,0.9926,2026-06-06 12:02:19.577001+00:00
000010,2.2600,2.1000,2.2600,2.1000,227961,50637368.00,136493,91468,1.9829,2026-06-06 12:02:19.577001+00:00
000011,7.5800,7.1900,7.6000,7.1900,63617,47083920.00,36893,26725,1.0674,2026-06-06 12:02:19.577001+00:00
000012,4.3800,4.1600,4.5400,4.0700,1282677,558342848.00,739395,543282,4.2159,2026-06-06 12:02:19.577001+00:00
000014,10.6700,10.4600,10.8000,10.4000,56923,60470828.00,31721,25202,2.3517,2026-06-06 12:02:19.577001+00:00
000016,3.1800,3.2000,3.2400,3.1700,206801,66173620.00,82845,123956,0.0000,2026-06-06 12:02:19.577001+00:00
000017,5.3200,5.2400,5.4100,5.2100,92130,49089440.00,46042,46089,0.0000,2026-06-06 12:02:19.577001+00:00
000019,6.4200,6.3700,6.4600,6.3600,80899,51929884.00,40112,40788,0.7019,2026-06-06 12:02:19.577001+00:00
000020,12.4600,12.3800,12.6100,12.0000,39953,49295704.00,21542,18411,1.4110,2026-06-06 12:02:19.577001+00:00
000021,38.1300,38.6800,39.3000,37.6800,1362653,5246076928.00,617715,744938,0.0000,2026-06-06 12:02:19.577001+00:00
000025,15.2800,14.9500,15.7500,14.9500,83370,128542976.00,43788,39583,1.9341,2026-06-06 12:02:19.577001+00:00
000026,22.5600,21.3600,23.2500,21.0100,199884,443437632.00,117723,82161,4.9261,2026-06-06 12:02:19.577001+00:00
000027,7.2900,7.7700,7.9300,7.2500,942947,706929216.00,380184,562763,1.9821,2026-06-06 12:02:19.577001+00:00
000028,22.7900,22.6400,22.9200,22.6400,17190,39225320.00,9707,7484,0.3089,2026-06-06 12:02:19.577001+00:00
000029,23.0900,23.3000,23.5800,22.9100,50542,117332488.00,20056,30486,0.4996,2026-06-06 12:02:19.577001+00:00
000030,4.5200,4.5000,4.5800,4.4900,74094,33541292.00,33216,40878,0.4308,2026-06-06 12:02:19.577001+00:00
000031,2.6500,2.5300,2.8200,2.5300,1087541,292050656.00,437264,650278,2.5372,2026-06-06 12:02:19.577001+00:00
000032,15.9000,16.4600,16.4800,15.9000,229121,368680864.00,94411,134711,1.8855,2026-06-06 12:02:19.577001+00:00
000034,24.4400,24.7000,25.2900,23.9900,370715,910994688.00,191730,178986,3.6461,2026-06-06 12:02:19.577001+00:00
000035,5.5100,5.6900,5.7100,5.4800,426149,236246384.00,182738,243411,1.7845,2026-06-06 12:02:19.577001+00:00
000036,5.1100,5.1000,5.1900,5.0300,243105,124208984.00,114774,128331,1.7317,2026-06-06 12:02:19.577001+00:00
000037,10.9500,11.4100,11.8100,10.8500,433038,483314816.00,189790,243248,7.1842,2026-06-06 12:02:19.577001+00:00
000039,9.8700,10.1200,10.2300,9.7700,331634,331583872.00,160077,171557,0.6150,2026-06-06 12:02:19.577001+00:00
000042,9.9700,9.9800,10.1400,9.8700,54307,54369236.00,26401,27906,0.8169,2026-06-06 12:02:19.577001+00:00
000045,11.5400,11.2000,11.7900,11.1800,89977,103817104.00,50960,39017,1.7764,2026-06-06 12:02:19.577001+00:00
000055,3.6700,3.7100,3.8900,3.6000,591141,219948736.00,287029,304113,5.5048,2026-06-06 12:02:19.577001+00:00
000056,1.8400,1.7900,1.8400,1.7600,539620,98099696.00,270624,268997,0.0000,2026-06-06 12:02:19.577001+00:00
000058,7.0700,7.0000,7.1800,6.9900,89955,63792684.00,42342,47613,0.0000,2026-06-06 12:02:19.577001+00:00
000059,4.6300,4.6100,4.7300,4.5800,244759,114087320.00,117604,127156,1.5303,2026-06-06 12:02:19.577001+00:00
000060,7.4500,7.7000,7.7500,7.3800,2718312,2048021760.00,1289585,1428728,6.1207,2026-06-06 12:02:19.577001+00:00
000061,6.2100,6.2300,6.3200,6.1800,138557,86556336.00,62812,75745,0.6980,2026-06-06 12:02:19.577001+00:00
000062,33.6600,32.4700,34.8400,32.1200,800150,2691001856.00,396095,404056,7.6503,2026-06-06 12:02:19.577001+00:00
000063,39.1300,37.5800,41.3000,37.0500,4637053,18325624832.00,2583479,2053575,9.6938,2026-06-06 12:02:19.577001+00:00
000065,12.4000,12.7100,12.9800,12.2400,273555,342726432.00,131520,142036,2.3553,2026-06-06 12:02:19.577001+00:00
000066,17.0500,17.7400,17.7400,16.9800,1707095,2950709760.00,849196,857899,5.2920,2026-06-06 12:02:19.577001+00:00
000068,3.5600,3.2500,3.5600,3.2400,909668,318261184.00,604320,305348,9.0364,2026-06-06 12:02:19.577001+00:00
000069,1.9300,1.9000,1.9900,1.9000,585030,113979528.00,288275,296756,0.7279,2026-06-06 12:02:19.577001+00:00
000070,19.9200,18.5400,20.3800,18.5400,1786816,3600229632.00,808002,978814,20.5761,2026-06-06 12:02:19.577001+00:00
000078,1.7700,1.6900,1.7700,1.6400,1385367,241883936.00,807996,577372,5.2653,2026-06-06 12:02:19.577001+00:00
000088,4.3900,4.3900,4.4300,4.3800,163984,72217408.00,66839,97145,0.3154,2026-06-06 12:02:19.577001+00:00
000089,6.5800,6.5300,6.6500,6.5300,76278,50230120.00,35395,40883,0.3719,2026-06-06 12:02:19.577001+00:00
000090,3.5100,3.6100,3.8300,3.4900,729019,262490400.00,316136,412883,3.9015,2026-06-06 12:02:19.577001+00:00
000096,8.1000,8.0100,8.1800,7.9400,56668,45812316.00,26573,30095,1.0733,2026-06-06 12:02:19.577001+00:00
000099,15.2000,15.1500,15.4700,14.8100,96182,145330400.00,53073,43109,1.2398,2026-06-06 12:02:19.577001+00:00
000100,4.8900,4.8900,5.1500,4.8200,18851178,9394537472.00,9594955,9256224,9.0627,2026-06-06 12:02:19.577001+00:00
000151,13.9100,14.1000,14.2500,13.6700,182892,255006816.00,81087,101805,0.0000,2026-06-06 12:02:19.577001+00:00
000153,5.6000,5.5100,5.7300,5.5100,63619,35637868.00,34147,29473,1.3691,2026-06-06 12:02:19.577001+00:00
000155,13.3700,13.6000,13.8200,13.2400,405830,547720704.00,196098,209732,2.1982,2026-06-06 12:02:19.577001+00:00
000156,6.7000,6.6700,6.7900,6.6600,84423,56842936.00,48969,35454,0.4556,2026-06-06 12:02:19.577001+00:00
000157,7.5200,7.3700,7.5900,7.3600,1060948,796463936.00,610198,450750,1.2267,2026-06-06 12:02:19.577001+00:00
000158,14.5500,14.5200,14.9500,14.3600,225738,329059712.00,121226,104513,1.4121,2026-06-06 12:02:19.577001+00:00
000159,7.0000,6.8800,7.0700,6.8300,377307,263157568.00,205683,171625,7.8493,2026-06-06 12:02:19.577001+00:00
000166,4.3300,4.3100,4.4000,4.3100,866751,377500352.00,484731,382021,0.3461,2026-06-06 12:02:19.577001+00:00
000301,11.8500,11.7000,12.1900,11.5800,156008,185557808.00,86433,69576,0.2360,2026-06-06 12:02:19.577001+00:00
000333,81.6900,82.3000,83.3000,81.6000,209494,1725517824.00,101308,108186,0.2754,2026-06-06 12:02:19.577001+00:00
000338,31.1200,34.3100,34.3800,30.9000,1523091,4859841536.00,734416,788676,1.7583,2026-06-06 12:02:19.577001+00:00
000400,23.1900,24.0900,24.0900,23.0100,315821,736217472.00,146186,169635,3.1005,2026-06-06 12:02:19.577001+00:00
000401,3.9500,3.9200,4.0000,3.9200,58527,23221158.00,29988,28540,0.2202,2026-06-06 12:02:19.577001+00:00
000402,2.9300,2.9000,3.0700,2.9000,869538,256896832.00,427480,442058,2.9092,2026-06-06 12:02:19.577001+00:00
000403,12.7300,12.8500,13.1500,12.6200,137504,176112304.00,58306,79199,1.4468,2026-06-06 12:02:19.577001+00:00
000404,8.2200,8.0400,8.3300,7.9700,181464,148776304.00,101785,79680,2.6073,2026-06-06 12:02:19.577001+00:00
000407,4.1800,4.1900,4.2200,4.1300,160035,66895980.00,75111,84924,1.8184,2026-06-06 12:02:19.577001+00:00
000408,76.0800,77.6500,78.9800,75.8200,95135,734129856.00,47126,48009,0.6064,2026-06-06 12:02:19.577001+00:00
000409,9.5500,9.4700,9.5900,9.3500,60183,57100016.00,31393,28790,0.8880,2026-06-06 12:02:19.577001+00:00
000410,5.2700,5.2000,5.3800,5.1700,238327,125904992.00,127374,110954,0.8997,2026-06-06 12:02:19.577001+00:00
000411,11.3900,11.6900,11.8600,11.3600,135786,158067328.00,44621,91165,2.4039,2026-06-06 12:02:19.577001+00:00
000415,3.8900,3.9200,4.0900,3.8400,735820,290467648.00,323920,411900,1.1898,2026-06-06 12:02:19.577001+00:00
000417,7.5000,7.7500,7.8900,7.4600,581172,443212608.00,252505,328667,7.4520,2026-06-06 12:02:19.577001+00:00
000419,5.1100,5.0300,5.1600,5.0200,70850,36172460.00,38553,32297,1.3034,2026-06-06 12:02:19.577001+00:00
000420,4.4800,4.3600,4.5800,4.3400,1125503,507025504.00,659330,466174,4.5773,2026-06-06 12:02:19.577001+00:00
000421,5.7600,5.7500,5.8300,5.7000,57537,33159820.00,32643,24894,1.0017,2026-06-06 12:02:19.577001+00:00
000422,13.2300,13.3600,13.4800,13.1500,237234,316138848.00,125639,111596,2.1813,2026-06-06 12:02:19.577001+00:00
000423,49.6000,48.5900,50.2200,48.5000,73744,367288128.00,36140,37604,1.1451,2026-06-06 12:02:19.577001+00:00
000425,9.5200,9.5000,9.7700,9.4300,1231067,1181263872.00,686847,544221,1.0512,2026-06-06 12:02:19.577001+00:00
000426,38.0800,39.6800,39.9000,37.8300,647721,2513085184.00,269095,378627,3.6478,2026-06-06 12:02:19.577001+00:00
000428,3.5500,3.5000,3.5900,3.4900,130295,46170928.00,63083,67213,1.2787,2026-06-06 12:02:19.577001+00:00
000429,13.7800,13.7400,13.9200,13.6400,42837,59141912.00,19845,22992,0.2049,2026-06-06 12:02:19.577001+00:00
000430,8.3500,8.3000,8.5800,8.2600,234088,197458320.00,126901,107188,2.8913,2026-06-06 12:02:19.577001+00:00
000488,2.1500,2.1400,2.1800,2.1300,106728,22969372.00,36209,70519,0.3628,2026-06-06 12:02:19.577001+00:00
000498,5.1600,5.1300,5.2000,5.1200,71223,36804276.00,39426,31798,0.4588,2026-06-06 12:02:19.577001+00:00
000501,7.2700,7.2000,7.5700,7.2000,104202,77225584.00,51673,52529,1.3550,2026-06-06 12:02:19.577001+00:00
000503,7.0900,7.0100,7.1600,6.9300,143068,100825432.00,77318,65750,1.4610,2026-06-06 12:02:19.577001+00:00
000504,8.5200,8.8100,8.8100,8.5200,55017,47041264.00,32902,22115,1.6671,2026-06-06 12:02:19.577001+00:00
000505,5.7600,5.7900,5.9000,5.7300,68739,39784632.00,31314,37426,0.9456,2026-06-06 12:02:19.577001+00:00
000506,14.2000,13.9500,14.4000,13.8700,312388,441276896.00,155678,156710,3.3626,2026-06-06 12:02:19.577001+00:00
000507,5.1200,5.2500,5.3100,5.0900,225893,117314296.00,102222,123671,2.4561,2026-06-06 12:02:19.577001+00:00
000509,4.7600,4.7100,5.0000,4.3700,1728057,815079744.00,847282,880775,0.0000,2026-06-06 12:02:19.577001+00:00
000510,18.5000,18.6500,19.1400,18.1700,416173,779566912.00,205944,210229,6.4170,2026-06-06 12:02:19.577001+00:00
000513,30.6600,30.3600,30.9700,30.3200,37281,114695272.00,19287,17994,0.4199,2026-06-06 12:02:19.577001+00:00
000514,4.3900,4.3500,4.5500,4.3500,112570,49878776.00,56906,55664,1.3341,2026-06-06 12:02:19.577001+00:00
000516,4.1300,4.0900,4.2000,4.0900,159851,66384856.00,80663,79188,0.7140,2026-06-06 12:02:19.577001+00:00
000517,2.1200,1.9300,2.1200,1.9200,549312,114351280.00,212714,336598,1.7253,2026-06-06 12:02:19.577001+00:00
000518,3.5000,3.6500,3.7800,3.5000,1124177,405216448.00,489419,634758,10.9190,2026-06-06 12:02:19.577001+00:00
000519,19.2600,19.4800,20.1900,19.1100,725140,1418397696.00,329574,395567,5.2072,2026-06-06 12:02:19.577001+00:00
000520,4.6000,4.2600,4.6000,4.2600,390263,175432176.00,191435,198829,3.8560,2026-06-06 12:02:19.577001+00:00
000521,5.7400,5.7000,5.8100,5.6800,118393,68070448.00,68647,49746,1.1495,2026-06-06 12:02:19.577001+00:00
000523,3.0700,3.0500,3.1500,3.0400,185361,57128496.00,91202,94159,1.0099,2026-06-06 12:02:19.577001+00:00
000524,9.1700,9.1500,9.3700,9.0800,75930,69836376.00,38368,37562,1.1329,2026-06-06 12:02:19.577001+00:00
000525,4.5400,4.5300,4.6200,4.4400,244516,111263176.00,113466,131051,1.8763,2026-06-06 12:02:19.577001+00:00
000526,27.3100,27.0500,27.5800,26.9400,18689,50977240.00,10754,7935,1.5336,2026-06-06 12:02:19.577001+00:00
000528,8.5300,8.4700,8.6300,8.4300,285366,244380944.00,154831,130535,1.4009,2026-06-06 12:02:19.577001+00:00
000529,5.0000,4.9200,5.0300,4.9200,38317,19116176.00,20130,18187,0.6563,2026-06-06 12:02:19.577001+00:00
000530,6.3100,6.2100,6.4300,6.1500,491427,310625056.00,235255,256173,5.8280,2026-06-06 12:02:19.577001+00:00
000531,7.1900,7.6900,8.0500,7.1800,452842,337301920.00,188889,263953,4.3484,2026-06-06 12:02:19.577001+00:00
000532,12.9800,12.2800,13.4000,12.2800,224649,294247328.00,131618,93032,6.5171,2026-06-06 12:02:19.577001+00:00
000533,11.3100,11.5800,11.6700,11.2400,274150,312133824.00,124992,149158,3.9685,2026-06-06 12:02:19.577001+00:00
000534,32.5000,33.6600,34.2500,32.0400,223049,733372288.00,124431,98618,4.3774,2026-06-06 12:02:19.577001+00:00
000536,4.1300,4.1000,4.3100,4.0200,2083599,871230656.00,1127561,956039,7.5328,2026-06-06 12:02:19.577001+00:00
000537,10.1200,10.8000,11.2500,10.1100,702003,740346560.00,310265,391738,3.4149,2026-06-06 12:02:19.577001+00:00
000538,48.8100,48.6000,49.4800,48.6000,94070,461177312.00,40852,53219,0.5272,2026-06-06 12:02:19.577001+00:00
000539,8.2500,9.1700,9.4700,8.2500,2828010,2460684032.00,1341073,1486938,5.3864,2026-06-06 12:02:19.577001+00:00
000541,5.0100,4.9700,5.0500,4.9600,92257,46246832.00,43993,48264,0.6007,2026-06-06 12:02:19.577001+00:00
000543,9.0200,9.5600,9.7200,8.9600,880091,813168128.00,380782,499310,3.8824,2026-06-06 12:02:19.577001+00:00
000544,7.8900,7.7900,7.9500,7.7800,37048,29144434.00,16246,20802,0.3801,2026-06-06 12:02:19.577001+00:00
000545,2.4500,2.4200,2.4900,2.3700,350134,85349072.00,191678,158457,3.5481,2026-06-06 12:02:19.577001+00:00
000546,5.2600,5.2100,5.3700,5.1100,252290,132817840.00,131972,120318,3.2443,2026-06-06 12:02:19.577001+00:00
000547,20.4700,20.0200,20.8700,19.6500,1401279,2866332416.00,761248,640032,8.7664,2026-06-06 12:02:19.577001+00:00
000548,4.7700,4.6700,4.8100,4.6400,72900,34523748.00,41870,31030,1.4603,2026-06-06 12:02:19.577001+00:00
000550,17.0900,17.2600,17.7000,17.0000,42645,73765464.00,18831,23815,0.4940,2026-06-06 12:02:19.577001+00:00
000551,15.1200,15.1100,15.2200,14.6000,127627,190748320.00,66191,61437,2.6329,2026-06-06 12:02:19.577001+00:00
000552,2.8900,2.8700,2.9700,2.8600,1105915,322143936.00,618711,487204,2.0664,2026-06-06 12:02:19.577001+00:00
000553,6.0200,6.0800,6.1400,6.0000,73266,44495696.00,34730,38536,0.3145,2026-06-06 12:02:19.577001+00:00
000554,6.7300,6.6700,6.8300,6.6100,140666,94382344.00,69396,71271,2.9257,2026-06-06 12:02:19.577001+00:00
000555,12.1200,12.2000,12.3700,11.9300,210584,255946480.00,98470,112115,2.1581,2026-06-06 12:02:19.577001+00:00
000557,4.1500,4.0900,4.2000,4.0800,75435,31244064.00,35450,39986,0.5173,2026-06-06 12:02:19.577001+00:00
000558,3.6100,3.5900,3.6900,3.5800,274041,99393984.00,142806,131235,2.1256,2026-06-06 12:02:19.577001+00:00
000559,15.0600,14.7100,15.5000,14.1000,1021651,1502694912.00,533245,488406,3.0816,2026-06-06 12:02:19.577001+00:00
000560,2.5600,2.5800,2.6400,2.5300,691179,177547888.00,276075,415105,2.9343,2026-06-06 12:02:19.577001+00:00
000561,8.2400,7.9900,8.3600,7.9300,182977,150374256.00,108678,74299,2.1177,2026-06-06 12:02:19.577001+00:00
000563,2.9600,2.9400,2.9700,2.9200,242168,71480896.00,132927,109242,0.4735,2026-06-06 12:02:19.577001+00:00
000564,1.6300,1.6000,1.6900,1.6000,3050812,501948512.00,1628532,1422281,1.6894,2026-06-06 12:02:19.577001+00:00
000565,6.6600,6.6200,6.7600,6.5200,98726,65747376.00,52042,46684,2.2769,2026-06-06 12:02:19.577001+00:00
000566,3.9900,3.9700,4.0600,3.9400,221009,88307424.00,110602,110407,1.7035,2026-06-06 12:02:19.577001+00:00
000567,5.7800,5.8900,5.9500,5.7400,200574,116787792.00,92801,107774,1.0262,2026-06-06 12:02:19.577001+00:00
000568,86.8800,87.0400,88.1800,86.4400,73872,644152384.00,37639,36234,0.5019,2026-06-06 12:02:19.577001+00:00
000570,5.5200,5.4900,5.6300,5.3900,119203,65807024.00,61236,57967,1.6892,2026-06-06 12:02:19.577001+00:00
000571,5.4400,5.6900,5.7900,5.3500,261559,144153504.00,106049,155511,3.1170,2026-06-06 12:02:19.577001+00:00
000572,4.4400,4.4300,4.5200,4.3500,417465,186125152.00,225560,191905,2.5383,2026-06-06 12:02:19.577001+00:00
000573,4.3600,4.2400,4.4300,4.1200,316378,135512352.00,173586,142792,4.9567,2026-06-06 12:02:19.577001+00:00
000576,7.4300,7.3100,7.5200,7.2000,79593,58789512.00,40382,39211,1.8238,2026-06-06 12:02:19.577001+00:00
000581,18.6700,18.7000,19.0000,18.5600,71754,134651424.00,35988,35767,0.7422,2026-06-06 12:02:19.577001+00:00
000582,12.5200,13.2400,13.2500,12.3800,1209839,1529734528.00,562354,647486,0.0000,2026-06-06 12:02:19.577001+00:00
000586,16.3100,16.9000,17.1000,16.2900,141225,235605040.00,63893,77332,7.3007,2026-06-06 12:02:19.577001+00:00
000589,4.5700,4.5900,4.6600,4.5600,265939,122619312.00,125768,140172,1.7109,2026-06-06 12:02:19.577001+00:00
000590,9.7900,9.7600,9.9300,9.5900,38537,37671760.00,22829,15708,1.6093,2026-06-06 12:02:19.577001+00:00
000591,5.2600,5.5200,5.6300,5.2400,1615915,864270784.00,752221,863694,4.1382,2026-06-06 12:02:19.577001+00:00
000592,8.0600,8.0700,8.2400,8.0100,1070300,869390592.00,562831,507470,5.5405,2026-06-06 12:02:19.577001+00:00
000593,20.2300,20.3900,21.0500,19.9000,106389,216234048.00,50661,55728,2.9665,2026-06-06 12:02:19.577001+00:00
000595,7.0700,7.0000,7.2000,6.8200,234043,164359792.00,122187,111856,2.0554,2026-06-06 12:02:19.577001+00:00
000596,88.2200,89.2000,90.9000,87.5200,27144,241392064.00,13002,14143,0.5135,2026-06-06 12:02:19.577001+00:00
000597,4.4400,4.4200,4.4900,4.4100,105584,46998684.00,48958,56627,0.7399,2026-06-06 12:02:19.577001+00:00
000598,6.8700,6.9300,6.9800,6.8500,257269,177659840.00,106595,150674,0.8622,2026-06-06 12:02:19.577001+00:00
000599,5.1000,5.1600,5.5000,5.0900,407435,214214768.00,206165,201270,1.7955,2026-06-06 12:02:19.577001+00:00
000600,11.4800,12.3100,12.9900,11.3400,988470,1185057408.00,417626,570844,5.4817,2026-06-06 12:02:19.577001+00:00
000601,7.9700,8.6100,8.9800,7.8800,1758942,1448115072.00,761282,997661,16.5261,2026-06-06 12:02:19.577001+00:00
000603,29.7100,30.1200,30.3900,29.4600,138919,415524160.00,66461,72459,2.0134,2026-06-06 12:02:19.577001+00:00
000605,6.2500,6.1600,6.3400,6.0700,47207,29388634.00,23837,23370,1.3386,2026-06-06 12:02:19.577001+00:00
000607,3.5500,3.4900,3.6000,3.4700,137692,48731184.00,70000,67692,1.3530,2026-06-06 12:02:19.577001+00:00
000608,5.5200,5.2000,5.5200,5.0900,765569,414784576.00,417416,348154,10.2088,2026-06-06 12:02:19.577001+00:00
000609,13.0300,13.0300,13.0300,13.0300,15411,20081288.00,1931,13481,0.0000,2026-06-06 12:02:19.577001+00:00
000610,7.4200,7.4600,7.5300,7.3300,18878,14037972.00,8503,10375,0.0000,2026-06-06 12:02:19.577001+00:00
000612,11.1600,11.4300,11.5100,11.0900,407406,460431712.00,195877,211529,3.4173,2026-06-06 12:02:19.577001+00:00
000615,3.5900,3.5700,3.6200,3.5100,89627,31996748.00,35825,53802,0.5014,2026-06-06 12:02:19.577001+00:00
000617,7.3300,7.4600,7.5000,7.3100,814932,602535552.00,379168,435765,0.6446,2026-06-06 12:02:19.577001+00:00
000619,5.4500,5.4000,5.5500,5.2800,80467,43561688.00,43600,36868,1.8240,2026-06-06 12:02:19.577001+00:00
000620,2.8800,2.9100,2.9200,2.8500,1784139,515060704.00,661126,1123014,3.0385,2026-06-06 12:02:19.577001+00:00
000623,16.9700,17.0400,17.2600,16.9000,105331,179928960.00,52756,52576,0.8808,2026-06-06 12:02:19.577001+00:00
000625,8.0000,7.9600,8.0900,7.9500,572568,459230720.00,286630,285939,0.5776,2026-06-06 12:02:19.577001+00:00
000626,8.0800,7.8600,8.6000,7.8500,269156,221043104.00,140346,128811,5.3127,2026-06-06 12:02:19.577001+00:00
000628,52.7500,53.8000,54.8500,51.8800,113074,602227584.00,58162,54913,3.2098,2026-06-06 12:02:19.577001+00:00
000629,3.3000,3.3400,3.3800,3.2800,967077,321475840.00,459483,507594,1.0409,2026-06-06 12:02:19.577001+00:00
000630,6.4900,6.6500,6.8100,6.4500,3388794,2233556224.00,1737337,1651458,0.0000,2026-06-06 12:02:19.577001+00:00
000631,3.2400,3.3500,3.4600,3.2200,349310,114627856.00,145747,203564,1.5187,2026-06-06 12:02:19.577001+00:00
000632,3.9600,4.1000,4.2200,3.9500,283755,115839472.00,127390,156365,6.0954,2026-06-06 12:02:19.577001+00:00
000633,5.5500,5.4400,5.6500,5.3400,97461,53765996.00,53032,44429,2.5308,2026-06-06 12:02:19.577001+00:00
000635,6.9800,6.9100,7.1000,6.7800,59930,41853936.00,30773,29157,1.5206,2026-06-06 12:02:19.577001+00:00
000636,59.6500,60.0000,62.1700,57.9600,1692663,10195383296.00,801203,891460,0.0000,2026-06-06 12:02:19.577001+00:00
000637,4.2500,4.1700,4.3300,4.1400,108224,45933184.00,55069,53155,2.0817,2026-06-06 12:02:19.577001+00:00
000639,1.5900,1.6200,1.6200,1.5600,630699,100247928.00,281248,349451,5.8429,2026-06-06 12:02:19.577001+00:00
000650,5.2800,5.2700,5.3300,5.2600,83908,44428440.00,44766,39142,0.5994,2026-06-06 12:02:19.577001+00:00
000651,38.4600,38.7000,39.2700,38.4200,367640,1424485760.00,182892,184749,0.6563,2026-06-06 12:02:19.577001+00:00
000652,3.6300,3.5900,3.6800,3.5700,153080,55642492.00,79249,73831,1.0490,2026-06-06 12:02:19.577001+00:00
000655,7.1100,7.1400,7.2300,7.0500,60948,43630172.00,30996,29953,1.0238,2026-06-06 12:02:19.577001+00:00
000656,1.4000,1.4100,1.4300,1.4000,716939,101034848.00,269568,447372,0.0000,2026-06-06 12:02:19.577001+00:00
000657,70.1000,73.0300,74.3100,69.5400,823078,5915390464.00,357942,465136,3.6122,2026-06-06 12:02:19.577001+00:00
000659,3.6900,3.7900,3.7900,3.6600,219352,81199144.00,97680,121673,1.7061,2026-06-06 12:02:19.577001+00:00
000661,68.4300,69.3700,69.7700,68.1200,53708,370413088.00,27457,26252,1.3166,2026-06-06 12:02:19.577001+00:00
000663,5.8500,5.7500,5.9500,5.7000,72776,42419956.00,37546,35230,2.1616,2026-06-06 12:02:19.577001+00:00
000665,4.2300,4.1700,4.3000,4.1100,149948,63083384.00,79544,70405,1.3186,2026-06-06 12:02:19.577001+00:00
000668,20.5900,18.5900,20.5900,18.5200,56496,113978168.00,26952,29544,0.0000,2026-06-06 12:02:19.577001+00:00
000669,4.2400,4.3000,4.4000,4.2400,81407,35070704.00,26887,54520,1.1964,2026-06-06 12:02:19.577001+00:00
000670,9.4200,9.6300,9.8500,9.3500,1398299,1332913792.00,698211,700088,16.5533,2026-06-06 12:02:19.577001+00:00
000672,16.2300,16.0600,17.1700,15.9300,297343,490616032.00,152481,144863,0.0000,2026-06-06 12:02:19.577001+00:00
000676,5.7700,5.7100,5.8700,5.6100,239557,137763856.00,120211,119346,1.9016,2026-06-06 12:02:19.577001+00:00
000677,2.0300,1.9600,2.1000,1.9400,483342,97258848.00,250130,233213,5.5944,2026-06-06 12:02:19.577001+00:00
000678,11.8300,11.5800,12.1200,11.3200,154572,180593520.00,81294,73278,3.3631,2026-06-06 12:02:19.577001+00:00
000679,6.3600,6.2300,6.4900,6.2200,68867,43900712.00,38225,30642,1.9323,2026-06-06 12:02:19.577001+00:00
000680,10.9000,10.8000,11.0700,10.7500,278888,304533600.00,147393,131496,1.8591,2026-06-06 12:02:19.577001+00:00
000682,12.8500,13.0500,13.1600,12.5100,304892,391838016.00,137403,167490,2.2741,2026-06-06 12:02:19.577001+00:00
000683,6.8700,7.0000,7.0900,6.8300,447718,311186816.00,201724,245994,1.2046,2026-06-06 12:02:19.577001+00:00
000685,10.7700,10.9300,11.0300,10.7600,186635,203228192.00,78195,108440,1.2716,2026-06-06 12:02:19.577001+00:00
000686,7.7000,7.7400,7.7800,7.6900,205825,159222640.00,93333,112492,0.8794,2026-06-06 12:02:19.577001+00:00
000688,39.0600,38.2200,41.0000,37.6100,224301,881466752.00,119091,105211,1.8927,2026-06-06 12:02:19.577001+00:00
000690,5.3300,5.8000,5.8700,5.2600,2044884,1123192960.00,886499,1158386,9.3979,2026-06-06 12:02:19.577001+00:00
000691,9.0100,8.6500,9.1000,8.6100,117689,104559256.00,69795,47894,2.4271,2026-06-06 12:02:19.577001+00:00
000692,4.8600,5.0800,5.4200,4.8200,349364,174627184.00,163544,185820,6.5567,2026-06-06 12:02:19.577001+00:00
000695,14.0100,13.9000,14.1800,13.2700,143639,197444752.00,81565,62074,6.1980,2026-06-06 12:02:19.577001+00:00
000697,11.1300,11.2000,11.4100,10.9800,129832,145432448.00,62975,66857,0.9300,2026-06-06 12:02:19.577001+00:00
000698,3.4500,3.4500,3.4900,3.4300,32072,11074428.00,11347,20725,0.3914,2026-06-06 12:02:19.577001+00:00
000700,17.2900,18.2700,18.6600,16.9000,1498652,2631512064.00,694939,803714,16.3249,2026-06-06 12:02:19.577001+00:00
000701,5.6800,5.5000,5.8400,5.3700,276093,155082672.00,146814,129279,4.1312,2026-06-06 12:02:19.577001+00:00
000702,5.8900,5.7900,5.9500,5.6700,73393,42755236.00,40509,32885,2.1174,2026-06-06 12:02:19.577001+00:00
000703,13.3400,13.1300,13.6200,12.9700,582783,774440064.00,297112,285672,1.5252,2026-06-06 12:02:19.577001+00:00
000705,6.8500,6.7900,6.9500,6.6900,52999,36263564.00,26453,26546,1.5862,2026-06-06 12:02:19.577001+00:00
000707,4.9000,4.8000,4.9300,4.7700,84836,41342636.00,45269,39568,1.4509,2026-06-06 12:02:19.577001+00:00
000708,13.5700,13.6600,13.8400,13.5100,107127,146539568.00,56368,50760,0.2123,2026-06-06 12:02:19.577001+00:00
000709,2.1800,2.1700,2.2000,2.1700,755534,165040336.00,301686,453848,0.7309,2026-06-06 12:02:19.577001+00:00
000710,8.3200,8.3500,8.5100,8.2700,73407,61459004.00,37069,36338,2.0765,2026-06-06 12:02:19.577001+00:00
000711,5.7500,5.9500,6.0300,5.7400,880873,512917600.00,361234,519640,0.0000,2026-06-06 12:02:19.577001+00:00
000712,8.9800,9.4400,9.4500,8.9800,391535,355666400.00,166499,225036,4.3698,2026-06-06 12:02:19.577001+00:00
000713,5.9600,5.8200,5.9800,5.8200,40617,24070836.00,23559,17059,0.5088,2026-06-06 12:02:19.577001+00:00
000715,5.1800,4.9700,5.2500,4.9600,141017,72407648.00,83638,57380,2.6093,2026-06-06 12:02:19.577001+00:00
000716,5.3300,5.1800,5.6300,5.1000,330964,176809616.00,163752,167212,4.3959,2026-06-06 12:02:19.577001+00:00
000717,2.1800,2.1700,2.2200,2.1700,148627,32609666.00,69966,78661,0.6132,2026-06-06 12:02:19.577001+00:00
000718,2.3000,2.3800,2.4500,2.2900,2161413,519630976.00,826501,1334912,7.1225,2026-06-06 12:02:19.577001+00:00
000719,13.2600,13.1200,13.3100,13.1100,33863,44781928.00,17143,16720,0.3310,2026-06-06 12:02:19.577001+00:00
000720,5.1600,5.0800,5.5300,5.0600,1049122,555312768.00,522057,527065,8.3493,2026-06-06 12:02:19.577001+00:00
000721,6.3500,6.2700,6.4800,6.2300,92702,59047196.00,51093,41609,1.6153,2026-06-06 12:02:19.577001+00:00
000722,15.1000,15.6800,16.1200,15.0100,385188,591677952.00,169249,215939,0.0000,2026-06-06 12:02:19.577001+00:00
000723,4.3500,4.4000,4.4600,4.3400,828718,363033888.00,373745,454973,1.8820,2026-06-06 12:02:19.577001+00:00
000725,6.4300,6.1100,6.7700,6.0100,55041155,35684790272.00,30445879,24595276,0.0000,2026-06-06 12:02:19.577001+00:00
000726,5.9500,5.8900,6.0000,5.8900,39854,23749990.00,24551,15303,0.4875,2026-06-06 12:02:19.577001+00:00
000727,3.0000,2.8900,3.1100,2.8100,3740818,1120723968.00,2151186,1589633,8.2587,2026-06-06 12:02:19.577001+00:00
000728,6.9000,6.9700,7.0300,6.8900,277113,192520688.00,108650,168463,0.6350,2026-06-06 12:02:19.577001+00:00
000729,11.9100,11.9100,12.2000,11.8700,291134,349070272.00,145004,146131,1.0329,2026-06-06 12:02:19.577001+00:00
000731,5.9400,5.9100,6.0100,5.8400,62338,36913452.00,32359,29979,1.1358,2026-06-06 12:02:19.577001+00:00
000733,56.0700,61.0400,61.7700,55.9500,740644,4262425088.00,318118,422526,13.3649,2026-06-06 12:02:19.577001+00:00
000735,5.2100,5.2400,5.3200,5.1700,188929,98729792.00,96846,92083,0.0000,2026-06-06 12:02:19.577001+00:00
000736,4.7400,4.7600,4.8500,4.6000,217771,102530848.00,98897,118875,2.9149,2026-06-06 12:02:19.577001+00:00
000737,13.8600,14.1300,14.5800,13.7900,617181,869982528.00,296262,320920,3.2403,2026-06-06 12:02:19.577001+00:00
000738,18.8100,18.7800,19.0900,18.5800,171910,324530816.00,81402,90509,1.3071,2026-06-06 12:02:19.577001+00:00
000739,16.1300,16.2000,16.6600,16.1000,77859,127337208.00,37455,40404,0.6721,2026-06-06 12:02:19.577001+00:00
000750,3.5900,3.6000,3.6400,3.5800,365011,131701728.00,163332,201680,0.5716,2026-06-06 12:02:19.577001+00:00
000751,5.0300,5.0800,5.1700,4.9800,509327,257970832.00,230333,278994,3.1525,2026-06-06 12:02:19.577001+00:00
000752,9.0100,9.0600,9.1000,8.9700,24170,21817356.00,8601,15569,0.9164,2026-06-06 12:02:19.577001+00:00
000753,5.2300,5.1900,5.2900,5.1700,155999,81622440.00,79508,76491,1.5734,2026-06-06 12:02:19.577001+00:00
000755,4.9900,5.1400,5.2000,4.9800,153432,77285288.00,55848,97585,1.0457,2026-06-06 12:02:19.577001+00:00
000756,12.7700,12.8500,12.9300,12.7600,34969,44883516.00,17154,17815,0.5019,2026-06-06 12:02:19.577001+00:00
000757,3.9900,3.9000,4.0500,3.8600,142503,56308264.00,67738,74765,2.6750,2026-06-06 12:02:19.577001+00:00
000758,6.7200,6.8000,6.9600,6.6500,527584,357571008.00,249494,278091,2.6506,2026-06-06 12:02:19.577001+00:00
000759,5.7000,5.0600,5.7000,5.0200,622954,347390240.00,194790,428165,9.4036,2026-06-06 12:02:19.577001+00:00
000761,2.4400,2.4700,2.5100,2.4300,156403,38523024.00,75013,81390,0.3807,2026-06-06 12:02:19.577001+00:00
000762,27.9900,28.1500,28.6600,27.2900,221281,618997312.00,117825,103456,4.2487,2026-06-06 12:02:19.577001+00:00
000766,24.7000,24.6900,25.0900,24.3100,190073,469700544.00,91122,98951,1.9666,2026-06-06 12:02:19.577001+00:00
000767,5.3400,5.7200,6.0200,5.2500,4206337,2336967936.00,2014235,2192103,13.6705,2026-06-06 12:02:19.577001+00:00
000768,21.0300,21.0300,21.2600,20.9800,210262,443621984.00,101854,108409,0.7562,2026-06-06 12:02:19.577001+00:00
000776,18.8100,19.1700,19.5900,18.7500,789892,1513307520.00,348455,441438,1.0095,2026-06-06 12:02:19.577001+00:00
000777,17.2200,17.6500,17.8800,17.2200,106199,186241744.00,55011,51189,2.7698,2026-06-06 12:02:19.577001+00:00
000778,4.2200,4.2700,4.2800,4.1800,627898,265787168.00,238966,388932,1.5843,2026-06-06 12:02:19.577001+00:00
000779,7.5200,7.4900,7.6700,7.4500,61479,46353420.00,28864,32616,1.3226,2026-06-06 12:02:19.577001+00:00
000782,7.3200,7.4300,7.6100,7.2900,180600,133856472.00,83812,96788,2.6304,2026-06-06 12:02:19.577001+00:00
000783,7.5000,7.7100,7.7700,7.4800,878070,669585728.00,405264,472806,1.5878,2026-06-06 12:02:19.577001+00:00
000785,2.4700,2.3200,2.5600,2.3200,1759854,442488448.00,686446,1073409,2.8261,2026-06-06 12:02:19.577001+00:00
000786,21.9400,22.2000,22.4800,21.9000,76527,169878352.00,32135,44393,0.4496,2026-06-06 12:02:19.577001+00:00
000788,5.1800,5.1500,5.2600,5.1200,108770,56386388.00,53561,55209,1.8250,2026-06-06 12:02:19.577001+00:00
000789,4.4600,4.4500,4.5100,4.4200,22781,10200446.00,12453,10328,0.2857,2026-06-06 12:02:19.577001+00:00
000790,3.8300,3.8000,3.9700,3.7300,217569,83371432.00,112010,105560,3.4883,2026-06-06 12:02:19.577001+00:00
000791,9.2000,9.7900,10.0700,9.1700,789621,751150848.00,347271,442351,2.4342,2026-06-06 12:02:19.577001+00:00
000792,29.4500,29.2500,30.3500,28.9800,857145,2537924608.00,450630,406515,0.0000,2026-06-06 12:02:19.577001+00:00
000793,2.5500,2.6100,2.6100,2.5400,226537,58254812.00,92982,133555,1.1342,2026-06-06 12:02:19.577001+00:00
000795,9.2000,8.9200,9.3400,8.8100,296298,270714592.00,174741,121558,2.6136,2026-06-06 12:02:19.577001+00:00
000796,4.5400,4.5300,4.6500,4.5000,394624,180342976.00,198741,195883,2.4606,2026-06-06 12:02:19.577001+00:00
000797,2.5300,2.5100,2.5700,2.5000,282710,71935104.00,161850,120860,1.7998,2026-06-06 12:02:19.577001+00:00
000798,8.0500,8.1700,8.3200,8.0200,97964,79561216.00,49099,48865,2.6776,2026-06-06 12:02:19.577001+00:00
000799,44.5100,44.0100,46.7400,44.0100,234828,1068467840.00,129450,105378,7.2271,2026-06-06 12:02:19.577001+00:00
000800,6.1100,6.0700,6.1600,6.0700,125552,76904440.00,65760,59792,0.2551,2026-06-06 12:02:19.577001+00:00
000801,12.4400,12.5500,12.7700,12.2000,165024,206161568.00,88986,76038,1.6237,2026-06-06 12:02:19.577001+00:00
000802,4.8700,4.8800,4.9200,4.6400,774375,371874112.00,359717,414658,10.8168,2026-06-06 12:02:19.577001+00:00
000803,7.4700,7.7200,7.7700,7.4100,113302,85162016.00,44036,69267,2.4298,2026-06-06 12:02:19.577001+00:00
000807,27.6400,28.3600,28.9500,27.5000,670498,1888633600.00,332125,338374,1.9334,2026-06-06 12:02:19.577001+00:00
000809,3.9800,3.9900,4.0400,3.8200,303134,119040680.00,136147,166987,3.6753,2026-06-06 12:02:19.577001+00:00
000810,11.1000,11.0000,11.3600,10.8200,118710,132096736.00,61483,57227,1.0321,2026-06-06 12:02:19.577001+00:00
000811,31.0400,31.4300,32.1000,30.5600,249270,779531264.00,119071,130200,2.5116,2026-06-06 12:02:19.577001+00:00
000812,3.6600,3.6000,3.6800,3.5800,115361,42054348.00,57116,58245,1.5253,2026-06-06 12:02:19.577001+00:00
000813,3.1000,3.1200,3.1500,3.0300,312528,96800080.00,141360,171169,1.4903,2026-06-06 12:02:19.577001+00:00
000815,15.6900,15.8500,16.0700,15.4100,347845,547052480.00,176338,171508,5.0031,2026-06-06 12:02:19.577001+00:00
000816,2.6700,2.6100,2.7200,2.6100,331448,88519312.00,189622,141827,2.2906,2026-06-06 12:02:19.577001+00:00
000818,13.7000,13.6600,13.9600,13.2400,208267,284496064.00,109781,98486,3.1556,2026-06-06 12:02:19.577001+00:00
000819,14.4300,14.3100,14.7400,14.1500,51570,74734912.00,25658,25912,1.3957,2026-06-06 12:02:19.577001+00:00
000820,3.4400,3.1700,3.4700,3.1700,341251,110180752.00,196831,144420,5.2780,2026-06-06 12:02:19.577001+00:00
000821,9.5600,9.2400,9.7000,9.0800,234014,219354640.00,121571,112444,0.0000,2026-06-06 12:02:19.577001+00:00
000822,4.8200,4.7700,4.8900,4.7400,149799,72320272.00,86202,63597,1.6736,2026-06-06 12:02:19.577001+00:00
000823,17.6100,17.3000,18.1700,16.7700,993871,1752422656.00,487472,506400,17.6044,2026-06-06 12:02:19.577001+00:00
000825,3.8500,3.8600,3.9100,3.8100,281396,108586096.00,142076,139321,0.4940,2026-06-06 12:02:19.577001+00:00
000826,2.3000,2.3100,2.4100,2.2900,370586,86519920.00,165366,205220,0.0000,2026-06-06 12:02:19.577001+00:00
000828,9.9500,9.9600,10.1000,9.9200,46001,46003128.00,22005,23996,0.4425,2026-06-06 12:02:19.577001+00:00
000829,9.1600,9.1100,9.2900,9.0400,272522,249255472.00,130144,142378,2.6585,2026-06-06 12:02:19.577001+00:00
000830,12.4900,12.4700,12.6600,12.3800,359447,450176352.00,161180,198267,1.8875,2026-06-06 12:02:19.577001+00:00
000831,54.3200,53.0000,56.0000,52.5100,487646,2678298112.00,271242,216405,4.5951,2026-06-06 12:02:19.577001+00:00
000833,21.5300,22.2000,22.3000,21.4800,311759,677625280.00,165079,146680,3.8869,2026-06-06 12:02:19.577001+00:00
000837,12.0200,11.4100,12.3300,10.9300,460315,539715328.00,255374,204942,4.4990,2026-06-06 12:02:19.577001+00:00
000838,1.7200,1.7300,1.7600,1.6800,242534,41713820.00,96613,145921,0.0000,2026-06-06 12:02:19.577001+00:00
000839,2.8500,2.9300,2.9500,2.8200,669010,192184992.00,287904,381106,1.7067,2026-06-06 12:02:19.577001+00:00
000848,7.9300,7.9300,8.0800,7.9000,109868,87486872.00,58874,50994,1.0771,2026-06-06 12:02:19.577001+00:00
000850,3.9600,3.9200,4.0300,3.9000,94508,37595296.00,49877,44631,1.0015,2026-06-06 12:02:19.577001+00:00
000852,5.7600,5.7200,5.8300,5.6600,114189,65820072.00,58736,55454,1.1945,2026-06-06 12:02:19.577001+00:00
000856,8.7100,8.6700,8.8600,8.3800,58454,50550692.00,32842,25612,2.5751,2026-06-06 12:02:19.577001+00:00
000858,81.0800,81.5000,82.4200,81.0300,219364,1789684352.00,109582,109782,0.5651,2026-06-06 12:02:19.577001+00:00
000859,10.7500,10.1500,10.9600,9.9200,930222,983815360.00,491418,438805,10.3822,2026-06-06 12:02:19.577001+00:00
000860,10.7600,10.6900,10.9500,10.6900,65637,70889536.00,33670,31967,0.8849,2026-06-06 12:02:19.577001+00:00
000862,6.7500,7.2500,7.4500,6.7000,644845,449749632.00,262891,381954,7.0248,2026-06-06 12:02:19.577001+00:00
000863,4.7200,4.8000,4.8800,4.6700,247848,118241944.00,96702,151147,2.0992,2026-06-06 12:02:19.577001+00:00
000868,3.7800,3.7600,3.8400,3.7300,115846,43974904.00,63483,52363,1.2330,2026-06-06 12:02:19.577001+00:00
000869,17.8600,17.7200,17.9800,17.6600,7531,13439762.00,3844,3687,0.1146,2026-06-06 12:02:19.577001+00:00
000875,6.4000,6.6000,6.6900,6.3600,704400,455528480.00,306687,397714,1.9420,2026-06-06 12:02:19.577001+00:00
000876,7.3200,7.3100,7.3800,7.1800,237730,172976240.00,115547,122184,0.5280,2026-06-06 12:02:19.577001+00:00
000877,4.2300,4.2000,4.2900,4.1900,86983,36965412.00,50406,36577,0.1223,2026-06-06 12:02:19.577001+00:00
000878,17.3200,17.8800,18.2500,17.2800,533510,942864448.00,236797,296713,2.1999,2026-06-06 12:02:19.577001+00:00
000880,26.9000,28.1000,28.1000,26.9000,232985,633482560.00,99125,133860,5.0229,2026-06-06 12:02:19.577001+00:00
000881,7.8600,7.8200,8.0500,7.8100,339992,269425504.00,156746,183246,3.5962,2026-06-06 12:02:19.577001+00:00
000882,1.4900,1.4500,1.5300,1.4500,1042394,156673936.00,563755,478639,3.8080,2026-06-06 12:02:19.577001+00:00
000883,5.0000,5.1500,5.2700,4.9700,722658,368102080.00,284286,438373,1.0208,2026-06-06 12:02:19.577001+00:00
000885,12.9100,12.8900,13.0200,12.8000,35401,45741764.00,17153,18249,0.5514,2026-06-06 12:02:19.577001+00:00
000886,4.5600,4.5400,4.6200,4.5000,153924,70406328.00,75273,78651,1.5566,2026-06-06 12:02:19.577001+00:00
000887,21.9900,21.0400,22.6100,20.9600,1336168,2940659200.00,778149,558019,10.1495,2026-06-06 12:02:19.577001+00:00
000888,10.0200,9.9500,10.1600,9.9300,72378,72627376.00,39172,33207,1.3736,2026-06-06 12:02:19.577001+00:00
000889,3.7600,3.7900,3.8500,3.7100,454673,171571856.00,214578,240096,4.8561,2026-06-06 12:02:19.577001+00:00
000890,10.2600,10.6200,11.3000,10.1200,407104,422465280.00,180556,226548,9.7044,2026-06-06 12:02:19.577001+00:00
000892,3.9200,3.9000,4.0600,3.8100,484054,189475568.00,252089,231965,4.9344,2026-06-06 12:02:19.577001+00:00
000893,47.9900,44.7000,48.8000,44.7000,232053,1104952192.00,129056,102998,2.5113,2026-06-06 12:02:19.577001+00:00
000895,24.7600,24.3500,25.2000,24.3500,129804,322827168.00,63866,65938,0.3747,2026-06-06 12:02:19.577001+00:00
000897,1.9400,1.9000,1.9700,1.8900,397629,77218920.00,226002,171628,2.4586,2026-06-06 12:02:19.577001+00:00
000898,2.0400,2.0200,2.0700,2.0200,394427,80815296.00,223397,171030,0.4210,2026-06-06 12:02:19.577001+00:00
000899,13.7300,14.4500,14.9000,13.6900,412894,582491008.00,180808,232086,0.0000,2026-06-06 12:02:19.577001+00:00
000900,3.7700,3.7500,3.8100,3.7400,82624,31226476.00,44832,37793,0.5444,2026-06-06 12:02:19.577001+00:00
000901,18.8600,18.6000,19.1800,18.4100,261839,494624608.00,136584,125255,3.2804,2026-06-06 12:02:19.577001+00:00
000902,12.3800,12.5000,12.5900,12.2600,133531,165867824.00,68648,64883,1.0642,2026-06-06 12:02:19.577001+00:00
000903,1.8300,1.8200,1.8500,1.8000,248906,45500704.00,100135,148771,1.2864,2026-06-06 12:02:19.577001+00:00
000905,9.0000,9.0000,9.1400,8.9500,92308,83449360.00,45947,46361,0.5985,2026-06-06 12:02:19.577001+00:00
000906,5.9000,5.8100,6.0000,5.8000,85404,50335564.00,41273,44132,1.2034,2026-06-06 12:02:19.577001+00:00
000908,7.1000,7.1200,7.1800,7.0800,56910,40554384.00,22499,34411,0.3234,2026-06-06 12:02:19.577001+00:00
000909,4.5400,4.6700,4.7100,4.5000,66404,30377170.00,22631,43773,1.5171,2026-06-06 12:02:19.577001+00:00
000910,6.3200,6.2500,6.4500,6.2000,60390,38079684.00,23205,37185,1.1032,2026-06-06 12:02:19.577001+00:00
000911,5.5400,5.5200,5.6600,5.4500,58536,32555812.00,26634,31902,0.0000,2026-06-06 12:02:19.577001+00:00
000912,3.6900,3.6700,3.7300,3.6400,201679,74463352.00,99145,102534,1.2862,2026-06-06 12:02:19.577001+00:00
000913,11.2700,11.3000,11.4200,11.2100,24851,28091888.00,12326,12525,0.4721,2026-06-06 12:02:19.577001+00:00
000915,27.2800,27.0800,27.5500,27.0800,14656,40179100.00,9377,5280,0.6254,2026-06-06 12:02:19.577001+00:00
000917,7.4400,7.5600,7.6300,7.4200,258829,194522528.00,123254,135575,1.8259,2026-06-06 12:02:19.577001+00:00
000919,6.2200,6.2300,6.2800,6.2000,67223,41947176.00,36845,30378,1.0809,2026-06-06 12:02:19.577001+00:00
000920,12.3600,12.3000,12.7600,12.2900,169569,211534128.00,78500,91070,3.5878,2026-06-06 12:02:19.577001+00:00
000921,26.7300,26.6800,27.5000,26.6000,150272,407592800.00,82591,67682,1.0851,2026-06-06 12:02:19.577001+00:00
000922,12.5300,12.5400,12.8600,12.1800,134296,168088240.00,68522,65774,1.6103,2026-06-06 12:02:19.577001+00:00
000923,14.7200,14.8600,15.0600,14.6200,146329,216898560.00,75445,70885,2.2418,2026-06-06 12:02:19.577001+00:00
000925,8.6400,8.3000,8.9800,8.2800,843109,734587584.00,444814,398296,0.0000,2026-06-06 12:02:19.577001+00:00
000926,2.2800,2.2500,2.3300,2.2000,649817,147091600.00,306293,343524,4.0793,2026-06-06 12:02:19.577001+00:00
000927,2.5800,2.5900,2.6200,2.5800,388403,100767456.00,200840,187563,0.6420,2026-06-06 12:02:19.577001+00:00
000928,5.8400,5.7400,5.8400,5.7400,138819,80662312.00,73055,65764,0.9676,2026-06-06 12:02:19.577001+00:00
000929,9.7000,9.6500,9.9100,9.5900,30724,29905448.00,14114,16610,1.6539,2026-06-06 12:02:19.577001+00:00
000930,5.0500,5.0000,5.1200,5.0000,136995,69376160.00,70813,66183,0.7379,2026-06-06 12:02:19.577001+00:00
000931,4.1800,4.1300,4.2000,4.1000,55408,23068428.00,32229,23180,0.7357,2026-06-06 12:02:19.577001+00:00
000932,3.9200,3.9200,4.0000,3.9100,691106,273572064.00,342949,348158,1.0085,2026-06-06 12:02:19.577001+00:00
000933,27.8000,28.5300,28.8200,27.6600,480223,1354937984.00,226003,254220,2.1353,2026-06-06 12:02:19.577001+00:00
000935,26.2600,25.8200,27.3800,24.9000,115468,302376096.00,55982,59486,1.5125,2026-06-06 12:02:19.577001+00:00
000936,6.3200,6.3000,6.4500,6.2000,150979,95679056.00,77523,73456,1.7040,2026-06-06 12:02:19.577001+00:00
000937,5.8500,5.7700,5.9200,5.7400,439548,257294208.00,240873,198675,1.2439,2026-06-06 12:02:19.577001+00:00
000938,27.8700,27.3100,29.0900,26.6700,2266741,6356006912.00,1163422,1103320,7.9254,2026-06-06 12:02:19.577001+00:00
000948,13.1100,13.1400,13.3300,12.9600,49473,65028908.00,26766,22708,1.2689,2026-06-06 12:02:19.577001+00:00
000949,6.7200,6.5900,7.0500,6.5700,670039,454767072.00,360031,310009,4.0439,2026-06-06 12:02:19.577001+00:00
000950,5.4900,5.4600,5.5600,5.4500,232758,128005656.00,111780,120978,1.3468,2026-06-06 12:02:19.577001+00:00
000951,22.1600,22.5000,22.9000,22.0300,86738,194110128.00,36650,50089,0.7420,2026-06-06 12:02:19.577001+00:00
000952,6.4600,6.4400,6.5600,6.3500,53693,34724408.00,29929,23764,1.5485,2026-06-06 12:02:19.577001+00:00
000953,5.9900,6.0000,6.0800,5.9000,69142,41391356.00,38739,30403,1.8885,2026-06-06 12:02:19.577001+00:00
000955,4.1700,4.1100,4.2500,4.0800,147004,61423972.00,76511,70493,2.7304,2026-06-06 12:02:19.577001+00:00
000957,9.9700,10.0100,10.0800,9.8900,100581,100344312.00,43006,57575,1.6964,2026-06-06 12:02:19.577001+00:00
000958,6.1800,6.2200,6.5000,6.1500,765426,484028128.00,379899,385527,0.4406,2026-06-06 12:02:19.577001+00:00
000959,3.4600,3.4700,3.5300,3.4400,303322,105840608.00,142434,160889,0.3911,2026-06-06 12:02:19.577001+00:00
000960,38.9000,40.5200,41.1700,38.4500,1056061,4180895744.00,478015,578046,6.4181,2026-06-06 12:02:19.577001+00:00
000962,55.8500,58.0100,58.2200,54.5500,225045,1263522560.00,104297,120748,0.0000,2026-06-06 12:02:19.577001+00:00
000963,28.4200,28.2600,28.6800,28.1300,150974,429412736.00,92664,58310,0.8609,2026-06-06 12:02:19.577001+00:00
000965,3.4200,3.3500,3.4400,3.3500,188506,64073492.00,105199,83308,1.6985,2026-06-06 12:02:19.577001+00:00
000966,5.4200,5.2600,5.8100,5.2400,2732418,1528614656.00,1256873,1475546,7.8494,2026-06-06 12:02:19.577001+00:00
000967,10.6000,10.9500,10.9500,10.5000,1030367,1107208320.00,480064,550303,3.1346,2026-06-06 12:02:19.577001+00:00
000968,7.3600,7.3400,7.4300,7.2800,207746,152721344.00,97260,110486,2.1472,2026-06-06 12:02:19.577001+00:00
000969,22.1400,21.8700,23.0800,20.8000,526913,1155535104.00,279865,247048,5.0157,2026-06-06 12:02:19.577001+00:00
000970,11.4800,11.0800,11.8500,10.9300,378180,435448448.00,218114,160067,3.1107,2026-06-06 12:02:19.577001+00:00
000972,3.5500,3.5200,3.5600,3.4800,59366,20925272.00,28735,30631,0.7697,2026-06-06 12:02:19.577001+00:00
000973,13.9100,14.1400,14.4400,13.7600,429988,604244864.00,218147,211841,1.7492,2026-06-06 12:02:19.577001+00:00
000975,21.8400,22.0900,22.4100,21.6200,399908,880661248.00,164774,235134,1.4424,2026-06-06 12:02:19.577001+00:00
000977,62.1400,62.7500,65.1000,61.0300,716993,4509343232.00,357756,359237,4.8826,2026-06-06 12:02:19.577001+00:00
000978,6.6300,6.6200,6.7400,6.5400,145341,96247096.00,63264,82077,3.1047,2026-06-06 12:02:19.577001+00:00
000980,2.5400,2.6000,2.6200,2.4700,1354280,343805920.00,642410,711870,2.6857,2026-06-06 12:02:19.577001+00:00
000981,3.5600,3.5100,3.6400,3.4800,2085576,740313152.00,1087603,997974,2.0861,2026-06-06 12:02:19.577001+00:00
000983,7.7900,7.7100,8.0000,7.6600,1464179,1144640000.00,770912,693267,2.5791,2026-06-06 12:02:19.577001+00:00
000985,17.0100,16.5600,17.2500,16.5000,18690,31554662.00,11349,7341,1.4417,2026-06-06 12:02:19.577001+00:00
000987,7.6100,7.7300,7.8200,7.5900,327779,252452464.00,137947,189833,0.6533,2026-06-06 12:02:19.577001+00:00
000988,157.2000,156.3000,165.8700,155.8600,921741,14874959872.00,445010,476731,0.0000,2026-06-06 12:02:19.577001+00:00
000989,7.9800,7.9200,8.0900,7.9200,69841,55941740.00,38861,30980,0.8160,2026-06-06 12:02:19.577001+00:00
000990,9.2500,9.2100,9.5000,9.1000,243406,226045520.00,124387,119019,2.0030,2026-06-06 12:02:19.577001+00:00
000993,13.5100,14.4600,14.8700,13.4500,363417,508415264.00,150343,213074,7.9357,2026-06-06 12:02:19.577001+00:00
000995,12.0600,12.3000,12.5400,12.0300,120348,147304192.00,58343,62005,0.0000,2026-06-06 12:02:19.577001+00:00
000997,19.7600,20.2200,20.2500,19.6100,214246,425309248.00,90063,124184,2.1148,2026-06-06 12:02:19.577001+00:00
000998,8.3800,8.3800,8.4500,8.3300,101297,84923152.00,44620,56678,0.6894,2026-06-06 12:02:19.577001+00:00
000999,24.2100,24.0800,24.4200,24.0000,64839,156922704.00,34904,29936,0.3896,2026-06-06 12:02:19.577001+00:00
001201,11.2600,11.2200,11.3500,11.1300,18491,20799662.00,8989,9503,0.7173,2026-06-06 12:02:19.577001+00:00
001202,15.1400,14.9100,15.3200,14.7500,14908,22459170.00,7727,7182,0.8943,2026-06-06 12:02:19.577001+00:00
001203,37.7300,36.8000,39.1000,36.2500,301205,1138683264.00,171637,129569,1.9647,2026-06-06 12:02:19.577001+00:00
001205,14.1100,14.0500,14.2500,13.9400,23346,32906452.00,12487,10860,1.2418,2026-06-06 12:02:19.577001+00:00
001206,16.0200,15.9500,16.2600,15.8200,24515,39359628.00,13686,10830,1.3259,2026-06-06 12:02:19.577001+00:00
001207,18.6500,18.5000,19.1500,18.1200,47112,87989120.00,23521,23591,1.5541,2026-06-06 12:02:19.577001+00:00
001208,16.3400,16.0500,16.5800,15.8500,174118,284107968.00,91907,82211,2.7276,2026-06-06 12:02:19.577001+00:00
001209,20.0000,19.9200,20.3000,19.5700,25255,50410652.00,13065,12190,1.9202,2026-06-06 12:02:19.577001+00:00
001210,24.9300,25.0000,26.7200,24.4500,171175,433245792.00,82327,88849,0.0000,2026-06-06 12:02:19.577001+00:00
001211,32.9000,32.7900,33.5700,32.5100,53157,175739136.00,23494,29663,0.0000,2026-06-06 12:02:19.577001+00:00
001212,52.9900,53.4600,54.9600,52.1800,80005,426171808.00,39308,40697,3.9811,2026-06-06 12:02:19.577001+00:00
001213,3.7700,3.7400,3.7900,3.7300,78574,29564388.00,40207,38367,0.1768,2026-06-06 12:02:19.577001+00:00
001215,38.2100,38.9000,39.0700,37.6600,23467,89996288.00,11784,11683,0.0000,2026-06-06 12:02:19.577001+00:00
001217,9.7600,9.6900,9.8900,9.5000,31751,30853116.00,15977,15774,0.9567,2026-06-06 12:02:19.577001+00:00
001220,31.6700,31.5100,32.0400,31.2100,7485,23728118.00,3585,3900,0.8110,2026-06-06 12:02:19.577001+00:00
001221,45.4300,45.8000,46.2100,44.5800,15648,71082720.00,7778,7870,0.3912,2026-06-06 12:02:19.577001+00:00
001222,15.0100,14.9000,15.2200,14.6500,20326,30424164.00,11427,8899,1.0648,2026-06-06 12:02:19.577001+00:00
001223,46.4600,46.8900,49.2600,44.8900,73140,347195488.00,34391,38750,5.5963,2026-06-06 12:02:19.577001+00:00
001225,46.9100,46.7200,47.7500,44.8600,15420,71425464.00,8315,7105,2.3517,2026-06-06 12:02:19.577001+00:00
001226,50.2200,50.1700,52.2900,49.2600,21617,109179856.00,10518,11100,2.8951,2026-06-06 12:02:19.577001+00:00
001227,2.1100,2.0900,2.1200,2.0900,382436,80625752.00,217676,164760,0.6714,2026-06-06 12:02:19.577001+00:00
001228,26.6900,26.0600,26.7900,25.4500,20548,53613984.00,11022,9526,1.9783,2026-06-06 12:02:19.577001+00:00
001229,38.1700,37.9200,38.7100,37.6000,22829,87180776.00,12278,10551,2.2283,2026-06-06 12:02:19.577001+00:00
001230,25.6800,25.5300,26.1500,25.1100,24030,61546684.00,12377,11654,1.7916,2026-06-06 12:02:19.577001+00:00
001233,50.0500,50.5000,51.2600,49.6600,13221,66504972.00,6154,7068,0.7109,2026-06-06 12:02:19.577001+00:00
001236,7.8300,7.7700,7.8600,7.6800,85437,66558236.00,41653,43784,0.8478,2026-06-06 12:02:19.577001+00:00
001237,65.9500,67.9900,68.3500,65.7200,48781,326244960.00,20432,28349,3.2882,2026-06-06 12:02:19.577001+00:00
001238,28.2900,28.7500,29.0800,27.9700,6085,17307594.00,2064,4021,0.3922,2026-06-06 12:02:19.577001+00:00
001239,13.2000,12.9300,13.3400,12.8200,23432,30733956.00,12340,11092,0.9763,2026-06-06 12:02:19.577001+00:00
001255,30.1800,29.8300,30.5900,28.8200,15159,45233688.00,7501,7658,1.7422,2026-06-06 12:02:19.577001+00:00
001256,24.8200,22.4300,24.8200,22.1600,66937,161028896.00,28686,38251,4.6936,2026-06-06 12:02:19.577001+00:00
001257,24.1500,24.5000,25.0600,23.6900,203105,494931872.00,92952,110154,1.1063,2026-06-06 12:02:19.577001+00:00
001258,9.9300,10.8600,11.0700,9.9300,553276,575399872.00,220762,332514,5.9280,2026-06-06 12:02:19.577001+00:00
001259,70.5400,73.3600,77.5000,70.0600,66566,487985152.00,32729,33838,0.0000,2026-06-06 12:02:19.577001+00:00
001266,46.5800,47.2100,47.8200,45.0000,41840,193439728.00,21098,20743,0.0000,2026-06-06 12:02:19.577001+00:00
001267,54.4900,57.0000,58.3300,54.0000,332498,1867407488.00,155380,177118,0.0000,2026-06-06 12:02:19.577001+00:00
001269,27.2000,27.0700,28.4800,25.9000,113042,306936000.00,51337,61705,5.8750,2026-06-06 12:02:19.577001+00:00
001270,137.6100,140.0900,142.3900,134.1600,122945,1713659136.00,57573,65372,5.9649,2026-06-06 12:02:19.577001+00:00
001279,27.7600,27.3800,28.0300,27.2100,8925,24722600.00,4820,4105,0.5578,2026-06-06 12:02:19.577001+00:00
001280,69.6800,71.4100,72.3900,69.2900,98575,697024128.00,37620,60955,0.4766,2026-06-06 12:02:19.577001+00:00
001282,17.9000,17.6000,18.3400,17.3000,29477,52743448.00,15152,14325,0.0000,2026-06-06 12:02:19.577001+00:00
001283,54.4200,55.3400,55.8700,52.8800,52735,287499936.00,24107,28629,4.0665,2026-06-06 12:02:19.577001+00:00
001285,45.5600,45.6500,46.3000,44.9400,13784,62767824.00,7400,6384,0.7650,2026-06-06 12:02:19.577001+00:00
001286,12.3400,12.6300,12.8400,12.2500,358094,445614592.00,161486,196609,0.0000,2026-06-06 12:02:19.577001+00:00
001287,27.6800,27.2700,28.7600,26.7500,521765,1457157376.00,271946,249820,0.0000,2026-06-06 12:02:19.577001+00:00
001288,24.4800,24.4500,25.3600,23.4800,51704,126120672.00,22609,29095,0.0000,2026-06-06 12:02:19.577001+00:00
001289,18.3800,19.2300,19.6500,18.1700,171317,322192000.00,75059,96258,0.2049,2026-06-06 12:02:19.577001+00:00
001296,19.7700,19.6100,20.0000,19.3000,14683,28945538.00,7533,7151,0.9815,2026-06-06 12:02:19.577001+00:00
001298,21.6200,21.9000,21.9400,21.0400,117227,252696704.00,54681,62546,2.7104,2026-06-06 12:02:19.577001+00:00
001299,11.8700,13.1900,13.1900,11.8700,164049,199874608.00,67238,96811,5.2209,2026-06-06 12:02:19.577001+00:00
001301,88.3900,91.0100,91.6000,87.7300,46792,417870656.00,22698,24094,1.7942,2026-06-06 12:02:19.577001+00:00
001306,63.9000,59.9800,65.1800,56.7100,23176,145869360.00,8943,14233,3.6875,2026-06-06 12:02:19.577001+00:00
001308,21.3900,21.3500,22.1200,20.5000,74161,159496032.00,40090,34072,1.0533,2026-06-06 12:02:19.577001+00:00
001309,630.5000,655.5500,665.3800,623.8200,165280,10653612032.00,72313,92968,7.2860,2026-06-06 12:02:19.577001+00:00
001312,20.2900,20.3200,20.6200,20.0300,32345,65685648.00,14623,17722,1.3862,2026-06-06 12:02:19.577001+00:00
001313,7.3300,7.4500,7.5100,7.2000,126962,92949752.00,68928,58034,0.0000,2026-06-06 12:02:19.577001+00:00
001314,56.3900,54.8300,57.7300,53.5600,79799,446266112.00,40935,38864,5.5947,2026-06-06 12:02:19.577001+00:00
001316,35.2800,35.0000,35.5600,34.4600,24616,86317480.00,13347,11269,1.5274,2026-06-06 12:02:19.577001+00:00
001317,51.6900,51.2600,56.0000,51.1800,69948,371062624.00,35957,33992,8.1748,2026-06-06 12:02:19.577001+00:00
001319,24.0600,23.1900,24.5600,22.9600,38192,91349528.00,21036,17156,2.7010,2026-06-06 12:02:19.577001+00:00
001322,6.3600,6.3100,6.4800,6.2800,26041,16587686.00,11599,14443,0.2693,2026-06-06 12:02:19.577001+00:00
001323,22.1200,20.6200,22.1400,20.4100,27721,59625384.00,15705,12016,0.6371,2026-06-06 12:02:19.577001+00:00
001325,40.3900,40.2000,41.0900,39.3500,14604,58769380.00,7450,7155,1.8628,2026-06-06 12:02:19.577001+00:00
001326,69.4800,68.2900,71.0000,66.6600,23197,160237312.00,10966,12232,3.1690,2026-06-06 12:02:19.577001+00:00
001332,47.5000,47.8100,49.4000,47.0300,37007,177588016.00,16245,20763,0.0000,2026-06-06 12:02:19.577001+00:00
001335,48.3200,48.1900,48.8500,47.4000,9644,46640664.00,3776,5868,1.0288,2026-06-06 12:02:19.577001+00:00
001336,25.7600,25.2400,26.2800,24.5100,17680,44842580.00,9654,8026,0.0000,2026-06-06 12:02:19.577001+00:00
001337,47.7600,48.5000,48.8400,47.5900,63573,305732928.00,25717,37856,1.5136,2026-06-06 12:02:19.577001+00:00
001339,101.8900,101.1600,104.4200,99.7400,85188,868091712.00,42054,43134,0.0000,2026-06-06 12:02:19.577001+00:00
001358,25.2600,24.7200,25.6900,24.4300,14733,37142488.00,7881,6852,1.1959,2026-06-06 12:02:19.577001+00:00
001359,92.6400,92.2500,95.9000,89.8000,20802,194462720.00,10537,10266,1.1214,2026-06-06 12:02:19.577001+00:00
001360,19.2900,19.5000,19.7000,18.6100,50362,96384968.00,25493,24870,2.4687,2026-06-06 12:02:19.577001+00:00
001365,43.7200,43.6000,44.5000,42.2800,75239,326601888.00,37367,37873,1.4331,2026-06-06 12:02:19.577001+00:00
001366,13.8700,13.8000,14.0600,13.2700,59304,81104760.00,30491,28813,3.6908,2026-06-06 12:02:19.577001+00:00
001368,24.5400,23.9600,26.1300,23.8300,39098,97657664.00,20024,19075,3.4346,2026-06-06 12:02:19.577001+00:00
001369,14.2400,13.6900,14.6500,13.4800,231887,327589088.00,135470,96417,2.0217,2026-06-06 12:02:19.577001+00:00
001376,13.7100,14.2400,14.4700,13.4500,316470,439037472.00,151764,164707,6.8663,2026-06-06 12:02:19.577001+00:00
001378,20.5000,20.2200,20.7100,19.7300,52598,106984264.00,27553,25045,0.0000,2026-06-06 12:02:19.577001+00:00
001379,18.2600,17.8300,18.4900,17.6300,19936,36003036.00,11090,8846,0.9968,2026-06-06 12:02:19.577001+00:00
001380,17.4200,17.1000,17.7800,16.6300,26829,46179000.00,14451,12378,0.9905,2026-06-06 12:02:19.577001+00:00
001382,20.4600,20.9000,20.9000,20.2800,38621,79363968.00,17128,21494,0.9374,2026-06-06 12:02:19.577001+00:00
001386,15.7800,15.7100,15.9500,15.6300,30424,48119732.00,16685,13740,0.2546,2026-06-06 12:02:19.577001+00:00
001388,31.6000,31.2700,32.1400,30.6600,11355,35618732.00,5631,5724,0.7279,2026-06-06 12:02:19.577001+00:00
001389,174.0200,179.0600,180.4600,172.5500,72563,1273954304.00,32861,39702,0.0000,2026-06-06 12:02:19.577001+00:00
001390,17.1500,17.1000,17.2800,16.7500,15297,26024874.00,7840,7457,0.7649,2026-06-06 12:02:19.577001+00:00
001391,5.0600,5.0700,5.0900,5.0600,80559,40875996.00,36952,43607,0.0660,2026-06-06 12:02:19.577001+00:00
001393,65.0200,68.0200,68.0200,64.3800,62558,410887168.00,26801,35758,2.5090,2026-06-06 12:02:19.577001+00:00
001395,35.8000,35.7500,36.2800,35.2500,7202,25703236.00,2750,4453,0.8255,2026-06-06 12:02:19.577001+00:00
001396,41.4000,41.8500,42.3200,40.8000,13623,56357388.00,5121,8503,1.2743,2026-06-06 12:02:19.577001+00:00
001400,116.2200,105.1300,116.2200,102.5900,26061,290226400.00,14359,11703,3.1025,2026-06-06 12:02:19.577001+00:00
001696,14.5000,14.3000,14.8300,13.9800,290510,419201728.00,163342,127169,2.5371,2026-06-06 12:02:19.577001+00:00
001872,21.8400,21.6300,22.1000,21.6300,18472,40498712.00,10381,8091,0.0744,2026-06-06 12:02:19.577001+00:00
001896,19.8800,23.0100,24.0400,19.8800,2996420,6518799872.00,1398469,1597952,0.0000,2026-06-06 12:02:19.577001+00:00
001965,9.5000,9.4800,9.6900,9.3700,144638,137378400.00,69743,74896,0.2129,2026-06-06 12:02:19.577001+00:00
001979,8.4500,8.6600,9.0500,8.4300,718973,625206656.00,379723,339250,0.7974,2026-06-06 12:02:19.577001+00:00
002001,31.7400,30.9900,32.7900,30.8200,563511,1805371776.00,293163,270349,1.8335,2026-06-06 12:02:19.577001+00:00
002004,4.4600,4.4700,4.5200,4.4500,121811,54685632.00,61218,60593,0.6152,2026-06-06 12:02:19.577001+00:00
002005,2.8100,2.8400,2.8700,2.8000,124686,35331008.00,42726,81960,0.7115,2026-06-06 12:02:19.577001+00:00
002006,16.3200,15.9300,16.5400,15.3700,152492,243395824.00,77947,74545,2.9337,2026-06-06 12:02:19.577001+00:00
002007,13.4500,13.3800,13.5300,13.3500,58784,79038240.00,29980,28805,0.3220,2026-06-06 12:02:19.577001+00:00
002008,127.8700,133.9900,135.6200,127.0000,568179,7457995776.00,271891,296288,0.0000,2026-06-06 12:02:19.577001+00:00
002009,21.9200,21.3400,22.5400,20.6500,318609,688993792.00,172970,145639,7.9210,2026-06-06 12:02:19.577001+00:00
002010,5.1000,5.1000,5.1600,5.0800,211251,108233432.00,100368,110883,0.7643,2026-06-06 12:02:19.577001+00:00
002011,11.3300,11.5900,11.6200,11.1500,212881,241641632.00,100328,112554,1.9809,2026-06-06 12:02:19.577001+00:00
002012,7.6200,7.5300,8.0700,7.4000,382072,293820032.00,174874,207198,8.1705,2026-06-06 12:02:19.577001+00:00
002015,22.3200,23.9800,24.4400,22.2900,1495529,3455688960.00,631604,863925,9.2128,2026-06-06 12:02:19.577001+00:00
002016,4.8800,4.6600,5.0200,4.6200,241013,117093024.00,154119,86894,2.9788,2026-06-06 12:02:19.577001+00:00
002017,16.4800,16.1800,16.7900,16.0600,128051,211978128.00,72362,55689,2.2061,2026-06-06 12:02:19.577001+00:00
002019,10.0400,10.0600,10.1500,10.0100,65423,65842560.00,26113,39310,0.5378,2026-06-06 12:02:19.577001+00:00
002020,12.6800,12.7000,12.9300,12.6100,84209,107236968.00,39981,44228,0.9780,2026-06-06 12:02:19.577001+00:00
002021,2.6700,2.6600,2.7300,2.6400,355411,95549112.00,191524,163887,2.9730,2026-06-06 12:02:19.577001+00:00
002022,5.2700,5.2900,5.3200,5.2000,52020,27384532.00,27691,24329,1.0114,2026-06-06 12:02:19.577001+00:00
002023,11.8600,11.3900,12.1900,11.1800,573199,672076928.00,319386,253813,7.7369,2026-06-06 12:02:19.577001+00:00
002024,1.2600,1.2600,1.2800,1.2500,323643,40889920.00,139266,184377,0.3493,2026-06-06 12:02:19.577001+00:00
002025,64.8000,67.9100,67.9100,64.2700,229901,1507592576.00,106405,123497,5.0488,2026-06-06 12:02:19.577001+00:00
002026,12.4100,12.2700,12.6600,11.9500,93475,115375424.00,49621,43855,2.1219,2026-06-06 12:02:19.577001+00:00
002027,5.3900,5.4400,5.5200,5.3600,1538118,833926272.00,704585,833533,1.0650,2026-06-06 12:02:19.577001+00:00
002028,177.4900,191.0500,192.7800,176.4600,226660,4124937472.00,107698,118962,2.8968,2026-06-06 12:02:19.577001+00:00
002029,8.1300,8.2100,8.4000,8.0700,151480,124261352.00,75558,75923,2.1486,2026-06-06 12:02:19.577001+00:00
002030,6.0900,6.1500,6.2600,6.0500,365983,224452912.00,151006,214978,2.6077,2026-06-06 12:02:19.577001+00:00
002031,6.6700,6.3200,6.8600,6.1000,2681507,1736520832.00,1433547,1247961,12.1920,2026-06-06 12:02:19.577001+00:00
002032,44.1600,45.4500,46.0000,44.1100,28918,129153672.00,11867,17052,0.3615,2026-06-06 12:02:19.577001+00:00
002035,5.0200,4.9900,5.0700,4.9700,68550,34420212.00,37140,31411,0.8087,2026-06-06 12:02:19.577001+00:00
002036,9.0900,8.8100,9.4500,8.4700,901606,811172992.00,500125,401482,8.5250,2026-06-06 12:02:19.577001+00:00
002037,7.1700,7.0600,7.2400,7.0000,58151,41487352.00,29810,28341,1.2018,2026-06-06 12:02:19.577001+00:00
002038,5.6000,5.6300,5.7400,5.5000,214657,120477080.00,100809,113848,2.0894,2026-06-06 12:02:19.577001+00:00
002040,8.9400,8.7600,9.0500,8.7600,85184,76250520.00,45531,39654,1.7458,2026-06-06 12:02:19.577001+00:00
002041,8.4700,8.4900,8.6200,8.4300,102056,86788440.00,48993,53063,1.1597,2026-06-06 12:02:19.577001+00:00
002042,3.8800,3.8600,3.9700,3.7900,358413,139158592.00,199149,159265,2.1075,2026-06-06 12:02:19.577001+00:00
002044,5.3300,5.4700,5.5200,5.3000,1034188,555025792.00,417492,616696,2.6421,2026-06-06 12:02:19.577001+00:00
002045,9.1200,9.0400,9.3200,8.7700,179531,163121136.00,100137,79394,3.1918,2026-06-06 12:02:19.577001+00:00
002046,54.8800,56.7300,56.9500,54.4000,184717,1023535040.00,80397,104321,3.4450,2026-06-06 12:02:19.577001+00:00
002047,4.7600,4.6900,4.8100,4.6400,282485,133578000.00,151684,130801,0.0000,2026-06-06 12:02:19.577001+00:00
002048,25.8500,25.1000,26.5700,24.1500,282609,716967232.00,146969,135640,3.4726,2026-06-06 12:02:19.577001+00:00
002049,75.1400,76.0700,77.7500,73.0300,379816,2856025856.00,185346,194470,4.4704,2026-06-06 12:02:19.577001+00:00
002050,47.5100,46.6100,49.3600,45.1700,2016417,9503738880.00,1023105,993313,4.7918,2026-06-06 12:02:19.577001+00:00
002051,11.7700,12.0800,12.4700,11.7100,1145977,1376576128.00,536047,609931,9.3436,2026-06-06 12:02:19.577001+00:00
002052,9.4200,9.2000,9.7900,9.0400,178141,167877872.00,89791,88350,2.3675,2026-06-06 12:02:19.577001+00:00
002053,11.4400,12.0800,12.3400,11.4400,196431,230975456.00,85474,110957,2.1334,2026-06-06 12:02:19.577001+00:00
002054,7.6000,7.5500,7.7300,7.4500,91092,69319232.00,45609,45484,1.8894,2026-06-06 12:02:19.577001+00:00
002055,6.4300,6.7300,6.8000,6.3800,441313,290300832.00,208518,232795,0.0000,2026-06-06 12:02:19.577001+00:00
002056,29.1600,29.0100,30.1800,27.8200,1119997,3245108992.00,558552,561445,0.0000,2026-06-06 12:02:19.577001+00:00
002057,10.0600,9.8400,10.3400,9.7800,399422,403182848.00,203255,196167,5.2982,2026-06-06 12:02:19.577001+00:00
002058,24.2700,24.1500,24.4400,23.9600,8085,19541698.00,3885,4200,0.5636,2026-06-06 12:02:19.577001+00:00
002060,3.4900,3.5400,3.5900,3.4700,390088,137136432.00,135807,254281,1.0390,2026-06-06 12:02:19.577001+00:00
002061,3.5000,3.5100,3.5500,3.4900,176013,62009036.00,78315,97698,0.6582,2026-06-06 12:02:19.577001+00:00
002062,7.7900,8.0000,8.0000,7.7000,222530,174223360.00,98220,124310,1.7986,2026-06-06 12:02:19.577001+00:00
002063,5.6700,5.7000,5.7700,5.6500,285109,162723632.00,127680,157429,1.4888,2026-06-06 12:02:19.577001+00:00
002065,7.2800,7.2800,7.4000,7.2300,339817,248259792.00,179352,160466,1.0601,2026-06-06 12:02:19.577001+00:00
002066,24.2200,24.0100,25.3700,23.3100,86322,210647712.00,48713,37609,0.0000,2026-06-06 12:02:19.577001+00:00
002067,4.7400,4.6800,4.8400,4.5800,496413,233317264.00,260289,236125,3.3658,2026-06-06 12:02:19.577001+00:00
002068,10.7600,10.6300,11.0900,10.5200,370677,401559680.00,193290,177387,5.0409,2026-06-06 12:02:19.577001+00:00
002069,3.3900,3.3500,3.4300,3.3300,113695,38489280.00,61079,52616,1.5988,2026-06-06 12:02:19.577001+00:00
002164,13.3300,12.2100,13.4500,11.6500,431476,558527936.00,217456,214021,8.1078,2026-06-06 12:02:19.577001+00:00
002166,7.7000,7.6900,7.7800,7.6000,62121,47798580.00,31337,30784,0.8377,2026-06-06 12:02:19.577001+00:00
002167,13.6500,13.8300,14.3000,13.5300,715924,993619008.00,319704,396221,9.2416,2026-06-06 12:02:19.577001+00:00
002168,3.6500,3.6300,3.7000,3.5500,55798,20273742.00,26118,29680,0.7116,2026-06-06 12:02:19.577001+00:00
002169,15.7600,15.7000,16.0800,15.4100,306669,482767968.00,147550,159120,0.0000,2026-06-06 12:02:19.577001+00:00
002073,5.7100,5.6100,5.8000,5.5600,217321,123497344.00,124233,93088,2.1215,2026-06-06 12:02:19.577001+00:00
002074,30.0100,31.0200,31.0200,29.9500,323784,984561408.00,150815,172970,1.7847,2026-06-06 12:02:19.577001+00:00
002075,3.6700,3.6900,3.7300,3.6500,292182,107847936.00,140906,151277,1.3318,2026-06-06 12:02:19.577001+00:00
002076,2.5500,2.5400,2.6100,2.5300,289817,74482008.00,152335,137482,2.6130,2026-06-06 12:02:19.577001+00:00
002077,16.6600,17.2300,17.3900,16.2600,356358,598441408.00,168308,188050,6.1404,2026-06-06 12:02:19.577001+00:00
002078,13.1800,13.1700,13.4000,13.1000,145307,192405472.00,67794,77513,0.5200,2026-06-06 12:02:19.577001+00:00
002079,12.2600,12.1000,12.5400,11.6400,475082,574538432.00,229612,245471,5.2315,2026-06-06 12:02:19.577001+00:00
002080,62.7300,62.8000,66.3500,60.9300,539436,3450405632.00,276458,262979,3.2145,2026-06-06 12:02:19.577001+00:00
002081,5.7800,6.1100,6.3800,5.7200,3145727,1873886464.00,1473443,1672284,11.8469,2026-06-06 12:02:19.577001+00:00
002082,13.2700,13.4600,13.7900,13.2600,231309,308273312.00,127559,103751,0.0000,2026-06-06 12:02:19.577001+00:00
002083,9.3600,9.4700,9.5500,9.2700,224436,210989824.00,114856,109581,2.3709,2026-06-06 12:02:19.577001+00:00
002084,3.2800,3.2500,3.3400,3.1800,161316,52765200.00,85928,75389,2.4969,2026-06-06 12:02:19.577001+00:00
002085,11.6000,11.4000,11.8700,11.2500,355037,410609632.00,195682,159356,1.6721,2026-06-06 12:02:19.577001+00:00
002086,1.9200,1.9200,1.9600,1.8900,548118,105287032.00,218609,329510,2.7980,2026-06-06 12:02:19.577001+00:00
002088,8.6500,8.6900,8.7500,8.4300,31237,26846138.00,14471,16766,0.6088,2026-06-06 12:02:19.577001+00:00
002090,10.0600,10.1900,10.2500,9.9000,82769,83261008.00,36754,46015,2.0662,2026-06-06 12:02:19.577001+00:00
002091,8.2900,8.2900,8.3400,8.2000,117294,97006952.00,50713,66581,0.7206,2026-06-06 12:02:19.577001+00:00
002092,4.5400,4.4700,4.6200,4.4700,574203,261075776.00,307800,266403,2.2170,2026-06-06 12:02:19.577001+00:00
002093,7.2400,7.1500,7.3900,7.0900,137818,99799744.00,80319,57499,1.3679,2026-06-06 12:02:19.577001+00:00
002094,5.0700,5.0900,5.1500,5.0000,164059,83249968.00,86799,77260,2.3746,2026-06-06 12:02:19.577001+00:00
002096,12.1700,11.9100,12.4500,11.9000,264018,322291296.00,140764,123255,2.1284,2026-06-06 12:02:19.577001+00:00
002097,8.4400,8.4500,8.5400,8.3000,159713,134783264.00,87165,72548,1.4862,2026-06-06 12:02:19.577001+00:00
002098,7.2200,7.1400,7.3200,7.0300,33788,24335994.00,19413,14376,0.9438,2026-06-06 12:02:19.577001+00:00
002170,11.5400,11.4800,11.6900,11.4200,117581,136003472.00,57208,60373,1.2117,2026-06-06 12:02:19.577001+00:00
002171,12.8500,12.7000,13.2700,12.7000,1452624,1885751808.00,738618,714006,8.9506,2026-06-06 12:02:19.577001+00:00
002172,3.2600,3.2300,3.2900,3.1900,160600,52160248.00,81090,79511,2.0973,2026-06-06 12:02:19.577001+00:00
002175,2.5000,2.4800,2.5500,2.4800,182608,45977240.00,91493,91115,1.4302,2026-06-06 12:02:19.577001+00:00
002176,11.0500,11.0000,11.2600,10.6700,784880,866137280.00,406546,378335,4.5998,2026-06-06 12:02:19.577001+00:00
002177,6.5600,6.6100,6.6800,6.5200,285532,188458480.00,132810,152722,3.7511,2026-06-06 12:02:19.577001+00:00
002178,5.4200,5.4500,5.5200,5.3600,127098,69208896.00,66311,60787,1.7847,2026-06-06 12:02:19.577001+00:00
002179,37.7800,38.7500,39.3700,37.6400,449961,1736350464.00,209148,240813,2.1250,2026-06-06 12:02:19.577001+00:00
002180,15.2300,15.4900,15.7100,15.1000,165692,254263568.00,80727,84966,1.1653,2026-06-06 12:02:19.577001+00:00
002181,15.0400,15.3800,15.8700,14.2000,988059,1480126336.00,475304,512756,8.5100,2026-06-06 12:02:19.577001+00:00
002182,14.0000,13.9500,14.3600,13.5100,247168,344244064.00,125738,121430,2.4921,2026-06-06 12:02:19.577001+00:00
002183,7.0100,6.5200,7.0100,6.4000,2040713,1384468224.00,1139646,901067,7.8579,2026-06-06 12:02:19.577001+00:00
002184,11.7500,11.4000,12.0400,10.9100,173766,201096064.00,97289,76477,4.9378,2026-06-06 12:02:19.577001+00:00
002185,18.0800,18.9800,19.1600,17.8900,4088680,7554410496.00,1796599,2292081,12.3026,2026-06-06 12:02:19.577001+00:00
002186,9.3900,9.2300,9.4400,9.2100,33056,30927304.00,17671,15385,1.0770,2026-06-06 12:02:19.577001+00:00
002187,5.5500,5.4200,5.7200,5.4200,210379,117517256.00,117499,92880,3.0016,2026-06-06 12:02:19.577001+00:00
002189,20.6700,20.5000,21.0400,20.0100,34510,71140208.00,18401,16109,1.3212,2026-06-06 12:02:19.577001+00:00
002190,26.0800,26.1000,26.5800,25.9100,35428,92739640.00,19601,15827,0.9876,2026-06-06 12:02:19.577001+00:00
002191,3.8700,3.7300,3.8700,3.6900,256571,97996688.00,155093,101479,1.8145,2026-06-06 12:02:19.577001+00:00
002192,76.7900,75.9000,79.5000,73.2800,225293,1727389952.00,117862,107432,8.6766,2026-06-06 12:02:19.577001+00:00
002193,4.7900,4.7300,4.8400,4.6500,50382,23943634.00,21116,29266,1.9251,2026-06-06 12:02:19.577001+00:00
002194,12.1400,11.2000,12.1400,11.1800,362510,431494464.00,168662,193849,5.3054,2026-06-06 12:02:19.577001+00:00
002195,7.4100,7.5000,7.6500,7.3600,1207898,902710272.00,604674,603225,2.1301,2026-06-06 12:02:19.577001+00:00
002196,13.6800,13.0000,14.0000,12.3200,622329,821475136.00,340778,281552,12.5502,2026-06-06 12:02:19.577001+00:00
002197,6.5500,6.4700,6.6900,6.4000,172023,112447456.00,87998,84025,2.8000,2026-06-06 12:02:19.577001+00:00
002198,3.9200,3.8800,3.9700,3.8300,81872,31979244.00,37951,43922,1.6132,2026-06-06 12:02:19.577001+00:00
002199,13.2300,13.0800,13.3500,12.6200,61979,80532736.00,32336,29643,2.5459,2026-06-06 12:02:19.577001+00:00
002201,10.5700,10.5000,10.8700,10.1000,336751,354415488.00,183376,153375,5.1678,2026-06-06 12:02:19.577001+00:00
002202,23.0000,23.8500,23.9500,22.9700,1164388,2713196288.00,510103,654286,2.7567,2026-06-06 12:02:19.577001+00:00
002203,19.0400,19.4900,19.7500,18.8800,298878,576926464.00,142911,155968,0.0000,2026-06-06 12:02:19.577001+00:00
002204,5.7800,5.8100,5.8800,5.7300,210300,122026416.00,111021,99280,1.0889,2026-06-06 12:02:19.577001+00:00
002205,12.4400,12.2500,12.6000,12.0800,23321,28803294.00,12073,11248,1.2549,2026-06-06 12:02:19.577001+00:00
002206,5.3600,5.3600,5.4700,5.2800,152546,82117200.00,74680,77866,1.3126,2026-06-06 12:02:19.577001+00:00
002207,8.8500,8.8700,9.0600,8.6200,250647,218662688.00,119745,130903,9.5647,2026-06-06 12:02:19.577001+00:00
002208,16.1800,16.8100,16.9000,15.8300,734938,1189242624.00,334836,400102,0.0000,2026-06-06 12:02:19.577001+00:00
002210,2.6600,2.6500,2.7200,2.6100,791227,211146160.00,405872,385355,2.9732,2026-06-06 12:02:19.577001+00:00
002211,3.7700,3.5800,3.7900,3.5800,139063,51925108.00,82824,56239,3.2155,2026-06-06 12:02:19.577001+00:00
002212,6.4900,6.4700,6.6500,6.4000,223554,145470128.00,90538,133016,1.8954,2026-06-06 12:02:19.577001+00:00
002213,37.7600,38.0000,39.5000,37.1100,368271,1417737472.00,172801,195471,15.5071,2026-06-06 12:02:19.577001+00:00
002214,14.8200,14.2200,14.8500,14.2200,88211,130225512.00,46936,41275,1.4735,2026-06-06 12:02:19.577001+00:00
002215,8.8900,8.9500,9.0800,8.8800,94972,85118536.00,38995,55978,0.9453,2026-06-06 12:02:19.577001+00:00
002217,2.5400,2.5200,2.6100,2.4500,3703155,940922112.00,1904451,1798704,4.9511,2026-06-06 12:02:19.577001+00:00
002218,4.5600,4.5800,4.8400,4.4500,894019,411552032.00,484746,409274,6.3482,2026-06-06 12:02:19.577001+00:00
002219,2.1600,2.1200,2.1900,2.1200,555001,120347856.00,336512,218490,1.6078,2026-06-06 12:02:19.577001+00:00
002221,6.6800,6.6000,6.8200,6.5300,175149,117381576.00,98048,77101,1.1113,2026-06-06 12:02:19.577001+00:00
002222,94.4000,96.3000,100.0000,93.7900,295035,2863389440.00,136428,158608,6.2740,2026-06-06 12:02:19.577001+00:00
002224,3.7300,3.6500,3.7600,3.6400,112853,41891564.00,61444,51410,1.2510,2026-06-06 12:02:19.577001+00:00
002225,3.9100,3.7900,4.0200,3.7600,545187,211677808.00,295720,249467,4.7030,2026-06-06 12:02:19.577001+00:00
002226,5.1200,5.0100,5.1500,5.0000,205638,104670360.00,94182,111457,0.7763,2026-06-06 12:02:19.577001+00:00
002227,8.2200,8.3000,8.3500,8.1100,28115,23141534.00,14438,13677,1.1346,2026-06-06 12:02:19.577001+00:00
002228,3.3400,3.3300,3.3900,3.3000,216328,72514248.00,108801,107528,1.7828,2026-06-06 12:02:19.577001+00:00
002229,14.1000,13.6000,14.3000,13.4100,415661,577619584.00,219929,195732,8.3770,2026-06-06 12:02:19.577001+00:00
002230,46.0300,45.8300,46.4300,45.0100,482054,2200804608.00,236905,245150,2.0068,2026-06-06 12:02:19.577001+00:00
002232,15.1200,14.9000,15.3900,14.8000,40626,61345628.00,22201,18425,0.9944,2026-06-06 12:02:19.577001+00:00
002233,7.9800,7.9100,8.0800,7.8700,52306,41860012.00,27686,24620,0.4455,2026-06-06 12:02:19.577001+00:00
002235,10.6000,10.0800,10.6700,10.0100,714808,747178304.00,411958,302851,0.0000,2026-06-06 12:02:19.577001+00:00
002236,16.9200,16.6900,17.2500,16.5500,364335,618281280.00,215469,148866,1.1144,2026-06-06 12:02:19.577001+00:00
002237,13.2600,13.4100,13.5800,13.2100,184030,246197744.00,89457,94573,1.2869,2026-06-06 12:02:19.577001+00:00
002238,6.3500,6.2500,6.4400,6.2200,56556,35799460.00,31154,25402,0.7047,2026-06-06 12:02:19.577001+00:00
002239,2.6000,2.5700,2.6500,2.5700,545004,141761216.00,294675,250329,1.5505,2026-06-06 12:02:19.577001+00:00
002240,43.5500,42.7600,44.8900,41.3600,519800,2255473920.00,262298,257503,5.6791,2026-06-06 12:02:19.577001+00:00
002241,24.8200,24.6400,25.7500,23.5000,1992806,4886532608.00,1034165,958642,5.6129,2026-06-06 12:02:19.577001+00:00
002243,9.2600,9.0400,9.3300,8.9800,330177,304917312.00,171682,158495,2.7274,2026-06-06 12:02:19.577001+00:00
002244,9.6000,9.7300,10.0300,9.4800,206034,199778000.00,83653,122381,0.6622,2026-06-06 12:02:19.577001+00:00
002245,20.5600,20.7700,21.3500,20.2400,1084343,2244343296.00,550452,533892,6.3500,2026-06-06 12:02:19.577001+00:00
002246,21.0900,20.0200,21.7600,20.0200,272325,574306560.00,143697,128628,4.9601,2026-06-06 12:02:19.577001+00:00
002248,10.0800,9.8700,10.2800,9.5600,145992,145690912.00,78695,67297,4.7478,2026-06-06 12:02:19.577001+00:00
002249,8.3800,8.2200,8.5900,7.9900,636366,528099904.00,338329,298038,2.5808,2026-06-06 12:02:19.577001+00:00
002250,14.0500,13.9600,14.3300,13.9600,114299,161507744.00,55698,58602,1.2702,2026-06-06 12:02:19.577001+00:00
002252,5.1900,5.1600,5.2600,5.1300,335494,174397344.00,219963,115532,0.5054,2026-06-06 12:02:19.577001+00:00
002253,11.2100,11.4000,11.4500,11.1700,46029,51833812.00,16807,29222,0.0000,2026-06-06 12:02:19.577001+00:00
002254,15.5300,13.8400,15.5300,13.5200,846184,1271458816.00,330767,515417,9.8731,2026-06-06 12:02:19.577001+00:00
002255,9.4300,9.4800,9.6100,9.2700,159651,151008736.00,85550,74101,1.9215,2026-06-06 12:02:19.577001+00:00
002256,4.1200,4.3600,4.4500,4.0900,1163437,486320736.00,530683,632754,5.7011,2026-06-06 12:02:19.577001+00:00
002261,28.3900,29.0000,29.1000,28.1200,474780,1355850496.00,242758,232022,3.7682,2026-06-06 12:02:19.577001+00:00
002262,19.3200,19.5300,19.6800,19.2900,72410,141029376.00,33781,38629,0.7128,2026-06-06 12:02:19.577001+00:00
002263,3.8300,3.8700,3.9400,3.7800,1154363,444025760.00,510975,643388,6.1456,2026-06-06 12:02:19.577001+00:00
002264,6.6300,6.5400,6.7400,6.5300,170908,113310160.00,84911,85997,2.3743,2026-06-06 12:02:19.577001+00:00
002265,19.9400,20.0300,20.3800,19.6800,68155,136230304.00,32612,35544,0.6598,2026-06-06 12:02:19.577001+00:00
002266,4.9400,4.9900,5.0700,4.9000,781819,388740032.00,391204,390615,1.4979,2026-06-06 12:02:19.577001+00:00
002267,7.4000,7.4400,7.5100,7.3900,51023,37976728.00,20027,30996,0.4588,2026-06-06 12:02:19.577001+00:00
002268,13.7700,13.7400,14.0000,13.5000,99190,136779344.00,50952,48239,1.1730,2026-06-06 12:02:19.577001+00:00
002269,1.5500,1.5200,1.5800,1.5200,540264,83839200.00,335998,204266,2.1503,2026-06-06 12:02:19.577001+00:00
002270,20.5900,20.4500,20.8800,19.8000,192370,391947328.00,94839,97532,2.1464,2026-06-06 12:02:19.577001+00:00
002271,12.8100,12.8400,13.0400,12.7800,360317,465166912.00,170202,190116,1.5084,2026-06-06 12:02:19.577001+00:00
002272,19.0000,19.8100,20.0000,18.8100,473170,917627968.00,213359,259812,9.7586,2026-06-06 12:02:19.577001+00:00
002274,5.5800,5.5800,5.7000,5.5100,125496,70348656.00,63534,61962,1.3177,2026-06-06 12:02:19.577001+00:00
002129,9.4200,9.4600,9.8000,9.3000,1858029,1775339392.00,928323,929707,4.5955,2026-06-06 12:02:19.577001+00:00
002275,13.0700,12.9100,13.1200,12.8700,11465,14915612.00,6872,4593,0.1951,2026-06-06 12:02:19.577001+00:00
002276,11.6500,11.3900,11.9400,11.1300,260251,300756704.00,144506,115745,2.5740,2026-06-06 12:02:19.577001+00:00
002278,8.8900,8.9400,9.0100,8.6600,83756,74255664.00,44074,39683,0.0000,2026-06-06 12:02:19.577001+00:00
002279,7.0300,6.9100,7.2400,6.8600,475122,335257920.00,256415,218708,5.5105,2026-06-06 12:02:19.577001+00:00
002281,227.5800,219.9600,238.6700,218.1100,736103,16977951744.00,395918,340186,9.1251,2026-06-06 12:02:19.577001+00:00
002282,6.2600,6.2000,6.3300,6.1400,47359,29550214.00,24284,23075,0.8989,2026-06-06 12:02:19.577001+00:00
002283,10.6800,10.8500,10.9500,10.6400,217195,234210720.00,95083,122113,1.9061,2026-06-06 12:02:19.577001+00:00
002285,2.5400,2.5600,2.6500,2.5200,437628,112585552.00,211159,226469,2.1960,2026-06-06 12:02:19.577001+00:00
002287,20.5600,20.3500,20.7800,20.3500,13088,26970882.00,7938,5150,0.2288,2026-06-06 12:02:19.577001+00:00
002289,39.4000,40.1000,41.1900,39.1100,21891,87051120.00,8962,12929,0.7811,2026-06-06 12:02:19.577001+00:00
002291,5.7400,5.8200,5.8900,5.6500,272591,156873456.00,128494,144097,2.9150,2026-06-06 12:02:19.577001+00:00
002294,32.2800,32.4300,33.4200,32.1500,207721,677927424.00,96582,111140,1.8633,2026-06-06 12:02:19.577001+00:00
002296,10.1700,10.0000,10.3500,9.9700,98410,100521376.00,59291,39119,2.5261,2026-06-06 12:02:19.577001+00:00
002297,20.4400,21.1000,21.3800,20.2500,794809,1652964736.00,371274,423535,13.8685,2026-06-06 12:02:19.577001+00:00
002298,8.7700,8.7800,8.9300,8.5400,276286,241456928.00,141938,134348,3.7330,2026-06-06 12:02:19.577001+00:00
002299,16.2800,16.3800,16.5900,16.1900,80531,131541984.00,35883,44648,0.6478,2026-06-06 12:02:19.577001+00:00
002300,8.2300,8.2600,8.3800,8.1200,178995,147876352.00,82706,96290,2.4780,2026-06-06 12:02:19.577001+00:00
002301,7.4800,7.5300,7.5900,7.2200,147620,109658536.00,68223,79398,2.0466,2026-06-06 12:02:19.577001+00:00
002302,5.0100,4.9600,5.0700,4.9500,71687,36020368.00,39010,32677,0.5679,2026-06-06 12:02:19.577001+00:00
002303,3.2500,3.2100,3.2700,3.1900,78336,25391628.00,44134,34202,0.5116,2026-06-06 12:02:19.577001+00:00
002304,43.3000,43.2800,44.1500,42.9100,57651,251412592.00,29865,27786,0.3827,2026-06-06 12:02:19.577001+00:00
002305,2.2400,2.2600,2.3100,2.2100,299536,67366928.00,124994,174542,1.7272,2026-06-06 12:02:19.577001+00:00
002306,2.1900,2.2300,2.2500,2.1500,99251,21654280.00,45823,53428,1.1411,2026-06-06 12:02:19.577001+00:00
002307,3.9700,3.9200,4.1500,3.9100,349502,140765152.00,216585,132918,2.1198,2026-06-06 12:02:19.577001+00:00
002309,3.4400,3.4700,3.5400,3.3600,1579437,543777856.00,772044,807393,5.2514,2026-06-06 12:02:19.577001+00:00
002310,2.7200,2.6700,2.8400,2.6700,991748,271431872.00,511216,480533,1.6531,2026-06-06 12:02:19.577001+00:00
002311,44.0900,44.4200,45.1000,43.9500,74874,331871200.00,36511,38364,0.4551,2026-06-06 12:02:19.577001+00:00
002312,8.6200,8.6600,8.7500,8.5400,213315,184501968.00,108140,105175,1.1300,2026-06-06 12:02:19.577001+00:00
002313,9.0600,8.7500,9.1800,8.6800,105256,94735072.00,61189,44067,2.8113,2026-06-06 12:02:19.577001+00:00
002314,2.5000,2.4600,2.6200,2.4300,872816,219634288.00,457293,415524,3.2234,2026-06-06 12:02:19.577001+00:00
002315,26.3000,26.8000,26.9200,26.2700,57436,152385184.00,24408,33028,1.3927,2026-06-06 12:02:19.577001+00:00
002316,4.8600,4.8100,4.9700,4.6700,184576,89068312.00,100294,84283,4.6952,2026-06-06 12:02:19.577001+00:00
002317,21.8700,22.6400,22.8200,21.8000,246069,545604864.00,114899,131171,0.0000,2026-06-06 12:02:19.577001+00:00
002318,22.8600,22.6600,23.1900,22.2500,155321,354010208.00,77881,77441,1.5895,2026-06-06 12:02:19.577001+00:00
002319,11.9900,11.7300,12.1800,11.6500,129509,154650592.00,72172,57337,6.1826,2026-06-06 12:02:19.577001+00:00
002320,7.2200,7.2300,7.3800,7.2000,155324,113093008.00,73906,81418,0.6947,2026-06-06 12:02:19.577001+00:00
002321,1.8900,1.8600,1.9200,1.8600,220863,41774284.00,112747,108116,1.0355,2026-06-06 12:02:19.577001+00:00
002322,11.0900,11.1000,11.2600,11.0600,25139,28064400.00,12735,12404,0.6877,2026-06-06 12:02:19.577001+00:00
002323,1.5000,1.4600,1.5400,1.4300,1360418,200719920.00,584451,775968,6.4145,2026-06-06 12:02:19.577001+00:00
002324,12.2100,11.8700,12.4900,11.6100,270083,327181088.00,146694,123390,2.4281,2026-06-06 12:02:19.577001+00:00
002326,21.9000,21.8600,22.1000,21.2200,273714,592952064.00,116823,156892,2.9587,2026-06-06 12:02:19.577001+00:00
002328,8.5800,8.9400,8.9700,8.5600,588087,513226016.00,303174,284914,7.6200,2026-06-06 12:02:19.577001+00:00
002329,3.5600,3.9200,3.9200,3.5600,489108,178946512.00,306231,182878,5.8758,2026-06-06 12:02:19.577001+00:00
002330,3.9600,3.8900,4.0000,3.8800,123794,48869392.00,67848,55946,1.9485,2026-06-06 12:02:19.577001+00:00
002331,8.8400,8.6800,8.9500,8.6100,123416,108771616.00,65859,57558,2.8806,2026-06-06 12:02:19.577001+00:00
002332,8.3400,8.3000,8.4000,8.2700,45510,37962516.00,25719,19792,0.4601,2026-06-06 12:02:19.577001+00:00
002333,4.9700,4.9400,5.0200,4.9200,41599,20678582.00,20802,20797,0.6164,2026-06-06 12:02:19.577001+00:00
002334,9.1700,9.3800,9.3800,9.1000,621534,573771968.00,255534,366001,7.5544,2026-06-06 12:02:19.577001+00:00
002335,38.5100,39.7000,39.8100,38.3300,272814,1062780928.00,126786,146029,3.6504,2026-06-06 12:02:19.577001+00:00
002337,5.2600,5.1600,5.3600,5.0800,99123,51868224.00,52269,46854,1.6840,2026-06-06 12:02:19.577001+00:00
002338,53.2100,52.5400,54.2000,51.2200,59739,317069216.00,31928,27811,2.4891,2026-06-06 12:02:19.577001+00:00
002339,8.2700,8.3100,8.4300,8.0500,149301,123258408.00,71392,77910,2.9618,2026-06-06 12:02:19.577001+00:00
002340,7.2000,7.3900,7.4100,7.1600,1509651,1096535296.00,696666,812985,2.9587,2026-06-06 12:02:19.577001+00:00
002342,11.1000,11.1000,11.3800,10.7000,889762,988125312.00,468139,421624,9.2684,2026-06-06 12:02:19.577001+00:00
002343,5.0800,4.9400,5.1400,4.9200,135297,68399520.00,75405,59892,2.8563,2026-06-06 12:02:19.577001+00:00
002344,3.9100,3.8600,4.0200,3.8500,139524,54922660.00,73065,66459,1.0878,2026-06-06 12:02:19.577001+00:00
002345,8.9600,9.0700,9.2000,8.9400,107722,97407200.00,45868,61854,1.2124,2026-06-06 12:02:19.577001+00:00
002346,17.8500,18.1000,18.5500,17.2000,46867,83547648.00,22543,24324,1.0614,2026-06-06 12:02:19.577001+00:00
002347,6.9800,6.8200,7.1100,6.6100,263177,181718800.00,155543,107635,5.2145,2026-06-06 12:02:19.577001+00:00
002348,13.3700,14.6000,14.6000,13.1800,393970,539540992.00,179470,214501,4.1593,2026-06-06 12:02:19.577001+00:00
002349,6.7000,6.6900,6.8000,6.6900,51507,34798168.00,25264,26244,0.6197,2026-06-06 12:02:19.577001+00:00
002350,14.5400,14.4000,14.7200,13.9300,151162,217447312.00,70319,80844,0.0000,2026-06-06 12:02:19.577001+00:00
002352,34.8600,34.2500,34.8800,34.2500,170434,592074752.00,98415,72020,0.3382,2026-06-06 12:02:19.577001+00:00
002353,151.3800,162.9800,162.9800,150.0100,299090,4597236224.00,143510,155580,2.9212,2026-06-06 12:02:19.577001+00:00
002355,5.2200,5.2200,5.3300,5.0700,196018,102237760.00,102971,93047,2.9323,2026-06-06 12:02:19.577001+00:00
002356,3.1900,3.2000,3.3700,3.1900,361638,117269256.00,160798,200840,2.7580,2026-06-06 12:02:19.577001+00:00
002357,10.4400,10.5000,11.0700,10.4100,140582,150374256.00,70061,70521,4.4844,2026-06-06 12:02:19.577001+00:00
002358,6.2400,6.2300,6.3200,6.1200,171450,106854520.00,92092,79358,1.8440,2026-06-06 12:02:19.577001+00:00
002360,5.9000,6.0600,6.0600,5.8600,100074,59235924.00,37718,62356,2.4908,2026-06-06 12:02:19.577001+00:00
002361,16.8100,15.4500,16.8100,15.1500,1485371,2421921792.00,822876,662495,15.6185,2026-06-06 12:02:19.577001+00:00
002362,16.2600,16.0400,16.5200,15.7200,41915,67836176.00,22059,19857,1.7146,2026-06-06 12:02:19.577001+00:00
002363,7.0300,6.9500,7.1400,6.8400,61084,42797364.00,30757,30328,1.4652,2026-06-06 12:02:19.577001+00:00
002364,52.9500,52.9500,57.3700,52.2500,482568,2641133312.00,236363,246205,8.5628,2026-06-06 12:02:19.577001+00:00
002365,11.4500,11.5500,11.7100,11.3800,55743,64218572.00,27582,28161,1.8916,2026-06-06 12:02:19.577001+00:00
002366,6.2800,6.2400,6.4400,6.2100,438060,277438016.00,228764,209296,2.1051,2026-06-06 12:02:19.577001+00:00
002367,5.6500,5.6200,5.7300,5.5700,61089,34535080.00,25696,35393,0.7658,2026-06-06 12:02:19.577001+00:00
002368,15.8200,15.7000,16.1700,15.6200,117776,187636320.00,60676,57100,1.8898,2026-06-06 12:02:19.577001+00:00
002369,6.3400,6.3200,6.5000,6.1400,174620,110806064.00,97095,77525,3.0800,2026-06-06 12:02:19.577001+00:00
002370,5.6500,5.6900,5.7300,5.5200,181881,102002456.00,91003,90878,2.4392,2026-06-06 12:02:19.577001+00:00
002371,603.3600,615.0000,619.5900,600.0000,80843,4927541248.00,36130,44713,1.1153,2026-06-06 12:02:19.577001+00:00
002372,9.4500,9.5000,9.5400,9.3400,64269,60495256.00,24543,39727,0.4037,2026-06-06 12:02:19.577001+00:00
002373,7.6400,7.6700,7.8000,7.5300,222957,170704352.00,114947,108010,0.0000,2026-06-06 12:02:19.577001+00:00
002374,3.4300,3.5500,3.6000,3.4200,345074,120175424.00,139273,205801,3.1798,2026-06-06 12:02:19.577001+00:00
002376,6.4500,6.4000,6.5600,6.3700,96346,62272640.00,52165,44182,1.1886,2026-06-06 12:02:19.577001+00:00
002378,29.6900,30.4800,31.4000,29.5300,619193,1877341824.00,273257,345936,5.1539,2026-06-06 12:02:19.577001+00:00
002379,18.6300,19.3000,19.6800,18.5500,401372,765086592.00,216643,184730,0.0000,2026-06-06 12:02:19.577001+00:00
002380,38.4100,38.3000,39.3500,37.1000,79029,301923520.00,42424,36606,3.2930,2026-06-06 12:02:19.577001+00:00
002381,5.7100,5.6300,5.7800,5.5100,52756,29827096.00,25879,26877,1.2818,2026-06-06 12:02:19.577001+00:00
002383,7.8400,7.6800,7.9600,7.6500,142057,111239416.00,81336,60721,1.9188,2026-06-06 12:02:19.577001+00:00
002384,221.4100,232.0800,241.8000,219.0500,844740,19466323968.00,390011,454730,0.0000,2026-06-06 12:02:19.577001+00:00
002385,3.2500,3.2900,3.3100,3.2200,568679,185164080.00,257685,310994,1.3225,2026-06-06 12:02:19.577001+00:00
002386,5.7800,5.7500,5.7900,5.6500,160693,92235904.00,75550,85144,1.2345,2026-06-06 12:02:19.577001+00:00
002388,5.5900,5.4200,5.6500,5.0900,561637,303413792.00,296004,265634,10.9974,2026-06-06 12:02:19.577001+00:00
002389,18.9300,18.8800,19.2100,18.6100,163506,309482688.00,88435,75071,1.6601,2026-06-06 12:02:19.577001+00:00
002390,2.9600,2.9400,3.0100,2.9400,164449,48921196.00,75118,89331,0.8460,2026-06-06 12:02:19.577001+00:00
002392,8.0200,7.8100,8.1100,7.5900,278407,220263424.00,137040,141367,2.3386,2026-06-06 12:02:19.577001+00:00
002393,14.4000,14.3700,14.5900,14.3400,14230,20546978.00,6960,7270,0.4606,2026-06-06 12:02:19.577001+00:00
002394,9.9400,10.1500,10.2300,9.8000,55395,55599836.00,26150,29245,1.7113,2026-06-06 12:02:19.577001+00:00
002395,15.6800,15.1900,16.7800,15.0000,205702,323894656.00,104677,101026,7.6695,2026-06-06 12:02:19.577001+00:00
002396,21.3200,21.2700,22.5300,20.9500,379094,823451584.00,204932,174162,4.9844,2026-06-06 12:02:19.577001+00:00
002398,4.4000,4.3500,4.4800,4.3300,141672,62368600.00,78867,62805,2.0296,2026-06-06 12:02:19.577001+00:00
002399,9.6300,9.4400,9.7200,9.4100,38871,37287676.00,18958,19914,0.2649,2026-06-06 12:02:19.577001+00:00
002400,7.4400,7.6100,7.7400,7.3500,764259,574452160.00,372774,391486,4.3839,2026-06-06 12:02:19.577001+00:00
002401,12.7100,12.5000,12.8800,12.4900,32610,41411584.00,19543,13068,0.8774,2026-06-06 12:02:19.577001+00:00
002402,25.5800,25.6000,26.3200,24.7800,321670,821230144.00,166725,154946,3.4836,2026-06-06 12:02:19.577001+00:00
002404,7.2200,7.4800,7.5700,7.2000,326037,238748096.00,145889,180149,5.8216,2026-06-06 12:02:19.577001+00:00
002405,7.8800,7.9100,8.0600,7.7000,567797,447204800.00,301507,266291,2.3951,2026-06-06 12:02:19.577001+00:00
002406,8.0700,7.5900,8.3400,7.3200,970739,774311104.00,505730,465009,13.2937,2026-06-06 12:02:19.577001+00:00
002407,33.2000,32.2300,34.1500,31.5600,1265233,4190312960.00,626535,638699,10.6283,2026-06-06 12:02:19.577001+00:00
002408,5.1300,5.0900,5.2200,5.0300,256326,131439520.00,133379,122948,0.9017,2026-06-06 12:02:19.577001+00:00
002409,115.0000,113.7400,119.0900,111.4100,258014,2984385280.00,126899,131115,5.4213,2026-06-06 12:02:19.577001+00:00
002410,9.4700,9.3700,9.7000,9.3700,305192,290648128.00,158593,146599,1.8475,2026-06-06 12:02:19.577001+00:00
002412,6.4600,6.5100,6.5800,6.4000,73241,47564500.00,41311,31931,1.4555,2026-06-06 12:02:19.577001+00:00
002413,10.6000,10.4800,10.8300,10.2500,878344,933081728.00,491025,387320,6.6574,2026-06-06 12:02:19.577001+00:00
002414,12.5300,12.7200,12.8700,12.3900,493756,622679744.00,240955,252802,1.1561,2026-06-06 12:02:19.577001+00:00
002415,31.2800,30.7700,31.5300,30.5100,761527,2379650304.00,374011,387516,0.8309,2026-06-06 12:02:19.577001+00:00
002416,10.5200,10.3500,10.6300,10.2700,178975,188000624.00,87494,91481,1.4442,2026-06-06 12:02:19.577001+00:00
002418,4.5500,4.5100,4.6500,4.4000,645748,292285728.00,328593,317155,0.0000,2026-06-06 12:02:19.577001+00:00
002419,4.7900,4.6900,4.8500,4.6900,124975,59987412.00,69761,55214,1.0692,2026-06-06 12:02:19.577001+00:00
002420,5.7900,5.7000,5.8900,5.5500,135901,77926128.00,77131,58771,3.3043,2026-06-06 12:02:19.577001+00:00
002421,5.2100,4.8600,5.2100,4.8200,7792543,4003760128.00,3235598,4556945,0.0000,2026-06-06 12:02:19.577001+00:00
002422,34.6100,34.1800,35.6300,34.1800,174180,609164736.00,79622,94559,1.0949,2026-06-06 12:02:19.577001+00:00
002424,4.5900,4.6300,4.6600,4.5900,62095,28674468.00,22906,39189,0.4443,2026-06-06 12:02:19.577001+00:00
002425,2.9900,2.9000,3.1000,2.9000,255665,76549152.00,136698,118967,2.6725,2026-06-06 12:02:19.577001+00:00
002426,3.8200,3.5500,3.9900,3.5200,5410588,2087166848.00,3081780,2328809,15.9012,2026-06-06 12:02:19.577001+00:00
002428,85.5000,87.0400,92.4900,85.2000,818613,7271575552.00,387502,431112,12.5339,2026-06-06 12:02:19.577001+00:00
002429,11.8200,12.0500,12.3900,11.7100,1175124,1415204608.00,548666,626458,0.0000,2026-06-06 12:02:19.577001+00:00
002430,25.0000,25.0800,25.4800,24.6100,156911,392884768.00,70141,86771,1.6038,2026-06-06 12:02:19.577001+00:00
002431,1.6300,1.6200,1.6700,1.6000,218807,35639144.00,102398,116410,1.2140,2026-06-06 12:02:19.577001+00:00
002432,70.6800,73.4200,74.0000,69.6100,231336,1647063040.00,115026,116310,0.0000,2026-06-06 12:02:19.577001+00:00
002434,7.3000,7.1700,7.3900,6.9700,270119,194185552.00,140333,129786,2.0579,2026-06-06 12:02:19.577001+00:00
002436,37.9000,39.5000,40.3900,37.5000,1852203,7184962048.00,815255,1036948,10.8974,2026-06-06 12:02:19.577001+00:00
002437,2.8200,2.8600,2.9200,2.8100,431338,123179360.00,173199,258139,1.9344,2026-06-06 12:02:19.577001+00:00
002438,17.0000,16.7100,17.2800,16.3400,128903,217512016.00,68230,60674,2.5398,2026-06-06 12:02:19.577001+00:00
002439,13.7800,14.0000,14.1000,13.5900,190894,264272304.00,89966,100928,1.5758,2026-06-06 12:02:19.577001+00:00
002441,8.9500,8.9100,9.1200,8.6800,79797,70926832.00,45259,34538,1.4654,2026-06-06 12:02:19.577001+00:00
002442,5.4900,5.5000,5.5600,5.2500,331984,180255664.00,161631,170354,6.5963,2026-06-06 12:02:19.577001+00:00
002443,10.8800,11.3000,11.4100,10.8300,271013,299480000.00,150379,120634,5.2064,2026-06-06 12:02:19.577001+00:00
002444,31.6700,32.1200,32.8000,31.5300,99192,317672192.00,45485,53707,0.8304,2026-06-06 12:02:19.577001+00:00
002445,3.5300,3.5800,3.6900,3.5100,1250964,451608512.00,552974,697990,5.2637,2026-06-06 12:02:19.577001+00:00
002446,10.6200,9.9100,10.7600,9.8500,1395476,1480749184.00,770786,624690,15.2442,2026-06-06 12:02:19.577001+00:00
002448,13.0800,13.0000,13.2100,12.6500,138228,179405520.00,78726,59502,2.3492,2026-06-06 12:02:19.577001+00:00
002451,8.2200,8.2000,8.3200,7.9600,99731,81538504.00,56894,42837,2.2632,2026-06-06 12:02:19.577001+00:00
002452,11.2700,11.0700,11.5900,10.8700,269200,304407008.00,151083,118118,4.3396,2026-06-06 12:02:19.577001+00:00
002454,5.6600,5.6400,5.8100,5.5600,122612,69647352.00,63765,58848,1.3948,2026-06-06 12:02:19.577001+00:00
002455,8.2200,8.3300,8.4100,8.0500,260669,215201440.00,134847,125823,3.6081,2026-06-06 12:02:19.577001+00:00
002456,9.8600,9.9500,10.1900,9.7600,2099321,2089091968.00,972318,1127003,6.2512,2026-06-06 12:02:19.577001+00:00
002457,12.2000,11.8800,12.4000,11.8600,333097,404982848.00,167864,165234,9.9883,2026-06-06 12:02:19.577001+00:00
002458,7.8100,7.8400,7.9400,7.7100,180477,140806912.00,95304,85174,1.2610,2026-06-06 12:02:19.577001+00:00
002459,8.4400,8.6200,8.6800,8.4000,490554,418583456.00,248060,242495,1.4822,2026-06-06 12:02:19.577001+00:00
002460,65.6500,66.7900,68.0500,64.6800,561626,3716227840.00,288774,272853,2.6786,2026-06-06 12:02:19.577001+00:00
002461,9.4000,9.3300,9.7800,9.3300,161333,153116352.00,78122,83212,0.7289,2026-06-06 12:02:19.577001+00:00
002463,133.2200,137.1000,141.2800,131.8100,955056,13031904256.00,421771,533285,4.9630,2026-06-06 12:02:19.577001+00:00
002465,15.9200,15.0100,16.4000,14.7600,2295478,3643226880.00,1310430,985048,9.2491,2026-06-06 12:02:19.577001+00:00
002466,59.0600,59.4600,61.2000,57.8100,574124,3416563712.00,290787,283337,0.0000,2026-06-06 12:02:19.577001+00:00
002467,5.5000,5.5300,5.5900,5.4000,412581,226654640.00,194525,218056,2.9998,2026-06-06 12:02:19.577001+00:00
002468,13.9000,13.7400,14.0900,13.6500,190641,265725200.00,106437,84205,1.2454,2026-06-06 12:02:19.577001+00:00
002469,6.3000,6.3000,6.3800,6.2200,65365,41196800.00,33581,31785,1.0074,2026-06-06 12:02:19.577001+00:00
002470,2.2500,2.2600,2.3000,2.2300,848789,191992752.00,391265,457524,2.5830,2026-06-06 12:02:19.577001+00:00
002471,7.9500,7.6300,7.9500,7.5900,945321,747418112.00,340798,604524,6.9064,2026-06-06 12:02:19.577001+00:00
002472,42.8600,41.4000,44.2100,39.0500,561344,2349735680.00,300833,260511,6.6048,2026-06-06 12:02:19.577001+00:00
002474,7.1600,7.0000,7.2200,6.8700,289315,205268112.00,160397,128918,4.6499,2026-06-06 12:02:19.577001+00:00
002475,68.7700,73.0000,73.3900,67.9800,2551045,18017427456.00,1221404,1329641,3.5013,2026-06-06 12:02:19.577001+00:00
002476,5.2400,5.2000,5.3200,5.1200,86745,45443136.00,42586,44159,1.4174,2026-06-06 12:02:19.577001+00:00
002478,7.1200,7.2700,7.2900,7.0600,185484,132435416.00,76958,108526,2.0591,2026-06-06 12:02:19.577001+00:00
002479,5.3400,5.3100,5.6000,5.3100,252048,137112864.00,118865,133183,2.9138,2026-06-06 12:02:19.577001+00:00
002480,6.0400,6.1600,6.2600,6.0000,274917,166836032.00,100287,174630,3.5742,2026-06-06 12:02:19.577001+00:00
002481,4.0400,4.0100,4.0900,4.0100,77629,31432652.00,39749,37880,0.6292,2026-06-06 12:02:19.577001+00:00
002482,1.4800,1.4700,1.5100,1.4600,546458,81131504.00,306280,240178,1.4568,2026-06-06 12:02:19.577001+00:00
002483,5.7300,5.8900,5.9500,5.6800,176435,101665160.00,73205,103230,1.9903,2026-06-06 12:02:19.577001+00:00
002484,90.0000,92.0100,95.0000,88.4800,830857,7623532032.00,411034,419824,0.0000,2026-06-06 12:02:19.577001+00:00
002485,4.5900,4.6000,4.6900,4.5600,24882,11485231.00,5617,19265,0.4574,2026-06-06 12:02:19.577001+00:00
002487,63.6700,67.5700,67.9600,63.3000,270714,1745700480.00,130942,139772,3.7355,2026-06-06 12:02:19.577001+00:00
002489,3.6500,3.7000,3.7600,3.5400,426469,156001568.00,206065,220404,1.9662,2026-06-06 12:02:19.577001+00:00
002490,7.4800,7.6100,7.6300,7.3400,345568,258530112.00,162946,182622,4.3312,2026-06-06 12:02:19.577001+00:00
002491,24.8200,26.4200,28.5800,24.6500,2972135,7966036992.00,1471126,1501009,24.1638,2026-06-06 12:02:19.577001+00:00
002492,6.0300,5.9500,6.1100,5.8000,99951,59749072.00,53596,46355,2.4679,2026-06-06 12:02:19.577001+00:00
002493,11.4300,11.0000,11.8000,10.9300,629782,725641984.00,348171,281611,0.6304,2026-06-06 12:02:19.577001+00:00
002494,5.2500,5.1200,5.3500,4.9800,134633,69603488.00,73513,61120,3.5682,2026-06-06 12:02:19.577001+00:00
002495,2.4200,2.3600,2.4500,2.3500,293151,70540408.00,177889,115262,3.1332,2026-06-06 12:02:19.577001+00:00
002496,2.3800,2.3700,2.4500,2.2900,286577,67998744.00,139454,147124,0.0000,2026-06-06 12:02:19.577001+00:00
002497,21.2000,21.1100,22.3000,20.3900,500248,1065694784.00,247436,252812,4.3403,2026-06-06 12:02:19.577001+00:00
002498,7.9700,8.1700,8.3000,7.9400,865161,696857088.00,357620,507541,2.6006,2026-06-06 12:02:19.577001+00:00
002500,5.0600,5.0600,5.1000,5.0300,213395,108138680.00,96532,116864,0.5945,2026-06-06 12:02:19.577001+00:00
002501,1.7000,1.6600,1.7400,1.5800,1701965,281637216.00,957534,744431,0.0000,2026-06-06 12:02:19.577001+00:00
002506,3.4400,3.4900,3.5300,3.3700,2701058,929482880.00,1215512,1485546,4.6169,2026-06-06 12:02:19.577001+00:00
002510,6.3000,6.1900,6.3900,6.0800,213215,133280144.00,108027,105189,2.1004,2026-06-06 12:02:19.577001+00:00
002512,4.2900,4.2800,4.3800,4.1900,314960,135255264.00,148856,166105,2.8570,2026-06-06 12:02:19.577001+00:00
002513,5.6100,5.5200,5.6800,5.4000,70719,39335388.00,36595,34124,1.8829,2026-06-06 12:02:19.577001+00:00
002514,4.0500,3.9400,4.1700,3.9400,485809,193757296.00,306863,178946,0.0000,2026-06-06 12:02:19.577001+00:00
002516,6.0600,5.9000,6.1700,5.6800,350975,209542272.00,188708,162267,2.3862,2026-06-06 12:02:19.577001+00:00
002517,15.2200,15.2300,15.7300,15.1000,542144,835899008.00,273652,268492,2.5376,2026-06-06 12:02:19.577001+00:00
002518,50.9000,51.0100,53.2100,49.2300,160423,821019840.00,83891,76533,0.0000,2026-06-06 12:02:19.577001+00:00
002519,6.6200,6.5000,6.7400,6.3700,482651,318762144.00,281925,200726,4.2848,2026-06-06 12:02:19.577001+00:00
002520,6.3500,6.2100,6.5100,5.9500,835913,520894080.00,438404,397509,11.1419,2026-06-06 12:02:19.577001+00:00
002522,7.2900,7.1000,7.4000,7.0300,903416,653144576.00,469610,433806,9.9739,2026-06-06 12:02:19.577001+00:00
002523,3.5200,3.4800,3.5700,3.4500,239847,84511888.00,140427,99421,1.6931,2026-06-06 12:02:19.577001+00:00
002524,3.7900,3.7400,3.8400,3.6800,117668,44380512.00,70092,47577,2.2833,2026-06-06 12:02:19.577001+00:00
002526,3.0000,2.9600,3.0400,2.9400,245391,73366632.00,123035,122356,1.3764,2026-06-06 12:02:19.577001+00:00
002527,15.4300,14.6800,15.6000,14.5100,424704,643351424.00,224820,199884,6.4052,2026-06-06 12:02:19.577001+00:00
002528,4.8300,4.8000,5.0400,4.7200,202885,98778672.00,94731,108155,0.0000,2026-06-06 12:02:19.577001+00:00
002529,7.6800,7.7300,7.9100,7.5500,35271,27227856.00,20115,15156,1.3566,2026-06-06 12:02:19.577001+00:00
002531,9.7700,10.0500,10.1100,9.4700,496315,485577664.00,246176,250139,0.0000,2026-06-06 12:02:19.577001+00:00
002532,13.8100,14.3000,14.4100,13.7200,799644,1122573440.00,364011,435633,1.7276,2026-06-06 12:02:19.577001+00:00
002533,11.9200,12.0800,12.1500,11.8200,119261,142541024.00,55370,63891,1.6249,2026-06-06 12:02:19.577001+00:00
002534,19.7200,19.9500,20.1700,19.4000,134224,265135232.00,71558,62667,0.0000,2026-06-06 12:02:19.577001+00:00
002535,2.6400,2.5900,2.6900,2.5400,279143,73007640.00,137600,141544,3.4820,2026-06-06 12:02:19.577001+00:00
002536,39.5500,40.0000,41.5500,39.3000,358939,1449650688.00,160859,198081,6.2447,2026-06-06 12:02:19.577001+00:00
002537,6.1400,6.1300,6.2500,6.0800,201087,124013752.00,105620,95468,1.7128,2026-06-06 12:02:19.577001+00:00
002538,5.9600,6.0400,6.0600,5.9100,89532,53575044.00,35504,54028,1.0489,2026-06-06 12:02:19.577001+00:00
002539,11.9400,12.0800,12.3200,11.9000,179346,217387920.00,90047,89300,1.4850,2026-06-06 12:02:19.577001+00:00
002540,5.3400,5.3100,5.4200,5.2600,109962,58879752.00,59799,50164,0.8789,2026-06-06 12:02:19.577001+00:00
002541,18.4100,19.4500,19.7600,18.2400,110959,209127184.00,47197,63762,1.6081,2026-06-06 12:02:19.577001+00:00
002542,1.6100,1.5900,1.6300,1.5800,258061,41425076.00,130904,127157,0.0000,2026-06-06 12:02:19.577001+00:00
002543,7.3300,7.2500,7.4300,7.2200,31718,23262762.00,18268,13450,0.4265,2026-06-06 12:02:19.577001+00:00
002544,20.8000,20.3600,21.5000,20.1300,185990,388038528.00,102290,83700,2.7330,2026-06-06 12:02:19.577001+00:00
002545,20.7400,20.5300,21.4500,20.3300,187924,392726496.00,110010,77915,1.5106,2026-06-06 12:02:19.577001+00:00
002546,7.1400,7.1200,7.2600,7.0000,155438,110965184.00,78107,77331,1.8637,2026-06-06 12:02:19.577001+00:00
002547,3.5400,3.4800,3.6100,3.4300,362487,128287688.00,179104,183383,0.0000,2026-06-06 12:02:19.577001+00:00
002548,3.9900,3.9600,4.0700,3.9500,219215,87816136.00,116945,102271,2.6470,2026-06-06 12:02:19.577001+00:00
002549,15.9900,16.4400,16.4400,15.8300,253783,407352960.00,105956,147827,3.6497,2026-06-06 12:02:19.577001+00:00
002550,6.0600,6.0300,6.1200,6.0100,106891,64834984.00,58943,47949,0.8352,2026-06-06 12:02:19.577001+00:00
002552,58.3200,58.0000,61.5800,57.3500,208345,1232833664.00,103455,104890,0.0000,2026-06-06 12:02:19.577001+00:00
002553,18.4000,17.8300,18.7300,17.4300,116703,211905680.00,68114,48590,3.3022,2026-06-06 12:02:19.577001+00:00
002554,3.1000,3.0900,3.1400,3.0300,222522,68756048.00,109390,113132,1.6684,2026-06-06 12:02:19.577001+00:00
002555,19.5000,19.0100,19.8000,19.0100,439203,860413504.00,252036,187168,1.9853,2026-06-06 12:02:19.577001+00:00
002556,5.1600,5.1000,5.2000,5.0900,69863,35949872.00,37571,32292,0.7381,2026-06-06 12:02:19.577001+00:00
002557,21.2600,21.1800,21.6300,21.1700,56546,120932920.00,28877,27669,1.1178,2026-06-06 12:02:19.577001+00:00
002558,25.7900,25.2500,26.0800,25.1400,419723,1077636864.00,200576,219147,2.2084,2026-06-06 12:02:19.577001+00:00
002559,9.9400,9.6700,10.1900,9.1900,418284,409056192.00,227147,191138,7.6084,2026-06-06 12:02:19.577001+00:00
002560,8.6900,8.6800,8.8400,8.4200,469755,406615648.00,252496,217260,6.3889,2026-06-06 12:02:19.577001+00:00
002562,4.9000,4.8900,5.0000,4.8100,215981,106056648.00,113211,102771,1.8899,2026-06-06 12:02:19.577001+00:00
002564,5.0800,5.0400,5.1900,4.9200,149491,75577096.00,79463,70028,1.7405,2026-06-06 12:02:19.577001+00:00
002565,15.3400,14.9000,15.5500,14.3200,1302261,1963946752.00,670050,632212,12.2856,2026-06-06 12:02:19.577001+00:00
002567,3.4500,3.4300,3.4900,3.4100,158697,54896016.00,78346,80351,1.1074,2026-06-06 12:02:19.577001+00:00
002568,18.3800,18.2400,19.2500,18.2300,228999,428120288.00,111662,117337,2.1985,2026-06-06 12:02:19.577001+00:00
002569,15.8800,15.7200,16.0600,15.4200,14720,23263760.00,5804,8916,0.0000,2026-06-06 12:02:19.577001+00:00
002571,12.6600,12.0600,12.8800,11.7200,191218,236423056.00,116022,75196,4.8786,2026-06-06 12:02:19.577001+00:00
002573,3.3700,3.3600,3.4000,3.3500,61030,20576114.00,26835,34195,0.4312,2026-06-06 12:02:19.577001+00:00
002574,4.8900,4.8100,4.9800,4.7400,69785,34060400.00,38385,31400,1.3217,2026-06-06 12:02:19.577001+00:00
002575,5.8300,5.9500,6.0000,5.7600,419014,245161936.00,177864,241151,6.7967,2026-06-06 12:02:19.577001+00:00
002576,16.2500,15.9100,16.6600,15.4200,76113,121699776.00,38255,37858,4.6101,2026-06-06 12:02:19.577001+00:00
002577,17.9300,17.6800,18.2300,17.4500,30691,54945868.00,17481,13211,1.0934,2026-06-06 12:02:19.577001+00:00
002578,3.9000,3.8500,4.0000,3.7600,411106,160308960.00,197256,213850,4.3799,2026-06-06 12:02:19.577001+00:00
002579,18.6900,19.5800,19.9000,18.5500,1745576,3335940352.00,791114,954463,28.4937,2026-06-06 12:02:19.577001+00:00
002580,21.8500,23.1000,23.2200,21.7600,752099,1667634048.00,376449,375651,16.5708,2026-06-06 12:02:19.577001+00:00
002581,4.2400,4.2300,4.3200,4.1400,67059,28339412.00,31510,35549,1.0165,2026-06-06 12:02:19.577001+00:00
002582,9.6600,9.6400,9.7800,9.5000,146181,141120352.00,75539,70642,3.2651,2026-06-06 12:02:19.577001+00:00
002583,8.7500,8.2700,9.0200,8.2400,638531,557563648.00,373668,264863,3.5111,2026-06-06 12:02:19.577001+00:00
002584,7.5500,7.4600,7.7100,7.1000,313696,233420880.00,164387,149310,5.3603,2026-06-06 12:02:19.577001+00:00
002585,11.8200,12.9800,12.9800,11.7100,2961004,3646255872.00,1376157,1584848,0.0000,2026-06-06 12:02:19.577001+00:00
002586,3.9800,4.0600,4.1300,3.9800,47123,19025776.00,18353,28770,0.4118,2026-06-06 12:02:19.577001+00:00
002587,7.0500,6.7500,7.1300,6.6700,340044,236966960.00,197593,142451,5.1954,2026-06-06 12:02:19.577001+00:00
002588,8.8900,8.7800,9.0100,8.7800,106276,94808160.00,53232,53044,0.9226,2026-06-06 12:02:19.577001+00:00
002589,2.8700,2.8200,2.8900,2.8200,256262,73389760.00,139849,116413,1.7031,2026-06-06 12:02:19.577001+00:00
002591,7.5900,7.5600,7.7400,7.3500,113330,85506840.00,59537,53793,3.7752,2026-06-06 12:02:19.577001+00:00
002592,6.9900,6.9300,7.0200,6.8100,23453,16244860.00,13345,10108,0.8278,2026-06-06 12:02:19.577001+00:00
002593,4.7300,4.6700,4.7700,4.5900,106410,49893568.00,59546,46864,1.3237,2026-06-06 12:02:19.577001+00:00
002594,93.0100,93.5200,94.0000,92.3000,339968,3159266048.00,169029,170940,0.3729,2026-06-06 12:02:19.577001+00:00
002595,50.7900,52.2400,52.4300,50.5100,58547,298423776.00,28335,30212,0.5047,2026-06-06 12:02:19.577001+00:00
002596,3.7700,3.7400,3.8100,3.6900,269772,101758296.00,122970,146802,2.3508,2026-06-06 12:02:19.577001+00:00
002597,19.2000,19.2300,19.5500,19.0100,45570,87864912.00,20363,25207,0.8018,2026-06-06 12:02:19.577001+00:00
002598,7.1200,6.9700,7.1800,6.9400,46717,32961788.00,26198,20519,1.4971,2026-06-06 12:02:19.577001+00:00
002599,6.2300,6.1100,6.4200,6.0100,119841,74045856.00,73227,46614,2.2498,2026-06-06 12:02:19.577001+00:00
002600,15.0800,14.8600,15.5500,14.1700,2738233,4093430016.00,1472961,1265273,3.7468,2026-06-06 12:02:19.577001+00:00
002601,13.9300,13.9800,14.2000,13.6600,245433,342882432.00,131310,114124,1.0294,2026-06-06 12:02:19.577001+00:00
002602,14.9400,14.8600,15.4500,14.8500,1356683,2059949056.00,693196,663488,1.8406,2026-06-06 12:02:19.577001+00:00
002603,15.4000,15.2500,15.5900,15.2500,124199,192042272.00,66916,57283,0.7434,2026-06-06 12:02:19.577001+00:00
002605,19.2000,18.6000,19.6000,18.6000,88858,171470064.00,50552,38306,2.1281,2026-06-06 12:02:19.577001+00:00
002606,13.8800,14.2400,14.3800,13.5400,348770,485409408.00,169338,179432,7.9433,2026-06-06 12:02:19.577001+00:00
002608,9.8300,10.4600,11.1300,9.6300,1717901,1750585600.00,765445,952457,4.5470,2026-06-06 12:02:19.577001+00:00
002609,7.7100,7.6400,7.8300,7.5300,63672,48907592.00,36127,27545,0.9896,2026-06-06 12:02:19.577001+00:00
002611,18.4300,17.7900,19.2400,17.2800,851288,1553383168.00,496981,354307,6.9933,2026-06-06 12:02:19.577001+00:00
002613,4.9600,4.5100,4.9600,4.3900,1222514,585531392.00,408387,814127,11.1080,2026-06-06 12:02:19.577001+00:00
002614,5.0900,5.0300,5.1700,5.0200,79877,40639560.00,41771,38106,1.2806,2026-06-06 12:02:19.577001+00:00
002615,8.0800,8.1700,8.3300,7.8700,146629,118082720.00,64241,82388,2.6193,2026-06-06 12:02:19.577001+00:00
002616,5.5900,5.8300,5.9300,5.5700,224076,127473392.00,88506,135570,2.6079,2026-06-06 12:02:19.577001+00:00
002617,8.5800,8.5700,8.7900,8.0800,1865445,1570152960.00,883591,981855,9.7710,2026-06-06 12:02:19.577001+00:00
002620,6.4600,6.4900,6.6300,6.4200,245694,161503936.00,96041,149653,0.0000,2026-06-06 12:02:19.577001+00:00
002623,18.4200,17.7300,19.2900,17.1800,78236,143019744.00,41363,36873,3.9302,2026-06-06 12:02:19.577001+00:00
002625,37.5000,38.4000,38.4600,37.3900,313454,1185826816.00,140993,172461,1.4548,2026-06-06 12:02:19.577001+00:00
002626,14.7800,14.8800,14.9900,14.6700,27468,40665348.00,11985,15483,0.4503,2026-06-06 12:02:19.577001+00:00
002627,7.1000,7.2700,7.6000,7.0000,345718,250920224.00,164368,181350,4.7711,2026-06-06 12:02:19.577001+00:00
002628,5.0400,5.0000,5.1100,4.9300,203623,102273616.00,107968,95655,0.0000,2026-06-06 12:02:19.577001+00:00
002629,5.1800,5.5000,5.5000,5.1600,286261,149665088.00,110589,175672,0.0000,2026-06-06 12:02:19.577001+00:00
002630,1.8500,1.8900,1.9400,1.8300,544981,102702488.00,274925,270057,0.0000,2026-06-06 12:02:19.577001+00:00
002631,7.4500,7.0500,7.4500,6.8100,449267,321759776.00,252862,196406,5.6350,2026-06-06 12:02:19.577001+00:00
002632,10.4900,10.2200,10.7700,10.0200,212505,221994560.00,115930,96575,3.4023,2026-06-06 12:02:19.577001+00:00
002633,17.2200,16.7000,17.6400,16.5300,28661,48892928.00,16805,11857,1.9107,2026-06-06 12:02:19.577001+00:00
002634,4.7800,4.8700,5.0300,4.6800,99533,48027340.00,44498,55035,0.0000,2026-06-06 12:02:19.577001+00:00
002635,17.6500,17.0800,18.0800,16.6100,409175,722496640.00,231976,177200,6.2026,2026-06-06 12:02:19.577001+00:00
002637,13.0900,12.8500,13.4800,12.8200,346311,454108256.00,173615,172696,7.3620,2026-06-06 12:02:19.577001+00:00
002639,15.1000,15.4400,15.7900,15.0400,440659,675265408.00,202204,238455,0.0000,2026-06-06 12:02:19.577001+00:00
002641,4.2200,4.1300,4.2800,4.1200,165590,69599288.00,101733,63858,1.3473,2026-06-06 12:02:19.577001+00:00
002642,7.6100,7.5400,7.7500,7.3600,188981,143206736.00,99051,89931,2.8565,2026-06-06 12:02:19.577001+00:00
002643,14.4100,14.2500,14.8000,13.5800,304157,433933792.00,154670,149487,3.3209,2026-06-06 12:02:19.577001+00:00
002645,31.1700,30.5900,33.0000,30.5900,1351987,4370561536.00,701036,650952,0.0000,2026-06-06 12:02:19.577001+00:00
002646,7.2700,7.2200,7.4000,7.2200,48896,35781828.00,25048,23849,1.0206,2026-06-06 12:02:19.577001+00:00
002647,12.1100,12.7000,12.8000,12.0000,359627,440592608.00,141860,217767,0.0000,2026-06-06 12:02:19.577001+00:00
002648,23.9700,23.0700,24.6700,22.6800,599555,1435463680.00,337904,261652,1.7798,2026-06-06 12:02:19.577001+00:00
002649,9.3100,9.3000,9.4700,9.1500,98469,91699104.00,50649,47820,0.0000,2026-06-06 12:02:19.577001+00:00
002650,7.4400,7.5400,7.5400,7.3500,33546,24868966.00,13451,20095,0.3030,2026-06-06 12:02:19.577001+00:00
002651,8.1600,7.9900,8.2500,7.9800,66649,54119524.00,38503,28146,0.6449,2026-06-06 12:02:19.577001+00:00
002652,5.0300,5.0500,5.1600,4.8600,242925,122013480.00,117151,125774,4.7440,2026-06-06 12:02:19.577001+00:00
002653,47.5800,49.3400,49.9200,47.5000,51124,247749312.00,23878,27247,0.4565,2026-06-06 12:02:19.577001+00:00
002654,15.0900,15.4000,15.7100,14.8500,599122,910144384.00,266993,332129,0.0000,2026-06-06 12:02:19.577001+00:00
002656,3.4100,3.3400,3.4300,3.2800,101198,33960768.00,53502,47696,1.4203,2026-06-06 12:02:19.577001+00:00
002658,7.8700,7.7800,7.9400,7.6300,92904,72412496.00,46644,46260,1.4613,2026-06-06 12:02:19.577001+00:00
002660,7.6500,7.4900,7.8400,7.3000,90140,68566296.00,47515,42625,2.5276,2026-06-06 12:02:19.577001+00:00
002661,7.7200,7.5600,7.7700,7.5500,26201,20141056.00,14989,11212,0.7865,2026-06-06 12:02:19.577001+00:00
002662,3.3600,3.3400,3.4000,3.2800,185575,62015412.00,88638,96937,1.2372,2026-06-06 12:02:19.577001+00:00
002663,1.8400,1.8600,1.9100,1.8300,406236,75621032.00,184480,221756,2.3572,2026-06-06 12:02:19.577001+00:00
002666,4.5200,4.5600,4.6400,4.4700,149381,68066256.00,64471,84910,1.8957,2026-06-06 12:02:19.577001+00:00
002667,23.2000,22.5100,23.7700,22.5000,225691,528580256.00,97630,128061,8.6607,2026-06-06 12:02:19.577001+00:00
002668,9.5500,9.2500,9.5900,9.2000,171622,162427968.00,89152,82470,1.5831,2026-06-06 12:02:19.577001+00:00
002669,16.6200,16.5700,17.0500,16.3300,587400,981449984.00,277910,309490,19.3606,2026-06-06 12:02:19.577001+00:00
002671,4.2900,4.2300,4.3600,4.1500,156019,66599392.00,77820,78199,2.7701,2026-06-06 12:02:19.577001+00:00
002672,3.6700,3.6400,3.7300,3.6300,118478,43511188.00,50373,68105,1.0720,2026-06-06 12:02:19.577001+00:00
002674,14.7400,14.7200,15.1000,14.3600,59229,87324648.00,31079,28151,2.0040,2026-06-06 12:02:19.577001+00:00
002675,12.5500,12.6300,12.7700,12.5200,74789,94311120.00,39298,35491,0.9070,2026-06-06 12:02:19.577001+00:00
002676,5.6200,5.5500,5.6800,5.4500,170899,95176056.00,81124,89776,2.3736,2026-06-06 12:02:19.577001+00:00
002678,6.2500,5.9700,6.4400,5.7200,298725,182387728.00,170632,128093,2.1992,2026-06-06 12:02:19.577001+00:00
002679,9.1700,9.0800,9.2700,8.8800,35732,32538610.00,19500,16232,1.5156,2026-06-06 12:02:19.577001+00:00
002681,5.1700,4.9000,5.3900,4.4900,1499378,743077312.00,803768,695611,8.3547,2026-06-06 12:02:19.577001+00:00
002682,5.1100,5.0100,5.1800,5.0100,166026,84589320.00,89494,76532,2.9523,2026-06-06 12:02:19.577001+00:00
002683,31.6800,31.3200,32.5700,30.4900,123143,389379392.00,64547,58596,1.6205,2026-06-06 12:02:19.577001+00:00
002685,7.2500,7.2300,7.3200,6.9600,357768,256426688.00,171359,186410,3.5504,2026-06-06 12:02:19.577001+00:00
002686,6.2000,6.1600,6.2800,6.0500,97135,59977888.00,46874,50261,1.7154,2026-06-06 12:02:19.577001+00:00
002687,4.3800,4.2800,4.4200,4.2100,93251,40320708.00,47533,45719,1.8474,2026-06-06 12:02:19.577001+00:00
002688,5.1900,5.1800,5.2500,5.1700,71508,37253408.00,37508,34000,0.9293,2026-06-06 12:02:19.577001+00:00
002689,3.0600,3.0900,3.1000,3.0100,52609,16072120.00,23746,28864,0.5043,2026-06-06 12:02:19.577001+00:00
002690,15.0000,14.9100,15.2200,14.7800,45076,67628336.00,22860,22216,0.5109,2026-06-06 12:02:19.577001+00:00
002691,5.1700,5.0900,5.2500,5.0200,57283,29476134.00,29936,27348,0.0000,2026-06-06 12:02:19.577001+00:00
002125,16.9800,16.2500,17.3800,15.9000,902859,1509462656.00,477690,425169,14.3422,2026-06-06 12:02:19.577001+00:00
002141,3.1400,3.1800,3.2200,3.1300,160398,50819508.00,70630,89768,1.5528,2026-06-06 12:02:19.577001+00:00
002158,28.5100,28.7600,29.2800,27.9000,93125,265765248.00,45836,47289,1.7416,2026-06-06 12:02:19.577001+00:00
002693,9.2600,9.3100,9.3300,9.0600,103551,95454848.00,55809,47742,2.4971,2026-06-06 12:02:19.577001+00:00
002694,2.5100,2.4000,2.5100,2.3700,53821,13248097.00,35458,18363,0.0000,2026-06-06 12:02:19.577001+00:00
002696,5.8000,5.8400,5.9400,5.6000,344273,198993440.00,165474,178800,9.9572,2026-06-06 12:02:19.577001+00:00
002698,12.4700,12.1100,12.7900,11.8100,148545,182784800.00,74164,74382,1.4527,2026-06-06 12:02:19.577001+00:00
002701,4.8300,4.8500,4.9000,4.7700,237970,114682648.00,111327,126643,0.9297,2026-06-06 12:02:19.577001+00:00
002702,5.2300,5.1100,5.3200,5.0800,222495,115971784.00,124816,97679,4.0034,2026-06-06 12:02:19.577001+00:00
002703,16.7600,17.2200,17.3800,16.2000,455676,759713280.00,221910,233767,5.5392,2026-06-06 12:02:19.577001+00:00
002706,12.6300,13.0600,13.1000,12.2200,582263,735891008.00,275967,306297,5.1843,2026-06-06 12:02:19.577001+00:00
002707,5.5300,5.5100,5.6500,5.5100,144530,80526728.00,81407,63123,1.4707,2026-06-06 12:02:19.577001+00:00
002708,15.8600,14.2800,15.8600,14.2300,615242,946710528.00,295577,319666,10.9455,2026-06-06 12:02:19.577001+00:00
002709,48.6200,49.1700,50.4400,48.2900,838730,4131679744.00,427831,410899,4.1143,2026-06-06 12:02:19.577001+00:00
002713,11.5400,11.4400,11.7800,11.1300,94925,108972680.00,47398,47527,0.9977,2026-06-06 12:02:19.577001+00:00
002714,35.0600,35.1300,35.6300,34.8500,391702,1378272640.00,198748,192955,0.6785,2026-06-06 12:02:19.577001+00:00
002715,15.6200,15.3600,15.9800,15.1000,38850,60363280.00,19585,19265,2.8152,2026-06-06 12:02:19.577001+00:00
002716,9.0800,9.2400,9.3000,9.0300,799161,733422080.00,413999,385162,2.8308,2026-06-06 12:02:19.577001+00:00
002717,1.1100,1.1100,1.1100,1.0800,1566125,173470896.00,511327,1054799,0.0000,2026-06-06 12:02:19.577001+00:00
002719,7.3500,7.2900,7.3900,7.1500,44511,32341802.00,15902,28609,2.5561,2026-06-06 12:02:19.577001+00:00
002721,2.5800,2.5800,2.6200,2.5700,216401,56074112.00,104217,112184,0.8137,2026-06-06 12:02:19.577001+00:00
002722,13.3100,13.1300,13.5800,13.0500,29118,38846832.00,15863,13255,1.3094,2026-06-06 12:02:19.577001+00:00
002724,5.4700,5.4100,5.5600,5.3800,69150,37858824.00,37416,31734,0.8963,2026-06-06 12:02:19.577001+00:00
002725,13.8500,14.3600,14.6300,13.8400,127407,180217984.00,59359,68048,4.9768,2026-06-06 12:02:19.577001+00:00
002726,1.6700,1.6600,1.7000,1.6200,356024,59002172.00,148100,207925,0.0000,2026-06-06 12:02:19.577001+00:00
002729,17.9700,18.1000,18.4600,17.6000,53925,96848288.00,26519,27407,2.9472,2026-06-06 12:02:19.577001+00:00
002730,29.2100,29.7400,30.2400,28.8500,97099,285861792.00,51835,45265,0.0000,2026-06-06 12:02:19.577001+00:00
002732,14.1700,13.9100,14.3300,13.8600,13384,18881116.00,7306,6078,0.8506,2026-06-06 12:02:19.577001+00:00
002733,33.9600,33.2000,35.7600,33.0200,437204,1501282176.00,239584,197621,11.3792,2026-06-06 12:02:19.577001+00:00
002734,17.3300,17.2300,17.5800,17.0600,215504,373562880.00,104456,111049,4.5289,2026-06-06 12:02:19.577001+00:00
002735,18.0300,16.6900,18.8100,16.6500,859605,1529621376.00,448420,411186,22.9073,2026-06-06 12:02:19.577001+00:00
002736,10.0100,10.0000,10.1700,9.9900,204402,206017344.00,105445,98957,0.1996,2026-06-06 12:02:19.577001+00:00
002737,12.7700,12.5100,12.8800,12.4800,40424,51459372.00,22982,17442,0.6922,2026-06-06 12:02:19.577001+00:00
002738,58.3700,57.7600,58.9800,55.8200,298239,1718192128.00,137378,160861,4.1336,2026-06-06 12:02:19.577001+00:00
002741,27.9800,27.8500,29.1800,27.0100,440041,1242539904.00,218633,221409,9.4628,2026-06-06 12:02:19.577001+00:00
002742,4.1400,4.1500,4.3100,4.0100,149911,61635932.00,71412,78499,2.1914,2026-06-06 12:02:19.577001+00:00
002743,4.6600,4.6400,4.7400,4.5400,56695,26446700.00,28839,27856,1.3025,2026-06-06 12:02:19.577001+00:00
002745,10.0600,10.1700,10.4700,9.6000,727923,733954880.00,358264,369659,4.9046,2026-06-06 12:02:19.577001+00:00
002747,31.0200,29.4700,32.0000,28.1100,960222,2896509184.00,525778,434445,9.9217,2026-06-06 12:02:19.577001+00:00
002748,10.7300,10.6800,10.9000,10.4500,34086,36488356.00,18403,15683,1.4203,2026-06-06 12:02:19.577001+00:00
002752,6.3500,6.4600,6.4800,6.3100,112148,71494896.00,54730,57419,0.0000,2026-06-06 12:02:19.577001+00:00
002753,6.5500,6.4700,6.6700,6.4300,58811,38675632.00,35203,23608,1.3719,2026-06-06 12:02:19.577001+00:00
002755,12.9200,13.1500,13.2900,12.9200,103150,134827808.00,45429,57722,1.1113,2026-06-06 12:02:19.577001+00:00
002756,58.9500,59.9200,60.6000,58.2700,145070,861582016.00,72978,72093,2.6910,2026-06-06 12:02:19.577001+00:00
002757,22.3700,22.6000,22.8500,21.9500,105682,236928416.00,53276,52406,3.5769,2026-06-06 12:02:19.577001+00:00
002759,26.7500,26.8300,27.2600,25.9600,299445,799225920.00,151305,148141,5.9724,2026-06-06 12:02:19.577001+00:00
002760,18.7900,18.7100,19.1600,18.3000,50153,93835280.00,27539,22614,4.6443,2026-06-06 12:02:19.577001+00:00
002761,7.4700,7.4900,7.5600,7.4100,80365,60069672.00,33275,47090,0.6066,2026-06-06 12:02:19.577001+00:00
002762,8.7000,8.9900,8.9900,8.6500,21031,18336628.00,5793,15239,0.0000,2026-06-06 12:02:19.577001+00:00
002766,4.4600,4.6500,4.6500,4.4000,470725,211456656.00,205972,264754,5.4483,2026-06-06 12:02:19.577001+00:00
002767,18.5400,17.6000,18.8800,17.2100,48702,88745416.00,24684,24018,3.2468,2026-06-06 12:02:19.577001+00:00
002768,64.4700,64.1000,66.2000,62.6900,41661,270131936.00,18428,23233,1.3829,2026-06-06 12:02:19.577001+00:00
002769,8.0100,7.8800,8.6000,7.8100,177893,146153392.00,96818,81075,4.7652,2026-06-06 12:02:19.577001+00:00
002771,16.2900,16.1900,17.0200,16.0900,156751,259795856.00,83981,72771,7.4727,2026-06-06 12:02:19.577001+00:00
002773,21.3300,21.8400,21.9300,21.1500,95441,204320544.00,38871,56570,1.0359,2026-06-06 12:02:19.577001+00:00
002774,11.9200,11.5200,12.3700,11.1500,77384,92077256.00,45225,32159,2.2984,2026-06-06 12:02:19.577001+00:00
002775,4.0000,3.8500,4.2000,3.7400,392981,157238544.00,208338,184644,0.0000,2026-06-06 12:02:19.577001+00:00
002777,13.6900,13.5000,13.9100,13.4800,55524,75928344.00,30828,24697,1.3601,2026-06-06 12:02:19.577001+00:00
002782,26.0100,25.0500,26.7000,23.4100,296565,752231424.00,155965,140601,5.9796,2026-06-06 12:02:19.577001+00:00
002783,8.4300,8.3900,8.5500,8.2800,123510,104102560.00,67032,56479,2.4736,2026-06-06 12:02:19.577001+00:00
002785,40.9000,42.2500,42.4000,39.7300,96467,395323552.00,42083,54384,0.0000,2026-06-06 12:02:19.577001+00:00
002786,8.8300,8.0000,8.8300,7.6800,393417,333092096.00,194234,199184,7.9380,2026-06-06 12:02:19.577001+00:00
002787,27.8200,29.7400,29.9900,27.5700,410478,1160544000.00,170228,240250,0.0000,2026-06-06 12:02:19.577001+00:00
002788,11.6400,11.8500,12.0100,11.5800,123457,144806544.00,50654,72803,3.1776,2026-06-06 12:02:19.577001+00:00
002142,30.5600,30.5000,30.9500,30.4000,165457,508102752.00,81954,83503,0.2506,2026-06-06 12:02:19.577001+00:00
002789,13.3700,13.1400,13.5900,12.8100,45137,59963988.00,23089,22048,2.8277,2026-06-06 12:02:19.577001+00:00
002790,6.2300,6.1000,6.3200,6.0800,52803,32890252.00,32830,19973,1.2636,2026-06-06 12:02:19.577001+00:00
002791,15.3000,15.1800,15.6500,15.1600,44057,67826560.00,20906,23151,1.2450,2026-06-06 12:02:19.577001+00:00
002792,42.5000,41.0000,43.2300,40.3400,442767,1852036096.00,238686,204081,8.4524,2026-06-06 12:02:19.577001+00:00
002793,4.1900,4.1900,4.3500,4.1600,159453,67413640.00,70303,89150,1.4661,2026-06-06 12:02:19.577001+00:00
002795,7.5500,7.7300,7.8000,7.4700,191397,145341056.00,84593,106805,4.3333,2026-06-06 12:02:19.577001+00:00
002796,44.0000,45.4800,47.2000,43.6000,150186,684864256.00,67662,82525,5.9511,2026-06-06 12:02:19.577001+00:00
002798,6.2400,6.2100,6.3200,6.0500,131410,81327080.00,68554,62856,0.0000,2026-06-06 12:02:19.577001+00:00
002799,7.2500,7.1100,7.3300,7.0000,48168,34633932.00,23706,24463,1.5051,2026-06-06 12:02:19.577001+00:00
002800,16.3500,16.2000,16.4000,15.7600,22877,36919304.00,10709,12168,1.5026,2026-06-06 12:02:19.577001+00:00
002801,31.4100,30.4900,32.2600,29.5000,38845,120931824.00,21787,17058,1.6916,2026-06-06 12:02:19.577001+00:00
002802,12.5200,12.3400,12.7300,12.0600,43334,53812392.00,27950,15385,2.3909,2026-06-06 12:02:19.577001+00:00
002803,20.9300,21.3900,21.5900,20.8500,78163,165131456.00,38480,39683,1.7354,2026-06-06 12:02:19.577001+00:00
002805,20.8200,20.4800,21.0000,19.8200,123645,253772320.00,58892,64754,0.0000,2026-06-06 12:02:19.577001+00:00
002806,19.7800,20.7400,21.2500,19.5100,503606,1006242688.00,259466,244140,23.7014,2026-06-06 12:02:19.577001+00:00
002809,8.8300,8.6200,8.9400,8.5000,83199,72915024.00,46069,37131,3.4629,2026-06-06 12:02:19.577001+00:00
002810,21.9000,21.7300,22.3900,21.3500,100596,220703760.00,50273,50323,0.0000,2026-06-06 12:02:19.577001+00:00
002811,11.3400,11.4400,11.5800,11.1800,37156,42299760.00,19400,17756,1.2065,2026-06-06 12:02:19.577001+00:00
002812,63.3100,64.0500,65.6600,62.6300,259547,1659528320.00,123787,135761,2.6427,2026-06-06 12:02:19.577001+00:00
002813,22.3200,22.0300,22.7900,21.5600,20319,45267160.00,11479,8840,1.6932,2026-06-06 12:02:19.577001+00:00
002815,17.7700,17.6400,18.4900,17.1200,1404159,2514254592.00,643106,761053,0.0000,2026-06-06 12:02:19.577001+00:00
002816,25.0500,24.8800,25.4200,24.0800,32048,79632608.00,17231,14817,0.0000,2026-06-06 12:02:19.577001+00:00
002817,6.7400,6.6800,6.8500,6.5500,55606,37351856.00,31605,24001,1.8591,2026-06-06 12:02:19.577001+00:00
002819,23.0000,22.8700,23.4400,22.4400,19225,44238592.00,9622,9603,0.6417,2026-06-06 12:02:19.577001+00:00
002821,116.2700,119.6000,122.0000,115.3100,59090,699093376.00,26974,32116,1.6374,2026-06-06 12:02:19.577001+00:00
002822,2.9400,2.9400,2.9600,2.9300,57106,16796510.00,19077,38029,0.2929,2026-06-06 12:02:19.577001+00:00
002823,20.0000,20.3000,21.3500,19.6000,332920,675213952.00,155046,177875,10.1386,2026-06-06 12:02:19.577001+00:00
002825,10.1100,10.0800,10.2000,9.8000,50179,50347516.00,26104,24075,0.0000,2026-06-06 12:02:19.577001+00:00
002826,16.4100,16.3700,16.6800,16.2200,37326,61315100.00,17153,20174,1.9575,2026-06-06 12:02:19.577001+00:00
002828,9.3100,9.1100,9.3800,8.9700,96792,89023600.00,51960,44832,4.8158,2026-06-06 12:02:19.577001+00:00
002829,22.8800,23.0200,23.4800,22.4400,87087,200115600.00,40777,46310,4.1907,2026-06-06 12:02:19.577001+00:00
002831,26.8800,28.4200,28.7700,26.5000,178064,487181984.00,76331,101733,0.0000,2026-06-06 12:02:19.577001+00:00
002832,19.9800,19.2800,20.9900,19.2800,152096,309225856.00,81267,70830,0.0000,2026-06-06 12:02:19.577001+00:00
002833,18.5100,18.0600,18.8800,17.9700,79768,147324624.00,39880,39888,1.8803,2026-06-06 12:02:19.577001+00:00
002835,13.2800,13.2000,13.5200,12.9200,26554,35102172.00,14960,11594,1.2098,2026-06-06 12:02:19.577001+00:00
002837,65.9000,68.6000,68.6000,65.5800,468849,3137961216.00,195261,273589,0.0000,2026-06-06 12:02:19.577001+00:00
002838,32.5000,32.3300,32.9900,31.2600,55973,180400928.00,26449,29524,1.1700,2026-06-06 12:02:19.577001+00:00
002840,8.0200,8.1900,8.3000,7.9200,242889,195182944.00,126861,116029,3.0279,2026-06-06 12:02:19.577001+00:00
002843,22.9100,22.5200,23.3200,21.9700,139135,314917792.00,72394,66742,5.5270,2026-06-06 12:02:19.577001+00:00
002845,15.7200,15.3800,16.2100,15.0000,203978,320279520.00,110065,93914,0.0000,2026-06-06 12:02:19.577001+00:00
002846,11.9000,11.7000,12.0800,11.5000,75860,89690456.00,42771,33090,1.8062,2026-06-06 12:02:19.577001+00:00
002848,15.7600,16.3200,16.3200,15.6000,79603,126246880.00,36282,43321,4.7624,2026-06-06 12:02:19.577001+00:00
002849,16.6700,16.2400,17.0600,15.7300,107132,177388672.00,58783,48349,4.8556,2026-06-06 12:02:19.577001+00:00
002850,172.1500,171.0900,177.7000,164.3100,69895,1188849536.00,34385,35511,2.5146,2026-06-06 12:02:19.577001+00:00
002851,146.5000,155.0100,158.7300,145.5100,417947,6353243648.00,197239,220708,7.1860,2026-06-06 12:02:19.577001+00:00
002853,24.0000,24.4200,24.6600,23.8500,17112,41506976.00,6509,10603,0.0000,2026-06-06 12:02:19.577001+00:00
002855,11.5900,11.2600,11.8800,10.9600,66660,76627656.00,39408,27252,2.7051,2026-06-06 12:02:19.577001+00:00
002856,25.7000,25.0000,25.7000,24.9900,70797,181241664.00,21440,49357,0.0000,2026-06-06 12:02:19.577001+00:00
002859,86.5600,92.5000,94.9300,86.1900,341303,3064681472.00,148680,192623,0.0000,2026-06-06 12:02:19.577001+00:00
002860,13.1700,13.0700,13.4700,12.7500,128699,168540160.00,61228,67471,3.6547,2026-06-06 12:02:19.577001+00:00
002862,16.0000,15.9200,16.2500,15.4800,40086,63888088.00,22119,17967,2.3861,2026-06-06 12:02:19.577001+00:00
002864,27.9300,27.9000,28.2900,27.7400,12021,33622808.00,6029,5992,1.1311,2026-06-06 12:02:19.577001+00:00
002865,72.8600,75.7800,76.1200,70.0300,188537,1369450496.00,80892,107646,6.0571,2026-06-06 12:02:19.577001+00:00
002866,19.1100,18.8000,19.4800,18.4300,136636,259646416.00,75838,60798,4.7194,2026-06-06 12:02:19.577001+00:00
002867,12.2700,12.1400,12.5200,12.1000,81431,100406608.00,43546,37886,0.7502,2026-06-06 12:02:19.577001+00:00
002868,27.2800,27.0000,27.6000,26.4100,25236,68313688.00,13893,11343,1.6238,2026-06-06 12:02:19.577001+00:00
002869,18.7400,19.1600,19.2600,18.5500,39134,73817560.00,16422,22713,2.2120,2026-06-06 12:02:19.577001+00:00
002870,39.3800,39.5400,40.2500,38.5000,31940,125274624.00,16249,15691,2.4183,2026-06-06 12:02:19.577001+00:00
002871,20.8500,20.6400,21.2300,20.0100,52514,108868216.00,25934,26580,2.0851,2026-06-06 12:02:19.577001+00:00
002872,5.2400,5.2300,5.3000,5.2000,26736,14030638.00,11043,15694,0.8408,2026-06-06 12:02:19.577001+00:00
002873,8.3600,8.3000,8.4700,8.1500,61934,51621476.00,32787,29147,2.5372,2026-06-06 12:02:19.577001+00:00
002876,32.7800,32.1000,33.5600,31.5800,138674,451526784.00,72166,66508,7.9750,2026-06-06 12:02:19.577001+00:00
002877,8.6400,7.8600,8.6400,7.7100,170648,140619232.00,101991,68658,4.7956,2026-06-06 12:02:19.577001+00:00
002879,15.3200,15.4000,15.6400,14.9500,39875,61114532.00,22265,17610,2.0649,2026-06-06 12:02:19.577001+00:00
002880,23.6600,23.8900,24.0800,23.5000,8745,20835472.00,3557,5188,0.3856,2026-06-06 12:02:19.577001+00:00
002126,50.0600,50.8000,51.6800,48.6000,241596,1213067648.00,108386,133211,2.8530,2026-06-06 12:02:19.577001+00:00
002881,44.0500,42.7900,45.1600,41.9800,123828,542423552.00,69606,54222,0.0000,2026-06-06 12:02:19.577001+00:00
002882,21.2000,21.0000,21.5900,20.4100,54889,115737960.00,27948,26941,1.2679,2026-06-06 12:02:19.577001+00:00
002883,9.4000,9.4000,9.5500,9.3700,17703,16713108.00,6954,10749,1.1337,2026-06-06 12:02:19.577001+00:00
002884,16.4000,16.3300,16.5700,16.2900,11442,18802236.00,5770,5672,0.3199,2026-06-06 12:02:19.577001+00:00
002885,41.8200,42.3700,43.4800,41.2000,184409,778722560.00,90636,93773,6.8068,2026-06-06 12:02:19.577001+00:00
002886,28.4200,28.0000,29.2200,27.0200,172603,485166784.00,88613,83990,6.5578,2026-06-06 12:02:19.577001+00:00
002887,12.4700,12.7800,12.9100,12.1700,55105,68443256.00,32339,22766,0.0000,2026-06-06 12:02:19.577001+00:00
002888,20.0200,18.8400,20.6700,18.5000,91720,182387008.00,44894,46826,6.2123,2026-06-06 12:02:19.577001+00:00
002889,11.5700,11.4000,11.7000,11.2200,23371,26898390.00,14118,9254,0.6188,2026-06-06 12:02:19.577001+00:00
002890,14.9700,14.9900,15.3400,14.5200,19634,29279040.00,9806,9828,1.1558,2026-06-06 12:02:19.577001+00:00
002892,10.8800,9.8800,10.8800,9.4200,320898,329565600.00,161904,158995,4.3094,2026-06-06 12:02:19.577001+00:00
002893,10.9000,11.7800,12.0200,10.8100,245899,277267200.00,103279,142621,9.3271,2026-06-06 12:02:19.577001+00:00
002895,31.7500,32.0100,32.7700,31.4200,112682,361567936.00,57854,54828,1.8597,2026-06-06 12:02:19.577001+00:00
002897,91.4500,93.0100,98.2700,90.8800,222018,2102940672.00,110558,111461,11.4513,2026-06-06 12:02:19.577001+00:00
002898,0.0000,0.0000,0.0000,0.0000,0,0.00,0,0,0.0000,2026-06-06 12:02:19.577001+00:00
002900,10.0100,10.0200,10.2000,9.8900,35162,35283368.00,18989,16173,1.1115,2026-06-06 12:02:19.577001+00:00
002901,40.4900,39.9100,40.8000,39.8400,13807,55719732.00,8271,5537,0.3335,2026-06-06 12:02:19.577001+00:00
002902,34.0800,32.5500,36.0000,32.2200,355404,1220106368.00,190717,164688,15.1230,2026-06-06 12:02:19.577001+00:00
002903,47.9100,45.0200,47.9100,45.0200,50718,239599328.00,19751,30967,3.2367,2026-06-06 12:02:19.577001+00:00
002905,7.8700,7.8200,7.9900,7.7300,48754,38339108.00,25263,23492,0.0000,2026-06-06 12:02:19.577001+00:00
002906,28.3400,28.8900,29.0800,27.7500,91310,259081552.00,45905,45405,1.7395,2026-06-06 12:02:19.577001+00:00
002907,12.0400,12.0000,12.2000,11.9800,15008,18140048.00,8240,6768,0.3594,2026-06-06 12:02:19.577001+00:00
002908,7.4200,7.3300,7.5600,7.2300,52208,38696836.00,29901,22308,1.2101,2026-06-06 12:02:19.577001+00:00
002909,5.8100,5.6600,5.8800,5.5800,82322,47376512.00,42674,39648,2.1108,2026-06-06 12:02:19.577001+00:00
002910,9.5400,9.3400,9.7000,9.1100,52454,49491424.00,29055,23399,0.0000,2026-06-06 12:02:19.577001+00:00
002911,11.0400,10.9800,11.1600,10.9800,36831,40760988.00,16524,20308,0.2837,2026-06-06 12:02:19.577001+00:00
002912,20.6400,20.4200,21.0800,20.3500,24763,51257384.00,14489,10275,1.4502,2026-06-06 12:02:19.577001+00:00
002913,52.0000,53.0400,53.7100,51.1600,77596,405119648.00,34038,43559,2.4450,2026-06-06 12:02:19.577001+00:00
002915,20.2900,19.4300,20.6000,18.8100,158727,315414112.00,81782,76945,4.7343,2026-06-06 12:02:19.577001+00:00
002916,373.0000,382.0100,392.8600,370.4900,131900,5024719360.00,64210,67691,1.9364,2026-06-06 12:02:19.577001+00:00
002917,13.4200,12.8800,13.6600,12.8100,123686,165090848.00,73097,50590,3.5581,2026-06-06 12:02:19.577001+00:00
002918,12.3000,12.3500,12.7900,11.8300,170016,208547648.00,89091,80925,4.1588,2026-06-06 12:02:19.577001+00:00
002920,94.4200,97.6900,97.6900,93.6700,140562,1333552256.00,65856,74707,2.3552,2026-06-06 12:02:19.577001+00:00
002921,25.5500,25.4800,26.1200,24.7400,39338,100042800.00,20081,19257,2.6407,2026-06-06 12:02:19.577001+00:00
002922,37.5200,38.9000,38.9000,36.3600,243528,917283712.00,111760,131769,5.7628,2026-06-06 12:02:19.577001+00:00
002923,10.1900,10.2300,10.4900,10.0400,70958,72384424.00,32092,38867,2.1188,2026-06-06 12:02:19.577001+00:00
002925,22.5100,22.6100,22.9700,22.2000,226464,511568800.00,103201,123263,2.9347,2026-06-06 12:02:19.577001+00:00
002927,21.2800,21.1100,22.1800,19.9600,177776,373555456.00,89500,88277,0.0000,2026-06-06 12:02:19.577001+00:00
002929,66.9300,67.0000,69.0000,64.7700,223418,1499800704.00,111784,111635,7.8645,2026-06-06 12:02:19.577001+00:00
002930,9.9100,9.8200,10.1400,9.6400,163253,161815648.00,84565,78689,3.5684,2026-06-06 12:02:19.577001+00:00
002932,15.7800,15.4000,15.7900,15.3100,19577,30538040.00,10895,8682,0.8419,2026-06-06 12:02:19.577001+00:00
002933,29.2700,29.0300,29.7400,28.5900,22144,64508752.00,12187,9957,1.8870,2026-06-06 12:02:19.577001+00:00
002935,19.1000,18.8000,19.4500,18.5700,67408,128862712.00,39464,27944,1.5894,2026-06-06 12:02:19.577001+00:00
002936,1.7700,1.7600,1.7900,1.7600,529033,93943408.00,341217,187817,0.5819,2026-06-06 12:02:19.577001+00:00
002937,34.6600,34.6600,35.0600,33.8600,87632,301733760.00,44895,42738,2.8865,2026-06-06 12:02:19.577001+00:00
002938,106.1500,107.0000,112.9400,105.1000,459265,4981621760.00,221526,237739,0.0000,2026-06-06 12:02:19.577001+00:00
002940,31.7500,35.7200,36.2000,31.6900,286688,939482432.00,115651,171038,14.2116,2026-06-06 12:02:19.577001+00:00
002941,11.7300,11.7000,12.0300,11.6600,85474,101096256.00,40476,44998,1.1713,2026-06-06 12:02:19.577001+00:00
002943,73.6000,76.0600,77.2700,73.0000,100262,744213120.00,46905,53358,4.8759,2026-06-06 12:02:19.577001+00:00
002945,13.9100,13.9900,14.1800,13.9000,73639,103175088.00,31521,42118,0.2727,2026-06-06 12:02:19.577001+00:00
002946,16.8700,16.9500,17.3500,16.7000,42967,72797648.00,17046,25921,0.4992,2026-06-06 12:02:19.577001+00:00
002947,88.1300,87.4400,90.9300,86.3300,112483,1001271296.00,58991,53492,0.0000,2026-06-06 12:02:19.577001+00:00
002948,5.4400,5.4300,5.5600,5.4000,342063,187394592.00,156356,185708,0.5877,2026-06-06 12:02:19.577001+00:00
002949,11.9200,11.8500,12.1300,11.6200,27816,33122256.00,15180,12637,1.4188,2026-06-06 12:02:19.577001+00:00
002951,22.3100,23.2500,24.2800,22.3100,157036,360313536.00,88329,68708,0.0000,2026-06-06 12:02:19.577001+00:00
002953,10.1500,10.0500,10.3300,9.9100,55158,55895256.00,25298,29861,1.1221,2026-06-06 12:02:19.577001+00:00
002955,27.2500,25.2000,27.8700,25.2000,131517,355775552.00,72893,58625,5.5577,2026-06-06 12:02:19.577001+00:00
002957,60.2000,64.6200,65.2900,59.0500,380819,2346812672.00,181124,199696,9.0675,2026-06-06 12:02:19.577001+00:00
002958,2.9200,2.8800,2.9300,2.8700,371228,107842560.00,195674,175554,0.6682,2026-06-06 12:02:19.577001+00:00
002959,35.8100,35.7900,36.3700,35.7400,6325,22740314.00,2946,3379,0.4059,2026-06-06 12:02:19.577001+00:00
002960,8.8400,8.0500,8.8400,7.9700,354331,304917632.00,175767,178565,3.3626,2026-06-06 12:02:19.577001+00:00
002961,19.7400,19.9300,20.4200,19.6500,85791,171072272.00,43939,41852,1.7988,2026-06-06 12:02:19.577001+00:00
002962,21.6500,19.8000,22.3900,19.7000,558259,1204300800.00,314029,244231,19.1404,2026-06-06 12:02:19.577001+00:00
002963,16.1300,16.0700,17.1800,16.0600,30108,49299320.00,14143,15965,2.0024,2026-06-06 12:02:19.577001+00:00
002965,37.8200,36.6700,38.4600,36.0700,179733,673103488.00,99031,80702,6.7727,2026-06-06 12:02:19.577001+00:00
002967,19.0400,19.7300,19.7300,18.6600,155011,296188256.00,66915,88096,2.4324,2026-06-06 12:02:19.577001+00:00
002969,16.7900,20.0000,20.0100,16.7900,1114960,2056006656.00,502537,612423,10.1499,2026-06-06 12:02:19.577001+00:00
002970,62.5200,63.8000,65.8000,61.9200,48661,308167584.00,21295,27366,2.6632,2026-06-06 12:02:19.577001+00:00
002971,39.3000,38.6100,40.6900,38.5000,277236,1091611008.00,154588,122649,13.0923,2026-06-06 12:02:19.577001+00:00
002972,12.7300,12.7900,13.2900,12.5400,92105,117800504.00,49907,42199,3.7440,2026-06-06 12:02:19.577001+00:00
002973,13.3300,12.6700,13.6400,12.5100,95850,125758760.00,56812,39038,2.3454,2026-06-06 12:02:19.577001+00:00
002975,132.3200,140.0100,143.0800,131.7700,171586,2330177280.00,73377,98210,0.0000,2026-06-06 12:02:19.577001+00:00
002976,31.5900,32.4100,32.7000,31.0500,39020,123820472.00,17679,21341,2.6065,2026-06-06 12:02:19.577001+00:00
002977,25.9900,26.3300,26.6600,25.6000,15676,41003704.00,7918,7758,1.3050,2026-06-06 12:02:19.577001+00:00
002978,26.8200,26.8400,27.1300,26.5900,25652,68886712.00,13019,12634,0.5435,2026-06-06 12:02:19.577001+00:00
002979,55.6900,53.0000,57.2700,51.0500,225776,1228909696.00,119418,106359,7.1683,2026-06-06 12:02:19.577001+00:00
002980,125.0900,129.6800,132.5600,124.2800,126320,1612306688.00,59353,66968,0.0000,2026-06-06 12:02:19.577001+00:00
002981,27.9900,28.8000,29.5600,27.9000,105881,302857376.00,50868,55013,7.7012,2026-06-06 12:02:19.577001+00:00
002982,12.2500,12.3600,12.6600,12.0100,72456,88962160.00,33015,39441,3.5659,2026-06-06 12:02:19.577001+00:00
002983,24.8400,22.3100,24.8400,21.6200,76441,181192688.00,40768,35674,3.4177,2026-06-06 12:02:19.577001+00:00
002984,14.6100,14.4500,14.7800,14.3300,117615,171338656.00,62216,55400,1.1350,2026-06-06 12:02:19.577001+00:00
002985,29.1600,29.2800,29.5800,28.6800,42745,124776224.00,24268,18477,1.2881,2026-06-06 12:02:19.577001+00:00
002986,11.7100,11.3500,11.9400,11.2200,71157,82642224.00,33672,37486,1.8720,2026-06-06 12:02:19.577001+00:00
002988,26.5700,27.1800,27.6400,26.0900,40264,107392456.00,20838,19426,1.6118,2026-06-06 12:02:19.577001+00:00
002989,29.1000,29.9200,30.4000,28.0300,70516,204406640.00,35472,35045,3.4975,2026-06-06 12:02:19.577001+00:00
002990,46.7700,47.1200,47.5900,45.7100,63447,295809568.00,32190,31257,2.4230,2026-06-06 12:02:19.577001+00:00
002992,41.9500,41.4400,42.5800,40.4600,17661,73732152.00,9373,8288,0.9765,2026-06-06 12:02:19.577001+00:00
002993,65.3700,64.0200,68.1800,62.7500,129761,861579584.00,71579,58183,4.7008,2026-06-06 12:02:19.577001+00:00
002996,6.5100,6.5100,6.6200,6.3400,83952,54511164.00,43744,40208,1.2541,2026-06-06 12:02:19.577001+00:00
002997,29.7100,29.7900,30.2300,28.9100,45640,135303984.00,23025,22616,2.1804,2026-06-06 12:02:19.577001+00:00
002998,7.9300,7.9400,8.1000,7.7700,62550,49703056.00,30081,32469,1.7629,2026-06-06 12:02:19.577001+00:00
003000,10.6300,10.7600,10.8800,10.5600,52474,56084988.00,29794,22680,1.1638,2026-06-06 12:02:19.577001+00:00
003001,16.9800,17.2100,17.7300,16.5100,79782,135718080.00,38002,41781,0.0000,2026-06-06 12:02:19.577001+00:00
003002,22.3500,22.2200,23.0500,21.8800,30342,68495144.00,18872,11471,1.5171,2026-06-06 12:02:19.577001+00:00
003004,62.2900,61.2800,64.3500,59.1000,65544,405264160.00,33560,31985,8.0065,2026-06-06 12:02:19.577001+00:00
003005,15.0700,14.5900,15.2800,14.5700,34144,51125968.00,18858,15286,1.4756,2026-06-06 12:02:19.577001+00:00
003007,40.4000,40.5100,40.7900,39.0100,27603,110309624.00,14583,13020,2.3084,2026-06-06 12:02:19.577001+00:00
003008,19.3300,18.9100,19.6100,18.6300,18990,36440256.00,11272,7719,1.8260,2026-06-06 12:02:19.577001+00:00
003009,55.4000,50.7900,55.4000,50.3900,64313,341843776.00,35319,28994,3.9044,2026-06-06 12:02:19.577001+00:00
003010,24.1100,24.3600,24.9000,23.9000,61790,149937904.00,29044,32746,1.9864,2026-06-06 12:02:19.577001+00:00
003012,4.9100,4.8500,4.9700,4.8400,80586,39583864.00,37130,43456,0.6965,2026-06-06 12:02:19.577001+00:00
003013,15.5200,15.3400,16.0900,15.3100,60138,94349184.00,29947,30191,1.3052,2026-06-06 12:02:19.577001+00:00
003016,7.1900,7.0400,7.2700,6.9900,39694,28356100.00,21265,18430,0.9439,2026-06-06 12:02:19.577001+00:00
003019,37.7400,38.3000,39.8900,35.5000,149109,557543936.00,71245,77865,0.0000,2026-06-06 12:02:19.577001+00:00
003020,15.9200,15.7500,16.2500,15.7500,20737,33042166.00,12162,8575,0.9086,2026-06-06 12:02:19.577001+00:00
003021,105.0700,97.8000,106.5100,94.5500,115546,1171963008.00,70301,45245,4.3184,2026-06-06 12:02:19.577001+00:00
003022,24.3800,23.9000,25.1400,22.3100,441074,1047215808.00,220179,220895,3.3025,2026-06-06 12:02:19.577001+00:00
003025,14.8600,13.9200,15.1500,13.5700,129610,187723584.00,72589,57022,4.5645,2026-06-06 12:02:19.577001+00:00
003027,20.8900,21.2100,21.2900,20.5200,27086,56620812.00,12734,14353,2.0720,2026-06-06 12:02:19.577001+00:00
003028,26.4000,25.8700,26.9500,24.9100,21688,56273516.00,11371,10317,1.4987,2026-06-06 12:02:19.577001+00:00
003029,18.3700,18.2000,18.6000,17.8800,24017,43826972.00,13857,10161,1.2404,2026-06-06 12:02:19.577001+00:00
003031,142.5900,144.0000,150.1700,141.5200,108013,1577828992.00,50181,57832,2.3947,2026-06-06 12:02:19.577001+00:00
003032,6.5800,6.6200,6.6900,6.5000,57291,37807472.00,24941,32350,1.4236,2026-06-06 12:02:19.577001+00:00
003033,60.5700,66.1000,66.1000,60.5700,41735,255882192.00,18725,23011,5.1052,2026-06-06 12:02:19.577001+00:00
003035,6.7200,6.9200,7.0400,6.7100,529168,359075808.00,245235,283933,1.3970,2026-06-06 12:02:19.577001+00:00
003036,82.3500,78.0000,82.3500,77.1300,164087,1339718656.00,74649,89439,7.5864,2026-06-06 12:02:19.577001+00:00
003037,6.8400,6.7700,6.9000,6.7100,61135,41639432.00,31642,29493,1.0205,2026-06-06 12:02:19.577001+00:00
003038,12.5300,12.0800,12.8400,11.7600,82436,102440952.00,48911,33526,3.3832,2026-06-06 12:02:19.577001+00:00
003039,12.3800,12.4700,12.5900,12.2500,32305,40047660.00,16355,15950,0.5231,2026-06-06 12:02:19.577001+00:00
003040,12.7700,12.7000,12.9700,12.5800,68001,87153144.00,38501,29500,1.4746,2026-06-06 12:02:19.577001+00:00
003041,49.0500,48.5500,49.4900,46.4800,44959,217531088.00,23415,21544,3.1222,2026-06-06 12:02:19.577001+00:00
003043,68.9400,67.4100,71.4600,66.2200,99917,692470016.00,51265,48652,7.4659,2026-06-06 12:02:19.577001+00:00
003816,4.3300,4.5000,4.5400,4.3200,1471720,649351232.00,616345,855375,0.2914,2026-06-06 12:02:19.577001+00:00
300001,39.8600,40.9800,41.0000,38.5200,495517,1968262400.00,245385,250132,4.6945,2026-06-06 12:02:19.577001+00:00
300002,7.7700,7.7000,7.9400,7.6000,432574,338227328.00,250409,182165,2.1990,2026-06-06 12:02:19.577001+00:00
300003,12.1600,12.2600,12.3800,12.1400,189243,231761248.00,96958,92286,1.0266,2026-06-06 12:02:19.577001+00:00
300004,13.4900,13.5900,13.9300,13.1800,197389,266575440.00,96855,100534,4.1123,2026-06-06 12:02:19.577001+00:00
300006,5.0600,5.1700,5.3000,5.0300,207719,106357672.00,88242,119478,1.9672,2026-06-06 12:02:19.577001+00:00
300007,42.8200,41.1400,44.4300,38.6200,274355,1136798848.00,146890,127465,8.3786,2026-06-06 12:02:19.577001+00:00
300008,6.5300,6.4500,6.6000,6.3900,486632,316332864.00,254529,232103,2.8161,2026-06-06 12:02:19.577001+00:00
300009,7.9900,7.9800,8.0600,7.9500,86927,69628824.00,45221,41706,0.5203,2026-06-06 12:02:19.577001+00:00
300010,2.7500,2.7300,2.7800,2.6700,331872,90696688.00,154647,177226,1.6059,2026-06-06 12:02:19.577001+00:00
002127,2.9200,2.8700,2.9700,2.8700,278319,81457424.00,147744,130575,1.1337,2026-06-06 12:02:19.577001+00:00
300011,6.2600,6.1500,6.3700,6.0700,74829,46666520.00,40279,34550,1.2357,2026-06-06 12:02:19.577001+00:00
300012,14.3400,14.1700,14.5500,13.9900,224747,321722432.00,111366,113381,1.3355,2026-06-06 12:02:19.577001+00:00
300013,4.4400,4.5200,4.5900,4.2800,231066,102291704.00,103642,127424,0.0000,2026-06-06 12:02:19.577001+00:00
300014,58.2300,59.4200,60.1900,58.0000,598811,3526684928.00,288971,309840,2.7553,2026-06-06 12:02:19.577001+00:00
300015,8.5400,8.6000,8.6900,8.5100,644199,553506944.00,364218,279982,0.6908,2026-06-06 12:02:19.577001+00:00
300016,7.9400,7.9900,8.0900,7.8800,113321,90368728.00,60164,53157,1.9481,2026-06-06 12:02:19.577001+00:00
300017,15.0500,15.2900,15.5600,14.9600,1101680,1677537792.00,497022,604659,4.4143,2026-06-06 12:02:19.577001+00:00
300018,12.3800,12.4000,12.6200,11.9100,178878,219784720.00,90124,88754,3.6602,2026-06-06 12:02:19.577001+00:00
300019,17.2400,16.8600,17.4900,16.5600,81309,138972304.00,42458,38851,2.0683,2026-06-06 12:02:19.577001+00:00
300020,3.6400,3.4900,3.6800,3.4500,153892,55288924.00,88327,65566,1.9365,2026-06-06 12:02:19.577001+00:00
300021,3.9600,3.9100,4.0000,3.8900,102295,40442120.00,52547,49748,1.0006,2026-06-06 12:02:19.577001+00:00
300022,8.1100,8.3800,8.3800,8.0800,119682,97834888.00,53050,66632,2.4215,2026-06-06 12:02:19.577001+00:00
300024,15.5700,14.9100,16.1500,14.2400,730532,1114258944.00,398869,331663,4.6661,2026-06-06 12:02:19.577001+00:00
300025,4.9300,4.8100,5.0300,4.7200,143443,70093400.00,80123,63321,2.8193,2026-06-06 12:02:19.577001+00:00
300026,3.1600,3.1500,3.1800,3.1400,160499,50742352.00,79664,80836,0.5343,2026-06-06 12:02:19.577001+00:00
300027,1.9200,1.9000,1.9300,1.8700,548122,104025040.00,269466,278657,0.0000,2026-06-06 12:02:19.577001+00:00
300029,0.0000,0.0000,0.0000,0.0000,0,0.00,0,0,0.0000,2026-06-06 12:02:19.577001+00:00
300030,6.7500,6.6400,6.8400,6.5600,65737,44100664.00,35948,29789,2.1261,2026-06-06 12:02:19.577001+00:00
300031,25.5300,23.9000,26.0000,23.4000,337751,838932352.00,198707,139045,8.0658,2026-06-06 12:02:19.577001+00:00
300033,211.4000,221.0000,221.9900,211.0000,183654,3964436224.00,85004,98650,2.4401,2026-06-06 12:02:19.577001+00:00
300034,17.8700,17.6900,18.1400,17.4500,132440,235989504.00,66749,65691,1.6618,2026-06-06 12:02:19.577001+00:00
300035,16.1600,16.2100,16.3900,15.7000,176601,284258976.00,88542,88060,2.5765,2026-06-06 12:02:19.577001+00:00
300036,12.4900,12.4400,12.6000,12.2200,118415,147431472.00,57896,60520,2.4031,2026-06-06 12:02:19.577001+00:00
300037,75.9800,79.1300,79.8000,75.3000,355544,2739443712.00,169574,185971,4.7162,2026-06-06 12:02:19.577001+00:00
300039,5.1000,5.1000,5.1700,5.0900,51719,26487488.00,24780,26939,0.4944,2026-06-06 12:02:19.577001+00:00
300040,7.6900,7.7200,8.0500,7.5500,659639,508836736.00,299685,359954,10.2522,2026-06-06 12:02:19.577001+00:00
300041,13.6200,13.7500,13.9300,13.0100,451991,609497152.00,215448,236544,0.0000,2026-06-06 12:02:19.577001+00:00
300042,68.3300,66.4300,70.2000,65.1300,339143,2324545536.00,175802,163342,0.0000,2026-06-06 12:02:19.577001+00:00
300044,6.0300,5.9000,6.1500,5.8700,182113,109494552.00,85606,96507,0.0000,2026-06-06 12:02:19.577001+00:00
300045,19.0600,18.8200,19.3800,18.7000,295932,565257536.00,155420,140513,4.4657,2026-06-06 12:02:19.577001+00:00
300046,29.6900,30.1500,30.7700,28.9200,91087,270498400.00,42385,48703,3.8509,2026-06-06 12:02:19.577001+00:00
300047,10.4800,10.3100,10.6900,10.2100,200518,209786256.00,105213,95305,3.1442,2026-06-06 12:02:19.577001+00:00
300048,5.8000,5.8800,5.9800,5.7000,183936,107496176.00,88829,95107,1.6244,2026-06-06 12:02:19.577001+00:00
300050,7.1700,7.0800,7.4800,6.9400,285834,206589968.00,171251,114583,0.0000,2026-06-06 12:02:19.577001+00:00
300051,10.5700,10.8900,11.0000,10.3200,190905,201719808.00,98479,92426,0.0000,2026-06-06 12:02:19.577001+00:00
300053,16.4800,15.9900,16.7800,15.5800,383165,623323584.00,208736,174429,5.4983,2026-06-06 12:02:19.577001+00:00
300054,69.7500,71.7100,72.9500,69.2100,369895,2627297280.00,162671,207224,3.9016,2026-06-06 12:02:19.577001+00:00
300055,8.5400,8.2800,8.7900,8.0600,242907,205541504.00,135131,107777,2.9030,2026-06-06 12:02:19.577001+00:00
300056,9.9100,10.0500,10.1800,9.6600,192002,190934640.00,97577,94425,4.9807,2026-06-06 12:02:19.577001+00:00
300057,8.6400,8.5300,9.1300,8.2300,941624,826090624.00,487066,454558,9.3827,2026-06-06 12:02:19.577001+00:00
300058,15.4900,16.1600,16.3500,15.3800,2771440,4359219712.00,1286479,1484962,7.7194,2026-06-06 12:02:19.577001+00:00
300059,18.5200,18.7600,18.9500,18.5000,2553012,4770469888.00,1343940,1209073,1.6136,2026-06-06 12:02:19.577001+00:00
300062,6.6300,6.6000,6.7600,6.4400,182981,120959264.00,92582,90399,2.9047,2026-06-06 12:02:19.577001+00:00
300065,19.9000,19.9100,20.3500,19.4100,345731,690142528.00,172084,173648,4.7916,2026-06-06 12:02:19.577001+00:00
300066,6.1400,5.9000,6.2500,5.7000,660934,401991136.00,347674,313261,6.3549,2026-06-06 12:02:19.577001+00:00
300067,5.5000,5.5200,5.6100,5.3200,453343,248385616.00,230773,222571,3.9272,2026-06-06 12:02:19.577001+00:00
300068,4.4700,4.4500,4.5700,4.3600,426629,189983664.00,203898,222731,4.7489,2026-06-06 12:02:19.577001+00:00
300069,45.3300,50.4400,52.9800,44.4000,239015,1126070016.00,111961,127054,20.4286,2026-06-06 12:02:19.577001+00:00
300070,3.4800,3.4400,3.5200,3.4300,299778,104057440.00,171291,128487,0.8272,2026-06-06 12:02:19.577001+00:00
300072,3.8200,3.8400,3.8800,3.7600,294504,112594296.00,151355,143150,1.2534,2026-06-06 12:02:19.577001+00:00
300073,51.4000,52.6800,53.1000,51.0300,149581,777228672.00,71347,78235,2.7482,2026-06-06 12:02:19.577001+00:00
300074,4.1000,4.0200,4.1800,3.9400,201906,82175664.00,109650,92256,3.6690,2026-06-06 12:02:19.577001+00:00
300075,12.3300,12.2200,12.4800,12.0600,86243,105805152.00,42821,43422,1.3885,2026-06-06 12:02:19.577001+00:00
300076,4.6800,4.5800,4.7300,4.4600,105131,48353872.00,49561,55570,2.4795,2026-06-06 12:02:19.577001+00:00
300077,23.5200,23.8100,24.5000,23.0000,458695,1087072384.00,224454,234241,6.7641,2026-06-06 12:02:19.577001+00:00
300078,3.3300,3.2400,3.3900,3.2300,291144,96310376.00,159725,131419,2.6044,2026-06-06 12:02:19.577001+00:00
300079,5.0300,4.9800,5.1300,4.9100,261304,131244848.00,141337,119967,1.8324,2026-06-06 12:02:19.577001+00:00
300080,4.0800,4.0700,4.1500,3.9600,251374,102185688.00,126874,124500,1.3418,2026-06-06 12:02:19.577001+00:00
300081,4.2600,4.3000,4.3300,4.2000,82397,35233708.00,35029,47368,0.0000,2026-06-06 12:02:19.577001+00:00
300082,9.2100,9.1700,9.4400,8.9800,165708,152903680.00,79463,86246,2.4365,2026-06-06 12:02:19.577001+00:00
300083,10.3500,9.6100,10.6300,9.2500,1238787,1249265792.00,728274,510514,7.4408,2026-06-06 12:02:19.577001+00:00
300084,11.9300,11.7400,12.2500,11.7300,239416,286822240.00,154203,85213,0.0000,2026-06-06 12:02:19.577001+00:00
300085,29.8300,32.4900,32.5000,29.6000,797301,2431961088.00,380473,416828,0.0000,2026-06-06 12:02:19.577001+00:00
300086,6.4200,6.4000,6.5400,6.3200,130580,83956560.00,60473,70108,2.8691,2026-06-06 12:02:19.577001+00:00
300087,7.1400,7.0600,7.1900,7.0000,114764,81558832.00,61430,53335,1.2114,2026-06-06 12:02:19.577001+00:00
300088,8.3600,8.2300,8.8000,8.1000,3952395,3346039296.00,2033682,1918714,15.8239,2026-06-06 12:02:19.577001+00:00
300091,2.9800,2.9500,3.0100,2.9400,74899,22261988.00,32202,42697,0.2635,2026-06-06 12:02:19.577001+00:00
300092,13.4500,13.3600,13.7400,13.1600,37690,50657156.00,19891,17799,1.3759,2026-06-06 12:02:19.577001+00:00
300093,22.6300,23.0000,23.3800,22.3800,32792,74617256.00,13347,19446,0.6073,2026-06-06 12:02:19.577001+00:00
300094,2.9000,2.8500,2.9300,2.8400,321185,92822400.00,149873,171312,2.8470,2026-06-06 12:02:19.577001+00:00
300095,9.2200,9.2000,9.4300,8.8500,140992,129064088.00,68300,72693,3.5746,2026-06-06 12:02:19.577001+00:00
300096,8.6000,8.7900,8.7900,8.5600,29570,25501382.00,16357,13213,0.0000,2026-06-06 12:02:19.577001+00:00
300098,5.2600,5.1600,5.3700,5.1000,497078,260551840.00,279255,217823,2.8604,2026-06-06 12:02:19.577001+00:00
300099,7.3800,7.2200,7.5500,7.0400,199439,145463760.00,110210,89229,2.7051,2026-06-06 12:02:19.577001+00:00
300100,31.8700,30.3000,32.8800,29.2200,243311,756294912.00,126642,116669,4.2538,2026-06-06 12:02:19.577001+00:00
300101,16.9700,16.7500,17.2600,16.4900,133556,225833504.00,73298,60258,2.3517,2026-06-06 12:02:19.577001+00:00
300102,24.7500,25.5100,26.1100,24.6400,643042,1624076288.00,325683,317359,0.0000,2026-06-06 12:02:19.577001+00:00
300103,8.4500,8.3200,8.5800,8.1000,122416,102522648.00,58186,64231,3.8544,2026-06-06 12:02:19.577001+00:00
300105,5.9800,5.9000,6.0800,5.7700,68337,40566296.00,35637,32700,1.3248,2026-06-06 12:02:19.577001+00:00
300107,6.1300,6.0700,6.2400,5.9400,83687,51047132.00,40350,43337,1.4870,2026-06-06 12:02:19.577001+00:00
300109,16.5500,16.8800,16.9500,16.5100,51349,85574288.00,19557,31792,1.0623,2026-06-06 12:02:19.577001+00:00
300111,3.2500,3.2700,3.3300,3.2000,259774,84626216.00,126399,133375,2.0181,2026-06-06 12:02:19.577001+00:00
300112,7.1000,6.8300,7.2600,6.6800,94902,66438676.00,49194,45709,3.2699,2026-06-06 12:02:19.577001+00:00
300115,33.6600,32.7800,35.0000,31.2600,822529,2722202112.00,429764,392766,6.0421,2026-06-06 12:02:19.577001+00:00
300118,13.9800,14.3900,14.5800,13.7200,637952,902548736.00,320601,317352,5.5960,2026-06-06 12:02:19.577001+00:00
300119,15.8100,15.9000,16.0200,15.7100,22587,35797428.00,10886,11701,0.4860,2026-06-06 12:02:19.577001+00:00
300120,7.9800,8.0800,8.2900,7.7900,364682,293077376.00,174941,189742,6.3490,2026-06-06 12:02:19.577001+00:00
300121,13.2100,12.3000,13.8500,12.2600,385667,510896384.00,231038,154630,8.6621,2026-06-06 12:02:19.577001+00:00
300122,12.4400,12.5800,12.7500,12.4400,169059,212269344.00,80271,88788,0.7062,2026-06-06 12:02:19.577001+00:00
300123,4.5400,4.7400,4.8400,4.5100,422550,198022976.00,173373,249177,0.0000,2026-06-06 12:02:19.577001+00:00
300124,75.0800,74.4800,77.6300,72.1400,531795,3978155008.00,275476,256319,1.9641,2026-06-06 12:02:19.577001+00:00
300125,9.6200,9.7500,9.8700,9.2300,81822,77686656.00,38778,43045,1.2288,2026-06-06 12:02:19.577001+00:00
300127,28.9700,27.6100,29.9600,27.2200,104820,302465696.00,60137,44683,3.2437,2026-06-06 12:02:19.577001+00:00
300128,7.4300,7.4500,7.7600,7.1000,641003,474676992.00,310147,330856,4.9341,2026-06-06 12:02:19.577001+00:00
300129,9.9600,10.1300,10.4800,9.9600,225589,228754000.00,103206,122384,2.0344,2026-06-06 12:02:19.577001+00:00
300130,24.2800,24.7800,25.2500,24.2600,221517,545637440.00,92560,128957,3.9048,2026-06-06 12:02:19.577001+00:00
300131,16.8400,16.9100,17.4400,16.4600,748260,1271127424.00,376998,371263,6.5925,2026-06-06 12:02:19.577001+00:00
300132,6.5100,6.5200,6.7800,6.4100,163963,107274784.00,81074,82890,3.1740,2026-06-06 12:02:19.577001+00:00
300134,10.6900,10.0200,11.0600,9.9100,260407,276495776.00,153951,106457,3.3929,2026-06-06 12:02:19.577001+00:00
300135,3.4800,3.4500,3.5500,3.4300,161217,56379348.00,76678,84539,1.7493,2026-06-06 12:02:19.577001+00:00
300136,106.3300,100.0000,108.9800,97.0000,1290148,13319804928.00,670150,619999,0.0000,2026-06-06 12:02:19.577001+00:00
300137,18.7100,18.9800,19.4000,18.0100,277591,518111712.00,135932,141659,0.0000,2026-06-06 12:02:19.577001+00:00
300139,42.2400,42.8200,42.9900,41.9000,129456,548864384.00,65849,63608,0.0000,2026-06-06 12:02:19.577001+00:00
300140,5.8400,5.8800,5.9400,5.7500,160770,94023696.00,85073,75697,0.5188,2026-06-06 12:02:19.577001+00:00
300141,11.0200,11.0000,11.2100,10.6900,68549,75342512.00,37990,30559,2.6585,2026-06-06 12:02:19.577001+00:00
300142,11.8300,11.9900,12.2300,11.8000,483308,577481344.00,210119,273189,3.0219,2026-06-06 12:02:19.577001+00:00
300143,7.5100,7.5600,7.7100,7.5000,55434,42086380.00,26277,29158,0.5698,2026-06-06 12:02:19.577001+00:00
300144,6.5800,6.5100,6.6500,6.4900,243812,160663168.00,127134,116679,0.9289,2026-06-06 12:02:19.577001+00:00
300145,4.4400,4.4000,4.5200,4.3200,564162,249818112.00,274209,289954,2.9380,2026-06-06 12:02:19.577001+00:00
300146,9.6300,9.5600,9.7200,9.5600,105355,101606896.00,47138,58217,0.6228,2026-06-06 12:02:19.577001+00:00
300147,9.6700,9.6700,9.8600,9.5800,63302,61515388.00,25548,37755,0.0000,2026-06-06 12:02:19.577001+00:00
300148,3.6100,3.5700,3.6700,3.5600,233799,84579256.00,128366,105433,2.7729,2026-06-06 12:02:19.577001+00:00
300149,8.1200,8.2300,8.3800,8.0800,87948,72205384.00,42290,45658,1.7662,2026-06-06 12:02:19.577001+00:00
300150,4.2900,4.2200,4.3600,4.1500,105610,45073312.00,57695,47915,1.8050,2026-06-06 12:02:19.577001+00:00
300151,24.2900,24.7400,25.5000,23.8000,255716,626024704.00,122098,133619,4.8021,2026-06-06 12:02:19.577001+00:00
300152,1.8800,1.7800,1.9400,1.7700,330335,61037940.00,157857,172478,4.6343,2026-06-06 12:02:19.577001+00:00
300153,25.7900,26.0200,26.3600,25.1300,87818,226460672.00,42034,45784,2.7443,2026-06-06 12:02:19.577001+00:00
300154,9.6700,9.7000,9.8900,9.5400,109035,105928480.00,58061,50974,2.4254,2026-06-06 12:02:19.577001+00:00
300155,4.7200,4.5700,4.7900,4.5600,119304,55857364.00,64307,54997,2.1258,2026-06-06 12:02:19.577001+00:00
300157,4.4200,4.4400,4.5100,4.3400,251797,111545080.00,126536,125261,0.0000,2026-06-06 12:02:19.577001+00:00
300158,5.2100,5.3000,5.4500,5.1900,148972,79156200.00,66678,82295,1.5013,2026-06-06 12:02:19.577001+00:00
300159,4.2100,4.1800,4.2700,4.1300,352427,148690480.00,171706,180721,0.0000,2026-06-06 12:02:19.577001+00:00
300160,5.0300,4.6900,5.1100,4.6600,220966,109817152.00,140300,80666,2.8587,2026-06-06 12:02:19.577001+00:00
300161,31.8800,30.6100,32.5000,30.1800,86989,272515008.00,47457,39533,0.0000,2026-06-06 12:02:19.577001+00:00
300162,10.5200,8.6800,10.5200,8.3100,879685,845266240.00,468242,411443,20.9693,2026-06-06 12:02:19.577001+00:00
300163,6.4100,6.2500,6.5700,6.2000,384438,246522656.00,206356,178082,8.1105,2026-06-06 12:02:19.577001+00:00
300164,9.5100,9.5900,9.6700,9.2900,720366,681609152.00,341920,378446,12.2416,2026-06-06 12:02:19.577001+00:00
300165,6.0300,5.9000,6.1200,5.7500,174528,104079320.00,95182,79346,0.0000,2026-06-06 12:02:19.577001+00:00
300166,16.5600,16.7200,17.0800,16.5000,757785,1270465280.00,325695,432090,0.0000,2026-06-06 12:02:19.577001+00:00
300167,4.9700,5.0100,5.1100,4.9700,53817,27029016.00,17950,35867,1.2927,2026-06-06 12:02:19.577001+00:00
300169,5.5500,5.5000,5.6700,5.3500,107789,59548960.00,56116,51673,3.1750,2026-06-06 12:02:19.577001+00:00
300171,11.3300,11.1700,11.4700,11.0400,81436,91878120.00,43247,38190,0.0000,2026-06-06 12:02:19.577001+00:00
300172,4.7400,4.6200,4.7500,4.6100,120271,56493236.00,64430,55842,1.7773,2026-06-06 12:02:19.577001+00:00
300173,3.9000,3.8600,3.9600,3.8200,90181,35140708.00,43570,46611,1.2274,2026-06-06 12:02:19.577001+00:00
300174,25.9300,26.8400,27.4900,25.5100,637510,1674921088.00,275246,362264,17.5039,2026-06-06 12:02:19.577001+00:00
300175,5.5300,5.6700,5.8600,5.5000,146100,82275056.00,65738,80362,3.1032,2026-06-06 12:02:19.577001+00:00
300176,5.7600,5.7600,5.8400,5.5400,128591,73333120.00,67250,61341,3.3204,2026-06-06 12:02:19.577001+00:00
300177,7.2000,7.0900,7.3000,6.9600,113305,81026600.00,60795,52510,1.5226,2026-06-06 12:02:19.577001+00:00
300179,47.5000,51.5000,54.2100,46.9100,843985,4210725376.00,412970,431016,0.0000,2026-06-06 12:02:19.577001+00:00
300180,4.8400,4.7800,4.9200,4.7600,293215,142257856.00,139259,153957,0.0000,2026-06-06 12:02:19.577001+00:00
300181,13.4900,13.5500,13.7100,13.4500,69090,93774488.00,29729,39362,0.9850,2026-06-06 12:02:19.577001+00:00
300182,6.2200,6.0000,6.2200,5.9200,2805928,1720750592.00,1546143,1259785,10.5335,2026-06-06 12:02:19.577001+00:00
300183,11.7500,11.5100,12.0400,11.3400,82919,97270704.00,45560,37359,1.7924,2026-06-06 12:02:19.577001+00:00
300184,17.0000,17.6100,17.8100,16.8800,1683564,2917647872.00,745843,937722,14.6517,2026-06-06 12:02:19.577001+00:00
300185,2.6900,2.7000,2.7300,2.6600,759022,204584416.00,378332,380690,1.8805,2026-06-06 12:02:19.577001+00:00
300187,5.4700,5.4500,5.5400,5.2100,184921,99572600.00,95508,89413,2.8642,2026-06-06 12:02:19.577001+00:00
300188,10.6500,10.6000,10.8100,10.4500,90163,95942112.00,46958,43205,1.0490,2026-06-06 12:02:19.577001+00:00
300189,5.0600,5.1600,5.2900,5.0200,778137,396899232.00,327498,450639,7.5990,2026-06-06 12:02:19.577001+00:00
300190,3.9900,3.9600,4.0600,3.8800,224271,89314472.00,108789,115482,2.3655,2026-06-06 12:02:19.577001+00:00
300191,31.2400,31.1600,31.3900,30.6000,77171,239687920.00,40466,36706,2.4116,2026-06-06 12:02:19.577001+00:00
300194,3.7300,3.7200,3.7800,3.7200,66315,24893024.00,30750,35565,0.5574,2026-06-06 12:02:19.577001+00:00
300195,5.8700,5.7100,5.9500,5.6100,128557,74696096.00,76433,52124,3.0341,2026-06-06 12:02:19.577001+00:00
300196,24.0700,24.1200,25.0000,23.1600,374302,904016960.00,189990,184313,9.1579,2026-06-06 12:02:19.577001+00:00
300197,2.5200,2.7000,2.7800,2.4900,4310707,1108156416.00,1983714,2326994,0.0000,2026-06-06 12:02:19.577001+00:00
300198,2.4200,2.4500,2.4900,2.3700,273474,66121184.00,107107,166368,2.6511,2026-06-06 12:02:19.577001+00:00
300199,21.4700,23.4000,23.4900,21.3600,573552,1265970176.00,225759,347793,6.4937,2026-06-06 12:02:19.577001+00:00
300200,9.4800,9.2400,9.6300,8.9100,179659,168232320.00,90962,88698,4.1687,2026-06-06 12:02:19.577001+00:00
300201,18.5200,18.7400,18.8800,17.8800,490583,904950016.00,269485,221099,0.0000,2026-06-06 12:02:19.577001+00:00
300203,12.9000,12.4900,13.3700,12.3300,170579,221027328.00,94525,76055,3.8013,2026-06-06 12:02:19.577001+00:00
300204,24.8200,25.5900,26.4900,23.9500,419562,1059047808.00,198036,221526,8.7816,2026-06-06 12:02:19.577001+00:00
300205,5.8900,5.7100,5.9000,5.7000,26505,15345337.00,13531,12974,0.6163,2026-06-06 12:02:19.577001+00:00
300207,20.7700,21.2300,21.4300,20.5200,539448,1129471744.00,272866,266582,2.9199,2026-06-06 12:02:19.577001+00:00
300209,25.5100,25.5600,26.4300,24.6100,483870,1236328832.00,228351,255519,0.0000,2026-06-06 12:02:19.577001+00:00
300210,10.5000,10.6000,10.8100,10.2600,190195,200560160.00,91091,99104,3.9279,2026-06-06 12:02:19.577001+00:00
300211,7.9700,7.9400,8.0600,7.7900,51030,40479416.00,21580,29450,1.6790,2026-06-06 12:02:19.577001+00:00
300212,10.8000,10.5900,10.9800,10.0500,421516,445730272.00,211710,209806,0.0000,2026-06-06 12:02:19.577001+00:00
300213,7.3700,7.2200,7.4800,7.1000,114508,83867792.00,57464,57044,1.9266,2026-06-06 12:02:19.577001+00:00
300214,7.6200,7.4100,7.9500,7.2000,148707,112063392.00,77974,70733,3.1987,2026-06-06 12:02:19.577001+00:00
300215,7.1800,7.3000,7.3600,7.0500,224824,161669440.00,99902,124922,3.0013,2026-06-06 12:02:19.577001+00:00
300217,5.2000,5.2000,5.3200,5.0100,631918,326561056.00,308628,323291,4.2756,2026-06-06 12:02:19.577001+00:00
300218,13.4600,13.0100,13.6800,12.8600,56735,75754488.00,36995,19740,2.6147,2026-06-06 12:02:19.577001+00:00
300219,8.8700,8.5400,9.2600,8.4500,779182,687944192.00,407187,371996,11.0063,2026-06-06 12:02:19.577001+00:00
300220,12.2000,12.0100,12.4300,11.7300,41897,50816148.00,21599,20298,2.7710,2026-06-06 12:02:19.577001+00:00
300221,14.7800,14.3300,15.0000,13.6200,564831,816792768.00,288303,276528,11.9224,2026-06-06 12:02:19.577001+00:00
300222,14.7900,15.0700,15.3000,14.3600,611279,902224832.00,310006,301273,7.8542,2026-06-06 12:02:19.577001+00:00
300223,139.3600,145.0000,146.8400,138.6000,363045,5192949248.00,163212,199833,7.5236,2026-06-06 12:02:19.577001+00:00
300224,12.5300,12.1000,12.8800,11.9800,326097,407779072.00,187615,138482,3.5038,2026-06-06 12:02:19.577001+00:00
300225,7.6800,7.5200,7.9700,7.0900,331158,248600960.00,170724,160434,0.0000,2026-06-06 12:02:19.577001+00:00
300226,21.1400,20.7900,21.4100,20.7800,49339,104246792.00,24598,24742,1.5480,2026-06-06 12:02:19.577001+00:00
300227,10.8100,10.8200,11.2700,10.5500,248412,271967104.00,128477,119935,4.1682,2026-06-06 12:02:19.577001+00:00
300228,7.9700,7.8500,8.0500,7.6800,224249,176869504.00,114166,110083,3.7536,2026-06-06 12:02:19.577001+00:00
300229,15.9700,15.8500,16.2800,15.6100,177614,283758304.00,92220,85394,2.0331,2026-06-06 12:02:19.577001+00:00
300230,4.7700,4.7200,4.8400,4.6400,117387,55633704.00,61123,56265,1.4435,2026-06-06 12:02:19.577001+00:00
300231,8.9300,9.0000,9.1400,8.8000,96059,86164208.00,46726,49334,2.1620,2026-06-06 12:02:19.577001+00:00
300232,5.9300,5.7800,6.0800,5.7200,318265,188214928.00,176201,142065,2.9267,2026-06-06 12:02:19.577001+00:00
300233,12.6600,12.5800,12.8900,12.5000,60139,76156552.00,33498,26641,1.5666,2026-06-06 12:02:19.577001+00:00
300234,8.8300,8.6800,8.9200,8.2600,278258,240527584.00,145175,133084,0.0000,2026-06-06 12:02:19.577001+00:00
300236,93.4500,92.0100,97.6600,89.5600,145740,1375775232.00,77082,68659,4.6506,2026-06-06 12:02:19.577001+00:00
300237,2.2400,2.2400,2.2500,2.2100,176390,39284592.00,75166,101224,1.2233,2026-06-06 12:02:19.577001+00:00
300238,11.4500,11.3600,11.5600,11.2600,41371,47243272.00,21753,19618,1.5603,2026-06-06 12:02:19.577001+00:00
300239,4.9700,4.9800,5.0100,4.8400,131496,64949896.00,69313,62183,2.2151,2026-06-06 12:02:19.577001+00:00
300240,5.8300,5.7600,5.9100,5.6800,81430,47291348.00,46735,34695,2.1916,2026-06-06 12:02:19.577001+00:00
300241,7.9200,8.0200,8.6000,7.8500,1257783,1029693504.00,592424,665359,17.7473,2026-06-06 12:02:19.577001+00:00
300243,17.8200,17.8600,18.5800,17.1700,308678,549819392.00,157807,150871,11.0415,2026-06-06 12:02:19.577001+00:00
300244,16.8200,17.2000,17.3300,16.7800,173658,295206368.00,84743,88916,2.7786,2026-06-06 12:02:19.577001+00:00
300246,16.5600,17.0100,17.0100,16.0800,91890,151122032.00,39465,52425,3.4727,2026-06-06 12:02:19.577001+00:00
300247,4.1700,4.1300,4.2900,4.0800,193057,80757400.00,99542,93515,0.0000,2026-06-06 12:02:19.577001+00:00
300248,8.5400,8.3400,8.7300,8.2700,81174,69241608.00,41155,40020,1.7041,2026-06-06 12:02:19.577001+00:00
300249,15.8800,15.6100,16.3900,15.4600,312551,499399840.00,147426,165126,7.0956,2026-06-06 12:02:19.577001+00:00
300245,6.4500,6.4100,6.6100,6.2500,102907,66184064.00,52607,50300,3.3734,2026-06-06 12:02:19.577001+00:00
300250,16.3000,15.9700,16.6400,15.7400,64780,104802632.00,36400,28380,3.0307,2026-06-06 12:02:19.577001+00:00
300251,12.0400,12.1100,12.2300,11.9500,356253,430647904.00,183829,172425,1.2144,2026-06-06 12:02:19.577001+00:00
300252,17.0800,16.4000,17.8800,16.4000,993241,1710558208.00,539149,454093,14.5165,2026-06-06 12:02:19.577001+00:00
300253,7.5000,7.5000,7.6300,7.4200,441523,332312960.00,233075,208449,2.0058,2026-06-06 12:02:19.577001+00:00
300254,9.6900,10.0800,10.4900,9.5900,215096,213360208.00,106752,108344,8.4003,2026-06-06 12:02:19.577001+00:00
300255,37.5300,39.9500,40.2500,37.5300,181515,699421184.00,68089,113426,1.9750,2026-06-06 12:02:19.577001+00:00
300257,28.6700,28.7400,29.3000,28.0300,65212,186291392.00,29710,35502,0.6563,2026-06-06 12:02:19.577001+00:00
300258,13.0200,12.3600,13.4200,11.8200,334576,420649824.00,177985,156591,5.7188,2026-06-06 12:02:19.577001+00:00
300259,6.1200,5.3100,6.2200,5.0700,1109893,638834496.00,640806,469087,0.0000,2026-06-06 12:02:19.577001+00:00
300260,64.2900,63.0000,68.5000,60.7200,465623,3031264768.00,272304,193319,0.0000,2026-06-06 12:02:19.577001+00:00
300263,11.8400,11.6300,12.2100,11.2000,565870,668298880.00,289459,276412,5.4673,2026-06-06 12:02:19.577001+00:00
300264,7.7900,7.5100,8.0300,7.4600,222636,172756544.00,119020,103616,5.1673,2026-06-06 12:02:19.577001+00:00
300265,24.0600,23.1900,24.8500,22.7000,804246,1948332544.00,414113,390133,0.0000,2026-06-06 12:02:19.577001+00:00
300266,2.1300,2.1900,2.2000,2.1000,308866,66009480.00,118272,190594,1.9878,2026-06-06 12:02:19.577001+00:00
300267,3.4900,3.4900,3.5600,3.4400,425226,149077552.00,217801,207425,2.0616,2026-06-06 12:02:19.577001+00:00
300269,5.3500,5.2100,5.5000,5.1200,288735,154050544.00,156562,132173,5.2582,2026-06-06 12:02:19.577001+00:00
300270,12.3800,12.4400,12.8300,12.2500,95061,119063832.00,47849,47212,3.1393,2026-06-06 12:02:19.577001+00:00
300272,5.9200,5.8800,6.0000,5.8300,115708,68386616.00,57967,57742,1.8923,2026-06-06 12:02:19.577001+00:00
300274,153.7500,165.9900,166.2500,152.8500,840043,13241538560.00,385691,454353,4.0519,2026-06-06 12:02:19.577001+00:00
300275,9.4300,9.2700,9.5500,9.0700,89346,83531824.00,50213,39133,2.9008,2026-06-06 12:02:19.577001+00:00
300276,8.5500,7.5500,9.0900,7.0900,1619789,1312961536.00,902023,717766,11.5613,2026-06-06 12:02:19.577001+00:00
300277,15.0700,15.4900,16.0600,15.0100,285413,440396608.00,132602,152811,1.8819,2026-06-06 12:02:19.577001+00:00
300279,7.7300,7.5700,7.7400,7.2200,329396,247549216.00,164731,164666,6.7347,2026-06-06 12:02:19.577001+00:00
300281,7.7200,7.8000,8.0400,7.6300,213210,165748208.00,97481,115729,5.0895,2026-06-06 12:02:19.577001+00:00
300283,17.5100,17.5100,18.3500,16.5800,708802,1243592448.00,353225,355578,14.2622,2026-06-06 12:02:19.577001+00:00
300284,5.8400,5.8000,5.9300,5.7600,85021,49641300.00,42944,42078,0.6733,2026-06-06 12:02:19.577001+00:00
300285,65.1800,62.1100,67.6000,60.4000,1406308,9014988800.00,716499,689810,14.1047,2026-06-06 12:02:19.577001+00:00
300286,32.7500,32.1800,33.8500,31.2500,136953,446936160.00,71695,65258,5.4610,2026-06-06 12:02:19.577001+00:00
300287,3.8600,3.8500,3.9400,3.7300,302387,116274416.00,155772,146615,2.1068,2026-06-06 12:02:19.577001+00:00
300288,9.9800,9.8100,10.1000,9.6600,54989,54461100.00,31418,23572,1.6272,2026-06-06 12:02:19.577001+00:00
300289,5.7300,5.7000,5.7700,5.6200,59617,33986312.00,29714,29904,1.0959,2026-06-06 12:02:19.577001+00:00
300290,10.2800,10.2800,10.5000,10.0000,196755,201600880.00,108649,88106,3.0756,2026-06-06 12:02:19.577001+00:00
300292,6.1500,5.8200,6.4900,5.7900,2165107,1349572992.00,1167358,997750,16.1363,2026-06-06 12:02:19.577001+00:00
300293,18.0100,17.4600,18.3000,16.9500,102543,182458336.00,58521,44022,3.0299,2026-06-06 12:02:19.577001+00:00
300294,16.5900,16.3800,17.2400,16.3100,108599,183211264.00,57991,50609,2.1537,2026-06-06 12:02:19.577001+00:00
300295,11.6900,11.7000,11.9400,11.6300,17834,20987894.00,5724,12111,0.9405,2026-06-06 12:02:19.577001+00:00
300296,6.8800,6.7100,7.0700,6.6600,1992150,1370250752.00,1144662,847488,7.3457,2026-06-06 12:02:19.577001+00:00
300298,14.9600,14.9200,15.1300,14.8400,37300,55857768.00,17895,19406,0.6658,2026-06-06 12:02:19.577001+00:00
300299,5.4500,5.2500,5.7500,5.2200,300886,164991248.00,163566,137321,4.3588,2026-06-06 12:02:19.577001+00:00
300300,9.2400,9.2700,9.4300,9.0600,374923,347426976.00,192650,182274,5.6223,2026-06-06 12:02:19.577001+00:00
300301,3.2700,3.3400,3.3400,3.2100,100444,32650364.00,45161,55283,0.0000,2026-06-06 12:02:19.577001+00:00
300302,53.0100,54.1200,57.9800,52.6300,753139,4158486272.00,346568,406571,0.0000,2026-06-06 12:02:19.577001+00:00
300303,8.8900,8.9000,9.2500,8.5500,1054637,939845248.00,482920,571718,7.4438,2026-06-06 12:02:19.577001+00:00
300304,14.8800,15.2500,15.2600,14.7300,437187,652839936.00,181187,256000,4.9785,2026-06-06 12:02:19.577001+00:00
300305,7.5500,7.6400,8.1600,7.5000,549028,425825600.00,248162,300867,14.6251,2026-06-06 12:02:19.577001+00:00
300306,10.8000,10.6500,10.9500,10.3500,31859,33979776.00,14614,17245,1.1845,2026-06-06 12:02:19.577001+00:00
300307,7.6500,6.7500,7.7900,6.7500,666687,496803456.00,404914,261774,8.3278,2026-06-06 12:02:19.577001+00:00
300308,1179.9900,1273.2000,1301.5100,1160.0000,474740,58324832256.00,239709,235032,0.0000,2026-06-06 12:02:19.577001+00:00
300310,4.9800,4.8600,5.0700,4.7800,346830,171641312.00,195375,151456,3.9338,2026-06-06 12:02:19.577001+00:00
300311,5.2100,5.1000,5.2500,5.1000,77491,40289428.00,36675,40816,1.1503,2026-06-06 12:02:19.577001+00:00
300313,8.6700,8.6600,8.9600,8.6200,22800,20007124.00,11195,11605,0.9509,2026-06-06 12:02:19.577001+00:00
300314,10.0600,9.9200,10.1600,9.8100,25707,25708458.00,14665,11042,0.8926,2026-06-06 12:02:19.577001+00:00
300316,48.8900,48.4800,50.2200,46.2300,379021,1827283968.00,185353,193669,0.0000,2026-06-06 12:02:19.577001+00:00
300317,5.4000,5.5100,5.7500,5.1500,977510,528660960.00,462177,515334,0.0000,2026-06-06 12:02:19.577001+00:00
300318,4.8300,4.7500,4.9100,4.7500,60211,29043310.00,31109,29102,0.7371,2026-06-06 12:02:19.577001+00:00
300319,22.2800,19.4500,23.3600,19.4400,2692559,5888923648.00,1490136,1202424,30.3357,2026-06-06 12:02:19.577001+00:00
300320,8.8100,8.8500,9.0800,8.7600,114935,102514984.00,55281,59655,1.9117,2026-06-06 12:02:19.577001+00:00
300322,33.7500,31.5900,36.8800,30.5500,956643,3245770752.00,549855,406788,20.7949,2026-06-06 12:02:19.577001+00:00
300323,17.6600,17.5100,18.8800,17.0600,1762211,3156449280.00,883870,878342,0.0000,2026-06-06 12:02:19.577001+00:00
300324,4.2000,4.1900,4.2900,4.1100,404675,170125520.00,214215,190460,2.3424,2026-06-06 12:02:19.577001+00:00
300326,6.2600,6.2400,6.3200,6.0500,86396,53390880.00,37988,48409,1.2049,2026-06-06 12:02:19.577001+00:00
300327,27.4700,27.1000,28.0900,25.6100,288075,774138176.00,153388,134687,8.4388,2026-06-06 12:02:19.577001+00:00
300328,22.1200,19.6100,23.5200,19.2300,1305927,2882502656.00,773043,532884,18.9149,2026-06-06 12:02:19.577001+00:00
300331,59.0600,57.3800,62.6900,56.9000,209616,1265536896.00,111528,98089,8.0726,2026-06-06 12:02:19.577001+00:00
300332,4.7900,4.8300,4.8700,4.6900,211364,101057176.00,102216,109148,2.4428,2026-06-06 12:02:19.577001+00:00
300334,9.0100,7.4900,9.0100,7.4900,350622,300351520.00,166973,183650,11.6075,2026-06-06 12:02:19.577001+00:00
300335,5.6500,5.7800,5.9400,5.6100,192521,110155096.00,87925,104597,4.0360,2026-06-06 12:02:19.577001+00:00
300337,12.4300,12.3900,12.6500,11.9100,312509,387043584.00,165802,146707,3.8021,2026-06-06 12:02:19.577001+00:00
300338,3.3300,3.2400,3.3400,3.1800,84889,27667406.00,43487,41402,0.0000,2026-06-06 12:02:19.577001+00:00
300339,41.4600,41.2000,42.6300,40.8800,313419,1304624640.00,152561,160859,3.9354,2026-06-06 12:02:19.577001+00:00
300340,9.6300,9.3700,9.8100,9.2300,85159,81508864.00,43469,41690,3.0909,2026-06-06 12:02:19.577001+00:00
300341,14.8600,13.8200,15.0500,13.3400,126550,182470816.00,77036,49514,2.4458,2026-06-06 12:02:19.577001+00:00
300342,50.5000,49.7500,51.9000,48.0900,462847,2329180416.00,219517,243331,10.8896,2026-06-06 12:02:19.577001+00:00
300343,6.5100,6.4500,6.5700,6.3900,140765,91328752.00,66573,74193,1.3176,2026-06-06 12:02:19.577001+00:00
300345,6.1500,5.9000,6.2700,5.8500,260447,157449152.00,140702,119745,4.4887,2026-06-06 12:02:19.577001+00:00
300346,57.0300,51.6900,60.6100,50.6500,1143686,6534303744.00,676430,467257,16.5474,2026-06-06 12:02:19.577001+00:00
300347,38.9200,39.8600,40.6900,38.7300,185586,732292736.00,82362,103224,2.1554,2026-06-06 12:02:19.577001+00:00
300348,9.9400,9.9300,10.1000,9.8700,140113,139935008.00,70720,69393,1.7214,2026-06-06 12:02:19.577001+00:00
300349,12.0400,12.0300,12.3600,11.7900,107993,130514512.00,47390,60604,2.5884,2026-06-06 12:02:19.577001+00:00
300350,4.5400,4.4200,4.6100,4.3900,154674,69692400.00,81951,72723,2.7521,2026-06-06 12:02:19.577001+00:00
300351,17.1000,17.2400,17.5000,16.7000,138156,236546496.00,68766,69390,0.0000,2026-06-06 12:02:19.577001+00:00
300352,3.1000,3.1100,3.1500,3.0600,226267,70356656.00,91958,134310,0.0000,2026-06-06 12:02:19.577001+00:00
300353,21.9400,18.4500,21.9400,17.8500,711508,1493510528.00,362343,349165,11.5713,2026-06-06 12:02:19.577001+00:00
300354,33.0900,31.8500,33.8000,30.8600,35806,116340544.00,19780,16027,2.5886,2026-06-06 12:02:19.577001+00:00
300355,3.1200,3.1000,3.1400,3.0600,200857,62238556.00,106619,94238,1.2520,2026-06-06 12:02:19.577001+00:00
300357,22.2400,22.2600,22.7400,22.1500,53270,119505688.00,26155,27115,1.0174,2026-06-06 12:02:19.577001+00:00
300358,8.2400,8.1000,8.4600,7.9800,197457,162496832.00,106733,90724,2.7613,2026-06-06 12:02:19.577001+00:00
300359,4.0800,3.9900,4.1300,3.9400,100337,40588288.00,53510,46827,1.5843,2026-06-06 12:02:19.577001+00:00
300360,13.5500,13.4400,13.7500,13.1500,69175,92973736.00,36171,33005,1.3453,2026-06-06 12:02:19.577001+00:00
300363,13.8800,14.0800,14.1900,13.8400,87679,122541960.00,43526,44153,1.6134,2026-06-06 12:02:19.577001+00:00
300365,5.1300,5.1600,5.2400,5.0100,158713,81309264.00,76626,82087,2.6459,2026-06-06 12:02:19.577001+00:00
300366,5.3500,5.2500,5.4100,5.2400,57942,30920884.00,33546,24396,0.9537,2026-06-06 12:02:19.577001+00:00
300368,9.3800,9.6000,9.7200,9.3200,159550,151326848.00,69770,89780,3.0164,2026-06-06 12:02:19.577001+00:00
300370,2.4600,2.5000,2.5400,2.4400,279863,69305152.00,121233,158630,1.7878,2026-06-06 12:02:19.577001+00:00
300371,11.3600,11.1000,11.5700,10.8300,32111,36058024.00,15823,16288,1.5958,2026-06-06 12:02:19.577001+00:00
300373,102.8700,104.1900,108.6600,101.3100,226643,2379389440.00,108677,117966,4.1712,2026-06-06 12:02:19.577001+00:00
300374,12.1000,11.9800,12.3700,11.8600,44369,53625148.00,22072,22298,1.8043,2026-06-06 12:02:19.577001+00:00
300376,4.9500,4.9800,5.0300,4.8200,268120,132633448.00,137274,130846,1.1516,2026-06-06 12:02:19.577001+00:00
300377,13.3300,13.3300,14.0500,13.2700,290425,396151712.00,149070,141355,3.8672,2026-06-06 12:02:19.577001+00:00
300378,35.8800,36.4500,36.9800,35.0000,122865,442280320.00,60800,62066,4.5246,2026-06-06 12:02:19.577001+00:00
300381,6.1500,6.2500,6.2600,6.0000,85522,52392544.00,40909,44613,1.7811,2026-06-06 12:02:19.577001+00:00
300382,16.1200,16.9000,17.0800,15.7700,360002,587226368.00,178985,181017,5.5522,2026-06-06 12:02:19.577001+00:00
300383,13.0300,13.3000,13.4300,12.9600,633905,834986880.00,278603,355303,3.5264,2026-06-06 12:02:19.577001+00:00
300384,12.5100,12.2800,12.7100,12.2200,32819,40910868.00,18434,14386,1.0288,2026-06-06 12:02:19.577001+00:00
300385,15.0600,14.5900,15.3300,14.3100,111446,165635072.00,65001,46445,0.0000,2026-06-06 12:02:19.577001+00:00
300386,10.6500,10.6200,10.8700,10.5100,53296,56973552.00,29416,23880,0.0000,2026-06-06 12:02:19.577001+00:00
300389,13.8500,13.6000,14.1800,13.3600,66373,91688384.00,35413,30961,1.7982,2026-06-06 12:02:19.577001+00:00
300390,80.5000,79.5700,83.6000,77.3100,474211,3822287872.00,245958,228254,5.7082,2026-06-06 12:02:19.577001+00:00
300393,8.9600,9.2800,9.5900,8.9000,427197,394733248.00,195812,231385,3.9206,2026-06-06 12:02:19.577001+00:00
300394,457.0000,483.0000,501.8700,449.0000,471206,22474176512.00,227849,243357,0.0000,2026-06-06 12:02:19.577001+00:00
300395,119.2300,120.0100,125.0000,117.1100,369619,4484614656.00,179600,190019,7.0306,2026-06-06 12:02:19.577001+00:00
300396,7.5900,7.6000,7.7100,7.5300,23054,17560854.00,9580,13475,0.8454,2026-06-06 12:02:19.577001+00:00
300397,13.3300,12.9100,13.7900,12.4500,266882,352828960.00,153935,112948,5.1558,2026-06-06 12:02:19.577001+00:00
300399,19.1300,19.0000,19.6400,18.6000,52823,101465856.00,28580,24243,2.6732,2026-06-06 12:02:19.577001+00:00
300400,29.7500,28.0100,31.2000,27.3900,198772,593292992.00,116491,82281,0.0000,2026-06-06 12:02:19.577001+00:00
300401,11.3200,11.3700,11.5700,11.2600,73581,83810920.00,32595,40987,1.3534,2026-06-06 12:02:19.577001+00:00
300402,17.1900,16.0100,17.3600,15.9100,89219,150011936.00,54199,35021,0.0000,2026-06-06 12:02:19.577001+00:00
300403,11.1100,10.4600,11.4400,10.0700,253944,275623456.00,145152,108793,4.2113,2026-06-06 12:02:19.577001+00:00
300404,9.0900,9.1300,9.2800,8.9200,101411,92326744.00,49709,51703,2.6290,2026-06-06 12:02:19.577001+00:00
300405,6.2900,6.0800,6.4600,5.9000,102053,63326244.00,56079,45974,3.5887,2026-06-06 12:02:19.577001+00:00
300406,11.9500,11.7200,12.0500,11.6800,42596,50783020.00,24728,17868,0.7265,2026-06-06 12:02:19.577001+00:00
300407,12.1600,11.7800,12.4600,11.6100,76411,92582392.00,42683,33728,2.2066,2026-06-06 12:02:19.577001+00:00
300408,134.8300,136.0000,142.9000,130.0000,782508,10579077120.00,398471,384038,0.0000,2026-06-06 12:02:19.577001+00:00
300409,21.4700,21.7900,22.1100,21.0000,203511,437602368.00,99961,103551,2.6016,2026-06-06 12:02:19.577001+00:00
300410,12.0100,11.8000,12.4000,11.2700,653090,778656320.00,327261,325830,17.7898,2026-06-06 12:02:19.577001+00:00
300411,8.8200,9.4800,9.5000,8.7500,174961,157158384.00,66107,108854,4.3039,2026-06-06 12:02:19.577001+00:00
300412,4.5000,4.4300,4.5500,4.3300,99443,44297484.00,53136,46308,1.9978,2026-06-06 12:02:19.577001+00:00
300413,16.6600,16.6500,16.9000,16.5800,127915,213932912.00,68310,59605,0.6838,2026-06-06 12:02:19.577001+00:00
300414,12.4200,11.9200,12.8200,11.6800,104851,129008080.00,58827,46024,3.2161,2026-06-06 12:02:19.577001+00:00
300415,21.6600,21.2500,22.0900,20.8200,89684,192795216.00,49892,39792,1.9140,2026-06-06 12:02:19.577001+00:00
300416,17.9500,18.0500,18.6000,16.7000,334125,589676864.00,172837,161289,6.5702,2026-06-06 12:02:19.577001+00:00
300417,12.6500,12.0500,12.9800,11.9000,44662,55307648.00,24301,20361,3.3190,2026-06-06 12:02:19.577001+00:00
300418,40.5000,40.5100,41.5700,39.6200,480561,1946160384.00,241896,238666,3.7397,2026-06-06 12:02:19.577001+00:00
300419,7.1200,7.1900,7.2800,7.1200,56463,40557084.00,22874,33589,1.5353,2026-06-06 12:02:19.577001+00:00
300420,6.0700,6.4900,6.6900,6.0000,2839593,1793569664.00,1611011,1228583,25.4356,2026-06-06 12:02:19.577001+00:00
300421,22.2600,21.7000,23.1400,20.6300,167194,365005888.00,87186,80009,5.6863,2026-06-06 12:02:19.577001+00:00
300422,5.2400,5.2100,5.3200,4.9700,172485,88819776.00,93571,78915,3.2308,2026-06-06 12:02:19.577001+00:00
300423,6.3300,6.2900,6.4500,6.1400,91173,57404888.00,51006,40168,1.8326,2026-06-06 12:02:19.577001+00:00
300424,19.9300,18.6600,20.3400,18.3200,238950,465894368.00,132939,106012,9.7357,2026-06-06 12:02:19.577001+00:00
300425,4.3000,4.2300,4.3600,4.2000,59740,25580506.00,36744,22997,0.8757,2026-06-06 12:02:19.577001+00:00
300427,7.6100,7.5000,7.8300,7.3100,541743,409967136.00,278447,263297,0.0000,2026-06-06 12:02:19.577001+00:00
300428,19.7100,19.9200,20.2900,19.1200,83574,164155616.00,39331,44244,1.2190,2026-06-06 12:02:19.577001+00:00
300429,13.8800,13.5000,14.2700,12.8400,362166,496867296.00,182603,179563,6.7175,2026-06-06 12:02:19.577001+00:00
300430,5.4000,5.4200,5.6000,5.3000,142091,77094592.00,61209,80882,0.0000,2026-06-06 12:02:19.577001+00:00
300432,22.8400,23.0000,23.4100,22.3100,371526,845192576.00,192261,179265,0.0000,2026-06-06 12:02:19.577001+00:00
300433,45.6100,43.1100,47.7900,41.9900,2301436,10299056128.00,1228247,1073189,0.0000,2026-06-06 12:02:19.577001+00:00
300434,9.4400,9.4300,9.6300,9.3500,87018,82451960.00,47280,39738,2.1660,2026-06-06 12:02:19.577001+00:00
300435,18.0800,18.2000,18.5000,17.7500,97809,177115760.00,48071,49738,2.5358,2026-06-06 12:02:19.577001+00:00
300436,88.8100,97.6100,97.6400,87.8000,106368,971031808.00,45583,60786,6.6786,2026-06-06 12:02:19.577001+00:00
300437,12.1400,12.0000,12.3400,11.7500,84403,102019688.00,40920,43483,3.4422,2026-06-06 12:02:19.577001+00:00
300438,75.6500,77.2400,78.6100,74.9900,200539,1525783680.00,96753,103786,3.9841,2026-06-06 12:02:19.577001+00:00
300439,8.9100,8.8100,9.0000,8.7900,26316,23404868.00,12980,13336,0.6847,2026-06-06 12:02:19.577001+00:00
300440,18.8500,18.1500,18.9000,17.9700,166065,306605824.00,88684,77381,3.7784,2026-06-06 12:02:19.577001+00:00
300441,6.2600,6.1100,6.3500,6.1100,62162,38853736.00,36864,25299,0.9646,2026-06-06 12:02:19.577001+00:00
300442,78.1700,81.0000,81.0000,77.9400,334808,2659303936.00,140248,194561,2.0486,2026-06-06 12:02:19.577001+00:00
300443,23.1700,23.6500,23.7600,22.8800,76888,178656320.00,36946,39942,2.4017,2026-06-06 12:02:19.577001+00:00
300444,13.5000,13.6900,13.8600,13.2200,337487,457835552.00,169790,167698,4.1944,2026-06-06 12:02:19.577001+00:00
300445,24.5400,23.2200,25.8500,22.7000,122400,300057344.00,65484,56916,5.7619,2026-06-06 12:02:19.577001+00:00
300446,16.0900,15.9500,16.4300,15.6700,105916,170217216.00,54515,51401,1.2528,2026-06-06 12:02:19.577001+00:00
300447,16.5300,16.1300,16.7600,16.0400,76988,126917208.00,39454,37534,2.4651,2026-06-06 12:02:19.577001+00:00
300448,7.3500,7.5500,7.5500,7.0400,289667,210382128.00,136387,153280,4.2817,2026-06-06 12:02:19.577001+00:00
300449,8.0100,7.9400,8.3000,7.9000,301119,242848720.00,147277,153843,0.0000,2026-06-06 12:02:19.577001+00:00
300450,46.9800,47.0100,48.5500,45.1100,620742,2910320896.00,314120,306622,3.7076,2026-06-06 12:02:19.577001+00:00
300451,3.7100,3.7000,3.7800,3.6500,261371,96961680.00,139172,122199,1.6872,2026-06-06 12:02:19.577001+00:00
300452,12.5000,12.2100,12.6200,12.2100,24773,30809348.00,13307,11466,1.0566,2026-06-06 12:02:19.577001+00:00
300454,107.9000,110.1100,111.2600,107.0000,103091,1123128448.00,50245,52846,2.3888,2026-06-06 12:02:19.577001+00:00
300455,22.6700,22.1500,23.1800,22.0300,127846,290589472.00,64738,63108,1.7812,2026-06-06 12:02:19.577001+00:00
300456,43.0500,44.3800,45.2700,42.8200,413027,1806614912.00,185196,227832,5.6408,2026-06-06 12:02:19.577001+00:00
300457,24.8300,24.7500,25.5000,23.8100,189603,468687488.00,98983,90620,2.9388,2026-06-06 12:02:19.577001+00:00
300458,32.4800,32.6500,33.2900,31.3100,335010,1082456192.00,176274,158737,3.3716,2026-06-06 12:02:19.577001+00:00
300460,9.2100,9.4000,9.4600,9.1400,61562,57195740.00,27292,34270,2.1923,2026-06-06 12:02:19.577001+00:00
300462,12.0400,12.1700,12.2000,11.9500,18559,22390408.00,7197,11362,1.0241,2026-06-06 12:02:19.577001+00:00
300463,9.0900,9.0700,9.1700,8.9600,56005,50798268.00,28743,27262,0.9262,2026-06-06 12:02:19.577001+00:00
300465,14.2900,13.6400,14.7100,13.6400,290927,416599392.00,173134,117793,6.5561,2026-06-06 12:02:19.577001+00:00
300466,8.2000,7.9100,8.3500,7.7700,98775,79879416.00,57462,41314,1.8444,2026-06-06 12:02:19.577001+00:00
300468,23.2400,23.4900,23.6800,23.1000,179055,418897664.00,87996,91059,3.3743,2026-06-06 12:02:19.577001+00:00
300469,56.0900,53.3300,57.8000,52.0000,132543,733371904.00,82555,49989,5.3393,2026-06-06 12:02:19.577001+00:00
300470,31.1500,30.8800,31.4000,30.5500,24335,75357064.00,13027,11308,1.1702,2026-06-06 12:02:19.577001+00:00
300471,9.6900,9.6400,9.8100,9.4000,64883,62675724.00,33206,31677,1.3800,2026-06-06 12:02:19.577001+00:00
300472,8.1500,8.2800,8.3300,8.0300,32686,26618062.00,15563,17124,1.1875,2026-06-06 12:02:19.577001+00:00
300473,34.4900,34.5000,35.4700,33.1900,61040,209091552.00,28437,32603,3.5352,2026-06-06 12:02:19.577001+00:00
300474,56.3700,57.3800,57.8500,55.8000,96779,549690432.00,45452,51327,1.8518,2026-06-06 12:02:19.577001+00:00
300475,171.9000,179.4200,179.7100,170.9500,311709,5477667328.00,124244,187465,0.0000,2026-06-06 12:02:19.577001+00:00
300476,338.9000,359.8400,360.0000,336.5000,553281,19274960896.00,228046,325235,0.0000,2026-06-06 12:02:19.577001+00:00
300477,2.4500,2.4200,2.5100,2.4200,317664,78459168.00,186783,130882,2.9632,2026-06-06 12:02:19.577001+00:00
300478,40.4000,42.8800,43.9900,39.8300,98021,404965408.00,45055,52967,0.0000,2026-06-06 12:02:19.577001+00:00
300479,14.6500,14.3600,14.9300,14.2200,35102,51210720.00,18216,16886,1.7815,2026-06-06 12:02:19.577001+00:00
300480,34.3600,35.0000,35.9300,33.8800,180364,626593088.00,85951,94413,0.0000,2026-06-06 12:02:19.577001+00:00
300481,13.9600,13.7000,14.2300,13.0800,119714,163974512.00,72054,47661,4.1018,2026-06-06 12:02:19.577001+00:00
300482,18.4900,16.3500,18.8000,16.3500,265638,483016576.00,166603,99035,5.6749,2026-06-06 12:02:19.577001+00:00
300484,15.1500,14.4800,15.5700,14.0700,64448,96090848.00,35253,29195,3.1110,2026-06-06 12:02:19.577001+00:00
300485,8.9300,8.8800,9.1100,8.8200,67548,60569272.00,37509,30039,1.4024,2026-06-06 12:02:19.577001+00:00
300486,28.1500,27.7900,28.8800,26.9000,367811,1025782912.00,176867,190944,7.7085,2026-06-06 12:02:19.577001+00:00
300487,53.7600,54.9900,54.9900,52.4000,54539,291744352.00,27729,26810,1.0712,2026-06-06 12:02:19.577001+00:00
300488,34.5500,31.8000,35.0400,30.6200,112043,372871168.00,63901,48143,5.8594,2026-06-06 12:02:19.577001+00:00
300489,125.3500,127.5100,129.0000,124.2000,85282,1078851840.00,44059,41224,6.1284,2026-06-06 12:02:19.577001+00:00
300490,14.7600,15.0100,15.1800,14.4500,156882,232400608.00,76127,80755,3.9351,2026-06-06 12:02:19.577001+00:00
300491,32.1800,31.8200,32.8900,29.5100,161810,505219648.00,82112,79699,9.1075,2026-06-06 12:02:19.577001+00:00
300493,15.1200,14.8000,15.4900,13.8000,284028,413269760.00,143727,140301,5.5418,2026-06-06 12:02:19.577001+00:00
300494,9.4100,8.9500,9.4900,8.9500,172442,158934992.00,104769,67673,3.5156,2026-06-06 12:02:19.577001+00:00
300496,63.1700,61.8600,65.5500,59.9300,234522,1473607040.00,127111,107411,5.0793,2026-06-06 12:02:19.577001+00:00
300497,15.8500,16.0800,16.3000,15.3600,266028,420391616.00,117152,148876,4.9388,2026-06-06 12:02:19.577001+00:00
300498,12.8900,12.9200,13.0300,12.7500,354868,457313632.00,189661,165208,0.5333,2026-06-06 12:02:19.577001+00:00
300499,36.7300,37.5500,37.9300,35.9800,253918,938688768.00,112662,141256,8.3184,2026-06-06 12:02:19.577001+00:00
300500,10.6700,10.5000,10.8500,10.2000,39906,42223888.00,21659,18248,2.2938,2026-06-06 12:02:19.577001+00:00
300501,12.7900,12.6400,13.0900,12.0200,78943,99289784.00,42921,36023,2.8378,2026-06-06 12:02:19.577001+00:00
300502,748.0000,790.0000,818.3800,730.0000,441764,34165078016.00,227115,214650,0.0000,2026-06-06 12:02:19.577001+00:00
300503,81.7700,75.0100,83.9700,70.0000,406443,3155931136.00,225755,180688,13.1865,2026-06-06 12:02:19.577001+00:00
300504,19.5600,19.8700,20.6900,19.3300,221813,441489952.00,103459,118354,8.1842,2026-06-06 12:02:19.577001+00:00
300505,19.4800,19.4300,19.7600,19.0200,114270,222391488.00,57174,57097,4.1573,2026-06-06 12:02:19.577001+00:00
300506,4.6200,4.5600,4.7900,4.5400,63576,29506672.00,31372,32204,0.4460,2026-06-06 12:02:19.577001+00:00
300508,44.8500,43.6300,46.6600,43.0100,48999,220955168.00,27048,21951,4.5017,2026-06-06 12:02:19.577001+00:00
300509,9.7600,9.7100,9.9000,9.4700,49624,48170348.00,27373,22252,1.6742,2026-06-06 12:02:19.577001+00:00
300510,3.6300,3.5900,3.7000,3.5100,164779,59391956.00,85569,79210,1.9981,2026-06-06 12:02:19.577001+00:00
300511,5.9200,5.9900,6.1600,5.8900,167360,100416216.00,71228,96133,2.6115,2026-06-06 12:02:19.577001+00:00
300512,7.8200,7.6400,7.9800,7.4700,42687,33114150.00,22284,20404,1.0431,2026-06-06 12:02:19.577001+00:00
300513,7.9400,7.7900,8.0900,7.6100,78958,62177772.00,44115,34843,2.5171,2026-06-06 12:02:19.577001+00:00
300514,10.8400,10.5200,11.0500,10.2800,37528,40296752.00,21178,16350,1.8764,2026-06-06 12:02:19.577001+00:00
300515,15.5500,15.1600,15.8000,14.8800,27862,42877084.00,13970,13892,1.3541,2026-06-06 12:02:19.577001+00:00
300516,40.9800,41.8000,44.5800,40.8500,225024,958905600.00,106613,118411,8.9295,2026-06-06 12:02:19.577001+00:00
300517,11.1000,11.1400,11.3600,10.8100,47459,52691360.00,24837,22622,2.3681,2026-06-06 12:02:19.577001+00:00
300518,28.4900,29.0000,29.2900,27.8500,78618,224540032.00,39694,38924,3.9425,2026-06-06 12:02:19.577001+00:00
300520,32.2200,33.0100,33.0300,30.9200,167874,537240896.00,78462,89412,5.7485,2026-06-06 12:02:19.577001+00:00
300522,11.6100,11.4700,11.9100,11.0100,66588,76961736.00,37871,28717,2.0651,2026-06-06 12:02:19.577001+00:00
300523,20.7500,21.0800,21.2600,20.3900,37229,77707424.00,17942,19288,1.6003,2026-06-06 12:02:19.577001+00:00
300525,8.7500,8.5900,8.9700,8.5900,129478,113703152.00,75930,53548,1.7071,2026-06-06 12:02:19.577001+00:00
300527,7.6700,7.6600,7.7200,7.5900,65937,50461700.00,26065,39873,0.6485,2026-06-06 12:02:19.577001+00:00
300529,17.2200,17.2500,17.5000,17.0800,52372,90284344.00,25489,26883,0.6558,2026-06-06 12:02:19.577001+00:00
300530,19.6000,19.4600,20.0300,18.9300,26433,51525284.00,13823,12610,1.5372,2026-06-06 12:02:19.577001+00:00
300531,15.8200,15.6600,15.9500,15.2200,106462,166704864.00,54355,52107,3.3158,2026-06-06 12:02:19.577001+00:00
300532,6.9200,6.7900,7.0500,6.7800,79999,55342976.00,44883,35117,1.2586,2026-06-06 12:02:19.577001+00:00
300533,16.3000,15.5100,17.4800,15.5100,136939,228312960.00,74037,62903,4.1718,2026-06-06 12:02:19.577001+00:00
300534,7.7200,7.6400,7.8100,7.5700,42996,33093244.00,22032,20964,1.4174,2026-06-06 12:02:19.577001+00:00
300535,15.8800,15.3800,15.9700,14.9000,32419,50098244.00,18028,14392,3.0292,2026-06-06 12:02:19.577001+00:00
300537,26.9400,25.0100,29.0000,23.9800,292117,784635328.00,168989,123128,14.0572,2026-06-06 12:02:19.577001+00:00
300538,17.6600,17.1800,18.0900,16.4000,135356,235965824.00,75653,59703,7.4405,2026-06-06 12:02:19.577001+00:00
300539,23.7600,23.4300,24.3200,21.8100,121440,279097184.00,61369,60071,0.0000,2026-06-06 12:02:19.577001+00:00
300540,26.6200,26.7000,27.0900,26.2800,96007,255655728.00,45853,50154,4.1822,2026-06-06 12:02:19.577001+00:00
300542,12.6400,12.5900,12.8500,12.3500,49317,62268728.00,26335,22983,1.6518,2026-06-06 12:02:19.577001+00:00
300543,8.7700,8.5100,8.9600,8.3000,82521,71696752.00,45738,36784,2.6935,2026-06-06 12:02:19.577001+00:00
300545,36.1200,34.0000,37.3600,32.9000,197486,705312256.00,113629,83857,10.6484,2026-06-06 12:02:19.577001+00:00
300546,16.8800,16.8000,17.1400,16.5100,32529,54781372.00,15567,16963,1.7335,2026-06-06 12:02:19.577001+00:00
300547,34.1200,34.9000,34.9100,33.9000,85500,293910912.00,38113,47387,3.9418,2026-06-06 12:02:19.577001+00:00
300548,219.0000,228.5100,237.9800,217.0000,193495,4395560448.00,94073,99422,6.5668,2026-06-06 12:02:19.577001+00:00
300551,11.1600,11.2400,11.4400,10.9700,89102,99657160.00,48344,40758,0.0000,2026-06-06 12:02:19.577001+00:00
300553,67.3100,68.6100,70.9700,63.9800,88441,594472768.00,42846,45596,0.0000,2026-06-06 12:02:19.577001+00:00
300554,29.5900,28.8300,30.3000,28.5700,93185,275676800.00,48823,44362,8.1590,2026-06-06 12:02:19.577001+00:00
300555,12.8000,13.0100,13.0800,12.6900,11645,14982739.00,5696,5950,0.0000,2026-06-06 12:02:19.577001+00:00
300556,18.4800,18.0400,18.8000,17.6300,66602,121801664.00,37091,29511,5.4787,2026-06-06 12:02:19.577001+00:00
300557,29.8700,29.0000,31.5000,28.6600,131308,397255936.00,70302,61007,8.3567,2026-06-06 12:02:19.577001+00:00
300558,48.8800,49.3100,52.4800,48.7100,194260,980174528.00,101989,92272,4.6172,2026-06-06 12:02:19.577001+00:00
300560,18.2000,17.8200,18.6900,17.2400,201345,363147904.00,106812,94534,0.0000,2026-06-06 12:02:19.577001+00:00
300561,14.6800,15.6900,15.9900,14.5600,325194,495312512.00,144326,180868,9.9112,2026-06-06 12:02:19.577001+00:00
300563,31.3900,29.9900,32.3200,29.9000,103538,327095264.00,54815,48723,5.6846,2026-06-06 12:02:19.577001+00:00
300564,13.4800,13.5000,13.8300,13.3000,46406,63072856.00,18994,27412,2.8767,2026-06-06 12:02:19.577001+00:00
300565,12.8300,12.8500,13.3000,12.4000,178229,229192272.00,88992,89238,7.1376,2026-06-06 12:02:19.577001+00:00
300566,26.9600,26.5000,27.9900,26.0000,317470,859235840.00,160558,156912,12.1123,2026-06-06 12:02:19.577001+00:00
300567,189.2300,196.5000,198.3400,187.6000,96286,1859360896.00,43233,53053,0.0000,2026-06-06 12:02:19.577001+00:00
300568,15.5000,15.4500,15.8900,15.0700,579604,898339584.00,282150,297454,4.3070,2026-06-06 12:02:19.577001+00:00
300569,5.1600,5.1600,5.2500,5.0500,202899,104648352.00,102277,100623,1.9839,2026-06-06 12:02:19.577001+00:00
300570,168.3800,172.0000,180.5000,167.0000,264736,4604539904.00,135167,129570,11.6559,2026-06-06 12:02:19.577001+00:00
300571,45.1200,45.8100,48.6000,44.6000,190540,878112448.00,94565,95975,13.6560,2026-06-06 12:02:19.577001+00:00
300572,26.9200,27.6100,27.6100,26.5000,43465,117597528.00,20594,22871,1.8981,2026-06-06 12:02:19.577001+00:00
300573,36.9500,37.2800,37.8100,36.7000,68096,253231728.00,33561,34535,1.9057,2026-06-06 12:02:19.577001+00:00
300575,5.7400,5.7600,5.8700,5.6000,116903,66980772.00,53604,63300,2.4406,2026-06-06 12:02:19.577001+00:00
300576,41.7700,40.8000,44.2600,38.8800,350016,1468037376.00,187853,162163,9.5537,2026-06-06 12:02:19.577001+00:00
300578,18.4000,18.5200,18.7900,18.0800,56921,104861200.00,29488,27433,2.8709,2026-06-06 12:02:19.577001+00:00
300579,22.5200,22.5100,22.8200,22.1700,27017,60797644.00,13404,13614,1.0006,2026-06-06 12:02:19.577001+00:00
300580,23.4500,22.5900,24.1000,21.7800,175341,404416544.00,90446,84896,3.4906,2026-06-06 12:02:19.577001+00:00
300581,10.7200,10.5800,10.8900,10.4200,79948,85394416.00,42879,37069,0.0000,2026-06-06 12:02:19.577001+00:00
300582,14.8000,14.3000,15.1300,13.7800,122231,177578368.00,71362,50869,4.0943,2026-06-06 12:02:19.577001+00:00
300583,12.6000,12.2900,12.7200,12.1200,25308,31508544.00,12878,12430,1.3341,2026-06-06 12:02:19.577001+00:00
300584,32.2000,32.8400,33.4300,32.1000,25995,84784792.00,11966,14029,2.1662,2026-06-06 12:02:19.577001+00:00
300585,19.0500,18.4600,19.3700,18.0200,104794,196969248.00,59080,45714,6.1243,2026-06-06 12:02:19.577001+00:00
300586,12.0300,11.6000,12.4700,10.9000,607835,716599104.00,303584,304252,8.5464,2026-06-06 12:02:19.577001+00:00
300587,4.7300,4.7900,4.8400,4.5900,262051,123484568.00,134038,128014,2.0185,2026-06-06 12:02:19.577001+00:00
300588,19.1000,18.6400,19.4000,17.7000,55264,103438344.00,30885,24379,2.8863,2026-06-06 12:02:19.577001+00:00
300589,13.3500,13.4000,13.5800,13.1200,101778,136088224.00,49351,52428,2.6949,2026-06-06 12:02:19.577001+00:00
300590,14.4800,14.2500,14.8400,14.0300,163489,236615200.00,83828,79661,3.5369,2026-06-06 12:02:19.577001+00:00
300591,7.4700,7.4500,7.6600,7.2200,130762,97315680.00,69582,61180,3.2233,2026-06-06 12:02:19.577001+00:00
300592,11.4000,11.3200,11.5300,11.1800,60524,68803192.00,29008,31516,0.0000,2026-06-06 12:02:19.577001+00:00
300593,33.8300,36.0200,36.3100,33.6100,314075,1080855296.00,148613,165462,5.7894,2026-06-06 12:02:19.577001+00:00
300594,16.4800,16.2100,16.7500,15.9200,25702,41845080.00,12450,13252,2.7975,2026-06-06 12:02:19.577001+00:00
300595,11.5500,11.5000,11.6400,11.4600,61346,70943288.00,31886,29460,0.6852,2026-06-06 12:02:19.577001+00:00
300596,41.0500,42.4600,42.8300,40.5200,71015,293821120.00,34481,36534,3.0927,2026-06-06 12:02:19.577001+00:00
300597,8.3200,8.2200,8.5500,8.0900,60591,50585908.00,32896,27695,2.2230,2026-06-06 12:02:19.577001+00:00
300598,32.9500,32.3200,33.2000,31.9800,48485,158141488.00,25328,23157,2.2345,2026-06-06 12:02:19.577001+00:00
300599,12.9200,13.0900,13.3400,12.6300,160348,206837440.00,62012,98336,4.4773,2026-06-06 12:02:19.577001+00:00
300600,11.7700,10.8100,12.1300,10.7100,155957,180316640.00,97774,58184,0.0000,2026-06-06 12:02:19.577001+00:00
300601,11.9200,11.9600,12.0800,11.8500,95115,113821000.00,47256,47860,0.8516,2026-06-06 12:02:19.577001+00:00
300602,40.7900,42.1000,42.2900,40.3000,302235,1243847296.00,143514,158721,5.1943,2026-06-06 12:02:19.577001+00:00
300603,8.9500,8.8800,9.1100,8.7200,173809,155350336.00,82527,91283,3.7395,2026-06-06 12:02:19.577001+00:00
300604,206.7300,218.3600,218.5100,205.6000,305962,6466971648.00,145862,160101,0.0000,2026-06-06 12:02:19.577001+00:00
300605,10.8000,10.4600,11.0500,10.3000,72119,77077880.00,39379,32741,4.3670,2026-06-06 12:02:19.577001+00:00
300606,35.0900,33.5700,36.8200,32.6600,114953,400991392.00,62165,52788,8.3090,2026-06-06 12:02:19.577001+00:00
300607,32.5900,30.8500,33.8200,29.1100,355547,1132486272.00,207530,148018,7.4542,2026-06-06 12:02:19.577001+00:00
300608,11.5700,11.6600,11.8400,11.3100,192491,223193456.00,90567,101925,5.6174,2026-06-06 12:02:19.577001+00:00
300610,10.8100,10.5500,10.9200,10.4200,40202,43086836.00,19903,20299,1.8878,2026-06-06 12:02:19.577001+00:00
300611,26.8000,26.0200,27.4500,25.4300,62438,165274000.00,31144,31294,2.9581,2026-06-06 12:02:19.577001+00:00
300613,59.8900,58.7900,61.3600,57.2800,110603,658980672.00,58272,52331,0.0000,2026-06-06 12:02:19.577001+00:00
300614,11.6800,11.3200,11.7800,10.9500,36723,41786016.00,20773,15951,2.2889,2026-06-06 12:02:19.577001+00:00
300615,11.5500,11.4300,11.7800,11.1500,58437,67149432.00,32407,26031,3.0280,2026-06-06 12:02:19.577001+00:00
300616,14.1800,13.5300,14.7100,13.3800,102271,143869824.00,58468,43803,0.0000,2026-06-06 12:02:19.577001+00:00
300617,63.0300,60.1000,66.9900,59.1200,161048,1026431104.00,96952,64096,9.7188,2026-06-06 12:02:19.577001+00:00
300618,36.1200,36.9100,37.4500,36.0100,72028,263151280.00,34945,37083,2.3258,2026-06-06 12:02:19.577001+00:00
300619,39.5000,40.5000,40.6500,38.5600,57468,228351712.00,26185,31284,0.0000,2026-06-06 12:02:19.577001+00:00
300620,320.3000,324.0000,359.7300,318.0000,232548,7805721600.00,121693,110856,9.3325,2026-06-06 12:02:19.577001+00:00
300621,7.5300,7.2600,7.6600,7.0800,78114,57888088.00,42476,35638,3.7545,2026-06-06 12:02:19.577001+00:00
300622,16.2600,15.9100,16.4000,15.5700,75773,121866488.00,44266,31508,2.3754,2026-06-06 12:02:19.577001+00:00
300623,33.2700,31.8500,34.1600,30.8800,461962,1510844416.00,237934,224028,5.5519,2026-06-06 12:02:19.577001+00:00
300624,56.7300,56.4000,57.9800,54.9700,77668,438817888.00,41454,36215,4.0172,2026-06-06 12:02:19.577001+00:00
300626,40.3000,33.5800,40.3000,33.0100,129345,484361472.00,68717,60628,0.0000,2026-06-06 12:02:19.577001+00:00
300627,29.9500,29.0000,30.2000,28.6900,147729,437661056.00,88425,59305,1.8774,2026-06-06 12:02:19.577001+00:00
300628,39.4000,38.5200,40.8800,38.3400,197048,788340864.00,99653,97396,1.5554,2026-06-06 12:02:19.577001+00:00
300629,22.0600,21.9400,22.4900,21.3800,77554,170630080.00,39509,38046,3.0846,2026-06-06 12:02:19.577001+00:00
300631,24.2300,23.6200,24.7500,23.1800,31089,74949336.00,15560,15530,2.4865,2026-06-06 12:02:19.577001+00:00
300632,27.5800,27.3200,28.8800,27.3000,332471,931245696.00,163954,168517,10.8942,2026-06-06 12:02:19.577001+00:00
300634,23.8500,24.3000,24.6300,23.4000,184941,441770656.00,81414,103528,4.0988,2026-06-06 12:02:19.577001+00:00
300635,13.8500,14.0900,14.4300,13.5500,54524,75868960.00,26860,27664,3.8942,2026-06-06 12:02:19.577001+00:00
300638,22.7300,22.4100,23.1800,21.7300,155406,351597664.00,82331,73076,1.7281,2026-06-06 12:02:19.577001+00:00
300639,5.4300,5.4200,5.5100,5.3800,97845,53233644.00,44567,53279,1.5135,2026-06-06 12:02:19.577001+00:00
300640,6.5500,6.4800,6.6900,6.2300,135068,87707584.00,75779,59290,4.3431,2026-06-06 12:02:19.577001+00:00
300641,14.8300,15.1300,15.1900,14.6200,71360,105999160.00,31761,39599,1.3578,2026-06-06 12:02:19.577001+00:00
300642,13.4100,13.1500,13.5800,13.1200,37693,50530264.00,21277,16417,0.0000,2026-06-06 12:02:19.577001+00:00
300643,17.6900,17.7800,18.0600,17.2700,41926,74061472.00,17208,24718,1.8130,2026-06-06 12:02:19.577001+00:00
300644,25.1400,24.4600,25.6400,23.6000,40126,99214560.00,22508,17618,3.6257,2026-06-06 12:02:19.577001+00:00
300645,13.9500,13.5500,14.2000,13.3100,41726,57642256.00,20411,21316,2.9362,2026-06-06 12:02:19.577001+00:00
300647,6.6000,6.6500,6.7400,6.5100,199651,132635904.00,102167,97484,4.3657,2026-06-06 12:02:19.577001+00:00
300648,47.2000,48.1500,48.4100,46.0200,31755,150015424.00,13454,18302,1.8221,2026-06-06 12:02:19.577001+00:00
300649,27.9000,27.1300,28.1200,26.9000,84252,232025728.00,43315,40937,6.3626,2026-06-06 12:02:19.577001+00:00
300650,13.6600,13.4400,14.0900,13.1100,84804,115165528.00,44418,40386,3.5130,2026-06-06 12:02:19.577001+00:00
300651,23.2300,24.3400,24.7700,22.0300,131083,302804032.00,59357,71726,0.0000,2026-06-06 12:02:19.577001+00:00
300652,43.0200,41.6900,44.0800,40.4000,35607,149570368.00,18450,17158,2.6694,2026-06-06 12:02:19.577001+00:00
300653,15.1500,15.1500,15.3900,14.9600,17261,26174792.00,9401,7861,0.9589,2026-06-06 12:02:19.577001+00:00
300655,14.4800,14.1000,15.1400,13.3000,728588,1046375232.00,376097,352491,6.4670,2026-06-06 12:02:19.577001+00:00
300656,30.7800,31.0000,31.8400,30.2000,42649,131897984.00,20364,22285,2.4923,2026-06-06 12:02:19.577001+00:00
300657,43.0600,43.3000,45.0000,42.1200,765356,3326984192.00,337164,428193,15.8746,2026-06-06 12:02:19.577001+00:00
300658,12.3700,12.2200,12.8300,12.0100,209103,258880240.00,111578,97526,6.2838,2026-06-06 12:02:19.577001+00:00
300659,10.9800,10.8200,11.1200,10.6100,48225,52468592.00,25453,22773,1.8520,2026-06-06 12:02:19.577001+00:00
300660,33.8400,32.2500,35.0000,30.9200,164717,543243776.00,88437,76280,2.8337,2026-06-06 12:02:19.577001+00:00
300661,107.7400,112.1600,112.5000,106.5000,166598,1825157760.00,74756,91843,2.6841,2026-06-06 12:02:19.577001+00:00
300662,20.4400,20.8600,20.8800,20.3000,48607,99736720.00,22755,25852,2.4698,2026-06-06 12:02:19.577001+00:00
300663,7.6700,7.6100,7.8800,7.4500,231025,177075344.00,124191,106834,4.8286,2026-06-06 12:02:19.577001+00:00
300664,5.1500,4.8800,5.3400,4.8700,215122,110338160.00,131735,83387,2.8446,2026-06-06 12:02:19.577001+00:00
300665,10.3200,9.9300,10.4300,9.7200,205933,208556240.00,110388,95545,8.9715,2026-06-06 12:02:19.577001+00:00
300666,201.1900,205.5500,215.9600,198.2000,150399,3099130624.00,69586,80814,5.6686,2026-06-06 12:02:19.577001+00:00
300667,19.7000,19.5000,19.9600,19.2600,142126,279022400.00,73790,68336,0.0000,2026-06-06 12:02:19.577001+00:00
300668,57.8500,58.4000,60.8500,55.6700,59672,343818464.00,28536,31136,4.9569,2026-06-06 12:02:19.577001+00:00
300669,27.4000,28.4000,28.4000,27.1800,17280,47638652.00,8528,8752,0.8967,2026-06-06 12:02:19.577001+00:00
300670,6.8000,6.6800,6.9100,6.4700,101548,68179392.00,49240,52309,3.2042,2026-06-06 12:02:19.577001+00:00
300671,43.0700,43.4900,44.4400,42.1400,78825,340796096.00,39566,39260,3.5605,2026-06-06 12:02:19.577001+00:00
300672,299.0000,310.0000,315.2900,297.0000,95927,2931304192.00,44599,51328,0.0000,2026-06-06 12:02:19.577001+00:00
300673,14.1200,13.8600,14.4000,13.6000,54619,76760000.00,25229,29390,2.2086,2026-06-06 12:02:19.577001+00:00
300674,16.3300,16.2800,16.6100,16.1400,70510,115450376.00,37587,32923,1.0015,2026-06-06 12:02:19.577001+00:00
300675,14.1900,13.9200,14.4000,13.5700,37366,52371304.00,16667,20700,2.5477,2026-06-06 12:02:19.577001+00:00
300676,34.9200,35.1400,35.9900,34.8600,59552,210939936.00,29598,29954,1.4236,2026-06-06 12:02:19.577001+00:00
300677,46.5300,46.6100,46.8500,44.8600,120405,552806016.00,55525,64881,1.8389,2026-06-06 12:02:19.577001+00:00
300678,23.7600,23.4600,24.1700,23.0100,65695,155276288.00,37248,28448,2.2165,2026-06-06 12:02:19.577001+00:00
300679,59.1300,57.0000,62.5000,56.4800,286866,1723072128.00,157544,129322,6.7526,2026-06-06 12:02:19.577001+00:00
300680,35.5600,34.0800,36.4900,32.8800,120907,419305184.00,66788,54120,0.0000,2026-06-06 12:02:19.577001+00:00
300681,32.4700,32.5400,33.5000,32.0600,152699,498600704.00,78770,73930,0.0000,2026-06-06 12:02:19.577001+00:00
300682,12.8500,13.2600,13.4000,12.8000,248520,321979072.00,99731,148789,2.3049,2026-06-06 12:02:19.577001+00:00
300683,25.8700,26.4200,27.5500,25.4700,47878,124914120.00,21605,26273,3.6578,2026-06-06 12:02:19.577001+00:00
300684,56.7000,55.1800,59.2500,53.5300,203460,1162241664.00,113749,89711,6.7931,2026-06-06 12:02:19.577001+00:00
300685,19.9000,21.4100,21.5200,19.3800,276741,557697280.00,109650,167092,7.0940,2026-06-06 12:02:19.577001+00:00
300686,17.7400,19.7200,19.7200,17.4000,324140,587758272.00,147575,176566,12.4371,2026-06-06 12:02:19.577001+00:00
300687,26.1100,25.7300,26.7300,24.3700,300687,765658048.00,167725,132962,7.3624,2026-06-06 12:02:19.577001+00:00
300688,26.0800,23.8900,26.8500,23.8800,129584,332659072.00,79025,50560,7.7419,2026-06-06 12:02:19.577001+00:00
300689,51.4300,50.7000,52.9000,50.4200,17845,92122832.00,9106,8740,1.5437,2026-06-06 12:02:19.577001+00:00
300690,24.5900,24.5800,25.0700,23.5600,47573,115891744.00,26006,21567,2.8771,2026-06-06 12:02:19.577001+00:00
300691,16.0400,15.4900,16.5900,15.2300,93482,148949824.00,52547,40936,3.4745,2026-06-06 12:02:19.577001+00:00
300692,7.8800,7.8200,8.0600,7.7300,85031,67208200.00,41780,43252,1.5123,2026-06-06 12:02:19.577001+00:00
300693,47.7300,49.4100,49.8000,47.3100,139239,673099328.00,64182,75058,4.4514,2026-06-06 12:02:19.577001+00:00
300694,10.4700,10.1900,10.5800,10.1000,45515,47142512.00,23000,22515,2.0968,2026-06-06 12:02:19.577001+00:00
300695,62.6900,60.0000,63.5000,60.0000,13302,82342296.00,7184,6118,1.3008,2026-06-06 12:02:19.577001+00:00
300696,30.2300,30.2100,31.1000,29.9200,66745,202538304.00,30796,35950,2.2683,2026-06-06 12:02:19.577001+00:00
300697,16.5800,16.3800,16.9800,15.8600,137763,226919664.00,76221,61543,3.1842,2026-06-06 12:02:19.577001+00:00
300698,34.9000,35.0000,35.7100,34.6100,35530,124656408.00,16100,19431,2.6515,2026-06-06 12:02:19.577001+00:00
300699,29.3100,29.3200,29.7800,28.5300,179735,526875296.00,89554,90182,2.1620,2026-06-06 12:02:19.577001+00:00
300700,20.6100,19.9500,21.1000,19.7500,171774,353700288.00,95310,76464,4.3265,2026-06-06 12:02:19.577001+00:00
300701,10.6400,10.4700,10.8700,10.1000,68425,72174848.00,35803,32623,2.4201,2026-06-06 12:02:19.577001+00:00
300702,19.1800,18.2600,19.7900,18.0100,58445,110989192.00,32855,25590,1.6796,2026-06-06 12:02:19.577001+00:00
300703,15.9200,16.1300,16.4000,15.6100,59547,94703168.00,25811,33736,0.0000,2026-06-06 12:02:19.577001+00:00
300705,11.2900,11.2200,11.4500,11.2000,33638,38033584.00,15605,18033,0.6724,2026-06-06 12:02:19.577001+00:00
300706,51.5200,51.8500,53.6500,50.1100,159541,832706496.00,72239,87303,10.4070,2026-06-06 12:02:19.577001+00:00
300707,12.7600,12.3600,12.9300,12.1300,58366,73271888.00,30517,27849,3.3061,2026-06-06 12:02:19.577001+00:00
300710,39.2000,38.8000,39.9600,38.0100,70656,275565536.00,34051,36606,7.1018,2026-06-06 12:02:19.577001+00:00
300711,18.9800,18.4200,19.4700,18.1500,54609,103808168.00,31014,23595,1.9473,2026-06-06 12:02:19.577001+00:00
300712,22.2800,22.0100,22.6800,21.3900,29719,65572976.00,14861,14859,1.5846,2026-06-06 12:02:19.577001+00:00
300713,14.7000,14.6700,15.1100,14.1000,43832,64126796.00,23885,19947,2.7616,2026-06-06 12:02:19.577001+00:00
300715,25.5000,26.6500,27.2200,25.3100,266145,696307520.00,114713,151432,0.0000,2026-06-06 12:02:19.577001+00:00
300716,16.7900,16.4400,17.3300,15.6000,113025,187581216.00,51187,61838,0.0000,2026-06-06 12:02:19.577001+00:00
300717,18.1800,17.5500,18.4400,17.2500,24739,44283324.00,12013,12726,2.4071,2026-06-06 12:02:19.577001+00:00
300718,76.5000,73.0000,79.9900,70.1500,185998,1385565184.00,100090,85909,6.2253,2026-06-06 12:02:19.577001+00:00
300719,12.6000,12.3000,12.7800,12.1100,56111,70204760.00,30327,25785,2.2071,2026-06-06 12:02:19.577001+00:00
300720,78.5300,76.1000,79.5000,74.1100,123452,953136640.00,66684,56769,0.0000,2026-06-06 12:02:19.577001+00:00
300721,30.5400,31.0000,31.1500,28.8000,205116,621554432.00,99332,105785,0.0000,2026-06-06 12:02:19.577001+00:00
300722,23.5800,22.9200,23.7800,22.8100,30830,72136640.00,17957,12873,1.1140,2026-06-06 12:02:19.577001+00:00
300723,37.5800,39.8600,40.5000,37.3700,140826,542317312.00,59446,81380,0.0000,2026-06-06 12:02:19.577001+00:00
300724,74.5100,76.3800,76.3800,73.0100,127695,952912192.00,61789,65907,3.6663,2026-06-06 12:02:19.577001+00:00
300725,33.2400,34.3000,34.4400,33.1100,52013,174283200.00,21627,30386,2.2246,2026-06-06 12:02:19.577001+00:00
300726,75.0100,79.9800,80.0000,73.6700,358823,2728332032.00,171703,187120,0.0000,2026-06-06 12:02:19.577001+00:00
300729,10.8800,10.7800,10.9000,10.4700,42221,44977504.00,21840,20382,1.2359,2026-06-06 12:02:19.577001+00:00
300730,14.1000,14.5300,14.7600,14.0200,98576,140139408.00,45185,53391,4.0879,2026-06-06 12:02:19.577001+00:00
300731,58.4200,61.0900,61.1000,58.0700,67565,401478944.00,29030,38536,3.8111,2026-06-06 12:02:19.577001+00:00
300732,6.7200,6.6500,6.8100,6.5700,68834,46111480.00,36385,32450,1.8576,2026-06-06 12:02:19.577001+00:00
300733,12.6700,12.2100,13.0500,11.9600,89120,112330248.00,51939,37182,2.2471,2026-06-06 12:02:19.577001+00:00
300735,21.6300,21.2500,22.3300,20.4600,265075,571957696.00,138067,127009,3.2761,2026-06-06 12:02:19.577001+00:00
300737,8.8900,8.4700,8.9800,8.0700,1043564,895529024.00,542745,500819,9.4017,2026-06-06 12:02:19.577001+00:00
300738,20.4900,20.7900,21.1000,20.1700,489548,1008593472.00,239813,249735,4.9691,2026-06-06 12:02:19.577001+00:00
300739,29.4600,29.3000,30.4900,28.2900,244240,719412224.00,114748,129492,6.5400,2026-06-06 12:02:19.577001+00:00
300740,23.0500,23.5600,24.7400,22.9900,171501,407232896.00,82986,88516,4.3725,2026-06-06 12:02:19.577001+00:00
300741,14.2300,14.0900,14.4000,13.9500,15133,21515044.00,8569,6565,0.2457,2026-06-06 12:02:19.577001+00:00
300743,17.3500,16.9900,17.6200,16.7000,28548,49102380.00,14642,13906,1.8880,2026-06-06 12:02:19.577001+00:00
300745,45.0300,48.2100,48.9300,43.6300,102383,463915456.00,46789,55594,0.0000,2026-06-06 12:02:19.577001+00:00
300746,10.8000,10.5700,10.9900,10.3500,45450,48775404.00,26995,18455,2.0134,2026-06-06 12:02:19.577001+00:00
300747,46.3300,46.2000,48.9800,44.6200,669016,3144497920.00,321021,347995,11.9127,2026-06-06 12:02:19.577001+00:00
300748,31.1200,30.8700,32.2400,30.3400,415813,1301954560.00,228808,187006,3.0228,2026-06-06 12:02:19.577001+00:00
300749,22.0800,23.0600,23.1700,21.9100,53862,120412248.00,22844,31018,0.0000,2026-06-06 12:02:19.577001+00:00
300750,403.0000,407.8900,412.6500,402.7000,287389,11711423488.00,128846,158543,0.6212,2026-06-06 12:02:19.577001+00:00
300751,229.5100,226.9000,235.8900,218.0000,117201,2655941632.00,58875,58326,4.2022,2026-06-06 12:02:19.577001+00:00
300752,15.3800,13.9500,15.6400,13.5300,323402,483978848.00,194356,129047,10.0165,2026-06-06 12:02:19.577001+00:00
300753,21.7300,21.7600,22.1600,21.2700,28883,62800568.00,13643,15240,2.2914,2026-06-06 12:02:19.577001+00:00
300755,14.9200,14.8100,15.6500,14.7700,95000,143490336.00,42826,52175,2.2793,2026-06-06 12:02:19.577001+00:00
300757,648.9800,677.0000,704.0100,641.8000,86603,5818447360.00,40579,46024,0.0000,2026-06-06 12:02:19.577001+00:00
300758,11.8100,11.4700,12.0000,11.0000,189113,219279376.00,100679,88435,4.7383,2026-06-06 12:02:19.577001+00:00
300759,23.0700,23.4200,23.8000,23.0000,279418,652861184.00,142858,136560,1.5208,2026-06-06 12:02:19.577001+00:00
300760,144.3900,143.6400,145.4700,142.9300,77959,1124932224.00,39647,38313,0.6430,2026-06-06 12:02:19.577001+00:00
300761,18.1100,17.8900,18.4300,17.5000,105772,191530944.00,61230,44542,1.2633,2026-06-06 12:02:19.577001+00:00
300762,36.9400,36.4500,38.3100,35.5000,535864,1970445184.00,276157,259708,8.5333,2026-06-06 12:02:19.577001+00:00
300763,97.3500,105.4700,106.9000,96.4500,198200,1979757696.00,94993,103208,4.9791,2026-06-06 12:02:19.577001+00:00
300765,24.9000,25.5400,26.2900,24.7500,92975,235518288.00,45370,47605,0.6619,2026-06-06 12:02:19.577001+00:00
300767,19.0300,19.3000,19.6500,18.6300,100973,193107216.00,45959,55014,3.6546,2026-06-06 12:02:19.577001+00:00
300768,15.4400,15.3800,15.7500,15.1800,59319,91556864.00,28417,30903,0.9213,2026-06-06 12:02:19.577001+00:00
300769,63.0800,62.2000,64.3900,59.7700,226075,1412246912.00,114961,111114,8.0687,2026-06-06 12:02:19.577001+00:00
300771,11.8700,11.6900,11.9700,11.3500,52434,61404952.00,30695,21739,2.1848,2026-06-06 12:02:19.577001+00:00
300772,13.4200,13.6500,13.9700,13.1200,205195,276986688.00,105215,99980,2.6078,2026-06-06 12:02:19.577001+00:00
300774,13.1600,13.3300,13.5100,12.8600,105737,139156672.00,49851,55886,2.5868,2026-06-06 12:02:19.577001+00:00
300775,23.9600,24.1100,24.4500,23.4100,158397,379283264.00,78875,79522,0.0000,2026-06-06 12:02:19.577001+00:00
300776,170.1600,159.3500,184.8800,156.6000,278012,4782532608.00,140887,137125,10.1462,2026-06-06 12:02:19.577001+00:00
300777,31.4600,31.7100,32.1500,31.0000,111671,353038880.00,50745,60926,2.5397,2026-06-06 12:02:19.577001+00:00
300778,11.2000,11.1000,11.3700,10.7500,46072,51016552.00,21915,24157,2.2622,2026-06-06 12:02:19.577001+00:00
300779,80.3500,82.1800,83.2300,79.8300,71765,582683776.00,33230,38535,0.0000,2026-06-06 12:02:19.577001+00:00
300780,25.7200,26.4800,26.6600,24.8000,60408,155536240.00,30307,30101,4.1186,2026-06-06 12:02:19.577001+00:00
300782,104.7700,104.0500,108.5600,102.7500,221235,2341081856.00,111717,109519,3.8477,2026-06-06 12:02:19.577001+00:00
300783,18.1200,17.6100,18.5000,17.3700,96382,171758768.00,52474,43908,2.3994,2026-06-06 12:02:19.577001+00:00
300784,44.4100,43.1300,45.2800,42.7300,10339,45604912.00,5693,4646,1.8384,2026-06-06 12:02:19.577001+00:00
300786,17.7400,17.4300,18.1700,16.7000,103964,182043968.00,55645,48320,5.6497,2026-06-06 12:02:19.577001+00:00
300787,9.4800,9.3800,9.7000,9.1400,51933,49092320.00,27931,24002,1.6569,2026-06-06 12:02:19.577001+00:00
300789,20.8100,20.5300,21.3400,20.1500,20898,43382232.00,10675,10223,1.4528,2026-06-06 12:02:19.577001+00:00
300791,16.9300,17.0900,17.4500,16.7500,23458,39994748.00,10966,12492,0.7599,2026-06-06 12:02:19.577001+00:00
300792,32.5200,33.3600,33.5600,31.8000,66936,217411088.00,33105,33832,2.8250,2026-06-06 12:02:19.577001+00:00
300793,13.3000,12.9900,13.5900,12.7000,85830,113382808.00,50559,35272,2.2554,2026-06-06 12:02:19.577001+00:00
300795,9.6100,9.4500,9.7200,9.3300,56386,53687188.00,27306,29080,1.8865,2026-06-06 12:02:19.577001+00:00
300797,13.9900,13.7500,14.2800,13.5000,32918,45879268.00,17872,15047,0.8601,2026-06-06 12:02:19.577001+00:00
300800,10.8400,10.4500,11.0400,10.3100,45752,49022668.00,25786,19966,1.9324,2026-06-06 12:02:19.577001+00:00
300801,25.5700,25.3500,25.9400,24.4600,51636,130592592.00,26724,24912,2.3640,2026-06-06 12:02:19.577001+00:00
300802,24.3500,23.7200,24.6800,23.3300,254115,613417280.00,127111,127004,8.9452,2026-06-06 12:02:19.577001+00:00
300803,83.9800,87.8700,87.9800,83.8800,182599,1561884160.00,91390,91210,2.9944,2026-06-06 12:02:19.577001+00:00
300804,39.4100,38.0700,39.5000,37.1200,13206,50864244.00,7014,6192,1.7846,2026-06-06 12:02:19.577001+00:00
300806,83.0800,83.2800,84.4300,81.0000,195623,1617812864.00,95398,100225,0.0000,2026-06-06 12:02:19.577001+00:00
300807,41.6300,41.9900,42.2600,41.1500,21290,88799408.00,11637,9653,0.0000,2026-06-06 12:02:19.577001+00:00
300808,24.4800,23.7800,26.0900,23.2500,38225,94783504.00,18933,19292,2.3891,2026-06-06 12:02:19.577001+00:00
300809,37.7900,37.2100,39.4900,36.0200,150900,569953408.00,74314,76586,5.9517,2026-06-06 12:02:19.577001+00:00
300810,26.5300,26.2700,27.0200,25.7100,27294,71934168.00,12925,14370,2.3121,2026-06-06 12:02:19.577001+00:00
300811,93.0000,86.0700,101.9900,84.0700,378700,3511403008.00,207724,170976,9.3312,2026-06-06 12:02:19.577001+00:00
300812,27.8000,26.0000,28.7400,24.3300,195528,520805280.00,108290,87238,9.9704,2026-06-06 12:02:19.577001+00:00
300813,20.8000,20.8800,21.2000,20.3700,18637,38720780.00,9209,9429,1.5377,2026-06-06 12:02:19.577001+00:00
300814,157.7900,154.5100,166.6000,147.0000,114985,1821318272.00,59596,55389,6.0066,2026-06-06 12:02:19.577001+00:00
300815,19.7000,19.4500,20.0500,19.1500,50740,99212840.00,26785,23956,1.2730,2026-06-06 12:02:19.577001+00:00
300816,86.9900,88.7900,88.9800,85.5000,19330,168612928.00,9907,9423,0.0000,2026-06-06 12:02:19.577001+00:00
300817,19.3000,18.3600,19.6400,17.9500,51212,96932024.00,28957,22255,2.3460,2026-06-06 12:02:19.577001+00:00
300818,23.2500,23.3100,23.8500,22.5100,50900,118097568.00,26762,24139,2.3199,2026-06-06 12:02:19.577001+00:00
300819,63.9200,64.4800,65.4800,62.5000,35880,229829232.00,16670,19210,0.0000,2026-06-06 12:02:19.577001+00:00
300820,66.0700,67.0000,69.9600,65.1100,63446,422704032.00,31528,31919,2.8547,2026-06-06 12:02:19.577001+00:00
300821,16.7500,16.6300,17.1600,16.4900,718694,1208151424.00,343455,375240,0.0000,2026-06-06 12:02:19.577001+00:00
300822,14.0000,13.9700,14.2900,13.3800,35247,49033420.00,17826,17422,1.1314,2026-06-06 12:02:19.577001+00:00
300823,16.7600,16.1900,17.0400,15.8200,38697,63696476.00,21183,17514,2.9544,2026-06-06 12:02:19.577001+00:00
300824,8.2800,8.2000,8.4300,8.0800,37725,31101128.00,21432,16293,1.1560,2026-06-06 12:02:19.577001+00:00
300825,13.9900,14.3200,14.6200,12.9800,448406,616552512.00,214348,234059,9.0609,2026-06-06 12:02:19.577001+00:00
300826,18.3300,19.1900,19.4000,18.2800,84329,158681552.00,38412,45917,4.7823,2026-06-06 12:02:19.577001+00:00
300827,29.9200,31.1000,31.1900,29.7600,171629,517450784.00,89332,82298,3.0830,2026-06-06 12:02:19.577001+00:00
300828,19.7300,19.5100,19.9000,18.9100,44996,87679944.00,24267,20729,2.7037,2026-06-06 12:02:19.577001+00:00
300830,9.0600,8.9500,9.2500,8.7600,117573,106071208.00,63547,54027,2.6032,2026-06-06 12:02:19.577001+00:00
300831,20.9200,20.3600,21.8700,19.9600,208555,437649856.00,121451,87105,0.0000,2026-06-06 12:02:19.577001+00:00
300832,44.4800,43.9500,44.8100,43.3700,42492,187803392.00,25685,16808,0.5408,2026-06-06 12:02:19.577001+00:00
300833,34.3300,33.7100,35.0400,33.2600,10750,36913884.00,5406,5344,0.8499,2026-06-06 12:02:19.577001+00:00
300834,48.6700,48.4200,49.9900,47.6000,38888,189840176.00,20329,18560,2.0075,2026-06-06 12:02:19.577001+00:00
300835,211.0000,183.7700,218.0000,181.1100,100340,2046210816.00,55849,44492,8.4144,2026-06-06 12:02:19.577001+00:00
300836,69.6100,68.6000,71.3000,66.1000,22247,153467472.00,11007,11240,0.0000,2026-06-06 12:02:19.577001+00:00
300837,28.1000,28.1800,28.6900,27.3300,21120,59216696.00,10388,10732,2.1119,2026-06-06 12:02:19.577001+00:00
300838,16.1900,16.4800,16.7500,15.5900,47439,76929440.00,24141,23298,3.4382,2026-06-06 12:02:19.577001+00:00
300839,15.3200,15.5000,15.6900,14.9000,61360,93900968.00,29071,32289,2.0803,2026-06-06 12:02:19.577001+00:00
300840,22.4300,21.9000,23.3000,21.5100,94753,213197392.00,50333,44420,3.9480,2026-06-06 12:02:19.577001+00:00
300841,45.9600,45.5200,46.4900,45.5100,17556,80655032.00,9987,7570,1.3510,2026-06-06 12:02:19.577001+00:00
300842,82.0300,82.0700,86.1600,78.1900,87592,712467968.00,42862,44730,6.0292,2026-06-06 12:02:19.577001+00:00
300843,89.1200,89.4900,93.0900,87.8600,60560,548339968.00,28805,31756,3.6993,2026-06-06 12:02:19.577001+00:00
300844,25.9400,25.5800,26.4500,25.0500,20134,51980812.00,11392,8742,2.1600,2026-06-06 12:02:19.577001+00:00
300845,14.4800,14.0100,14.7500,13.5400,79623,113372296.00,42329,37295,3.8719,2026-06-06 12:02:19.577001+00:00
300846,22.9800,23.8900,23.8900,22.9100,312417,727278272.00,146176,166241,6.1954,2026-06-06 12:02:19.577001+00:00
300847,14.9400,14.8000,15.0400,14.6500,50270,74534344.00,19628,30643,1.6983,2026-06-06 12:02:19.577001+00:00
300848,14.3000,14.0500,14.5000,13.7100,58515,82995944.00,27323,31192,1.3675,2026-06-06 12:02:19.577001+00:00
300850,30.3800,31.3300,31.5200,30.0200,118761,361836736.00,58491,60271,2.8680,2026-06-06 12:02:19.577001+00:00
300851,26.0800,25.7900,26.6800,25.0200,23352,60377420.00,13070,10282,2.6862,2026-06-06 12:02:19.577001+00:00
300852,50.7500,50.0600,52.7200,48.0800,108766,551869504.00,57469,51298,6.7758,2026-06-06 12:02:19.577001+00:00
300853,38.8300,37.4500,39.4000,36.7600,75038,287520800.00,40243,34795,5.1064,2026-06-06 12:02:19.577001+00:00
300854,29.5500,29.5800,30.4200,28.6000,63555,187765712.00,30216,33339,0.0000,2026-06-06 12:02:19.577001+00:00
300855,33.7800,33.4500,34.6900,32.3500,97468,325940032.00,49111,48357,2.4642,2026-06-06 12:02:19.577001+00:00
300856,11.6100,11.5900,11.8000,11.3300,55161,63975712.00,29042,26119,1.1596,2026-06-06 12:02:19.577001+00:00
300857,228.4700,238.0000,239.9100,226.7100,222129,5200040960.00,102495,119634,4.5391,2026-06-06 12:02:19.577001+00:00
300858,15.5800,15.4000,16.0800,15.4000,69947,109527232.00,36133,33815,2.6546,2026-06-06 12:02:19.577001+00:00
300861,18.4500,18.4000,19.1800,17.6500,189691,348861248.00,99429,90262,2.8235,2026-06-06 12:02:19.577001+00:00
300862,22.6700,22.5000,23.3300,21.8900,55822,126656864.00,28535,27287,3.0237,2026-06-06 12:02:19.577001+00:00
300863,68.1000,72.7500,72.7500,67.7000,160857,1115794048.00,70624,90234,0.0000,2026-06-06 12:02:19.577001+00:00
300864,22.4800,21.5500,22.9100,21.5500,24089,53965340.00,13460,10630,1.5255,2026-06-06 12:02:19.577001+00:00
300865,26.1600,25.5100,26.5800,25.0300,22359,57862700.00,11897,10463,0.0000,2026-06-06 12:02:19.577001+00:00
300866,112.1900,116.4400,118.4400,111.8000,57730,658708160.00,30124,27607,1.0765,2026-06-06 12:02:19.577001+00:00
300867,21.8500,21.8000,22.3800,20.9300,115151,249227072.00,58859,56292,4.2375,2026-06-06 12:02:19.577001+00:00
300868,121.4300,128.5200,129.9000,120.4200,53469,658671552.00,25218,28251,0.0000,2026-06-06 12:02:19.577001+00:00
300869,11.2300,11.1800,11.3700,11.1100,30165,33888144.00,14976,15189,0.7507,2026-06-06 12:02:19.577001+00:00
300870,267.4200,275.6100,278.4900,265.3500,35154,952662464.00,15380,19774,2.3030,2026-06-06 12:02:19.577001+00:00
300871,20.4000,20.4000,20.4700,19.9100,44346,89721424.00,23596,20750,2.1977,2026-06-06 12:02:19.577001+00:00
300872,19.0900,19.1600,19.5000,18.8500,156287,299670720.00,83091,73197,3.2018,2026-06-06 12:02:19.577001+00:00
300873,22.3600,20.8900,22.6600,20.5600,56195,122238504.00,31718,24477,2.4369,2026-06-06 12:02:19.577001+00:00
300875,32.9500,32.9500,33.2300,32.0800,25309,82879440.00,13473,11836,2.5351,2026-06-06 12:02:19.577001+00:00
300876,17.7700,17.8800,18.6100,17.4200,41735,75072880.00,21937,19798,2.7450,2026-06-06 12:02:19.577001+00:00
300878,28.7900,28.9200,29.7000,28.4400,21408,62092244.00,10639,10769,0.0000,2026-06-06 12:02:19.577001+00:00
300879,18.8500,18.7400,19.2500,18.2100,37664,70439792.00,19646,18018,1.8609,2026-06-06 12:02:19.577001+00:00
300880,21.4400,21.3300,21.8300,20.5500,55055,117005088.00,26578,28477,2.8213,2026-06-06 12:02:19.577001+00:00
300881,50.2200,49.4500,51.4700,48.4600,18962,94659248.00,9885,9077,1.7238,2026-06-06 12:02:19.577001+00:00
300882,16.0600,16.0000,16.3300,15.4500,38495,61244500.00,19798,18698,1.3450,2026-06-06 12:02:19.577001+00:00
300884,10.8800,10.6900,11.0800,10.5200,46841,50784380.00,22230,24612,1.8451,2026-06-06 12:02:19.577001+00:00
300885,27.2500,26.0100,27.6700,24.7900,145903,384993024.00,76437,69466,5.8796,2026-06-06 12:02:19.577001+00:00
002155,24.4500,24.7800,25.0200,24.2800,313648,773241024.00,151450,162198,2.0072,2026-06-06 12:02:19.577001+00:00
300887,8.3800,8.3200,8.6000,8.2000,102827,86317752.00,50347,52480,1.8842,2026-06-06 12:02:19.577001+00:00
300888,28.3100,28.2400,28.6400,28.1000,23568,66915356.00,12609,10960,0.4047,2026-06-06 12:02:19.577001+00:00
300889,24.5200,24.0700,25.0900,23.7500,73068,179093136.00,38258,34810,3.3178,2026-06-06 12:02:19.577001+00:00
300890,34.5700,34.3900,35.0300,33.0300,75945,260146288.00,38113,37832,6.3741,2026-06-06 12:02:19.577001+00:00
300891,6.9800,6.8300,7.0700,6.7100,63733,44004172.00,34254,29479,1.5933,2026-06-06 12:02:19.577001+00:00
300893,20.7900,20.8900,20.9700,20.1100,26535,54497884.00,12717,13818,0.5610,2026-06-06 12:02:19.577001+00:00
300894,8.9100,8.7300,9.0600,8.6000,42640,37774952.00,24460,18180,0.0000,2026-06-06 12:02:19.577001+00:00
300895,57.0500,58.0200,58.6700,56.5600,51216,294052320.00,23853,27364,3.6375,2026-06-06 12:02:19.577001+00:00
300896,98.8800,99.0300,102.0000,98.6000,30525,306006368.00,15186,15340,1.0088,2026-06-06 12:02:19.577001+00:00
300897,19.9800,22.2400,22.2400,19.7500,187649,380947168.00,78271,109378,9.5814,2026-06-06 12:02:19.577001+00:00
300899,31.8400,31.4400,32.6500,30.0000,14290,44865364.00,6909,7382,2.2404,2026-06-06 12:02:19.577001+00:00
300900,35.7100,35.5000,36.8400,34.6500,244711,876777408.00,125292,119419,7.4671,2026-06-06 12:02:19.577001+00:00
300902,15.0600,14.9000,15.3700,14.5600,27971,42020404.00,15827,12145,1.5385,2026-06-06 12:02:19.577001+00:00
300903,72.1000,73.0000,78.9700,71.4400,281715,2128549888.00,132546,149169,6.4705,2026-06-06 12:02:19.577001+00:00
300904,49.1400,48.9200,50.2400,47.0300,13509,65295676.00,6706,6803,1.8663,2026-06-06 12:02:19.577001+00:00
300905,61.7800,60.6900,64.6300,60.3500,100620,626711936.00,50660,49961,5.6207,2026-06-06 12:02:19.577001+00:00
300906,29.4800,29.5700,30.0200,28.6000,16720,49137844.00,8231,8490,2.0900,2026-06-06 12:02:19.577001+00:00
300909,46.0600,45.0000,46.9900,43.9000,43308,198297104.00,21834,21474,2.5037,2026-06-06 12:02:19.577001+00:00
300911,24.0800,23.5800,25.0100,23.5400,90285,218338528.00,49290,40995,4.9244,2026-06-06 12:02:19.577001+00:00
300912,27.3800,26.2900,27.8700,25.5300,65694,176662736.00,33021,32674,5.7685,2026-06-06 12:02:19.577001+00:00
300913,61.0000,62.0200,66.4400,60.7000,309309,1967740800.00,153126,156184,9.0235,2026-06-06 12:02:19.577001+00:00
300916,27.9300,28.2100,28.9600,26.6600,70419,195787120.00,38083,32337,4.8684,2026-06-06 12:02:19.577001+00:00
300917,28.3900,28.3300,29.5000,28.1000,95244,273241312.00,48855,46390,5.6357,2026-06-06 12:02:19.577001+00:00
300918,13.4500,13.3600,13.7800,12.9000,147176,196804080.00,72145,75032,2.9078,2026-06-06 12:02:19.577001+00:00
300919,48.5800,49.2500,49.8400,47.8000,142259,695343488.00,66206,76054,1.3649,2026-06-06 12:02:19.577001+00:00
300921,18.2900,18.2300,18.6200,17.4900,83876,152344336.00,42571,41306,3.2669,2026-06-06 12:02:19.577001+00:00
300922,24.4300,24.7400,26.0000,24.2300,95893,238347152.00,50979,44914,5.9616,2026-06-06 12:02:19.577001+00:00
300923,23.1600,22.3000,23.7000,22.0400,19123,43759704.00,10999,8124,2.4330,2026-06-06 12:02:19.577001+00:00
300925,18.0400,17.0800,19.3300,16.9100,340719,625310272.00,212633,128086,7.9476,2026-06-06 12:02:19.577001+00:00
300926,19.9600,19.9300,20.4000,19.5400,37970,75538704.00,18554,19416,0.0000,2026-06-06 12:02:19.577001+00:00
300928,32.1600,32.1000,33.0400,31.3800,14675,47280428.00,7514,7161,1.8344,2026-06-06 12:02:19.577001+00:00
300929,11.9100,11.5900,12.1500,11.3000,35352,41418828.00,21463,13889,2.6755,2026-06-06 12:02:19.577001+00:00
300930,39.8600,36.1400,39.8800,35.6800,109442,417225792.00,57687,51755,10.9442,2026-06-06 12:02:19.577001+00:00
300931,15.0000,15.0000,15.3000,14.7700,40190,60496312.00,20454,19736,1.6527,2026-06-06 12:02:19.577001+00:00
300932,9.5400,9.6300,9.7700,9.3400,94690,90311352.00,43736,50954,2.1129,2026-06-06 12:02:19.577001+00:00
300933,7.0400,7.0000,7.1900,6.7100,166007,115326968.00,79437,86570,3.0344,2026-06-06 12:02:19.577001+00:00
300935,35.9000,34.3700,37.2100,33.3100,26089,92259480.00,14248,11842,3.2845,2026-06-06 12:02:19.577001+00:00
300936,107.1000,110.0000,111.0100,106.5000,32972,358565088.00,13167,19806,0.0000,2026-06-06 12:02:19.577001+00:00
300938,53.3200,51.8000,54.1000,51.1000,110638,584869248.00,56150,54489,4.5442,2026-06-06 12:02:19.577001+00:00
300939,62.1900,62.7200,64.5000,61.0000,72813,457386144.00,35922,36891,6.0678,2026-06-06 12:02:19.577001+00:00
300941,15.8400,15.6300,16.1500,15.5300,39454,62528008.00,22571,16884,0.0000,2026-06-06 12:02:19.577001+00:00
300942,6.4600,6.4600,6.5500,6.3100,58497,37742064.00,33062,25435,0.0000,2026-06-06 12:02:19.577001+00:00
300943,38.4100,38.8700,41.5000,38.0100,116066,459153216.00,59509,56557,5.6945,2026-06-06 12:02:19.577001+00:00
300945,12.3600,12.3700,12.5700,12.2200,56456,69896912.00,28857,27599,2.1542,2026-06-06 12:02:19.577001+00:00
300946,48.6000,46.8800,49.1300,45.0000,27310,129286720.00,16295,11015,1.7506,2026-06-06 12:02:19.577001+00:00
300948,30.6900,29.7500,32.2000,29.7400,142506,440987072.00,73036,69471,0.0000,2026-06-06 12:02:19.577001+00:00
300949,24.1500,23.7100,24.4300,23.0300,15279,36452296.00,8032,7247,1.7562,2026-06-06 12:02:19.577001+00:00
300950,18.1600,17.9600,18.5000,17.5000,22063,39759824.00,11230,10833,1.4360,2026-06-06 12:02:19.577001+00:00
300951,42.7700,41.8800,43.8800,41.5800,45805,196687856.00,24003,21802,0.0000,2026-06-06 12:02:19.577001+00:00
300952,22.7400,22.7000,23.9300,21.1800,113678,255448256.00,57750,55928,4.7048,2026-06-06 12:02:19.577001+00:00
300953,145.4400,144.5100,151.2500,139.1300,100216,1452440320.00,51883,48334,4.1325,2026-06-06 12:02:19.577001+00:00
300955,41.3900,40.1800,42.9900,38.7300,33408,136640560.00,17945,15463,3.3143,2026-06-06 12:02:19.577001+00:00
300956,14.8500,15.3400,15.5000,14.8000,285042,430560096.00,131228,153814,13.2314,2026-06-06 12:02:19.577001+00:00
300957,34.4300,34.3900,35.3700,34.2100,60371,209268736.00,31009,29363,1.4252,2026-06-06 12:02:19.577001+00:00
300958,12.4800,12.3200,12.7100,12.0600,30103,37309508.00,15436,14668,1.9206,2026-06-06 12:02:19.577001+00:00
300960,18.2000,17.8200,18.4900,17.3100,17609,31621582.00,9213,8396,1.2191,2026-06-06 12:02:19.577001+00:00
300961,11.8100,11.6200,11.9600,11.3300,46451,54133140.00,23859,22592,2.6202,2026-06-06 12:02:19.577001+00:00
300962,13.3100,13.1400,13.4900,13.0500,24798,32939698.00,13095,11703,0.9393,2026-06-06 12:02:19.577001+00:00
300963,14.5300,14.2800,14.8000,14.0500,98700,143028016.00,51590,47111,2.1520,2026-06-06 12:02:19.577001+00:00
300964,113.8300,106.4000,115.3200,103.1600,93261,1025700224.00,49106,44155,12.2184,2026-06-06 12:02:19.577001+00:00
300965,50.0100,49.4800,50.7100,48.6900,16435,81868656.00,8922,7513,0.0000,2026-06-06 12:02:19.577001+00:00
300966,26.4700,26.1900,26.9900,25.5500,27217,71748088.00,15432,11786,2.3609,2026-06-06 12:02:19.577001+00:00
300967,17.7500,18.5000,18.9300,17.4700,174702,314869888.00,82132,92570,9.3139,2026-06-06 12:02:19.577001+00:00
300968,11.4000,11.1300,11.7500,10.8000,108216,122241736.00,58542,49674,2.6178,2026-06-06 12:02:19.577001+00:00
300971,21.5100,21.0200,21.8300,20.6200,34968,74550152.00,17976,16992,2.9735,2026-06-06 12:02:19.577001+00:00
002128,29.0200,29.5000,29.7300,28.8000,182778,534158464.00,76232,106547,0.6189,2026-06-06 12:02:19.577001+00:00
300972,185.0000,188.9900,192.8000,183.5000,21318,396705920.00,9417,11901,1.0803,2026-06-06 12:02:19.577001+00:00
300973,26.1800,26.0800,26.4700,25.7600,23549,61583580.00,13416,10133,1.3906,2026-06-06 12:02:19.577001+00:00
300975,44.8000,42.1400,45.2500,41.9000,1072827,4748148224.00,547818,525010,0.0000,2026-06-06 12:02:19.577001+00:00
300976,66.8700,61.5600,68.7900,60.8500,101801,670893760.00,58644,43158,5.4401,2026-06-06 12:02:19.577001+00:00
300977,17.9400,18.1900,18.5200,17.5100,22544,40645036.00,11773,10771,1.4809,2026-06-06 12:02:19.577001+00:00
300979,33.8500,33.5300,34.3000,33.5300,13997,47392240.00,7281,6716,0.0000,2026-06-06 12:02:19.577001+00:00
300980,27.7500,27.3900,28.4900,26.3300,59036,161771360.00,30495,28542,4.2760,2026-06-06 12:02:19.577001+00:00
300981,11.6300,11.7000,11.8500,11.4500,47028,54713372.00,21149,25880,1.0966,2026-06-06 12:02:19.577001+00:00
300982,20.5800,21.0900,21.4300,20.3800,63068,131151320.00,26281,36787,3.0473,2026-06-06 12:02:19.577001+00:00
300983,35.2600,35.8000,37.3400,35.1600,19617,70564264.00,10251,9366,0.0000,2026-06-06 12:02:19.577001+00:00
300985,25.7200,24.4800,26.8000,24.4500,77525,199153264.00,41032,36493,4.1566,2026-06-06 12:02:19.577001+00:00
300986,18.9700,18.8500,19.4200,18.2300,149962,281987488.00,76446,73517,0.0000,2026-06-06 12:02:19.577001+00:00
300988,17.5500,17.1100,17.9800,16.6800,62942,109373872.00,32505,30438,3.2045,2026-06-06 12:02:19.577001+00:00
300989,13.9200,13.6000,14.1800,13.3300,50958,70224240.00,27402,23556,2.4155,2026-06-06 12:02:19.577001+00:00
300990,81.5300,81.5100,82.4900,80.3600,45645,372283360.00,21780,23865,0.0000,2026-06-06 12:02:19.577001+00:00
300991,38.6000,40.3000,40.3000,38.4000,30796,120197168.00,14917,15880,2.1386,2026-06-06 12:02:19.577001+00:00
300992,26.5600,26.3600,27.0800,25.6400,16454,43375252.00,8699,7755,1.7257,2026-06-06 12:02:19.577001+00:00
300995,32.9800,32.7500,33.7500,31.3100,17479,56751960.00,9867,7612,2.0772,2026-06-06 12:02:19.577001+00:00
300996,11.5300,11.4400,11.8100,11.3500,74072,85714096.00,36693,37380,0.0000,2026-06-06 12:02:19.577001+00:00
300997,17.5700,17.2500,19.0000,17.2500,122698,221391104.00,60710,61989,0.0000,2026-06-06 12:02:19.577001+00:00
300998,26.2000,26.3600,27.5800,25.9400,28199,74702792.00,14145,14054,2.0558,2026-06-06 12:02:19.577001+00:00
300999,25.7100,25.5000,26.0500,25.5000,92212,237182192.00,48007,44205,0.1701,2026-06-06 12:02:19.577001+00:00
301000,32.3100,30.4100,33.0000,29.2000,110906,347953440.00,62662,48244,4.5599,2026-06-06 12:02:19.577001+00:00
301004,38.0400,35.7400,38.4900,35.7200,17779,66587252.00,9748,8031,1.2194,2026-06-06 12:02:19.577001+00:00
301005,104.1600,103.9900,106.6600,99.5800,127861,1328452736.00,63098,64763,6.8024,2026-06-06 12:02:19.577001+00:00
301006,14.9700,14.6100,15.2800,14.2400,23653,35012476.00,12951,10703,1.6982,2026-06-06 12:02:19.577001+00:00
301007,34.5800,34.1000,35.5500,32.5300,51056,173887728.00,25196,25860,0.0000,2026-06-06 12:02:19.577001+00:00
301008,25.2300,24.7300,25.7000,23.9000,49234,121931128.00,25199,24036,3.7594,2026-06-06 12:02:19.577001+00:00
301009,9.3000,9.0900,9.4100,9.0900,39954,37066228.00,21408,18546,1.4697,2026-06-06 12:02:19.577001+00:00
301010,19.4300,18.9800,19.7600,18.6600,21744,41911488.00,11118,10626,2.0133,2026-06-06 12:02:19.577001+00:00
301011,16.4500,16.0900,16.6200,15.9400,33216,53975296.00,18666,14551,2.1520,2026-06-06 12:02:19.577001+00:00
301012,30.6000,31.6900,31.7600,30.3500,99030,306356384.00,48134,50896,5.0279,2026-06-06 12:02:19.577001+00:00
301013,56.2300,57.0000,59.3600,54.7000,572833,3254973440.00,273498,299336,24.5070,2026-06-06 12:02:19.577001+00:00
301015,21.0800,20.7700,21.3900,20.7100,45402,95777208.00,24578,20824,0.8638,2026-06-06 12:02:19.577001+00:00
301016,15.4700,15.2300,15.6400,15.0500,38889,59924120.00,19116,19774,1.2719,2026-06-06 12:02:19.577001+00:00
301017,14.0500,14.0600,14.5500,13.8200,82884,116700992.00,41781,41103,2.0435,2026-06-06 12:02:19.577001+00:00
301018,97.4700,101.6100,102.9900,96.4300,127465,1269037952.00,54248,73217,0.0000,2026-06-06 12:02:19.577001+00:00
301019,20.7900,20.3500,21.1400,20.0600,14944,30886618.00,8142,6802,0.9059,2026-06-06 12:02:19.577001+00:00
301020,24.4000,24.2000,24.8800,23.5000,52345,126856912.00,24368,27977,3.5755,2026-06-06 12:02:19.577001+00:00
301021,94.8100,99.0000,101.0000,94.0800,91773,895198016.00,46940,44834,6.0033,2026-06-06 12:02:19.577001+00:00
301024,45.8800,45.5700,47.1500,43.6100,11662,53070184.00,5334,6329,1.8341,2026-06-06 12:02:19.577001+00:00
301026,22.8800,22.8300,23.5800,22.0000,91761,209236432.00,47592,44169,0.0000,2026-06-06 12:02:19.577001+00:00
301027,19.5300,19.3300,19.9800,19.0000,47159,91771608.00,24906,22254,3.2081,2026-06-06 12:02:19.577001+00:00
301028,18.3300,18.1800,18.6600,17.5000,85242,154867184.00,44668,40574,2.2196,2026-06-06 12:02:19.577001+00:00
301029,29.0000,28.5500,29.7100,26.4000,277332,777083328.00,143221,134111,4.3729,2026-06-06 12:02:19.577001+00:00
301030,13.4800,12.7300,13.5500,12.5000,97952,128162000.00,53881,44071,0.0000,2026-06-06 12:02:19.577001+00:00
301031,114.9300,112.4700,119.6600,109.3000,57166,658737664.00,32130,25037,3.9113,2026-06-06 12:02:19.577001+00:00
301032,11.1400,10.8600,11.3000,10.7100,40796,44960720.00,21415,19382,1.6918,2026-06-06 12:02:19.577001+00:00
301036,23.9000,23.3200,24.2800,22.6200,16098,37989496.00,9359,6739,1.6098,2026-06-06 12:02:19.577001+00:00
301038,19.6400,19.2700,20.0800,19.2200,50348,98875664.00,25638,24710,2.2569,2026-06-06 12:02:19.577001+00:00
301039,7.8800,7.8500,7.9900,7.8200,131018,103461704.00,68084,62934,0.6991,2026-06-06 12:02:19.577001+00:00
301040,30.6700,31.0000,31.6000,29.9200,42860,131810816.00,21743,21117,4.2860,2026-06-06 12:02:19.577001+00:00
301041,32.7500,31.8800,33.8000,31.2900,81440,265631968.00,39262,42178,7.6340,2026-06-06 12:02:19.577001+00:00
301043,44.6500,45.1300,46.0100,43.6000,8977,39977120.00,4636,4341,1.3201,2026-06-06 12:02:19.577001+00:00
301046,27.4100,25.7300,28.2000,24.8100,57825,154840816.00,32609,25216,3.4233,2026-06-06 12:02:19.577001+00:00
301047,61.1600,61.2900,61.9700,60.6900,7265,44571280.00,3471,3795,0.5973,2026-06-06 12:02:19.577001+00:00
301048,9.4800,9.3500,9.5800,9.3200,35237,33280778.00,17041,18196,0.6607,2026-06-06 12:02:19.577001+00:00
301049,21.0100,20.4900,21.5800,20.0000,17305,35848748.00,9623,7682,1.8360,2026-06-06 12:02:19.577001+00:00
301050,36.3900,35.6000,36.9900,34.9500,64886,234984864.00,36411,28475,2.6208,2026-06-06 12:02:19.577001+00:00
301053,42.1500,42.1000,43.2400,38.1800,51272,209250880.00,26744,24529,3.8876,2026-06-06 12:02:19.577001+00:00
301055,34.6000,34.1100,36.0000,33.5000,38943,134226736.00,20970,17973,2.4963,2026-06-06 12:02:19.577001+00:00
301056,13.0200,12.7800,13.2200,12.5500,25215,32476056.00,12100,13115,0.9451,2026-06-06 12:02:19.577001+00:00
301057,30.4800,31.0200,31.3000,29.7400,25171,76918880.00,12585,12586,2.1519,2026-06-06 12:02:19.577001+00:00
301058,8.7200,8.5700,8.8000,8.5400,44693,38796816.00,25143,19551,0.8724,2026-06-06 12:02:19.577001+00:00
301059,14.0900,14.0200,14.1800,13.7300,42126,58850380.00,22320,19807,1.8224,2026-06-06 12:02:19.577001+00:00
002145,4.4000,4.3600,4.4600,4.3500,459253,202283552.00,233597,225656,1.2064,2026-06-06 12:02:19.577001+00:00
301060,8.8400,8.7700,8.9300,8.6900,77588,68459520.00,37900,39688,1.9372,2026-06-06 12:02:19.577001+00:00
301061,41.4000,40.1800,42.0900,40.1800,22993,95080968.00,11823,11171,0.8085,2026-06-06 12:02:19.577001+00:00
301062,6.5500,6.5400,6.6600,6.3300,75462,49081720.00,38000,37462,1.7416,2026-06-06 12:02:19.577001+00:00
301063,19.7800,19.4800,20.0000,18.9900,21889,42822980.00,11967,9922,2.0974,2026-06-06 12:02:19.577001+00:00
301066,14.2300,14.0000,14.6000,13.7000,53445,75946720.00,29802,23644,2.2750,2026-06-06 12:02:19.577001+00:00
301067,36.0500,35.2800,37.3000,35.0000,51091,184548672.00,26450,24641,5.2543,2026-06-06 12:02:19.577001+00:00
301069,18.9000,18.3900,19.4700,17.8600,148330,278719456.00,79625,68706,3.2731,2026-06-06 12:02:19.577001+00:00
301070,97.0200,101.9800,102.2500,96.8800,31765,314228768.00,14887,16878,3.5205,2026-06-06 12:02:19.577001+00:00
301071,73.8200,77.7000,79.9900,73.2100,249462,1889608832.00,122083,127379,0.0000,2026-06-06 12:02:19.577001+00:00
301075,72.6700,72.7700,74.8500,71.6000,10070,73461024.00,5182,4888,1.2588,2026-06-06 12:02:19.577001+00:00
301076,29.5300,27.7200,31.1900,26.2900,105588,307383392.00,63218,42371,4.6444,2026-06-06 12:02:19.577001+00:00
301077,26.5900,26.7600,26.9400,26.0300,19003,50325180.00,10354,8649,1.1173,2026-06-06 12:02:19.577001+00:00
301079,36.1800,35.2000,36.7800,34.7000,63775,228705184.00,34755,29021,5.8546,2026-06-06 12:02:19.577001+00:00
301080,38.1000,37.8500,38.9900,37.6100,26747,102522920.00,14535,12213,1.5999,2026-06-06 12:02:19.577001+00:00
301081,18.1900,18.6300,18.8000,17.1200,115763,209131664.00,51978,63785,4.9538,2026-06-06 12:02:19.577001+00:00
301082,10.2900,10.1400,10.4800,10.0200,60891,62549952.00,32835,28056,2.0697,2026-06-06 12:02:19.577001+00:00
301083,14.9200,14.6700,15.2100,14.2500,25765,37965464.00,13070,12695,1.4486,2026-06-06 12:02:19.577001+00:00
301085,66.0000,66.1700,67.3600,63.0100,35609,231732544.00,17316,18293,4.1036,2026-06-06 12:02:19.577001+00:00
301086,149.5500,153.0200,158.0000,147.0000,32115,489497088.00,15989,16127,2.5516,2026-06-06 12:02:19.577001+00:00
301087,46.7700,46.2900,47.3600,46.0200,16856,78818232.00,9195,7662,0.7145,2026-06-06 12:02:19.577001+00:00
301090,7.0200,6.9400,7.1500,6.9100,85771,60457260.00,47089,38683,0.5825,2026-06-06 12:02:19.577001+00:00
301091,17.8200,17.8900,18.2300,17.4000,58276,103769960.00,31386,26891,1.1052,2026-06-06 12:02:19.577001+00:00
301092,47.0700,47.7000,48.3500,44.0000,42663,196841824.00,19973,22691,0.0000,2026-06-06 12:02:19.577001+00:00
301093,123.0000,125.8800,128.4900,122.0700,29059,361245344.00,11707,17352,0.0000,2026-06-06 12:02:19.577001+00:00
301095,98.6100,99.0000,104.8000,95.7000,109363,1090911616.00,53763,55600,5.4605,2026-06-06 12:02:19.577001+00:00
301096,58.7300,58.5700,59.5500,57.2300,30366,177379088.00,14662,15704,2.7800,2026-06-06 12:02:19.577001+00:00
301098,8.5000,8.9000,8.9000,8.4300,135955,117389248.00,71529,64427,6.7705,2026-06-06 12:02:19.577001+00:00
301099,79.8400,77.0200,82.8800,74.2300,181350,1430105856.00,90247,91104,12.3648,2026-06-06 12:02:19.577001+00:00
301100,16.0600,15.8000,16.2800,15.4700,17774,28279194.00,10136,7639,0.8887,2026-06-06 12:02:19.577001+00:00
301103,16.6100,16.4900,16.8100,16.2500,17403,28795378.00,8929,8474,1.1013,2026-06-06 12:02:19.577001+00:00
301106,23.3800,23.4700,24.3100,21.5200,73729,168667424.00,35310,38420,5.1573,2026-06-06 12:02:19.577001+00:00
301107,25.5100,24.4800,26.5600,24.4800,120798,308017344.00,60959,59839,8.4956,2026-06-06 12:02:19.577001+00:00
301109,13.9500,13.8500,14.1600,13.8300,49991,69988800.00,22890,27101,0.0000,2026-06-06 12:02:19.577001+00:00
301110,41.1900,41.0300,41.8400,39.5600,37688,153414928.00,19241,18447,0.0000,2026-06-06 12:02:19.577001+00:00
301111,28.8800,28.8500,30.0800,28.1000,87618,255798832.00,42723,44896,5.4761,2026-06-06 12:02:19.577001+00:00
301112,32.2600,30.5500,33.2500,30.1300,29453,94036376.00,16967,12487,2.6711,2026-06-06 12:02:19.577001+00:00
301113,18.5800,17.5500,18.8700,17.0700,21941,39307052.00,11845,10096,1.8547,2026-06-06 12:02:19.577001+00:00
301115,34.0900,35.0000,35.0000,33.4100,98425,336343232.00,46108,52318,0.0000,2026-06-06 12:02:19.577001+00:00
301117,26.5700,26.0100,27.0500,25.6700,53653,141623920.00,28596,25057,2.9669,2026-06-06 12:02:19.577001+00:00
301118,28.9200,28.5900,29.5100,27.6000,35872,103054640.00,18087,17785,3.2553,2026-06-06 12:02:19.577001+00:00
301119,34.0900,33.6800,34.8000,32.7700,14078,47510836.00,6740,7338,0.0000,2026-06-06 12:02:19.577001+00:00
301120,21.8800,21.8600,22.5000,21.6000,177676,392358336.00,81559,96117,0.0000,2026-06-06 12:02:19.577001+00:00
301121,38.3900,36.9000,38.9000,36.6600,17705,67279664.00,9975,7730,1.7915,2026-06-06 12:02:19.577001+00:00
301123,109.6000,109.9200,120.1500,108.0000,272286,3068012288.00,148903,123384,11.6044,2026-06-06 12:02:19.577001+00:00
301126,10.0600,9.8400,10.2500,9.8200,42579,42764224.00,21251,21328,2.0729,2026-06-06 12:02:19.577001+00:00
301127,13.4900,13.8000,13.8800,13.3900,127030,172553936.00,64618,62412,1.8845,2026-06-06 12:02:19.577001+00:00
301128,145.9800,137.1800,158.0000,135.5800,138584,2051409152.00,84817,53767,0.0000,2026-06-06 12:02:19.577001+00:00
301130,27.5500,27.3000,27.8500,26.6000,10853,29622062.00,5537,5317,1.4188,2026-06-06 12:02:19.577001+00:00
301131,37.1800,36.1100,37.9900,35.5700,12483,46068476.00,7064,5420,2.2837,2026-06-06 12:02:19.577001+00:00
301132,39.8100,38.8000,41.0800,37.5100,77126,304905888.00,37571,39556,5.2082,2026-06-06 12:02:19.577001+00:00
301135,18.2000,17.7700,18.4800,17.2200,20865,37440800.00,11787,9078,1.6076,2026-06-06 12:02:19.577001+00:00
301136,13.2200,13.2300,13.4300,12.9400,54244,71581144.00,29848,24397,1.9710,2026-06-06 12:02:19.577001+00:00
301137,38.6900,38.4000,39.2700,37.0000,48729,186118784.00,24999,23731,2.6802,2026-06-06 12:02:19.577001+00:00
301139,5.4100,5.6100,6.0600,5.3900,230094,131139736.00,91236,138858,0.0000,2026-06-06 12:02:19.577001+00:00
301141,49.1000,47.5000,50.6400,47.1800,33024,162400208.00,18179,14846,2.6625,2026-06-06 12:02:19.577001+00:00
301148,58.1000,55.9700,58.9700,53.6400,29823,168402192.00,15969,13854,0.0000,2026-06-06 12:02:19.577001+00:00
301149,11.4600,11.3200,11.7000,11.0500,81528,93056192.00,38759,42770,1.8960,2026-06-06 12:02:19.577001+00:00
301150,57.6500,58.6900,59.6600,56.7100,89288,519762144.00,47273,42016,0.0000,2026-06-06 12:02:19.577001+00:00
301151,18.2200,15.1800,18.2200,15.1700,96355,165980368.00,52691,43665,5.7013,2026-06-06 12:02:19.577001+00:00
301152,25.3000,25.2700,25.8100,24.3300,43113,108524504.00,20175,22939,3.6309,2026-06-06 12:02:19.577001+00:00
301155,51.1300,56.3800,56.5000,50.7200,87297,455641248.00,39020,48277,4.0157,2026-06-06 12:02:19.577001+00:00
301156,12.9900,12.7900,13.1000,12.4800,28341,36263960.00,16108,12233,1.5485,2026-06-06 12:02:19.577001+00:00
301157,70.0800,69.1800,71.2400,68.7000,14538,101740904.00,6855,7684,2.4230,2026-06-06 12:02:19.577001+00:00
301158,15.3600,15.3300,15.5500,14.9400,49130,75077960.00,26194,22937,2.5193,2026-06-06 12:02:19.577001+00:00
301159,33.9700,33.3700,34.4900,32.9700,17732,59907904.00,9169,8564,2.2924,2026-06-06 12:02:19.577001+00:00
002146,1.2700,1.2700,1.3200,1.2600,1010591,129916824.00,483134,527457,2.3242,2026-06-06 12:02:19.577001+00:00
301160,44.3500,43.0400,45.5000,40.6100,83989,365467712.00,45286,38703,5.1009,2026-06-06 12:02:19.577001+00:00
301162,41.5500,42.6400,42.8600,41.1500,32497,135409296.00,14615,17882,1.7408,2026-06-06 12:02:19.577001+00:00
301163,25.8900,25.3100,26.3900,24.7000,14927,38251436.00,8476,6451,1.8293,2026-06-06 12:02:19.577001+00:00
301165,63.7600,63.9000,67.0900,63.3100,114470,747100672.00,56810,57661,0.0000,2026-06-06 12:02:19.577001+00:00
301166,27.5200,27.0600,27.9500,26.7700,9691,26577380.00,4511,5180,1.1247,2026-06-06 12:02:19.577001+00:00
301168,42.4800,42.2600,42.7600,41.7000,21126,89471408.00,12639,8487,1.7605,2026-06-06 12:02:19.577001+00:00
301169,78.5600,78.5500,79.6400,75.0000,13070,102017976.00,5729,7342,0.0000,2026-06-06 12:02:19.577001+00:00
301170,25.4100,24.9500,25.5500,24.1800,12505,31240240.00,6222,6283,1.2505,2026-06-06 12:02:19.577001+00:00
301171,39.8300,43.9000,44.4000,39.4000,854434,3482918400.00,397733,456702,13.8141,2026-06-06 12:02:19.577001+00:00
301172,31.0900,31.4000,32.0500,30.7200,39807,124659824.00,19587,20221,2.3079,2026-06-06 12:02:19.577001+00:00
301175,5.6000,5.5700,5.6800,5.5200,148113,82993928.00,81072,67041,1.0063,2026-06-06 12:02:19.577001+00:00
301176,41.5400,41.2900,43.5700,40.0800,79715,332198944.00,39351,40364,0.0000,2026-06-06 12:02:19.577001+00:00
301177,23.8800,23.9500,24.3800,23.7600,12613,30334046.00,6261,6352,0.3151,2026-06-06 12:02:19.577001+00:00
301179,21.6200,22.0000,22.2500,21.2000,65591,142170320.00,34728,30863,1.6219,2026-06-06 12:02:19.577001+00:00
301180,14.8000,14.6400,15.1700,14.1600,51605,76125736.00,27256,24349,1.2901,2026-06-06 12:02:19.577001+00:00
301181,30.5800,30.6900,31.0500,29.7100,18897,57524096.00,8415,10482,1.2581,2026-06-06 12:02:19.577001+00:00
301182,85.4000,85.0600,86.5000,83.5500,29014,247353408.00,13479,15535,0.0000,2026-06-06 12:02:19.577001+00:00
301186,61.7500,61.9100,63.2700,60.3000,12072,74528928.00,6059,6014,0.0000,2026-06-06 12:02:19.577001+00:00
301187,17.3500,16.9600,17.7800,16.4000,28244,48400704.00,16917,11327,1.1079,2026-06-06 12:02:19.577001+00:00
301189,102.0000,99.7600,104.4800,97.6000,59200,599433024.00,28835,30366,0.0000,2026-06-06 12:02:19.577001+00:00
301191,135.8800,138.5000,140.8100,133.6700,45327,620159296.00,22155,23173,0.0000,2026-06-06 12:02:19.577001+00:00
301193,24.2500,21.2200,24.2500,20.3700,173550,391956448.00,100831,72719,7.2941,2026-06-06 12:02:19.577001+00:00
301195,27.6100,27.3000,28.0800,26.8200,15194,41615792.00,8008,7186,1.1505,2026-06-06 12:02:19.577001+00:00
301196,150.0000,136.0100,153.0000,132.6000,98622,1418168320.00,52416,46207,0.0000,2026-06-06 12:02:19.577001+00:00
301197,30.4600,30.6600,31.2500,29.8000,19717,60081768.00,9899,9818,0.0000,2026-06-06 12:02:19.577001+00:00
301199,20.1200,19.1800,20.4800,18.5500,37915,74749480.00,21114,16802,2.0311,2026-06-06 12:02:19.577001+00:00
301200,277.2000,291.0000,294.5000,276.1200,52395,1494079488.00,21040,31356,1.0715,2026-06-06 12:02:19.577001+00:00
301201,35.1800,35.8800,36.3200,34.7700,55386,195811632.00,25496,29890,3.5799,2026-06-06 12:02:19.577001+00:00
301203,43.8000,43.9400,45.6600,43.5300,7426,32938236.00,3265,4161,0.9283,2026-06-06 12:02:19.577001+00:00
301205,337.7400,331.0000,374.9000,328.0200,150891,5290740224.00,84704,66188,11.6299,2026-06-06 12:02:19.577001+00:00
301207,17.1400,17.2000,17.4200,16.8900,42461,72869032.00,20061,22401,0.7065,2026-06-06 12:02:19.577001+00:00
301210,27.4500,26.4200,28.5000,25.3200,53107,143118928.00,27355,25752,3.3097,2026-06-06 12:02:19.577001+00:00
301211,9.8000,9.6500,9.9100,9.6500,25397,24875304.00,13821,11576,0.6082,2026-06-06 12:02:19.577001+00:00
301212,27.1700,26.7900,27.9400,25.7700,17363,46801236.00,9405,7959,1.6077,2026-06-06 12:02:19.577001+00:00
301213,46.8900,45.6600,47.3000,44.7300,17132,79375712.00,8655,8478,1.5296,2026-06-06 12:02:19.577001+00:00
301215,5.6100,5.6000,5.6900,5.5400,91566,51316804.00,44854,46712,0.6916,2026-06-06 12:02:19.577001+00:00
301216,24.7400,24.4000,24.8300,23.6000,94799,230801392.00,55011,39788,0.0000,2026-06-06 12:02:19.577001+00:00
301217,111.2600,107.0100,116.6600,107.0000,310968,3485365504.00,154363,156605,0.0000,2026-06-06 12:02:19.577001+00:00
301218,42.3700,43.3500,43.9900,42.1000,95587,410760192.00,45004,50584,8.3819,2026-06-06 12:02:19.577001+00:00
301219,56.5800,57.6000,58.3200,56.1600,76884,439674144.00,40669,36216,2.0083,2026-06-06 12:02:19.577001+00:00
301221,30.8500,30.3700,31.6500,29.3000,29662,90258792.00,15329,14333,2.2875,2026-06-06 12:02:19.577001+00:00
301222,33.9300,33.0000,34.1400,30.5000,64819,212823952.00,33497,31323,0.0000,2026-06-06 12:02:19.577001+00:00
301223,16.9700,16.7900,17.1000,16.5100,12653,21306846.00,6304,6349,0.6552,2026-06-06 12:02:19.577001+00:00
301225,95.0000,93.9300,99.0900,92.0000,29829,282804992.00,14500,15329,2.8854,2026-06-06 12:02:19.577001+00:00
301226,35.6400,34.5400,36.2000,33.4900,48792,169874832.00,25334,23459,4.4846,2026-06-06 12:02:19.577001+00:00
301227,22.6900,22.4900,22.8900,22.1100,13472,30340294.00,7061,6412,1.0248,2026-06-06 12:02:19.577001+00:00
301228,75.1300,75.0000,77.9900,73.8700,51085,390327424.00,27351,23734,0.0000,2026-06-06 12:02:19.577001+00:00
301230,33.1800,35.0000,35.0900,33.1100,52440,176765648.00,23140,29301,3.7568,2026-06-06 12:02:19.577001+00:00
301232,129.9900,128.0000,135.0000,123.5500,72745,944692992.00,38485,34261,6.9195,2026-06-06 12:02:19.577001+00:00
301233,55.0400,55.3500,55.8100,52.6300,11687,63580292.00,5987,5701,2.2706,2026-06-06 12:02:19.577001+00:00
301235,69.4000,71.3300,73.3600,67.5600,57888,402980448.00,25722,32167,0.0000,2026-06-06 12:02:19.577001+00:00
301236,41.8000,41.2400,43.8600,41.2400,551867,2342815232.00,272632,279236,5.3311,2026-06-06 12:02:19.577001+00:00
301238,23.0200,23.6300,23.9000,22.8200,225044,523100928.00,101621,123424,3.0688,2026-06-06 12:02:19.577001+00:00
301246,28.8000,29.6100,30.0500,28.6000,132829,386958528.00,70109,62721,3.3207,2026-06-06 12:02:19.577001+00:00
301248,71.8200,73.8100,73.8200,71.0000,42611,308018880.00,20035,22577,2.7723,2026-06-06 12:02:19.577001+00:00
301251,47.6400,47.5000,49.7600,45.9100,73372,349848864.00,35269,38103,3.8911,2026-06-06 12:02:19.577001+00:00
301256,11.7100,11.6800,11.9200,11.1900,83868,98035792.00,41274,42594,1.7472,2026-06-06 12:02:19.577001+00:00
301257,41.5600,41.1100,44.1300,41.1100,28180,119456544.00,14956,13225,3.5669,2026-06-06 12:02:19.577001+00:00
301258,25.6200,25.6000,25.9500,24.7500,9477,24165224.00,4614,4863,1.0338,2026-06-06 12:02:19.577001+00:00
301259,23.4000,23.3300,24.1000,22.8000,36006,84167872.00,16465,19542,1.5918,2026-06-06 12:02:19.577001+00:00
301260,16.1100,15.2300,16.5400,14.9000,71779,113532344.00,43066,28714,1.4850,2026-06-06 12:02:19.577001+00:00
301261,88.6100,82.3900,92.9900,77.5800,62874,537274176.00,35153,27722,7.1537,2026-06-06 12:02:19.577001+00:00
301263,19.6300,19.1600,20.0000,18.7000,126473,246119952.00,64213,62261,2.4770,2026-06-06 12:02:19.577001+00:00
301265,26.5500,26.6700,27.1200,26.0600,61935,164148304.00,26182,35753,2.0442,2026-06-06 12:02:19.577001+00:00
301266,25.8800,26.0000,26.5300,25.2800,63041,163330784.00,27866,35176,4.4092,2026-06-06 12:02:19.577001+00:00
301267,16.6800,16.7100,16.8800,16.5300,38267,63959176.00,20116,18152,0.4556,2026-06-06 12:02:19.577001+00:00
301268,17.3700,16.5100,17.6400,16.0900,83398,142551504.00,44845,38553,2.0829,2026-06-06 12:02:19.577001+00:00
301269,98.7300,102.9900,103.8100,98.1000,208230,2086933760.00,95599,112632,3.8177,2026-06-06 12:02:19.577001+00:00
301273,47.8800,47.8000,48.9400,45.9000,22174,105631048.00,11047,11128,0.0000,2026-06-06 12:02:19.577001+00:00
301275,42.9600,42.6000,43.6700,41.8100,56036,239006368.00,29557,26479,1.3266,2026-06-06 12:02:19.577001+00:00
301277,9.4400,9.3900,9.5700,9.3100,21688,20443778.00,11665,10023,0.5532,2026-06-06 12:02:19.577001+00:00
301278,34.7400,33.8200,35.3700,33.2100,22161,76345176.00,10652,11510,2.4703,2026-06-06 12:02:19.577001+00:00
301280,41.8500,42.1900,43.5800,41.5200,29826,125812896.00,13884,15943,0.0000,2026-06-06 12:02:19.577001+00:00
301281,43.5000,46.1000,46.8900,42.9200,63795,282739552.00,26694,37101,5.8911,2026-06-06 12:02:19.577001+00:00
301282,31.3000,30.6700,32.0100,30.0000,245412,761168576.00,109188,136224,11.6345,2026-06-06 12:02:19.577001+00:00
301285,111.6700,113.2100,116.8700,110.6300,33515,381813472.00,16931,16584,1.6217,2026-06-06 12:02:19.577001+00:00
301286,62.0300,61.2500,63.2000,59.9000,51105,316192320.00,26603,24503,1.2773,2026-06-06 12:02:19.577001+00:00
301287,36.6100,35.1100,37.5000,34.8800,12741,46151436.00,8096,4645,1.9111,2026-06-06 12:02:19.577001+00:00
301288,19.0500,18.1500,19.1300,18.0600,34506,64066200.00,18038,16468,3.1947,2026-06-06 12:02:19.577001+00:00
301289,51.5000,47.7000,53.6500,46.5100,32531,165618112.00,19578,12954,4.1706,2026-06-06 12:02:19.577001+00:00
301291,49.9900,52.1800,52.5000,49.2800,104577,526449568.00,49620,54957,3.3358,2026-06-06 12:02:19.577001+00:00
301292,65.3300,67.0000,67.7900,64.9700,104190,688456960.00,52600,51591,4.6765,2026-06-06 12:02:19.577001+00:00
301301,8.5700,8.6800,8.6900,8.5100,74923,64396648.00,41244,33680,0.3360,2026-06-06 12:02:19.577001+00:00
301302,25.1000,25.2900,26.0500,24.0100,80967,202404768.00,40342,40625,5.1947,2026-06-06 12:02:19.577001+00:00
301303,16.8800,15.9600,17.7700,15.9600,360697,612915968.00,225550,135148,8.8233,2026-06-06 12:02:19.577001+00:00
301305,30.7000,31.5000,32.1800,29.9300,138880,426862624.00,60812,78069,5.7398,2026-06-06 12:02:19.577001+00:00
301306,134.9000,134.0600,139.8800,130.3400,58980,800008000.00,31427,27553,6.9882,2026-06-06 12:02:19.577001+00:00
301307,59.5300,59.0100,62.3300,58.1500,72550,438608352.00,36987,35563,3.4449,2026-06-06 12:02:19.577001+00:00
301308,520.0100,540.0100,545.1000,520.0000,213781,11373175808.00,86031,127751,5.0532,2026-06-06 12:02:19.577001+00:00
301309,31.7800,31.7500,32.2900,30.8400,10271,32433554.00,5809,4462,0.0000,2026-06-06 12:02:19.577001+00:00
301310,33.3300,33.3900,33.9000,32.2300,57778,191092624.00,28949,28829,3.0257,2026-06-06 12:02:19.577001+00:00
301312,86.5200,88.1400,89.9300,85.8800,71337,626932672.00,31144,40194,0.0000,2026-06-06 12:02:19.577001+00:00
301313,49.1700,48.3800,51.0100,44.3600,191577,904934976.00,88895,102682,18.5182,2026-06-06 12:02:19.577001+00:00
301314,51.9000,47.3100,52.6500,45.8200,32109,160180240.00,18727,13382,5.8116,2026-06-06 12:02:19.577001+00:00
301316,41.1100,41.0000,41.8800,39.2300,186788,758748160.00,100783,86006,4.6235,2026-06-06 12:02:19.577001+00:00
301317,63.9800,66.7800,67.3900,63.2000,30051,194132080.00,14496,15555,0.0000,2026-06-06 12:02:19.577001+00:00
301318,21.8200,21.5200,22.3600,21.2100,12235,26647800.00,6403,5833,0.9043,2026-06-06 12:02:19.577001+00:00
301319,119.7700,125.1200,132.7900,118.3100,177361,2206375680.00,86290,91072,0.0000,2026-06-06 12:02:19.577001+00:00
301320,15.9200,15.2700,16.5800,15.2700,76790,123923560.00,42643,34147,4.2190,2026-06-06 12:02:19.577001+00:00
301322,47.9400,47.0000,48.8900,45.8000,60099,285452704.00,29000,31100,0.0000,2026-06-06 12:02:19.577001+00:00
301323,83.2400,81.1800,85.7800,79.0000,29140,241666640.00,16352,12788,2.7598,2026-06-06 12:02:19.577001+00:00
301325,43.5000,43.5000,44.8400,40.6800,48030,205505184.00,24356,23675,3.3379,2026-06-06 12:02:19.577001+00:00
301326,147.9700,146.1200,155.9900,145.0000,27320,410487424.00,14726,12595,3.7574,2026-06-06 12:02:19.577001+00:00
301327,53.3800,54.6200,54.8500,53.1300,20194,108273056.00,9318,10877,1.1580,2026-06-06 12:02:19.577001+00:00
301328,57.7000,56.1000,58.4000,55.1000,38195,218431168.00,20417,17778,0.0000,2026-06-06 12:02:19.577001+00:00
301329,29.6100,31.6100,31.6500,29.1300,190623,571650368.00,81844,108779,11.1999,2026-06-06 12:02:19.577001+00:00
301330,26.5200,26.4400,27.0500,25.8100,28259,74849808.00,14361,13898,1.2007,2026-06-06 12:02:19.577001+00:00
301331,23.9100,23.9100,24.4500,23.5200,19377,46494004.00,10065,9312,1.8832,2026-06-06 12:02:19.577001+00:00
301332,8.3500,8.2400,8.4300,8.1600,22365,18547380.00,11516,10849,0.4845,2026-06-06 12:02:19.577001+00:00
301333,46.4900,46.5900,48.5000,46.1200,14315,67132384.00,6625,7690,1.4822,2026-06-06 12:02:19.577001+00:00
301337,24.4200,24.2900,24.7800,23.4300,17098,41253336.00,9749,7349,1.6409,2026-06-06 12:02:19.577001+00:00
301338,258.0300,246.1800,269.9500,237.0000,60870,1549145216.00,29258,31612,0.0000,2026-06-06 12:02:19.577001+00:00
301339,11.4100,11.3600,11.5800,11.1700,38218,43506368.00,20042,18176,0.6586,2026-06-06 12:02:19.577001+00:00
301349,57.2600,57.8600,58.9200,56.7200,58556,337181792.00,31067,27490,0.0000,2026-06-06 12:02:19.577001+00:00
301353,19.7700,19.3000,20.0300,18.9400,14408,28151996.00,7510,6898,1.1343,2026-06-06 12:02:19.577001+00:00
301357,91.0300,91.2000,91.8800,89.7100,11304,102687280.00,6788,4517,0.0000,2026-06-06 12:02:19.577001+00:00
301358,72.3200,74.3500,75.0900,71.1100,293148,2140319872.00,146329,146819,3.4760,2026-06-06 12:02:19.577001+00:00
301360,80.0900,80.0000,84.4500,78.0800,46953,381082464.00,24717,22236,0.0000,2026-06-06 12:02:19.577001+00:00
301361,35.5200,35.2000,36.1100,34.5000,26313,93277168.00,12123,14191,0.0000,2026-06-06 12:02:19.577001+00:00
301363,26.0800,27.6000,27.8800,25.7000,153524,405453856.00,77730,75795,2.6987,2026-06-06 12:02:19.577001+00:00
301365,30.9600,30.3400,30.9900,29.3500,25906,78591568.00,14663,11243,1.4392,2026-06-06 12:02:19.577001+00:00
301366,48.4100,50.3000,51.7000,48.0600,204163,1009791936.00,94299,109864,9.7436,2026-06-06 12:02:19.577001+00:00
301369,183.0400,186.6800,192.5000,182.5500,20458,380548608.00,9458,11000,1.9997,2026-06-06 12:02:19.577001+00:00
301372,35.3500,35.2000,36.0300,34.1600,14514,51160424.00,6344,8171,2.1166,2026-06-06 12:02:19.577001+00:00
301373,132.6200,143.0000,147.5100,130.0100,87212,1173450496.00,36244,50968,0.0000,2026-06-06 12:02:19.577001+00:00
301376,17.5300,18.0500,18.3700,17.3700,33254,59064800.00,15699,17556,0.8263,2026-06-06 12:02:19.577001+00:00
301377,395.9100,408.5000,425.8000,390.3200,56730,2309719040.00,26706,30024,0.0000,2026-06-06 12:02:19.577001+00:00
301380,31.2300,30.9500,31.7700,30.5100,16894,52745140.00,8738,8156,1.6662,2026-06-06 12:02:19.577001+00:00
301381,17.4100,17.5600,17.8000,17.2800,36026,62971588.00,17745,18282,0.0000,2026-06-06 12:02:19.577001+00:00
301382,39.4900,40.0000,40.5800,38.7300,80455,318552128.00,40236,40220,2.8171,2026-06-06 12:02:19.577001+00:00
301383,28.8100,28.8200,29.8900,28.7500,26431,77191056.00,12708,13724,1.6179,2026-06-06 12:02:19.577001+00:00
301386,22.3000,22.3000,22.5500,21.5100,17573,38826416.00,7928,9645,1.2552,2026-06-06 12:02:19.577001+00:00
301387,97.0600,91.8800,100.8500,88.0000,50951,494309184.00,27422,23529,0.0000,2026-06-06 12:02:19.577001+00:00
301388,27.5500,26.7000,28.0700,26.4100,17976,49068780.00,9872,8105,1.7547,2026-06-06 12:02:19.577001+00:00
301390,32.3500,31.4700,32.7100,30.5800,10040,31933388.00,5198,4842,1.6733,2026-06-06 12:02:19.577001+00:00
301392,168.2000,171.5900,178.8400,161.0000,68262,1158676224.00,34068,34195,6.8262,2026-06-06 12:02:19.577001+00:00
301393,53.9800,54.6200,55.0000,53.2000,9873,53297344.00,5120,4753,0.9142,2026-06-06 12:02:19.577001+00:00
301396,164.4000,169.9200,177.3000,162.9500,123469,2076938496.00,60256,63213,5.7448,2026-06-06 12:02:19.577001+00:00
301397,30.8500,30.8200,31.5200,30.2300,25024,77420040.00,11765,13260,1.6076,2026-06-06 12:02:19.577001+00:00
301398,39.6800,38.3400,40.6500,37.0300,20227,79126944.00,11435,8792,1.8060,2026-06-06 12:02:19.577001+00:00
301408,16.2700,16.9800,17.0800,16.1200,131369,216175488.00,61838,69531,3.2841,2026-06-06 12:02:19.577001+00:00
301413,90.2500,87.5000,95.0000,83.2600,78017,694514560.00,42974,35044,6.0988,2026-06-06 12:02:19.577001+00:00
301418,47.4500,41.6600,47.5000,40.0300,109177,480530240.00,58587,50590,14.8878,2026-06-06 12:02:19.577001+00:00
301419,47.0800,46.0300,49.6700,45.8000,131383,623493184.00,60997,70387,8.7589,2026-06-06 12:02:19.577001+00:00
301421,95.8100,93.0000,98.4000,90.8700,69556,659513536.00,33417,36140,6.0108,2026-06-06 12:02:19.577001+00:00
301428,35.5700,36.4300,36.6000,35.5300,67346,242800272.00,32534,34813,6.8256,2026-06-06 12:02:19.577001+00:00
301439,20.1500,21.0900,21.7700,19.9500,326434,672826560.00,155198,171237,0.0000,2026-06-06 12:02:19.577001+00:00
301446,46.2600,43.6800,46.8800,43.3100,22000,100198528.00,12634,9366,2.1154,2026-06-06 12:02:19.577001+00:00
301449,62.1200,61.9500,62.7400,60.6700,7442,46034960.00,3427,4015,1.1411,2026-06-06 12:02:19.577001+00:00
301456,26.7400,26.6100,27.0000,25.9900,25207,66971648.00,13407,11801,0.0000,2026-06-06 12:02:19.577001+00:00
301458,63.5200,55.3900,65.8200,55.1900,312053,1882065408.00,165903,146151,11.7020,2026-06-06 12:02:19.577001+00:00
301468,52.3700,51.9700,54.0000,51.9300,182387,961960256.00,94126,88262,10.7827,2026-06-06 12:02:19.577001+00:00
301469,31.8300,30.9300,32.2400,30.3200,13420,42191828.00,6965,6455,1.4998,2026-06-06 12:02:19.577001+00:00
301479,67.8000,67.2100,69.7500,65.7900,30881,209344464.00,14636,16245,2.4794,2026-06-06 12:02:19.577001+00:00
301486,225.6800,235.6000,238.7500,222.4300,102179,2374723840.00,48191,53989,7.9405,2026-06-06 12:02:19.577001+00:00
301487,23.4400,23.2500,24.1000,21.8000,221344,506514016.00,117857,103488,4.8158,2026-06-06 12:02:19.577001+00:00
301489,152.2100,150.0000,155.3900,146.4700,79231,1205480448.00,38531,40700,0.0000,2026-06-06 12:02:19.577001+00:00
301491,42.8700,42.9900,43.8300,42.1400,7824,33623128.00,3404,4421,0.6065,2026-06-06 12:02:19.577001+00:00
301498,41.9000,41.8900,42.7800,41.1300,47914,200820736.00,23972,23943,1.1964,2026-06-06 12:02:19.577001+00:00
301499,34.1900,32.9100,35.8700,32.4700,56033,194592848.00,31719,24314,4.0529,2026-06-06 12:02:19.577001+00:00
301500,25.6800,25.9100,26.2800,25.5400,93561,241892880.00,42462,51099,0.0000,2026-06-06 12:02:19.577001+00:00
301502,81.6800,79.9700,83.9700,77.7000,11106,89874808.00,5956,5151,0.0000,2026-06-06 12:02:19.577001+00:00
301503,31.3000,31.0400,31.8300,30.1000,10706,33212302.00,5461,5245,1.3382,2026-06-06 12:02:19.577001+00:00
301505,19.4800,19.1500,19.7300,19.0600,23649,45827536.00,13149,10501,2.0672,2026-06-06 12:02:19.577001+00:00
301507,12.6200,12.4400,12.8000,12.4400,26875,33956008.00,12825,14050,0.7537,2026-06-06 12:02:19.577001+00:00
301508,25.4300,25.1200,25.7600,24.7600,13943,35135860.00,7448,6496,0.6167,2026-06-06 12:02:19.577001+00:00
301509,27.4400,28.0000,28.3500,27.2000,20235,56043452.00,9691,10545,1.6800,2026-06-06 12:02:19.577001+00:00
301510,35.0000,33.7100,36.0400,32.7000,169348,583701952.00,92387,76961,4.2336,2026-06-06 12:02:19.577001+00:00
301511,119.5000,117.7300,125.0000,115.1000,340889,4103096832.00,162949,177941,5.4082,2026-06-06 12:02:19.577001+00:00
301512,55.5000,52.6600,56.9900,50.5100,21850,118429560.00,12164,9687,4.0969,2026-06-06 12:02:19.577001+00:00
301513,68.6100,66.0000,69.4200,63.0000,31176,207945040.00,17789,13387,3.1176,2026-06-06 12:02:19.577001+00:00
301516,16.9200,16.7800,17.2200,16.1600,67655,112949216.00,35844,31812,2.4102,2026-06-06 12:02:19.577001+00:00
301517,55.6500,54.9900,56.8800,53.4000,59641,330716864.00,29577,30065,3.9435,2026-06-06 12:02:19.577001+00:00
301518,30.8800,29.7900,31.5000,29.7300,26474,81740864.00,14184,12290,1.8199,2026-06-06 12:02:19.577001+00:00
301519,13.3000,12.6000,13.6200,12.5700,56268,74179584.00,27886,28382,3.4810,2026-06-06 12:02:19.577001+00:00
301520,36.1800,35.6000,36.6500,35.5200,4954,17875520.00,2650,2304,0.7431,2026-06-06 12:02:19.577001+00:00
301522,27.5300,27.0100,27.9900,26.4600,90163,246955392.00,47379,42784,2.4246,2026-06-06 12:02:19.577001+00:00
301526,21.7500,23.0000,23.7000,21.4600,1844223,4167756032.00,862108,982115,4.8907,2026-06-06 12:02:19.577001+00:00
301528,91.7500,80.0000,92.0000,78.4300,47547,404370112.00,25844,21704,7.6813,2026-06-06 12:02:19.577001+00:00
301529,116.0000,112.1800,120.6600,108.8800,37398,428929728.00,19532,17866,3.1580,2026-06-06 12:02:19.577001+00:00
301531,80.2000,77.7500,82.6600,74.7500,117839,941543040.00,54529,63311,5.3628,2026-06-06 12:02:19.577001+00:00
301533,27.3700,27.0300,27.7700,26.6500,8472,23077524.00,4569,3903,0.8618,2026-06-06 12:02:19.577001+00:00
301536,78.3500,78.2900,79.9800,75.9000,70359,549888448.00,36366,33994,1.6684,2026-06-06 12:02:19.577001+00:00
301538,90.9000,90.6000,94.0000,86.3100,17602,158210640.00,8765,8837,2.2452,2026-06-06 12:02:19.577001+00:00
301548,79.1800,77.2300,80.7700,76.8500,17256,135765472.00,9410,7847,1.9834,2026-06-06 12:02:19.577001+00:00
301550,116.6800,113.3200,122.0000,108.6700,118779,1369167360.00,63662,55117,0.0000,2026-06-06 12:02:19.577001+00:00
301552,26.1200,25.5700,26.3700,25.1000,10101,26051474.00,5001,5100,0.8162,2026-06-06 12:02:19.577001+00:00
301555,38.6500,38.0000,39.4800,36.1500,32923,125350576.00,17282,15642,3.5682,2026-06-06 12:02:19.577001+00:00
301556,67.5900,67.5800,68.7500,65.8100,14589,97946432.00,7521,7069,1.7107,2026-06-06 12:02:19.577001+00:00
301557,82.0100,82.0000,83.2700,78.2300,13979,113281784.00,6671,7308,2.2536,2026-06-06 12:02:19.577001+00:00
301558,6.8100,6.7200,6.9000,6.6700,76520,51926184.00,37399,39121,0.9700,2026-06-06 12:02:19.577001+00:00
301559,13.9500,13.7800,14.1800,13.7300,18495,25785402.00,9818,8677,0.3083,2026-06-06 12:02:19.577001+00:00
301563,218.0100,221.5100,232.9900,216.2800,58240,1298356096.00,27598,30642,6.8800,2026-06-06 12:02:19.577001+00:00
301565,25.8000,25.2500,26.2000,24.4000,172630,437662144.00,82997,89634,4.3156,2026-06-06 12:02:19.577001+00:00
301566,37.2800,37.4400,38.7500,35.9300,380502,1413997952.00,178735,201768,0.0000,2026-06-06 12:02:19.577001+00:00
301568,87.3500,84.7300,90.2400,82.8000,80027,692016192.00,38868,41160,7.7502,2026-06-06 12:02:19.577001+00:00
301571,57.9000,58.1800,59.0200,56.8000,30490,176894400.00,15245,15245,1.6993,2026-06-06 12:02:19.577001+00:00
301575,41.9900,43.0000,43.0000,41.5100,6304,26555488.00,1952,4352,0.7274,2026-06-06 12:02:19.577001+00:00
301577,104.8900,97.6500,109.4600,96.5000,52850,547759424.00,28544,24306,11.7367,2026-06-06 12:02:19.577001+00:00
002159,14.4600,14.2400,14.6400,14.2300,31479,45393624.00,18160,13319,1.7755,2026-06-06 12:02:19.577001+00:00
002162,3.7800,3.7700,3.8800,3.7100,161328,61094868.00,81685,79644,1.7541,2026-06-06 12:02:19.577001+00:00
301578,23.8300,23.2300,24.2500,22.9000,17402,41120476.00,9041,8362,1.6428,2026-06-06 12:02:19.577001+00:00
301584,22.2600,22.5500,22.6900,22.1000,18593,41447868.00,8827,9766,0.4413,2026-06-06 12:02:19.577001+00:00
301586,36.6000,35.8800,37.0500,35.2800,10300,37326440.00,4688,5613,1.2413,2026-06-06 12:02:19.577001+00:00
301587,25.0000,24.7500,25.5500,24.3100,45121,113049056.00,22805,22316,0.0000,2026-06-06 12:02:19.577001+00:00
301589,150.4900,151.9800,153.2500,149.0000,7560,114230184.00,3028,4532,0.8178,2026-06-06 12:02:19.577001+00:00
301590,169.3500,174.0000,174.0000,167.0100,5362,91166640.00,2473,2889,1.2751,2026-06-06 12:02:19.577001+00:00
301591,47.7000,48.5500,50.0000,47.5000,97030,470649984.00,39519,57512,8.8729,2026-06-06 12:02:19.577001+00:00
301592,101.7200,102.6200,103.8000,100.3700,6191,62922220.00,3056,3136,0.8844,2026-06-06 12:02:19.577001+00:00
301596,80.7500,75.3500,83.8000,72.1100,36384,283140320.00,19668,16716,4.7151,2026-06-06 12:02:19.577001+00:00
301598,54.8000,54.3000,56.1200,52.6800,7722,41900872.00,3571,4152,1.3111,2026-06-06 12:02:19.577001+00:00
301599,51.4500,51.7000,52.8700,49.3800,76207,390669664.00,35869,40339,1.7657,2026-06-06 12:02:19.577001+00:00
301601,18.3500,17.9800,18.5900,17.7500,23705,43260012.00,14800,8905,1.6874,2026-06-06 12:02:19.577001+00:00
301602,15.7000,15.6400,15.8100,15.2700,17770,27647378.00,9987,7784,0.4149,2026-06-06 12:02:19.577001+00:00
301603,138.6500,129.6600,142.5100,128.5000,44057,609455744.00,23075,20982,0.0000,2026-06-06 12:02:19.577001+00:00
301608,54.0000,53.7700,55.1300,52.2800,18214,97904168.00,9005,9209,1.3737,2026-06-06 12:02:19.577001+00:00
301609,46.5800,48.5400,49.5600,46.5800,33071,156873472.00,14230,18841,0.0000,2026-06-06 12:02:19.577001+00:00
301611,108.0100,107.4900,112.8800,106.2000,187212,2059877632.00,97012,90200,4.2939,2026-06-06 12:02:19.577001+00:00
301613,41.5000,42.2000,42.6600,41.3800,10000,41816696.00,4270,5730,0.6952,2026-06-06 12:02:19.577001+00:00
301617,52.3000,52.0000,54.5800,52.0000,29322,155585840.00,16254,13068,1.6878,2026-06-06 12:02:19.577001+00:00
301618,40.9200,39.9600,41.5600,39.2900,31232,127053920.00,15748,15484,2.4728,2026-06-06 12:02:19.577001+00:00
301622,55.8400,54.6000,57.5800,53.2200,22662,126600800.00,12479,10183,1.9548,2026-06-06 12:02:19.577001+00:00
301628,115.5600,118.7300,119.8900,114.0000,36818,429712768.00,17121,19697,4.8846,2026-06-06 12:02:19.577001+00:00
301629,352.6500,352.2100,376.6100,340.2200,18982,682605952.00,9308,9675,0.0000,2026-06-06 12:02:19.577001+00:00
301630,239.0100,243.6700,245.4500,228.0000,13686,325669280.00,6338,7349,3.4215,2026-06-06 12:02:19.577001+00:00
301631,81.6000,82.4900,83.9800,80.0000,22419,183403328.00,10378,12041,1.7518,2026-06-06 12:02:19.577001+00:00
301632,17.2900,17.3100,17.7900,17.1900,38103,66407452.00,16663,21441,0.9103,2026-06-06 12:02:19.577001+00:00
301633,51.2700,50.9200,52.1800,49.7200,4987,25398588.00,2442,2545,0.8957,2026-06-06 12:02:19.577001+00:00
301636,49.3300,49.5000,50.0000,47.8700,13903,68174960.00,7032,6871,2.1490,2026-06-06 12:02:19.577001+00:00
301638,25.4200,25.9000,26.1600,25.3000,178853,459820192.00,77329,101524,0.5625,2026-06-06 12:02:19.577001+00:00
301656,17.7400,17.6700,18.1600,17.3700,68208,121059128.00,33691,34517,0.2836,2026-06-06 12:02:19.577001+00:00
301658,32.1000,32.8000,32.8400,31.1300,58265,186564496.00,30177,28088,1.4129,2026-06-06 12:02:19.577001+00:00
301662,95.2000,96.0000,97.7700,91.7600,22370,211230480.00,12520,9850,1.9284,2026-06-06 12:02:19.577001+00:00
301666,807.0000,815.0000,856.7400,790.0000,55034,4511732736.00,24274,30761,1.2616,2026-06-06 12:02:19.577001+00:00
301667,83.7300,85.8100,86.0000,82.5600,25243,211945296.00,12568,12675,2.2605,2026-06-06 12:02:19.577001+00:00
301668,36.6500,36.6300,37.5100,35.5800,13131,48086608.00,6882,6250,1.1937,2026-06-06 12:02:19.577001+00:00
301678,53.1500,51.8900,54.4000,51.3200,25224,133297792.00,13423,11802,1.0530,2026-06-06 12:02:19.577001+00:00
301680,130.0300,127.0100,130.5600,121.3100,38656,486999776.00,19370,19286,4.6686,2026-06-06 12:02:19.577001+00:00
301682,175.2000,187.0000,190.7400,173.8500,69516,1250495616.00,26675,42842,5.7192,2026-06-06 12:02:19.577001+00:00
301683,140.9500,142.0000,146.0000,135.3000,29984,422833152.00,14827,15158,4.7506,2026-06-06 12:02:19.577001+00:00
301687,53.2700,53.6000,54.4300,51.3500,20863,110582944.00,9167,11697,1.4206,2026-06-06 12:02:19.577001+00:00
301696,131.1200,128.0000,137.5500,120.6500,82959,1067835456.00,39711,43248,2.0739,2026-06-06 12:02:19.577001+00:00
302132,58.3100,58.8700,59.4400,58.2900,53120,312438336.00,26920,26201,0.1988,2026-06-06 12:02:19.577001+00:00
360001,0.0000,0.0000,0.0000,0.0000,0,0.00,0,0,0.0000,2026-06-06 12:02:19.577001+00:00
360003,0.0000,0.0000,0.0000,0.0000,0,0.00,0,0,0.0000,2026-06-06 12:02:19.577001+00:00
360008,0.0000,0.0000,0.0000,0.0000,0,0.00,0,0,0.0000,2026-06-06 12:02:19.577001+00:00
360009,0.0000,0.0000,0.0000,0.0000,0,0.00,0,0,0.0000,2026-06-06 12:02:19.577001+00:00
360011,0.0000,0.0000,0.0000,0.0000,0,0.00,0,0,0.0000,2026-06-06 12:02:19.577001+00:00
360013,0.0000,0.0000,0.0000,0.0000,0,0.00,0,0,0.0000,2026-06-06 12:02:19.577001+00:00
360021,0.0000,0.0000,0.0000,0.0000,0,0.00,0,0,0.0000,2026-06-06 12:02:19.577001+00:00
360022,0.0000,0.0000,0.0000,0.0000,0,0.00,0,0,0.0000,2026-06-06 12:02:19.577001+00:00
360023,0.0000,0.0000,0.0000,0.0000,0,0.00,0,0,0.0000,2026-06-06 12:02:19.577001+00:00
360024,0.0000,0.0000,0.0000,0.0000,0,0.00,0,0,0.0000,2026-06-06 12:02:19.577001+00:00
360025,0.0000,0.0000,0.0000,0.0000,0,0.00,0,0,0.0000,2026-06-06 12:02:19.577001+00:00
360026,0.0000,0.0000,0.0000,0.0000,0,0.00,0,0,0.0000,2026-06-06 12:02:19.577001+00:00
360030,0.0000,0.0000,0.0000,0.0000,0,0.00,0,0,0.0000,2026-06-06 12:02:19.577001+00:00
360031,0.0000,0.0000,0.0000,0.0000,0,0.00,0,0,0.0000,2026-06-06 12:02:19.577001+00:00
360033,0.0000,0.0000,0.0000,0.0000,0,0.00,0,0,0.0000,2026-06-06 12:02:19.577001+00:00
360035,0.0000,0.0000,0.0000,0.0000,0,0.00,0,0,0.0000,2026-06-06 12:02:19.577001+00:00
360036,0.0000,0.0000,0.0000,0.0000,0,0.00,0,0,0.0000,2026-06-06 12:02:19.577001+00:00
360037,0.0000,0.0000,0.0000,0.0000,0,0.00,0,0,0.0000,2026-06-06 12:02:19.577001+00:00
360047,0.0000,0.0000,0.0000,0.0000,0,0.00,0,0,0.0000,2026-06-06 12:02:19.577001+00:00
600000,9.3400,9.1800,9.3500,9.1800,745725,692089664.00,379348,366377,0.2239,2026-06-06 12:02:19.577001+00:00
600004,8.0900,8.0400,8.1300,8.0300,58310,47156408.00,27399,30912,0.2262,2026-06-06 12:02:19.577001+00:00
600006,5.9700,6.0000,6.0900,5.9000,142597,85526392.00,75012,67585,0.7130,2026-06-06 12:02:19.577001+00:00
600007,21.2800,21.0600,21.3200,20.9500,27801,58800840.00,13726,14075,0.2760,2026-06-06 12:02:19.577001+00:00
600008,3.1400,3.1900,3.2200,3.1400,1050382,333118656.00,409293,641089,1.4309,2026-06-06 12:02:19.577001+00:00
600009,23.6400,23.4600,23.9400,23.4600,145962,346070240.00,80663,65299,0.5866,2026-06-06 12:02:19.577001+00:00
600010,2.4200,2.4000,2.4500,2.4000,5647125,1372791680.00,2982159,2664966,1.2486,2026-06-06 12:02:19.577001+00:00
600011,8.3900,8.6100,8.9000,8.2800,3446444,2927478528.00,1584979,1861465,2.1955,2026-06-06 12:02:19.577001+00:00
600012,15.8800,16.4900,16.6600,15.7800,77883,126317024.00,34266,43617,0.4558,2026-06-06 12:02:19.577001+00:00
600015,6.8300,6.7200,6.8600,6.7200,826267,563464000.00,466971,359296,0.5192,2026-06-06 12:02:19.577001+00:00
600016,3.5700,3.5000,3.5900,3.5000,2310819,822020480.00,1569515,741305,0.5278,2026-06-06 12:02:19.577001+00:00
600017,2.8000,2.7500,2.8200,2.7500,363955,101651832.00,210397,153558,1.1833,2026-06-06 12:02:19.577001+00:00
600018,5.0400,5.0000,5.0900,5.0000,462384,233903536.00,201277,261107,0.1986,2026-06-06 12:02:19.577001+00:00
600019,5.7400,5.7200,5.8100,5.7100,1072927,617443264.00,546269,526658,0.4926,2026-06-06 12:02:19.577001+00:00
600020,4.0100,3.9800,4.0700,3.9700,165350,66587784.00,83252,82098,0.7357,2026-06-06 12:02:19.577001+00:00
600021,19.4000,19.6100,20.3900,19.3100,1057444,2085717760.00,490093,567351,3.7482,2026-06-06 12:02:19.577001+00:00
600022,1.3200,1.3100,1.3400,1.3100,709807,94106560.00,360789,349018,0.6634,2026-06-06 12:02:19.577001+00:00
600023,5.9900,6.2200,6.3400,5.9700,962073,585182528.00,455913,506160,0.7175,2026-06-06 12:02:19.577001+00:00
600025,9.7300,10.0100,10.1200,9.6700,363690,359572128.00,170884,192806,0.1952,2026-06-06 12:02:19.577001+00:00
600026,17.5900,17.9900,18.0000,17.2900,590649,1040106176.00,263374,327276,1.0807,2026-06-06 12:02:19.577001+00:00
600027,5.2000,5.4500,5.6000,5.1800,2526843,1351481088.00,1097643,1429201,2.1761,2026-06-06 12:02:19.577001+00:00
600028,4.8900,4.8200,4.9600,4.8100,3796463,1859033856.00,2279637,1516827,0.3140,2026-06-06 12:02:19.577001+00:00
600029,5.2200,5.2600,5.3000,5.1800,893564,467676928.00,401865,491699,0.4931,2026-06-06 12:02:19.577001+00:00
600030,25.6700,25.6600,26.0400,25.5900,1580961,4072685568.00,887139,693823,1.0667,2026-06-06 12:02:19.577001+00:00
600031,18.6500,18.3000,18.9200,18.2000,1364928,2538960640.00,740510,624418,1.4844,2026-06-06 12:02:19.577001+00:00
600032,10.2900,10.9300,11.2200,10.2300,660217,697715712.00,304378,355840,2.7456,2026-06-06 12:02:19.577001+00:00
600033,3.5400,3.5300,3.5900,3.5300,213572,75960088.00,110013,103559,0.7782,2026-06-06 12:02:19.577001+00:00
600035,3.8300,3.8300,3.8700,3.8200,114667,44110156.00,65322,49345,0.7122,2026-06-06 12:02:19.577001+00:00
600036,38.5800,38.1800,38.7000,38.1100,778709,3000501504.00,373141,405568,0.3088,2026-06-06 12:02:19.577001+00:00
600037,6.8400,6.9000,6.9200,6.7500,146430,100047376.00,69270,77160,1.0521,2026-06-06 12:02:19.577001+00:00
600038,26.9600,26.7600,27.3400,26.5600,69077,186649728.00,40416,28661,0.8425,2026-06-06 12:02:19.577001+00:00
600039,8.4000,8.3700,8.4400,8.2600,165772,138289728.00,88786,76986,0.1906,2026-06-06 12:02:19.577001+00:00
600048,5.3600,5.4000,5.5100,5.3500,1101334,597604032.00,530415,570919,0.9200,2026-06-06 12:02:19.577001+00:00
600050,4.3400,4.3100,4.3700,4.2900,1315818,571437184.00,803264,512554,0.4209,2026-06-06 12:02:19.577001+00:00
600051,6.5500,6.4500,6.6400,6.3800,57956,37774492.00,30496,27460,1.8643,2026-06-06 12:02:19.577001+00:00
600052,3.9000,3.9400,4.0300,3.8400,159071,62208064.00,73107,85964,1.8843,2026-06-06 12:02:19.577001+00:00
600053,8.7400,8.9900,9.0700,8.5800,64919,56781352.00,28181,36738,1.4974,2026-06-06 12:02:19.577001+00:00
600054,10.8800,10.7800,10.9900,10.7800,44695,48663212.00,23210,21485,0.6128,2026-06-06 12:02:19.577001+00:00
600055,12.3100,12.3200,12.5300,12.1200,49120,60481008.00,25737,23383,0.6987,2026-06-06 12:02:19.577001+00:00
600056,9.5100,9.4800,9.5800,9.4800,81010,77205720.00,34315,46696,0.5416,2026-06-06 12:02:19.577001+00:00
600057,5.9800,6.0500,6.1000,5.9500,153377,92408528.00,69323,84055,0.5402,2026-06-06 12:02:19.577001+00:00
600058,9.7300,9.7000,9.9100,9.5800,92028,89854512.00,46717,45311,0.8585,2026-06-06 12:02:19.577001+00:00
600059,8.0300,8.0500,8.1500,8.0100,56528,45623796.00,28795,27733,0.6201,2026-06-06 12:02:19.577001+00:00
600060,25.4500,25.1300,26.3500,24.7000,158497,406774112.00,79746,78751,1.2146,2026-06-06 12:02:19.577001+00:00
600061,6.3300,6.3300,6.4000,6.3000,252228,160105856.00,133047,119182,0.3945,2026-06-06 12:02:19.577001+00:00
600062,16.8700,16.7200,16.9400,16.7000,43397,73196408.00,25547,17851,0.4178,2026-06-06 12:02:19.577001+00:00
600063,8.2200,7.3800,8.2200,7.3700,3071824,2463355136.00,1470995,1600830,14.8461,2026-06-06 12:02:19.577001+00:00
600064,7.3200,7.3800,7.4300,7.2700,160813,118192232.00,65143,95670,0.9294,2026-06-06 12:02:19.577001+00:00
600066,30.5700,30.0100,31.1900,29.5400,285358,869280000.00,137239,148120,1.2889,2026-06-06 12:02:19.577001+00:00
600067,3.0100,3.0200,3.0600,2.9600,234556,70789088.00,122640,111916,1.6854,2026-06-06 12:02:19.577001+00:00
600071,18.1800,18.0900,18.6600,17.8600,58720,107573784.00,31160,27560,2.0854,2026-06-06 12:02:19.577001+00:00
600072,10.3500,10.5400,10.5900,10.1900,261379,271413856.00,118277,143102,1.7418,2026-06-06 12:02:19.577001+00:00
600073,5.1100,5.0900,5.1900,5.0700,71083,36540696.00,37442,33641,0.7580,2026-06-06 12:02:19.577001+00:00
600075,4.9100,4.8300,4.9900,4.7500,202293,98847416.00,105775,96518,1.1845,2026-06-06 12:02:19.577001+00:00
600076,3.5900,3.5500,3.7200,3.4500,349585,125773232.00,165364,184222,2.6000,2026-06-06 12:02:19.577001+00:00
600078,13.9400,13.9100,14.3100,13.6800,474953,663427136.00,243647,231306,7.0175,2026-06-06 12:02:19.577001+00:00
600079,17.4200,17.6100,17.6200,17.3800,68125,119227688.00,27864,40262,0.4174,2026-06-06 12:02:19.577001+00:00
600080,5.4000,5.5300,5.5700,5.3300,55306,29957892.00,18801,36505,1.4817,2026-06-06 12:02:19.577001+00:00
600081,10.5900,10.5800,10.7200,10.1700,52869,55162048.00,27816,25054,0.9560,2026-06-06 12:02:19.577001+00:00
600082,3.2000,3.2500,3.3100,3.1800,129354,41896352.00,57714,71640,2.0020,2026-06-06 12:02:19.577001+00:00
600084,4.7400,4.8200,4.8200,4.7200,31934,15200443.00,7293,24641,0.2842,2026-06-06 12:02:19.577001+00:00
600085,25.0300,24.8400,25.3800,24.8400,50355,126639712.00,25198,25158,0.3672,2026-06-06 12:02:19.577001+00:00
600088,14.2400,14.0300,14.2800,13.6500,99825,139272224.00,51828,47998,2.5100,2026-06-06 12:02:19.577001+00:00
600089,25.7100,25.6200,25.8500,25.2100,1162300,2963684864.00,615853,546448,2.3003,2026-06-06 12:02:19.577001+00:00
600094,4.1200,4.0900,4.1900,4.0800,185775,76708016.00,94522,91253,0.7990,2026-06-06 12:02:19.577001+00:00
600095,7.8300,7.9800,7.9800,7.8100,207100,163280000.00,101391,105709,0.7243,2026-06-06 12:02:19.577001+00:00
600096,29.7700,30.0500,30.4900,29.6000,351043,1053291904.00,181004,170039,1.9256,2026-06-06 12:02:19.577001+00:00
600097,8.9400,8.7400,9.0200,8.7100,30578,27151936.00,15365,15214,1.2691,2026-06-06 12:02:19.577001+00:00
600098,7.7100,8.0300,8.2400,7.6800,532242,418312736.00,216744,315499,1.5181,2026-06-06 12:02:19.577001+00:00
600099,9.5200,9.3100,9.6300,9.1500,39653,37333704.00,20827,18826,1.8096,2026-06-06 12:02:19.577001+00:00
600100,7.5900,7.7000,7.7800,7.5700,308737,236917216.00,140013,168725,0.9215,2026-06-06 12:02:19.577001+00:00
600101,9.9500,10.5000,10.7700,9.9500,541112,552643584.00,225038,316074,9.8768,2026-06-06 12:02:19.577001+00:00
600103,3.8500,3.9100,3.9900,3.8300,2117919,829047296.00,916905,1201015,9.4515,2026-06-06 12:02:19.577001+00:00
600104,11.7700,11.7800,11.9100,11.7500,336947,398630720.00,163954,172994,0.2931,2026-06-06 12:02:19.577001+00:00
600105,55.4200,54.1000,59.7200,54.1000,2102307,12066453504.00,1013038,1089269,14.3797,2026-06-06 12:02:19.577001+00:00
600106,5.2500,5.2200,5.3500,5.2200,158682,83916976.00,74826,83857,1.1940,2026-06-06 12:02:19.577001+00:00
600107,6.3800,6.5200,6.5200,6.3000,38490,24675292.00,18594,19896,1.0692,2026-06-06 12:02:19.577001+00:00
600108,3.3800,3.4000,3.4600,3.3600,522274,178022752.00,216616,305659,2.6826,2026-06-06 12:02:19.577001+00:00
600109,7.9000,8.0500,8.1100,7.9000,427225,341198176.00,166110,261116,1.1530,2026-06-06 12:02:19.577001+00:00
600110,11.2900,11.4200,11.9500,10.8700,1840851,2105342336.00,910320,930532,10.6090,2026-06-06 12:02:19.577001+00:00
600111,49.6600,49.3600,50.8500,49.0800,1026533,5145339904.00,520325,506209,2.8396,2026-06-06 12:02:19.577001+00:00
600113,36.5800,35.5700,37.7500,35.4100,64630,236549280.00,35056,29574,1.5345,2026-06-06 12:02:19.577001+00:00
600114,40.3900,39.2000,42.1600,37.7600,487207,1952156288.00,254106,233102,7.7165,2026-06-06 12:02:19.577001+00:00
600115,3.9600,4.0100,4.0700,3.9200,2389433,952621184.00,1044176,1345257,1.0818,2026-06-06 12:02:19.577001+00:00
600116,6.7600,6.9000,7.0600,6.7500,413277,283306880.00,183815,229463,2.1613,2026-06-06 12:02:19.577001+00:00
600117,2.3400,2.2800,2.3800,2.2800,199880,46912348.00,117720,82160,0.6140,2026-06-06 12:02:19.577001+00:00
600118,84.9500,82.4600,85.0000,80.5000,765744,6376131072.00,372153,393592,6.4757,2026-06-06 12:02:19.577001+00:00
600119,5.3500,5.3500,5.4500,5.3100,39620,21263192.00,16178,23442,1.0847,2026-06-06 12:02:19.577001+00:00
600120,4.7100,4.7000,4.7300,4.6800,200917,94457680.00,94153,106764,0.5883,2026-06-06 12:02:19.577001+00:00
600121,5.2200,5.6400,5.8300,5.2200,2332002,1265562112.00,1066823,1265179,19.1397,2026-06-06 12:02:19.577001+00:00
600123,7.3500,7.3200,7.5000,7.2600,473322,348605056.00,233275,240048,3.2128,2026-06-06 12:02:19.577001+00:00
600125,5.6000,5.5600,5.6500,5.5600,95878,53765860.00,47728,48150,0.7344,2026-06-06 12:02:19.577001+00:00
600126,7.2400,7.3800,7.4400,7.1900,535037,390998976.00,258964,276073,1.5843,2026-06-06 12:02:19.577001+00:00
600127,6.0500,6.0300,6.1200,6.0200,96274,58367420.00,43975,52300,1.5001,2026-06-06 12:02:19.577001+00:00
600128,9.0200,8.8700,9.1400,8.8200,44147,39675716.00,22368,21779,1.7540,2026-06-06 12:02:19.577001+00:00
600129,13.7600,13.8000,14.1300,13.7400,55299,76673200.00,24969,30331,1.0029,2026-06-06 12:02:19.577001+00:00
600130,4.7800,4.7600,4.9200,4.6600,462826,221616768.00,210082,252744,6.1710,2026-06-06 12:02:19.577001+00:00
600131,16.1600,16.5000,16.5100,16.0100,106092,171694064.00,44865,61228,0.8853,2026-06-06 12:02:19.577001+00:00
600132,50.6100,51.0500,52.0000,50.5200,41917,214504192.00,18770,23148,0.8661,2026-06-06 12:02:19.577001+00:00
600133,8.0600,8.1700,8.1800,7.9000,233185,187896528.00,111435,121751,2.1870,2026-06-06 12:02:19.577001+00:00
600135,9.1100,8.9900,9.2300,8.7800,111659,101022232.00,55076,56584,2.0180,2026-06-06 12:02:19.577001+00:00
600136,1.6000,1.5800,1.6100,1.5800,109454,17443744.00,47384,62070,0.5363,2026-06-06 12:02:19.577001+00:00
600137,19.7200,19.4500,19.9200,19.0500,18853,36892416.00,9690,9163,1.9393,2026-06-06 12:02:19.577001+00:00
600138,7.6500,7.5600,7.7100,7.5600,69117,52790704.00,36455,32663,0.9549,2026-06-06 12:02:19.577001+00:00
600141,29.2800,29.5500,30.3300,28.7600,264309,776695296.00,136519,127791,2.1994,2026-06-06 12:02:19.577001+00:00
600143,16.8900,16.2800,17.4400,15.8900,1000263,1668427520.00,561234,439030,3.7417,2026-06-06 12:02:19.577001+00:00
600148,16.7000,16.2700,16.9700,16.0000,21581,35797784.00,11599,9982,1.5250,2026-06-06 12:02:19.577001+00:00
600149,5.3700,5.3800,5.4800,5.2000,181008,96495488.00,85571,95437,4.7614,2026-06-06 12:02:19.577001+00:00
600150,35.9500,36.8000,37.1800,35.8500,891305,3248445952.00,407553,483753,1.1844,2026-06-06 12:02:19.577001+00:00
600151,12.4700,12.7100,12.8500,12.1100,468045,585880576.00,228197,239849,3.2633,2026-06-06 12:02:19.577001+00:00
600152,11.5300,12.1000,12.2200,11.4300,455363,530593120.00,226460,228903,8.6067,2026-06-06 12:02:19.577001+00:00
600153,9.5100,9.7000,9.8600,9.4800,210493,202613824.00,97250,113243,0.7260,2026-06-06 12:02:19.577001+00:00
600155,5.5100,5.5100,5.5600,5.4600,208537,114779888.00,98167,110371,0.9421,2026-06-06 12:02:19.577001+00:00
600156,9.5600,9.6600,9.9100,9.3700,226711,217973152.00,116637,110074,5.6380,2026-06-06 12:02:19.577001+00:00
600157,1.8000,1.8300,1.8600,1.7900,9694717,1767056768.00,3919548,5775169,4.4435,2026-06-06 12:02:19.577001+00:00
600158,9.3600,9.7200,9.8300,9.1100,805331,754278912.00,393592,411740,8.3931,2026-06-06 12:02:19.577001+00:00
600159,2.7200,2.6600,2.7800,2.6300,263636,71333832.00,146583,117053,3.1763,2026-06-06 12:02:19.577001+00:00
600160,39.2700,37.9000,40.2000,37.8900,853206,3353428224.00,444492,408714,3.1603,2026-06-06 12:02:19.577001+00:00
600161,12.9700,12.9500,13.1000,12.8300,94361,122492752.00,38514,55847,0.4772,2026-06-06 12:02:19.577001+00:00
600162,3.4400,3.3800,3.5000,3.2400,3941838,1335153024.00,2021260,1920579,12.0603,2026-06-06 12:02:19.577001+00:00
600163,6.5400,6.9500,7.1600,6.5400,864611,586031616.00,356133,508478,4.5434,2026-06-06 12:02:19.577001+00:00
600165,2.8900,2.9200,2.9300,2.8700,40163,11614032.00,14640,25523,0.2486,2026-06-06 12:02:19.577001+00:00
600166,3.0200,3.0700,3.0800,2.9900,1644664,497909248.00,762099,882566,2.0773,2026-06-06 12:02:19.577001+00:00
600167,6.4000,6.6800,6.7600,6.3100,198303,127840984.00,81773,116531,0.8763,2026-06-06 12:02:19.577001+00:00
600168,4.5900,4.5400,4.6200,4.5400,47379,21725682.00,19205,28174,0.4769,2026-06-06 12:02:19.577001+00:00
600169,2.2900,2.2500,2.3100,2.2400,153782,35134736.00,95010,58772,0.4594,2026-06-06 12:02:19.577001+00:00
600170,2.4900,2.4800,2.5100,2.4800,839974,209083152.00,330469,509506,0.9453,2026-06-06 12:02:19.577001+00:00
600171,27.4900,27.6700,28.0000,26.8200,250347,686817728.00,113060,137287,3.5314,2026-06-06 12:02:19.577001+00:00
600172,13.4300,14.2700,14.6500,13.2600,2298350,3159820800.00,1034213,1264138,15.9366,2026-06-06 12:02:19.577001+00:00
600173,6.9300,7.0600,7.1200,6.8900,110624,77200096.00,45139,65485,1.5792,2026-06-06 12:02:19.577001+00:00
600176,36.9600,38.0000,39.3900,36.8300,1448798,5522948096.00,653938,794860,3.6192,2026-06-06 12:02:19.577001+00:00
600177,7.3300,7.1900,7.3400,7.1600,274426,200160192.00,148281,126145,0.5936,2026-06-06 12:02:19.577001+00:00
600178,8.9200,8.7700,9.0600,8.7000,46243,41119720.00,28996,17247,0.9913,2026-06-06 12:02:19.577001+00:00
600179,4.5900,4.5800,4.7700,4.5600,634389,294271904.00,303332,331058,1.4992,2026-06-06 12:02:19.577001+00:00
600180,1.5500,1.5500,1.5700,1.5500,532481,82623616.00,441897,90585,4.9003,2026-06-06 12:02:19.577001+00:00
600182,13.7800,13.7100,13.9700,13.6900,10963,15164078.00,6445,4518,0.3224,2026-06-06 12:02:19.577001+00:00
600183,137.3600,140.0000,145.1600,136.3800,726278,10128513024.00,332527,393751,2.9899,2026-06-06 12:02:19.577001+00:00
600184,26.6000,26.3500,28.3500,25.7300,479281,1309371392.00,233545,245736,8.2248,2026-06-06 12:02:19.577001+00:00
600185,5.1900,5.2000,5.3900,5.1700,209834,110350280.00,100960,108875,1.1132,2026-06-06 12:02:19.577001+00:00
600186,10.1300,9.5100,10.3000,9.1700,3332112,3307324928.00,1729731,1602382,18.5864,2026-06-06 12:02:19.577001+00:00
600187,1.6100,1.4800,1.6400,1.4800,1224295,187040352.00,765199,459097,7.5865,2026-06-06 12:02:19.577001+00:00
600188,25.0500,26.3400,27.4000,24.7000,929007,2418541568.00,434673,494335,0.9256,2026-06-06 12:02:19.577001+00:00
600189,7.7000,7.7400,7.8700,7.6300,69819,53968584.00,36639,33180,0.9762,2026-06-06 12:02:19.577001+00:00
600191,10.8600,10.8800,11.2500,10.8100,66191,72855152.00,33218,32973,1.3650,2026-06-06 12:02:19.577001+00:00
600192,7.1700,7.1300,7.2800,7.0000,54123,38699976.00,31094,23029,1.2252,2026-06-06 12:02:19.577001+00:00
600193,2.1700,0.0000,0.0000,0.0000,0,0.00,0,0,0.0000,2026-06-06 12:02:19.577001+00:00
600195,6.5800,6.5800,6.6500,6.5200,44042,29006824.00,18830,25213,0.4313,2026-06-06 12:02:19.577001+00:00
600196,22.0200,22.0900,22.2800,21.9900,163752,362446336.00,88361,75391,0.6132,2026-06-06 12:02:19.577001+00:00
600197,11.2500,11.3400,11.4500,11.1500,59150,66705032.00,27487,31663,1.2501,2026-06-06 12:02:19.577001+00:00
600198,8.9700,8.9400,9.2000,8.7100,693087,624827968.00,312533,380555,5.3167,2026-06-06 12:02:19.577001+00:00
600199,7.3500,7.4500,7.6200,7.3200,159192,118639872.00,72016,87176,2.4201,2026-06-06 12:02:19.577001+00:00
600201,11.2900,11.4000,11.5100,11.1500,231440,261993744.00,116809,114631,2.0818,2026-06-06 12:02:19.577001+00:00
600202,5.3200,5.2400,5.3900,5.1800,106203,56163888.00,48753,57450,2.7705,2026-06-06 12:02:19.577001+00:00
600203,12.9100,12.3000,13.1900,11.7500,525808,664586880.00,292758,233050,8.8671,2026-06-06 12:02:19.577001+00:00
600206,29.2200,28.8000,30.3600,28.5100,652189,1926755840.00,316377,335813,7.7040,2026-06-06 12:02:19.577001+00:00
600207,7.1900,6.4500,7.1900,6.2300,798850,549680768.00,357399,441451,7.3335,2026-06-06 12:02:19.577001+00:00
600208,2.8500,2.8800,2.9200,2.8400,1433189,413030336.00,633514,799675,1.6843,2026-06-06 12:02:19.577001+00:00
600210,6.5400,6.5200,6.6000,6.4800,132555,86817584.00,62573,69983,0.8739,2026-06-06 12:02:19.577001+00:00
600211,37.6200,37.9000,38.0100,37.5100,20090,75786256.00,9152,10939,0.6233,2026-06-06 12:02:19.577001+00:00
600212,6.1300,6.1800,6.2500,6.0500,94989,58561292.00,46430,48559,1.3490,2026-06-06 12:02:19.577001+00:00
600215,6.6400,6.3600,6.7800,6.1700,166017,107903824.00,81546,84471,3.6337,2026-06-06 12:02:19.577001+00:00
600216,12.1700,12.1600,12.3900,12.1200,94283,115408936.00,46545,47738,0.9804,2026-06-06 12:02:19.577001+00:00
600217,3.3800,3.3600,3.4100,3.3400,91418,30843150.00,44056,47362,0.5515,2026-06-06 12:02:19.577001+00:00
600218,8.3500,8.3500,8.5000,8.1800,47577,39712140.00,23666,23911,1.0922,2026-06-06 12:02:19.577001+00:00
600219,4.8900,4.9300,5.0100,4.8700,1864922,919113728.00,925481,939442,1.6240,2026-06-06 12:02:19.577001+00:00
600221,1.4900,1.4900,1.5100,1.4800,4247453,635094912.00,2286917,1960537,0.9829,2026-06-06 12:02:19.577001+00:00
600222,8.7000,8.6300,9.0500,8.5600,438600,383892000.00,204972,233629,7.6426,2026-06-06 12:02:19.577001+00:00
600223,5.7800,5.7500,5.8700,5.7500,57215,33196716.00,30540,26675,0.5628,2026-06-06 12:02:19.577001+00:00
600226,6.9400,6.8800,7.1500,6.5000,2852551,1970616320.00,1560167,1292384,9.5904,2026-06-06 12:02:19.577001+00:00
600227,2.9400,2.9600,3.0200,2.9200,579952,171454880.00,251706,328247,3.4343,2026-06-06 12:02:19.577001+00:00
600228,6.3300,6.0700,6.3300,6.0700,114772,72039552.00,52363,62409,2.7545,2026-06-06 12:02:19.577001+00:00
600229,5.5100,5.3400,5.5700,5.3400,61997,33874520.00,37556,24441,0.9383,2026-06-06 12:02:19.577001+00:00
600230,14.8100,14.8100,15.0500,14.6000,93275,138639072.00,47289,45987,2.2532,2026-06-06 12:02:19.577001+00:00
600231,1.9700,1.9700,2.0000,1.9600,89872,17810852.00,50311,39562,0.3129,2026-06-06 12:02:19.577001+00:00
600232,7.3800,7.3000,7.5400,7.0900,69872,51039720.00,30125,39747,1.9158,2026-06-06 12:02:19.577001+00:00
600233,17.2800,17.4600,17.5800,17.0900,229784,397498272.00,123245,106540,0.6713,2026-06-06 12:02:19.577001+00:00
600234,23.7200,25.3900,25.3900,23.4500,33512,80106272.00,17982,15530,1.2765,2026-06-06 12:02:19.577001+00:00
600235,5.8400,5.7800,5.9300,5.7000,65376,38148720.00,39775,25601,1.8610,2026-06-06 12:02:19.577001+00:00
600236,10.7700,11.3000,11.7300,10.7400,297824,330126016.00,124288,173537,0.3778,2026-06-06 12:02:19.577001+00:00
600237,12.0700,11.8500,12.6000,11.4500,1266092,1522537344.00,614116,651977,20.0811,2026-06-06 12:02:19.577001+00:00
600238,5.1300,5.1600,5.2200,5.1000,32682,16872188.00,16539,16144,0.7292,2026-06-06 12:02:19.577001+00:00
600239,1.5200,1.4800,1.5200,1.4800,178747,26875368.00,103033,75715,1.1132,2026-06-06 12:02:19.577001+00:00
600241,7.6800,7.5400,7.7800,7.4100,45373,34588756.00,25010,20363,1.5417,2026-06-06 12:02:19.577001+00:00
600243,3.9900,3.7900,3.9900,3.7200,126567,49562232.00,76053,50514,2.8841,2026-06-06 12:02:19.577001+00:00
600246,17.3900,18.3000,18.7700,17.2000,3084360,5547907072.00,1532761,1551599,15.8743,2026-06-06 12:02:19.577001+00:00
600248,3.1400,3.1200,3.1700,3.1100,125226,39414364.00,64437,60790,0.3349,2026-06-06 12:02:19.577001+00:00
600249,5.2800,5.2500,5.3300,5.2400,72745,38423128.00,35107,37639,1.3226,2026-06-06 12:02:19.577001+00:00
600250,9.1500,9.0900,9.2200,8.9700,74127,67616800.00,37325,36802,2.3699,2026-06-06 12:02:19.577001+00:00
600251,9.9000,9.9300,10.1600,9.7600,101329,100712872.00,54296,47033,1.3041,2026-06-06 12:02:19.577001+00:00
600252,2.2600,2.2400,2.3000,2.2400,382597,86709496.00,170613,211984,1.2016,2026-06-06 12:02:19.577001+00:00
600255,4.4900,4.5000,4.7700,4.4600,5878020,2694713088.00,2897461,2980559,32.5445,2026-06-06 12:02:19.577001+00:00
600256,6.7400,6.6400,6.9400,6.6000,1554689,1057027712.00,888679,666010,2.4322,2026-06-06 12:02:19.577001+00:00
600257,5.2600,5.2800,5.3500,5.1700,108506,57093144.00,54603,53903,2.2547,2026-06-06 12:02:19.577001+00:00
600258,13.0600,13.0200,13.3500,12.9800,138239,181498720.00,66297,71943,1.2380,2026-06-06 12:02:19.577001+00:00
600259,93.9200,92.4900,97.9000,92.4000,166142,1590189312.00,86644,79498,4.9383,2026-06-06 12:02:19.577001+00:00
600261,3.4200,3.3900,3.4600,3.3700,157289,53758400.00,83305,73984,1.1781,2026-06-06 12:02:19.577001+00:00
600262,22.0800,21.8500,22.4700,21.6200,27314,60352728.00,15065,12249,1.6067,2026-06-06 12:02:19.577001+00:00
600265,26.4100,28.0600,28.2800,26.4100,48875,131576440.00,29330,19545,3.7654,2026-06-06 12:02:19.577001+00:00
600266,4.6100,4.5800,4.7000,4.5800,339361,157088048.00,147404,191958,1.6349,2026-06-06 12:02:19.577001+00:00
600267,9.7500,9.7500,9.8500,9.6900,92486,90343856.00,37375,55111,0.7715,2026-06-06 12:02:19.577001+00:00
600268,12.5700,12.7300,12.9100,12.5000,154477,195764736.00,72822,81655,1.5206,2026-06-06 12:02:19.577001+00:00
600269,4.3300,4.3400,4.4000,4.3300,105217,45941732.00,51846,53371,0.4505,2026-06-06 12:02:19.577001+00:00
600271,7.3000,7.2200,7.3900,7.1800,133490,97529448.00,79576,53915,0.7204,2026-06-06 12:02:19.577001+00:00
600272,11.1200,10.8900,11.2100,10.8900,24650,27282434.00,13686,10964,0.9385,2026-06-06 12:02:19.577001+00:00
600273,7.2300,7.1200,7.3000,7.0500,160514,115734032.00,82481,78033,1.2241,2026-06-06 12:02:19.577001+00:00
600276,47.0800,47.4800,48.7200,47.0000,930263,4447209472.00,495221,435043,1.4016,2026-06-06 12:02:19.577001+00:00
600278,6.4300,6.4500,6.5200,6.4000,38967,25184988.00,20403,18564,0.4528,2026-06-06 12:02:19.577001+00:00
600279,5.8300,5.7100,5.9500,5.5100,448820,259256784.00,252497,196324,3.7816,2026-06-06 12:02:19.577001+00:00
600280,3.4000,3.4900,3.9400,3.3300,1965060,715352704.00,995806,969254,17.4156,2026-06-06 12:02:19.577001+00:00
600281,5.0000,4.9700,5.1000,4.8700,117022,58592672.00,62299,54723,2.2749,2026-06-06 12:02:19.577001+00:00
600282,4.9600,5.0400,5.1100,4.9400,308435,155387312.00,137300,171135,0.5003,2026-06-06 12:02:19.577001+00:00
600283,8.4500,8.4600,8.5200,8.4200,22785,19303252.00,10210,12576,0.4063,2026-06-06 12:02:19.577001+00:00
600284,5.7100,5.6600,5.8000,5.6200,122185,69908736.00,58508,63678,1.2593,2026-06-06 12:02:19.577001+00:00
600285,21.7600,21.5000,21.9300,21.4300,52813,114801976.00,29711,23102,0.9313,2026-06-06 12:02:19.577001+00:00
600287,5.0300,4.9500,5.1000,4.9200,43139,21645196.00,24527,18613,0.9876,2026-06-06 12:02:19.577001+00:00
600288,13.5100,13.1900,13.7500,13.1900,122418,165519904.00,60489,61929,2.8026,2026-06-06 12:02:19.577001+00:00
600289,6.0200,6.1000,6.1200,6.0000,23605,14285742.00,8279,15326,0.3741,2026-06-06 12:02:19.577001+00:00
600292,13.6800,13.8800,14.0100,13.6100,137587,189858224.00,55654,81934,0.3141,2026-06-06 12:02:19.577001+00:00
600293,3.9600,3.7100,3.9600,3.7100,2104227,814235904.00,1019250,1084977,18.1376,2026-06-06 12:02:19.577001+00:00
600295,13.3100,13.4700,13.5100,13.2600,67587,90396704.00,33322,34266,0.2415,2026-06-06 12:02:19.577001+00:00
600298,35.1500,34.7100,35.5500,34.6800,74979,264279056.00,42295,32684,0.8640,2026-06-06 12:02:19.577001+00:00
600299,10.4600,10.4700,10.8100,10.3700,143002,150724896.00,70102,72900,0.4643,2026-06-06 12:02:19.577001+00:00
600300,3.1600,3.1400,3.1900,3.1400,170780,54049736.00,83382,87398,1.0561,2026-06-06 12:02:19.577001+00:00
600301,60.0500,61.8900,63.4000,58.8800,193915,1179786496.00,87805,106111,3.0655,2026-06-06 12:02:19.577001+00:00
600302,9.9700,9.9900,10.4800,9.7300,68234,68693864.00,29857,38377,1.9720,2026-06-06 12:02:19.577001+00:00
600303,3.4700,3.1300,3.4700,3.0700,796495,262269168.00,431500,364995,11.6514,2026-06-06 12:02:19.577001+00:00
600305,6.9400,6.8900,7.0300,6.8400,73132,50735320.00,36775,36357,0.6609,2026-06-06 12:02:19.577001+00:00
600307,1.6000,1.5900,1.6200,1.5800,424358,67899448.00,219488,204871,0.6775,2026-06-06 12:02:19.577001+00:00
600308,3.4400,3.3900,3.4600,3.3800,62247,21352320.00,27966,34281,0.4104,2026-06-06 12:02:19.577001+00:00
600309,72.4600,72.1800,74.6800,71.5100,370629,2714362368.00,186919,183710,1.1839,2026-06-06 12:02:19.577001+00:00
600310,5.6600,6.1900,6.4600,5.6600,2357521,1385000320.00,1042056,1315466,16.0845,2026-06-06 12:02:19.577001+00:00
600312,19.2500,19.6200,19.6800,19.0500,196542,381829344.00,88610,107933,1.4484,2026-06-06 12:02:19.577001+00:00
600313,6.1500,6.2000,6.3400,6.1200,296754,183525216.00,125098,171656,2.5552,2026-06-06 12:02:19.577001+00:00
600315,17.9500,17.7400,18.2500,17.7400,47518,85636304.00,28748,18770,0.7069,2026-06-06 12:02:19.577001+00:00
600316,28.2400,28.0500,28.8600,27.7100,110486,313592864.00,58028,52458,1.5407,2026-06-06 12:02:19.577001+00:00
600318,6.5600,6.5900,6.6400,6.5000,107060,70358416.00,48357,58704,2.0880,2026-06-06 12:02:19.577001+00:00
600319,7.3200,7.6000,7.6000,7.1500,34619,25300220.00,17519,17100,0.8929,2026-06-06 12:02:19.577001+00:00
600320,4.5600,4.6400,4.6600,4.5400,403765,185931440.00,189991,213775,0.7681,2026-06-06 12:02:19.577001+00:00
600322,2.6300,2.6800,2.7900,2.6300,344940,92186656.00,125219,219721,3.1197,2026-06-06 12:02:19.577001+00:00
600323,29.9100,30.6700,30.8700,29.8100,69183,208978272.00,28151,41033,0.8485,2026-06-06 12:02:19.577001+00:00
600325,2.7300,2.7200,2.8000,2.7000,455420,125365520.00,207378,248042,1.6548,2026-06-06 12:02:19.577001+00:00
600326,7.5700,7.5700,7.6900,7.5300,178722,135793552.00,89337,89385,1.3118,2026-06-06 12:02:19.577001+00:00
600327,3.6400,3.5800,3.8100,3.5800,189309,69471312.00,101304,88005,2.1396,2026-06-06 12:02:19.577001+00:00
600328,6.7300,6.6400,6.8500,6.6200,244699,164952736.00,121324,123376,1.6688,2026-06-06 12:02:19.577001+00:00
600329,39.2000,39.8800,40.2000,39.1000,30178,119458432.00,12648,17530,0.3919,2026-06-06 12:02:19.577001+00:00
600330,29.4200,29.4700,32.1600,29.1500,1879501,5743916544.00,998736,880766,15.2379,2026-06-06 12:02:19.577001+00:00
600331,13.9100,14.4100,14.6100,13.8000,467574,662919552.00,207899,259676,1.7700,2026-06-06 12:02:19.577001+00:00
600332,21.4800,21.3100,21.5800,21.3100,59184,127199888.00,31252,27932,0.3640,2026-06-06 12:02:19.577001+00:00
600333,5.6400,5.7100,5.7800,5.5600,146621,82754088.00,67581,79040,2.4074,2026-06-06 12:02:19.577001+00:00
600335,5.4300,5.4000,5.4900,5.3800,73302,39784672.00,33393,39909,0.4928,2026-06-06 12:02:19.577001+00:00
600336,7.7000,7.7300,7.8400,7.4900,145612,111461384.00,69375,76237,1.8247,2026-06-06 12:02:19.577001+00:00
600337,3.2400,3.2500,3.2800,3.1600,226583,72929568.00,103492,123091,1.5768,2026-06-06 12:02:19.577001+00:00
600338,17.0000,17.2000,17.7000,16.6100,525483,898538880.00,283789,241694,5.7479,2026-06-06 12:02:19.577001+00:00
600339,3.4800,3.4700,3.5300,3.4600,625234,217911776.00,251688,373546,1.1199,2026-06-06 12:02:19.577001+00:00
600340,1.2400,1.2300,1.2700,1.2100,826132,102296512.00,401366,424766,0.0000,2026-06-06 12:02:19.577001+00:00
600343,25.8600,25.2200,26.4100,24.6800,393938,1015827136.00,201012,192926,6.1726,2026-06-06 12:02:19.577001+00:00
600345,55.9900,53.9900,57.2200,53.4500,214628,1199271296.00,112581,102048,6.5115,2026-06-06 12:02:19.577001+00:00
600346,16.9600,16.7900,17.5800,16.5200,562979,964081920.00,299394,263586,0.7998,2026-06-06 12:02:19.577001+00:00
600348,9.7700,9.7800,9.9500,9.7300,487626,478830784.00,229879,257747,1.3517,2026-06-06 12:02:19.577001+00:00
600350,11.2600,11.3900,11.5500,11.1200,96153,108618560.00,46436,49718,0.1989,2026-06-06 12:02:19.577001+00:00
600351,6.2200,6.2000,6.2900,6.1900,82613,51614372.00,47022,35591,1.1938,2026-06-06 12:02:19.577001+00:00
600352,10.9300,11.0200,11.1300,10.8500,336669,370099136.00,167787,168883,1.0348,2026-06-06 12:02:19.577001+00:00
600353,26.3000,25.7100,27.4000,25.5000,888751,2352948480.00,468594,420158,10.7232,2026-06-06 12:02:19.577001+00:00
600354,5.4200,5.3900,5.4700,5.3300,125921,68185888.00,59672,66250,2.3858,2026-06-06 12:02:19.577001+00:00
600356,8.8000,8.7500,8.9300,8.6600,38442,33882336.00,19636,18806,1.1665,2026-06-06 12:02:19.577001+00:00
600358,5.9200,5.9800,6.0400,5.8900,105741,63008384.00,39423,66318,2.0941,2026-06-06 12:02:19.577001+00:00
600359,6.5400,6.5300,6.6300,6.4400,74326,48602440.00,34492,39834,1.9482,2026-06-06 12:02:19.577001+00:00
600360,13.0000,13.3900,13.5900,12.8800,1010345,1330980608.00,406886,603460,10.5212,2026-06-06 12:02:19.577001+00:00
600361,4.2900,4.2600,4.4600,4.1100,916772,392896960.00,439276,477496,2.4561,2026-06-06 12:02:19.577001+00:00
600362,44.3600,45.5000,47.2800,44.0400,642375,2911001856.00,280073,362302,1.8551,2026-06-06 12:02:19.577001+00:00
600363,36.2800,36.2400,37.6300,35.9300,241137,885800064.00,118061,123077,5.3480,2026-06-06 12:02:19.577001+00:00
600365,2.6800,2.6700,2.7200,2.6500,42872,11523246.00,21512,21360,0.9443,2026-06-06 12:02:19.577001+00:00
600366,12.7300,12.4500,13.0700,12.2200,337275,429700512.00,193342,143934,3.0688,2026-06-06 12:02:19.577001+00:00
600367,49.5000,48.6500,51.6800,46.1200,712724,3554763264.00,363069,349656,20.8930,2026-06-06 12:02:19.577001+00:00
600368,3.9400,3.9600,3.9900,3.9200,176418,69838512.00,86629,89789,1.0960,2026-06-06 12:02:19.577001+00:00
600369,3.9200,3.9000,3.9600,3.8900,291042,114303040.00,153294,137749,0.4380,2026-06-06 12:02:19.577001+00:00
600370,1.3700,1.3700,1.4200,1.3400,702803,96546640.00,266890,435914,1.7490,2026-06-06 12:02:19.577001+00:00
600371,7.3400,7.2400,7.4000,7.1300,51320,37424936.00,27252,24068,1.7541,2026-06-06 12:02:19.577001+00:00
600372,11.1700,11.0300,11.3900,10.9900,399235,449001664.00,220184,179051,0.8251,2026-06-06 12:02:19.577001+00:00
600373,7.5200,7.3400,7.5400,7.3300,80943,60165076.00,48083,32861,0.6008,2026-06-06 12:02:19.577001+00:00
600375,4.1700,4.1300,4.2200,4.0900,186614,77524800.00,100104,86510,1.1641,2026-06-06 12:02:19.577001+00:00
600376,3.8900,3.8500,4.0500,3.7100,1110884,427494272.00,550678,560206,4.3065,2026-06-06 12:02:19.577001+00:00
600377,12.6800,12.7500,12.9300,12.6000,84786,108048992.00,44799,39987,0.1683,2026-06-06 12:02:19.577001+00:00
600378,46.6000,44.6600,47.9200,43.2600,743601,3407491584.00,392639,350963,5.7644,2026-06-06 12:02:19.577001+00:00
600379,12.6900,12.6300,12.9200,12.2000,190799,241086144.00,118135,72664,5.7783,2026-06-06 12:02:19.577001+00:00
600380,9.9100,9.8500,9.9500,9.8300,100046,98980128.00,45474,54573,0.5469,2026-06-06 12:02:19.577001+00:00
600381,5.4100,5.3500,5.5500,5.3000,65849,35696568.00,28684,37166,1.1217,2026-06-06 12:02:19.577001+00:00
600382,9.6800,8.9300,9.6800,8.8800,757801,720800192.00,372300,385501,10.9129,2026-06-06 12:02:19.577001+00:00
600383,2.6300,2.6100,2.6900,2.6100,500800,131985104.00,219669,281131,1.1093,2026-06-06 12:02:19.577001+00:00
600386,3.6300,3.5700,3.6700,3.5300,88606,31959260.00,42820,45787,1.0988,2026-06-06 12:02:19.577001+00:00
600388,16.7700,16.7700,16.9900,16.4200,123338,205841184.00,61607,61732,0.9711,2026-06-06 12:02:19.577001+00:00
600389,24.3000,24.6100,24.9600,24.1000,61711,150994416.00,33650,28061,1.4330,2026-06-06 12:02:19.577001+00:00
600390,4.6700,4.6800,4.7300,4.6600,280286,131647024.00,130185,150101,0.6231,2026-06-06 12:02:19.577001+00:00
600391,33.7900,34.1900,34.4900,33.4200,100325,339820864.00,49326,51000,3.0390,2026-06-06 12:02:19.577001+00:00
600392,23.8000,23.0700,24.5000,23.0100,950561,2273366528.00,526214,424348,5.4230,2026-06-06 12:02:19.577001+00:00
600395,6.1100,6.0500,6.2500,5.9800,650890,398960000.00,340415,310475,3.0322,2026-06-06 12:02:19.577001+00:00
600396,20.0100,22.4500,23.0400,19.8000,2901793,6239288320.00,1404156,1497638,19.7038,2026-06-06 12:02:19.577001+00:00
600397,13.6200,13.9300,14.0800,13.4600,337026,463818944.00,159156,177870,3.4044,2026-06-06 12:02:19.577001+00:00
600398,5.7700,5.7400,5.8300,5.7100,198060,114557032.00,95307,102753,0.4124,2026-06-06 12:02:19.577001+00:00
600399,4.5900,4.5200,4.6800,4.4400,489238,223797248.00,274627,214612,2.4808,2026-06-06 12:02:19.577001+00:00
600400,2.8000,2.8000,2.8400,2.7000,445504,123971440.00,208851,236653,1.9443,2026-06-06 12:02:19.577001+00:00
600403,8.1400,7.4000,8.1400,7.3500,2130824,1682166912.00,1056381,1074443,8.9126,2026-06-06 12:02:19.577001+00:00
600405,4.5700,4.4700,4.6600,4.4700,114608,52299956.00,62470,52139,1.8701,2026-06-06 12:02:19.577001+00:00
600406,23.4500,23.5600,23.8200,23.4200,678171,1599840512.00,308246,369925,0.8444,2026-06-06 12:02:19.577001+00:00
600408,3.5900,3.6700,3.8200,3.5000,2828068,1050255616.00,1174443,1653625,28.0897,2026-06-06 12:02:19.577001+00:00
600409,6.3800,6.1400,6.7200,6.1000,552994,356096608.00,318802,234192,2.6788,2026-06-06 12:02:19.577001+00:00
600410,17.9000,18.0300,18.2900,17.5700,541852,973583424.00,279609,262244,4.9417,2026-06-06 12:02:19.577001+00:00
600415,11.8100,11.9900,12.1700,11.7000,744942,886051392.00,390163,354779,1.3585,2026-06-06 12:02:19.577001+00:00
600416,10.7100,10.6200,10.9900,10.2600,287480,305387552.00,155112,132369,1.9480,2026-06-06 12:02:19.577001+00:00
600418,33.1000,34.0100,34.1200,32.8000,648646,2159729408.00,335281,313365,2.8775,2026-06-06 12:02:19.577001+00:00
600419,8.3000,8.3300,8.4900,8.1800,67548,56233244.00,34357,33192,2.1409,2026-06-06 12:02:19.577001+00:00
600420,8.9600,8.9000,9.0100,8.8800,34755,31149090.00,17235,17520,0.2591,2026-06-06 12:02:19.577001+00:00
600421,0.3600,0.3300,0.3600,0.3200,195542,6786388.00,100777,94766,9.9970,2026-06-06 12:02:19.577001+00:00
600422,8.6800,8.6900,8.8500,8.6400,63423,55365980.00,27711,35712,0.8378,2026-06-06 12:02:19.577001+00:00
600423,2.6600,2.6500,2.6900,2.5900,74518,19673160.00,29885,44633,0.9330,2026-06-06 12:02:19.577001+00:00
600425,3.6500,3.6200,3.7000,3.6200,153039,56058612.00,82643,70397,0.9537,2026-06-06 12:02:19.577001+00:00
600426,27.5500,28.4000,28.8000,27.2800,544889,1520277504.00,308537,236353,2.5759,2026-06-06 12:02:19.577001+00:00
600428,7.9200,7.6200,8.1200,7.5700,522164,411383072.00,312373,209792,1.9030,2026-06-06 12:02:19.577001+00:00
600429,4.5600,4.5700,4.6500,4.5500,112469,51648000.00,55321,57148,0.7488,2026-06-06 12:02:19.577001+00:00
600433,3.7400,3.7300,3.7600,3.6100,490034,181207920.00,245161,244873,2.7997,2026-06-06 12:02:19.577001+00:00
600435,11.8500,11.7300,11.9700,11.6000,193929,229419248.00,97538,96392,1.2823,2026-06-06 12:02:19.577001+00:00
600436,121.4900,121.5500,124.8000,121.2300,30729,376862752.00,14954,15775,0.5093,2026-06-06 12:02:19.577001+00:00
600438,13.6000,13.8200,13.9200,13.5000,459166,629211776.00,223587,235580,1.0199,2026-06-06 12:02:19.577001+00:00
600439,2.6400,2.8300,2.8400,2.6300,1345790,367239456.00,608059,737732,11.8888,2026-06-06 12:02:19.577001+00:00
600444,14.7600,14.5800,14.9600,14.3900,27087,39926212.00,15352,11735,1.8499,2026-06-06 12:02:19.577001+00:00
600446,12.4700,12.5200,12.8000,12.2000,206882,258894656.00,96292,110591,2.1979,2026-06-06 12:02:19.577001+00:00
600448,3.0700,2.9500,3.1400,2.8800,322924,97501552.00,164974,157950,5.1272,2026-06-06 12:02:19.577001+00:00
600449,12.8600,13.1200,13.2600,12.7200,72225,93514376.00,33711,38514,1.5104,2026-06-06 12:02:19.577001+00:00
600452,11.6400,11.3600,11.8400,11.1500,563571,647755456.00,275628,287944,3.6678,2026-06-06 12:02:19.577001+00:00
600455,25.3000,24.9900,25.6500,24.1200,23222,57842760.00,11948,11274,3.7180,2026-06-06 12:02:19.577001+00:00
600456,31.1900,31.0700,31.5500,30.3200,67119,208124368.00,37280,29839,1.4048,2026-06-06 12:02:19.577001+00:00
600458,14.1400,14.4000,14.6900,13.5200,777061,1105952000.00,385588,391474,8.3487,2026-06-06 12:02:19.577001+00:00
600459,24.7500,24.0000,26.0000,24.0000,763767,1911531392.00,424297,339471,9.2771,2026-06-06 12:02:19.577001+00:00
600460,33.9500,34.7000,35.4400,33.6800,939262,3240596736.00,448593,490670,5.6444,2026-06-06 12:02:19.577001+00:00
600461,9.6400,9.6500,9.7500,9.6300,69213,66942864.00,33885,35328,0.5390,2026-06-06 12:02:19.577001+00:00
600463,9.3400,9.2300,9.5000,9.0700,58498,54473528.00,32317,26181,1.9499,2026-06-06 12:02:19.577001+00:00
600467,2.2800,2.2800,2.3200,2.2600,296995,67994120.00,135612,161383,2.0328,2026-06-06 12:02:19.577001+00:00
600468,6.2700,6.2900,6.4000,6.1600,194514,122190496.00,100731,93783,1.7882,2026-06-06 12:02:19.577001+00:00
600469,5.8800,5.8300,5.9700,5.8100,50987,30032844.00,27893,23094,0.5729,2026-06-06 12:02:19.577001+00:00
600470,5.4900,5.4600,5.5300,5.2500,208128,113077616.00,105231,102897,3.9902,2026-06-06 12:02:19.577001+00:00
600475,15.1800,15.7000,15.8000,15.1300,114870,176674624.00,49634,65236,1.2016,2026-06-06 12:02:19.577001+00:00
600476,11.0800,11.0100,11.2900,10.9100,22339,24745484.00,8103,14236,1.3869,2026-06-06 12:02:19.577001+00:00
600477,2.6800,2.6700,2.7300,2.6700,327655,88423160.00,170639,157017,1.3890,2026-06-06 12:02:19.577001+00:00
600478,5.6800,5.6500,5.7900,5.5300,332914,188615744.00,175007,157907,1.9988,2026-06-06 12:02:19.577001+00:00
600479,10.0700,10.0500,10.1100,10.0400,28485,28694406.00,14850,13635,0.5787,2026-06-06 12:02:19.577001+00:00
600480,10.5100,10.4800,10.8400,10.1000,301157,313154816.00,153994,147164,2.4640,2026-06-06 12:02:19.577001+00:00
600481,4.9900,4.9300,5.0500,4.7100,1186403,580080640.00,580677,605727,5.7476,2026-06-06 12:02:19.577001+00:00
600482,37.5900,40.3000,41.0400,37.4600,671603,2621474560.00,344944,326659,2.9609,2026-06-06 12:02:19.577001+00:00
600483,11.5800,11.8500,12.0700,11.4600,526194,613411328.00,243329,282865,1.8927,2026-06-06 12:02:19.577001+00:00
600486,58.9200,58.7400,60.6600,58.2200,73218,434246304.00,28718,44500,1.8118,2026-06-06 12:02:19.577001+00:00
600487,96.1200,96.0000,102.9600,95.0000,2509906,24741726208.00,1259479,1250427,10.1764,2026-06-06 12:02:19.577001+00:00
600488,5.1700,5.6700,5.8100,5.1500,1114981,601818240.00,459137,655844,10.2115,2026-06-06 12:02:19.577001+00:00
600489,22.2000,22.3600,22.8400,22.0900,517596,1160393088.00,274302,243295,1.0678,2026-06-06 12:02:19.577001+00:00
600490,7.0500,7.2000,7.2300,7.0100,351357,250042400.00,181684,169673,1.5878,2026-06-06 12:02:19.577001+00:00
600491,1.3900,1.4200,1.4300,1.3700,611218,84930464.00,219782,391436,3.9955,2026-06-06 12:02:19.577001+00:00
600493,6.3200,6.3600,6.3900,6.0800,64580,40380252.00,28438,36142,2.3743,2026-06-06 12:02:19.577001+00:00
600495,3.9700,3.9400,4.0100,3.9200,84729,33620424.00,38022,46707,0.7013,2026-06-06 12:02:19.577001+00:00
600496,4.1400,4.1500,4.1900,4.1000,280516,116153824.00,123606,156910,1.4095,2026-06-06 12:02:19.577001+00:00
600497,8.9400,9.2800,9.3700,8.9000,1799222,1638693120.00,878099,921124,3.5696,2026-06-06 12:02:19.577001+00:00
600498,56.4800,52.0000,58.0300,52.0000,2074326,11832816640.00,990782,1083544,15.2730,2026-06-06 12:02:19.577001+00:00
600499,15.1600,15.3600,15.5800,15.0400,228295,348712064.00,118560,109735,1.1904,2026-06-06 12:02:19.577001+00:00
600500,5.7000,5.7000,5.9800,5.5100,1035944,596254016.00,547647,488298,2.8870,2026-06-06 12:02:19.577001+00:00
600501,18.3000,18.0700,18.5800,17.8900,64981,118940048.00,36588,28393,1.5189,2026-06-06 12:02:19.577001+00:00
600502,4.9800,5.0500,5.1700,4.9600,291082,146636640.00,127131,163952,1.6958,2026-06-06 12:02:19.577001+00:00
600503,2.7700,2.8100,2.9900,2.7300,932967,262962880.00,455576,477391,5.8227,2026-06-06 12:02:19.577001+00:00
600505,13.5600,14.2600,14.6600,13.5300,340506,474936608.00,155107,185399,9.3400,2026-06-06 12:02:19.577001+00:00
600506,17.1800,17.3500,17.5200,16.9600,57647,98904424.00,28120,29527,2.3093,2026-06-06 12:02:19.577001+00:00
600507,4.5400,4.4900,4.6400,4.4900,180656,82497600.00,100258,80399,0.7810,2026-06-06 12:02:19.577001+00:00
600508,14.1000,14.4800,14.6200,14.0700,149046,212548048.00,65934,83112,2.0623,2026-06-06 12:02:19.577001+00:00
600509,8.6700,9.0900,9.2100,8.6200,742800,652830656.00,333541,409259,5.4046,2026-06-06 12:02:19.577001+00:00
600510,8.0900,8.1800,8.3500,7.9400,114768,93034016.00,55180,59588,1.1121,2026-06-06 12:02:19.577001+00:00
600511,26.6800,26.7600,27.0700,26.6500,33629,90398992.00,14458,19171,0.4457,2026-06-06 12:02:19.577001+00:00
600512,2.1700,2.1500,2.1900,2.1400,221926,48059324.00,100938,120988,1.3924,2026-06-06 12:02:19.577001+00:00
600513,16.6800,17.2500,17.2800,16.5500,95810,160702992.00,42972,52838,3.3564,2026-06-06 12:02:19.577001+00:00
600515,3.0800,3.0600,3.1200,3.0600,953034,294677024.00,502581,450454,0.8341,2026-06-06 12:02:19.577001+00:00
600516,5.8300,5.4400,5.8300,5.4300,1299309,751947904.00,532345,766964,3.2273,2026-06-06 12:02:19.577001+00:00
600517,5.0800,5.1600,5.1800,5.0600,252716,129288624.00,118720,133996,0.4419,2026-06-06 12:02:19.577001+00:00
600518,1.5100,1.5000,1.5400,1.5000,1198024,182198224.00,657742,540282,0.8663,2026-06-06 12:02:19.577001+00:00
600519,1272.8600,1278.0000,1283.0000,1267.7400,31303,3984001792.00,13904,17400,0.2504,2026-06-06 12:02:19.577001+00:00
600520,29.6800,28.5800,30.9100,27.6200,160078,468464032.00,88727,71351,10.1040,2026-06-06 12:02:19.577001+00:00
600521,15.0000,15.1700,15.2200,14.9100,119883,180306224.00,52559,67325,0.8007,2026-06-06 12:02:19.577001+00:00
600522,46.0700,45.0800,49.3700,44.9500,4065648,19200931840.00,2120197,1945451,11.9124,2026-06-06 12:02:19.577001+00:00
600523,11.6500,11.5500,11.8000,11.4500,35152,40944124.00,18392,16760,0.8694,2026-06-06 12:02:19.577001+00:00
600525,5.0200,5.1700,5.2100,5.0000,145286,73764928.00,84986,60301,1.1017,2026-06-06 12:02:19.577001+00:00
600526,4.6300,4.6500,4.6900,4.6000,75290,34980408.00,35387,39903,0.8472,2026-06-06 12:02:19.577001+00:00
600527,2.4100,2.4000,2.4600,2.3400,724974,174520784.00,394198,330777,4.1863,2026-06-06 12:02:19.577001+00:00
600528,7.2500,7.2200,7.3400,7.2000,98029,71315288.00,55084,42945,0.4413,2026-06-06 12:02:19.577001+00:00
600529,19.7000,19.3100,20.3000,19.0400,258535,509695296.00,150297,108239,3.8959,2026-06-06 12:02:19.577001+00:00
600530,6.4500,6.5600,6.7200,6.3500,168733,109205120.00,72216,96517,2.1774,2026-06-06 12:02:19.577001+00:00
600531,12.5000,12.7700,12.8200,12.4300,369230,466034112.00,187745,181485,3.0533,2026-06-06 12:02:19.577001+00:00
600533,2.2500,2.2000,2.2800,2.1900,227220,50813320.00,118580,108640,2.1640,2026-06-06 12:02:19.577001+00:00
600535,14.1900,14.2000,14.2700,14.0700,68188,96638600.00,37109,31079,0.4564,2026-06-06 12:02:19.577001+00:00
600536,36.5000,36.3600,36.9800,36.2000,95745,350476512.00,48358,47387,1.0253,2026-06-06 12:02:19.577001+00:00
600537,2.6800,2.6300,2.7700,2.6000,500146,133219232.00,240907,259239,0.0000,2026-06-06 12:02:19.577001+00:00
600538,6.2100,6.1200,6.4400,6.1000,185744,116799616.00,99812,85932,3.5434,2026-06-06 12:02:19.577001+00:00
600539,14.0000,14.5000,14.9000,13.9200,124054,176209936.00,58629,65425,5.3937,2026-06-06 12:02:19.577001+00:00
600540,4.6900,4.8500,4.9200,4.6300,302361,143151296.00,139427,162934,5.2008,2026-06-06 12:02:19.577001+00:00
600543,4.4800,4.4300,4.5200,4.3900,21330,9494699.00,11824,9506,0.6642,2026-06-06 12:02:19.577001+00:00
600545,6.8300,7.0800,7.3600,6.7600,1570899,1097622656.00,754286,816613,8.7862,2026-06-06 12:02:19.577001+00:00
600546,14.1100,14.3400,14.5500,13.9900,484715,686092480.00,224015,260701,2.4450,2026-06-06 12:02:19.577001+00:00
600547,28.0500,28.6400,28.8200,27.9500,410620,1164041472.00,203351,207270,0.8907,2026-06-06 12:02:19.577001+00:00
600548,8.7700,8.7100,8.8700,8.7100,21496,18895612.00,13551,7945,0.0847,2026-06-06 12:02:19.577001+00:00
600549,61.7300,63.0000,65.9000,61.5200,1167967,7452071424.00,562754,605213,7.3569,2026-06-06 12:02:19.577001+00:00
600550,12.8300,13.2300,13.2500,12.8200,357516,463452960.00,151630,205887,1.9414,2026-06-06 12:02:19.577001+00:00
600551,7.2700,7.2300,7.4400,7.1900,27089,19727340.00,13966,13123,0.3995,2026-06-06 12:02:19.577001+00:00
600552,21.7100,19.9400,21.7100,19.7000,1407315,2979782656.00,608867,798449,14.8984,2026-06-06 12:02:19.577001+00:00
600556,5.0800,5.0200,5.1500,4.9500,516719,262344000.00,285003,231717,2.8584,2026-06-06 12:02:19.577001+00:00
600557,12.3200,12.3000,12.4500,12.2500,28093,34740736.00,13636,14458,0.4962,2026-06-06 12:02:19.577001+00:00
600558,5.6400,5.6000,5.7400,5.5800,199658,113020016.00,101239,98420,2.2243,2026-06-06 12:02:19.577001+00:00
600559,12.2400,12.3300,12.5500,12.2100,105532,130131432.00,43978,61555,1.1537,2026-06-06 12:02:19.577001+00:00
600560,12.8100,12.4000,13.0900,12.1300,39993,50581324.00,21771,18222,1.7882,2026-06-06 12:02:19.577001+00:00
600562,22.1500,22.0100,22.4000,21.6800,75116,166163104.00,41713,33404,0.6049,2026-06-06 12:02:19.577001+00:00
600563,169.3600,168.8800,174.6800,162.2200,144055,2443099648.00,73476,70580,6.4024,2026-06-06 12:02:19.577001+00:00
600566,27.9900,27.7000,28.1500,27.2000,39544,109472040.00,19393,20152,0.4291,2026-06-06 12:02:19.577001+00:00
600567,1.3500,1.3300,1.3500,1.3300,406354,54467092.00,143164,263191,0.6442,2026-06-06 12:02:19.577001+00:00
600568,2.7400,2.6800,2.7700,2.6700,125333,34097640.00,62150,63184,0.6289,2026-06-06 12:02:19.577001+00:00
600569,1.9000,1.8800,1.9300,1.8700,161298,30690984.00,100659,60640,0.5615,2026-06-06 12:02:19.577001+00:00
600570,23.1500,23.6000,23.7400,23.1500,247055,579385600.00,114390,132666,1.3047,2026-06-06 12:02:19.577001+00:00
600571,11.2700,11.1900,11.4300,11.1200,78964,89300832.00,46425,32539,1.6933,2026-06-06 12:02:19.577001+00:00
600572,4.1600,4.1600,4.2000,4.1500,260990,108778432.00,121100,139890,1.0288,2026-06-06 12:02:19.577001+00:00
600573,12.5900,12.5500,13.3000,12.2600,256186,325707648.00,128938,127249,10.2474,2026-06-06 12:02:19.577001+00:00
600575,4.0800,4.1300,4.2200,4.0200,1120649,459604992.00,481454,639195,1.5637,2026-06-06 12:02:19.577001+00:00
600576,5.7800,5.8300,5.9500,5.7700,107740,62820484.00,50384,57356,1.0217,2026-06-06 12:02:19.577001+00:00
600577,12.1200,11.5800,12.5000,11.3100,1090332,1296499584.00,546721,543612,5.0687,2026-06-06 12:02:19.577001+00:00
600578,8.4600,9.5300,9.8500,8.4600,3307407,2998977792.00,1514899,1792509,4.9404,2026-06-06 12:02:19.577001+00:00
600579,6.6100,6.4400,6.6900,6.3700,51402,33699544.00,28120,23282,1.0414,2026-06-06 12:02:19.577001+00:00
600580,40.0000,38.8200,40.9800,37.2000,871277,3402376448.00,445807,425471,5.5775,2026-06-06 12:02:19.577001+00:00
600581,2.5900,2.5500,2.6300,2.5500,84687,22005356.00,40414,44273,0.0000,2026-06-06 12:02:19.577001+00:00
600582,5.4500,5.4200,5.4700,5.4100,154454,84010528.00,84514,69941,0.3732,2026-06-06 12:02:19.577001+00:00
600583,5.6900,5.7000,5.8500,5.6600,409381,235307376.00,185008,224373,0.9259,2026-06-06 12:02:19.577001+00:00
600584,75.6500,79.6600,80.4200,75.0800,2053711,15961191424.00,941742,1111970,11.4770,2026-06-06 12:02:19.577001+00:00
600585,19.3500,19.3500,19.7500,19.3000,229951,448601248.00,109242,120709,0.4339,2026-06-06 12:02:19.577001+00:00
600586,5.2400,4.7500,5.2400,4.6500,817847,414330240.00,398670,419177,5.7703,2026-06-06 12:02:19.577001+00:00
600587,12.9700,12.8000,13.1300,12.7300,44904,58112192.00,24399,20505,0.7402,2026-06-06 12:02:19.577001+00:00
600588,10.7100,10.6500,11.2200,10.5500,647364,702760768.00,340154,307210,1.8945,2026-06-06 12:02:19.577001+00:00
600589,10.5700,10.6100,11.0500,10.1200,1314273,1396621056.00,618524,695750,8.8523,2026-06-06 12:02:19.577001+00:00
600590,13.1900,13.4500,13.8500,13.0500,408696,552118464.00,191557,217140,4.7920,2026-06-06 12:02:19.577001+00:00
600592,20.7100,20.4900,20.8800,19.7000,164448,334560224.00,83648,80801,4.1158,2026-06-06 12:02:19.577001+00:00
600593,37.1000,38.4700,39.8800,36.8800,67913,257240496.00,27022,40891,5.2063,2026-06-06 12:02:19.577001+00:00
600594,3.4500,3.4300,3.5100,3.4000,156147,54007236.00,70122,86026,1.9717,2026-06-06 12:02:19.577001+00:00
600595,6.9500,7.0900,7.2400,6.9000,741615,522395520.00,369444,372172,1.8504,2026-06-06 12:02:19.577001+00:00
600596,14.4100,14.3200,15.1100,14.2700,920401,1348647808.00,419864,500538,6.8198,2026-06-06 12:02:19.577001+00:00
600597,6.8800,6.8500,6.9400,6.8300,47307,32580082.00,22432,24875,0.3432,2026-06-06 12:02:19.577001+00:00
600598,14.3300,14.2600,14.4700,14.2400,160882,231159600.00,77844,83038,0.9050,2026-06-06 12:02:19.577001+00:00
600600,59.7000,59.9000,59.9900,59.5000,46160,275573696.00,21949,24212,0.3384,2026-06-06 12:02:19.577001+00:00
600601,12.4200,12.5000,12.9200,12.2000,2097238,2631007744.00,1139342,957896,4.9073,2026-06-06 12:02:19.577001+00:00
600602,17.9700,18.3500,18.5000,17.8100,259800,470295136.00,130937,128864,1.8996,2026-06-06 12:02:19.577001+00:00
600603,4.9500,4.7800,5.1700,4.7700,324489,162023712.00,181574,142915,2.7594,2026-06-06 12:02:19.577001+00:00
600604,4.2400,4.2300,4.2800,4.1800,107210,45451672.00,54429,52781,0.5723,2026-06-06 12:02:19.577001+00:00
600605,29.9200,28.7900,30.2800,27.8100,52315,153801232.00,27113,25203,2.5361,2026-06-06 12:02:19.577001+00:00
600606,1.4100,1.3900,1.4500,1.3900,1580239,224719184.00,691796,888444,1.1244,2026-06-06 12:02:19.577001+00:00
600608,2.0700,0.0000,0.0000,0.0000,0,0.00,0,0,0.0000,2026-06-06 12:02:19.577001+00:00
600609,3.5700,3.5000,3.6600,3.5000,257262,92350264.00,147526,109736,1.9720,2026-06-06 12:02:19.577001+00:00
600610,7.5100,7.3700,7.6200,7.2700,157646,117703608.00,86520,71126,1.4716,2026-06-06 12:02:19.577001+00:00
600611,4.2900,4.3500,4.4000,4.2100,591708,254486432.00,292176,299532,2.5029,2026-06-06 12:02:19.577001+00:00
600612,35.6600,35.4400,36.3600,35.3100,12034,43246716.00,6025,6010,0.2300,2026-06-06 12:02:19.577001+00:00
600613,5.0400,4.9700,5.0900,4.9700,58294,29330964.00,28704,29590,1.0915,2026-06-06 12:02:19.577001+00:00
600615,10.0000,9.8700,10.1200,9.6500,27093,26893684.00,14784,12310,1.2008,2026-06-06 12:02:19.577001+00:00
600616,4.4100,4.3600,4.4400,4.3400,66350,29155184.00,32315,34036,0.9918,2026-06-06 12:02:19.577001+00:00
600617,3.4800,3.5300,3.6000,3.3800,462529,159661184.00,232910,229620,2.3975,2026-06-06 12:02:19.577001+00:00
600618,10.2700,10.2600,10.4300,10.1100,81660,83927984.00,43952,37708,0.7062,2026-06-06 12:02:19.577001+00:00
600619,14.9600,14.9300,15.1900,14.5100,185478,275472064.00,91739,93740,1.7280,2026-06-06 12:02:19.577001+00:00
600620,4.7100,4.6400,4.7900,4.6100,71645,33694780.00,36742,34903,1.0434,2026-06-06 12:02:19.577001+00:00
600621,12.4800,12.7900,12.8000,12.4500,99413,125591976.00,47659,51755,0.9371,2026-06-06 12:02:19.577001+00:00
600622,2.5100,2.4600,2.6100,2.4600,446527,112902032.00,197036,249492,2.9775,2026-06-06 12:02:19.577001+00:00
600623,8.4500,8.5400,8.6600,8.3100,233812,199306192.00,120716,113096,1.1014,2026-06-06 12:02:19.577001+00:00
600624,4.0200,4.0000,4.1500,4.0000,39196,15879362.00,17246,21951,0.5770,2026-06-06 12:02:19.577001+00:00
600626,3.5400,3.5200,3.6000,3.4800,127113,45067104.00,69588,57526,0.9624,2026-06-06 12:02:19.577001+00:00
600628,6.2600,6.1700,6.3300,6.1700,66609,41800552.00,38000,28609,1.0297,2026-06-06 12:02:19.577001+00:00
600629,16.0600,15.9900,16.5300,15.7700,185300,298842336.00,92667,92634,1.9339,2026-06-06 12:02:19.577001+00:00
600630,8.4000,8.2400,8.5000,8.2400,138632,115967872.00,64877,73755,3.2630,2026-06-06 12:02:19.577001+00:00
600633,11.7600,11.7100,11.8700,11.6600,147159,173045952.00,69504,77656,1.1605,2026-06-06 12:02:19.577001+00:00
600635,5.0100,5.0200,5.0900,4.9100,414203,206763920.00,200150,214053,1.4029,2026-06-06 12:02:19.577001+00:00
600636,1.9100,1.9400,1.9500,1.8700,189347,36108320.00,87154,102194,4.3167,2026-06-06 12:02:19.577001+00:00
600637,9.1500,9.2000,9.3800,9.1200,463767,428203264.00,227097,236671,1.3795,2026-06-06 12:02:19.577001+00:00
600638,5.3600,5.3800,5.4900,5.3500,72646,39310824.00,31731,40915,1.0788,2026-06-06 12:02:19.577001+00:00
600639,9.6700,9.7300,9.8100,9.6500,27933,27135584.00,12733,15201,0.2489,2026-06-06 12:02:19.577001+00:00
600640,11.1300,11.1300,11.3400,10.8800,77326,86401760.00,37905,39422,0.9718,2026-06-06 12:02:19.577001+00:00
600641,25.7000,26.4600,26.6100,25.5700,413808,1077003648.00,186306,227503,4.3703,2026-06-06 12:02:19.577001+00:00
600642,9.7000,10.1000,10.2400,9.6600,468976,462901600.00,219652,249324,0.9583,2026-06-06 12:02:19.577001+00:00
600643,4.1600,4.1600,4.2200,4.1400,100628,42107368.00,42411,58218,0.6316,2026-06-06 12:02:19.577001+00:00
600644,11.2300,11.5300,11.9000,11.2200,276596,314507168.00,114884,161712,4.7827,2026-06-06 12:02:19.577001+00:00
600645,19.8300,19.8800,20.7200,19.7200,168558,339549056.00,74280,94279,3.6021,2026-06-06 12:02:19.577001+00:00
600648,9.1500,9.2300,9.3100,9.0500,23067,21130968.00,12435,10633,0.1696,2026-06-06 12:02:19.577001+00:00
600649,3.7500,3.7400,3.8300,3.7400,172718,65292840.00,75002,97716,0.6896,2026-06-06 12:02:19.577001+00:00
600650,10.7500,10.6900,10.8400,10.5600,32716,35038836.00,17184,15532,0.5931,2026-06-06 12:02:19.577001+00:00
600651,6.2900,6.3800,6.4200,6.2300,182985,115764576.00,89417,93568,0.7299,2026-06-06 12:02:19.577001+00:00
600653,1.7100,1.6900,1.7200,1.6900,212479,36277640.00,142855,69624,1.0917,2026-06-06 12:02:19.577001+00:00
600654,3.1800,3.1800,3.2300,3.1100,639901,203091264.00,270847,369055,2.2237,2026-06-06 12:02:19.577001+00:00
600655,4.5700,4.5500,4.6400,4.5400,110443,50712624.00,62216,48227,0.2838,2026-06-06 12:02:19.577001+00:00
600657,2.7600,2.7600,2.8600,2.7400,247637,69173008.00,108932,138706,0.8683,2026-06-06 12:02:19.577001+00:00
600658,4.5200,4.4700,4.6000,4.4200,124175,56131532.00,59175,65001,1.1101,2026-06-06 12:02:19.577001+00:00
600660,53.6000,53.4200,53.9700,53.2000,83960,449442976.00,41305,42655,0.3217,2026-06-06 12:02:19.577001+00:00
600661,8.2000,8.0100,8.2700,7.9700,46359,37708544.00,25135,21224,1.6178,2026-06-06 12:02:19.577001+00:00
600662,4.3800,4.3600,4.4200,4.3500,107545,47110908.00,59473,48072,0.4710,2026-06-06 12:02:19.577001+00:00
600663,7.0200,7.0500,7.1800,7.0000,86150,60805036.00,39077,47073,0.1711,2026-06-06 12:02:19.577001+00:00
600664,3.1800,3.2000,3.2700,3.1700,424455,136227536.00,176322,248134,1.6853,2026-06-06 12:02:19.577001+00:00
600665,3.5100,3.4500,3.6300,3.4500,229936,81479792.00,125839,104097,2.6609,2026-06-06 12:02:19.577001+00:00
600666,4.6300,4.5900,4.6900,4.5200,1432384,661282944.00,760340,672044,5.2059,2026-06-06 12:02:19.577001+00:00
600667,16.1500,16.3000,17.1800,15.9700,4285251,7110380544.00,2013351,2271901,20.4885,2026-06-06 12:02:19.577001+00:00
600668,7.7400,7.6600,7.8600,7.6300,51215,39639324.00,30473,20742,1.2404,2026-06-06 12:02:19.577001+00:00
600671,16.9400,16.6500,17.2000,16.6500,17523,29685698.00,9838,7685,1.4389,2026-06-06 12:02:19.577001+00:00
600673,33.1700,33.1200,34.6800,31.5900,764741,2531679744.00,404241,360500,2.5410,2026-06-06 12:02:19.577001+00:00
600674,15.1500,15.5100,15.7100,15.0600,436515,669439168.00,184674,251841,0.8955,2026-06-06 12:02:19.577001+00:00
600675,2.4000,2.4000,2.4600,2.3900,262721,63535700.00,101138,161584,0.4345,2026-06-06 12:02:19.577001+00:00
600676,6.3400,6.3700,6.4100,6.2800,83098,52678692.00,41783,41315,0.8080,2026-06-06 12:02:19.577001+00:00
600678,6.4000,6.3900,6.6300,6.2600,218405,140510768.00,97369,121036,6.2582,2026-06-06 12:02:19.577001+00:00
600679,10.5700,10.7300,11.1000,10.4200,105922,112876192.00,54500,51423,2.0556,2026-06-06 12:02:19.577001+00:00
600681,3.6700,3.7200,3.7500,3.6600,167424,61589580.00,66583,100841,1.2486,2026-06-06 12:02:19.577001+00:00
600682,5.8600,5.9000,6.0800,5.8000,187116,110590624.00,97962,89155,1.3911,2026-06-06 12:02:19.577001+00:00
600683,15.4800,15.2300,15.8400,14.6800,350270,537485568.00,177020,173250,100.8805,2026-06-06 12:02:19.577001+00:00
600684,3.5600,3.5000,3.6000,3.4800,201070,71411264.00,92470,108600,1.8179,2026-06-06 12:02:19.577001+00:00
600685,27.1500,27.5600,27.7500,26.9900,112358,307887552.00,49488,62870,0.7949,2026-06-06 12:02:19.577001+00:00
600686,12.6500,12.6500,12.8300,12.4000,218319,276275904.00,119933,98386,3.0447,2026-06-06 12:02:19.577001+00:00
600688,3.4900,3.6800,3.7200,3.4100,7379587,2681665792.00,3227345,4152242,6.9998,2026-06-06 12:02:19.577001+00:00
600689,11.3000,11.2000,11.4100,11.0000,31663,35622604.00,16011,15652,1.5753,2026-06-06 12:02:19.577001+00:00
600690,20.3100,20.3600,20.6900,20.2900,339540,692757120.00,170626,168915,0.3621,2026-06-06 12:02:19.577001+00:00
600691,2.6600,2.6400,2.7100,2.6400,298513,79938608.00,148252,150262,1.2564,2026-06-06 12:02:19.577001+00:00
600692,6.6200,6.5000,6.6600,6.4400,48014,31570388.00,24462,23552,1.3649,2026-06-06 12:02:19.577001+00:00
600693,10.3500,9.8400,10.8100,9.8000,1172835,1237272960.00,536361,636474,13.4832,2026-06-06 12:02:19.577001+00:00
600694,14.6400,14.4000,14.8300,14.4000,45313,66496120.00,23540,21773,1.1962,2026-06-06 12:02:19.577001+00:00
600696,0.6800,0.7200,0.7600,0.6800,52696,3853443.00,20397,32300,1.5755,2026-06-06 12:02:19.577001+00:00
600697,11.3100,10.9800,11.4500,10.9400,50985,57212144.00,31450,19535,3.2048,2026-06-06 12:02:19.577001+00:00
600698,6.3600,6.3300,6.4400,6.2700,82372,52369432.00,46704,35669,0.7708,2026-06-06 12:02:19.577001+00:00
600699,26.4000,26.5000,27.2400,25.1600,565593,1472205952.00,289016,276577,3.6472,2026-06-06 12:02:19.577001+00:00
600702,40.8300,40.6000,42.8600,40.6000,84418,350531392.00,43096,41323,2.5369,2026-06-06 12:02:19.577001+00:00
600703,16.9100,17.0600,17.6000,16.6800,4611965,7893417472.00,2324009,2287957,9.2442,2026-06-06 12:02:19.577001+00:00
600704,4.8400,4.7800,4.8800,4.7800,418393,202594672.00,226305,192089,0.8091,2026-06-06 12:02:19.577001+00:00
600706,8.0900,7.9500,8.1700,7.8700,57704,46461808.00,31586,26118,2.2624,2026-06-06 12:02:19.577001+00:00
600707,11.7100,10.8500,12.0500,10.4000,3947578,4633708032.00,1830168,2117410,11.0010,2026-06-06 12:02:19.577001+00:00
600708,3.0800,3.0800,3.1500,3.0400,294385,90997688.00,138490,155895,1.3209,2026-06-06 12:02:19.577001+00:00
600710,11.4800,11.3300,11.6800,11.3100,95576,109912224.00,59020,36556,0.7314,2026-06-06 12:02:19.577001+00:00
600711,11.9000,12.1000,12.3500,11.8600,772795,933780288.00,387383,385413,2.5005,2026-06-06 12:02:19.577001+00:00
600712,5.7000,5.6500,5.8400,5.6000,72083,41436064.00,35650,36433,1.3235,2026-06-06 12:02:19.577001+00:00
600713,5.0200,4.9700,5.0600,4.9700,67739,34041176.00,33650,34089,0.5175,2026-06-06 12:02:19.577001+00:00
600714,32.9000,29.5000,32.9000,28.5000,219025,687557888.00,101601,117424,7.6004,2026-06-06 12:02:19.577001+00:00
600715,1.8700,1.8600,1.8900,1.8600,124622,23347436.00,70040,54582,0.3070,2026-06-06 12:02:19.577001+00:00
600716,3.6100,3.6000,3.6600,3.5500,66801,24073588.00,31511,35290,0.7136,2026-06-06 12:02:19.577001+00:00
600717,4.4300,4.4100,4.4900,4.4000,183589,81655680.00,97518,86071,0.6344,2026-06-06 12:02:19.577001+00:00
600718,8.1900,8.0600,8.3300,8.0000,121956,99618696.00,68447,53510,1.0193,2026-06-06 12:02:19.577001+00:00
600719,8.5300,9.0000,9.0800,8.4300,333525,286708000.00,159464,174061,8.2433,2026-06-06 12:02:19.577001+00:00
600720,5.9000,5.9000,5.9600,5.8700,68798,40666408.00,35068,33731,0.2998,2026-06-06 12:02:19.577001+00:00
600721,7.0800,7.1100,7.2400,6.9700,63520,44998928.00,28568,34952,1.6518,2026-06-06 12:02:19.577001+00:00
600722,10.1600,10.2300,10.3600,9.9800,208040,211093712.00,99549,108492,3.0580,2026-06-06 12:02:19.577001+00:00
600724,6.5500,6.5300,6.6100,6.3800,76102,49517216.00,40095,36007,0.5266,2026-06-06 12:02:19.577001+00:00
600725,4.0000,4.0200,4.0700,3.9500,169353,67753528.00,76076,93278,1.3741,2026-06-06 12:02:19.577001+00:00
600726,9.3500,10.1800,10.6000,9.3500,4284526,4166781184.00,2071498,2213028,5.4184,2026-06-06 12:02:19.577001+00:00
600727,8.2800,8.3000,8.3800,7.6900,461320,372647136.00,234847,226473,8.7275,2026-06-06 12:02:19.577001+00:00
600728,4.7300,4.6800,4.8100,4.6600,258459,122328720.00,140934,117526,1.2119,2026-06-06 12:02:19.577001+00:00
600729,19.6500,19.3300,20.2200,19.3100,32548,64364820.00,15971,16578,0.7390,2026-06-06 12:02:19.577001+00:00
600730,13.6300,14.4000,14.4800,13.6300,243933,335889248.00,134445,109489,4.1580,2026-06-06 12:02:19.577001+00:00
600731,5.5800,5.5000,5.6100,5.4800,61361,34061884.00,36048,25314,1.1079,2026-06-06 12:02:19.577001+00:00
600732,11.2100,11.6000,11.6200,11.1800,305487,347271040.00,141872,163616,1.4428,2026-06-06 12:02:19.577001+00:00
600733,5.9100,5.8800,6.0200,5.7600,956695,566080768.00,543575,413121,1.5025,2026-06-06 12:02:19.577001+00:00
600734,2.1300,2.0900,2.1800,2.0600,633427,134099664.00,303425,330003,2.9079,2026-06-06 12:02:19.577001+00:00
600735,6.4000,6.3200,6.5200,6.2300,88655,56796212.00,43969,44686,2.0676,2026-06-06 12:02:19.577001+00:00
600736,7.2400,7.0800,7.3400,7.0400,625166,452082976.00,326165,299001,5.4301,2026-06-06 12:02:19.577001+00:00
600737,14.4700,14.4500,15.1000,14.3700,384215,562921536.00,183961,200254,1.7964,2026-06-06 12:02:19.577001+00:00
600738,4.2400,4.1700,4.3200,4.1600,99375,42164276.00,48583,50792,1.3053,2026-06-06 12:02:19.577001+00:00
600739,10.2900,10.3500,10.4800,10.2800,98782,102383272.00,49636,49147,0.6489,2026-06-06 12:02:19.577001+00:00
600740,4.1100,4.1000,4.1900,4.0800,524775,216739056.00,243686,281089,2.0482,2026-06-06 12:02:19.577001+00:00
600741,16.9300,16.8300,17.1500,16.8300,161581,274189184.00,83564,78017,0.5125,2026-06-06 12:02:19.577001+00:00
600742,7.9000,7.9600,8.0200,7.8800,43282,34383864.00,24108,19175,0.5825,2026-06-06 12:02:19.577001+00:00
600743,2.4900,2.4100,2.5900,2.4100,1056556,260942208.00,463831,592725,4.5035,2026-06-06 12:02:19.577001+00:00
600744,8.0800,8.7500,9.0500,8.0400,2080643,1743444992.00,960125,1120518,10.2438,2026-06-06 12:02:19.577001+00:00
600745,21.3900,19.5400,21.6000,19.5400,1137153,2344961024.00,767706,369447,9.1362,2026-06-06 12:02:19.577001+00:00
600746,6.2900,6.1800,6.3700,6.1700,104816,65841140.00,51498,53319,0.8975,2026-06-06 12:02:19.577001+00:00
600748,4.2500,4.3000,4.4000,4.2200,205708,88444008.00,83230,122479,1.1152,2026-06-06 12:02:19.577001+00:00
600749,14.9900,14.8000,15.1700,14.7600,67167,100423264.00,32886,34281,2.9593,2026-06-06 12:02:19.577001+00:00
600750,25.9200,25.7700,26.5000,25.6000,38593,100846304.00,19960,18633,0.6072,2026-06-06 12:02:19.577001+00:00
600751,3.2700,3.2300,3.3300,3.2100,405996,133135464.00,225307,180689,1.4003,2026-06-06 12:02:19.577001+00:00
600753,11.9700,12.4800,12.5000,11.9200,21901,26586396.00,6185,15717,0.9509,2026-06-06 12:02:19.577001+00:00
600754,20.1100,20.0000,20.5800,20.0000,127702,258915024.00,56480,71222,1.1976,2026-06-06 12:02:19.577001+00:00
600755,5.7300,5.7600,5.8400,5.7300,162893,94039384.00,74507,88387,0.7620,2026-06-06 12:02:19.577001+00:00
600756,13.7500,13.7400,13.9600,13.4300,61018,83882208.00,31427,29591,1.7452,2026-06-06 12:02:19.577001+00:00
600757,8.0100,7.9300,8.0600,7.9000,61662,49369872.00,37494,24168,0.5081,2026-06-06 12:02:19.577001+00:00
600758,4.8000,5.0400,5.1800,4.7500,1515747,738713536.00,683948,831799,11.4654,2026-06-06 12:02:19.577001+00:00
600759,2.8800,2.7900,2.9700,2.7300,3025376,868141184.00,1549554,1475822,7.2918,2026-06-06 12:02:19.577001+00:00
600760,40.5000,41.2400,41.3700,40.4100,196690,805331456.00,93962,102728,0.6938,2026-06-06 12:02:19.577001+00:00
600761,17.0100,17.0500,17.3200,16.9000,120890,207111824.00,58855,62035,1.3573,2026-06-06 12:02:19.577001+00:00
600763,35.0000,35.0000,35.6900,34.9400,57220,201644208.00,29378,27843,1.2793,2026-06-06 12:02:19.577001+00:00
600764,20.3000,20.6600,20.7400,20.2500,55619,114055792.00,21512,34107,0.7827,2026-06-06 12:02:19.577001+00:00
600765,13.8000,13.7900,14.0400,13.7200,157736,218789392.00,77355,80382,1.0160,2026-06-06 12:02:19.577001+00:00
600768,16.0600,15.9600,16.2800,15.5600,43153,69067552.00,24039,19114,3.2265,2026-06-06 12:02:19.577001+00:00
600769,16.0200,15.7900,16.6800,15.1000,294089,468753664.00,166728,127361,7.8429,2026-06-06 12:02:19.577001+00:00
600770,6.0200,6.0900,6.1400,5.9000,328938,198094144.00,156772,172166,2.5303,2026-06-06 12:02:19.577001+00:00
600771,14.5700,14.7400,14.9100,14.5600,62032,90991352.00,24370,37662,1.2673,2026-06-06 12:02:19.577001+00:00
600773,15.3000,15.2500,15.7300,14.4900,381438,578886912.00,178396,203043,4.0084,2026-06-06 12:02:19.577001+00:00
600774,7.2800,7.0600,7.3600,7.0600,46860,33855536.00,22053,24808,1.5883,2026-06-06 12:02:19.577001+00:00
600775,10.8500,10.6600,11.0300,10.5500,172371,187048864.00,93429,78943,1.8862,2026-06-06 12:02:19.577001+00:00
600776,15.9400,14.5300,15.9400,14.3800,287798,449772800.00,117693,170105,2.2914,2026-06-06 12:02:19.577001+00:00
600777,5.7000,5.6500,5.7900,5.6200,151578,86753248.00,66074,85505,0.2229,2026-06-06 12:02:19.577001+00:00
600778,5.9400,5.8100,5.9700,5.7700,87981,51798332.00,47177,40804,2.8245,2026-06-06 12:02:19.577001+00:00
600779,31.4600,31.4700,32.5000,31.2500,91148,289729184.00,44849,46299,1.8697,2026-06-06 12:02:19.577001+00:00
600780,7.0800,7.5000,7.6500,7.0300,439152,318399328.00,165167,273986,3.8304,2026-06-06 12:02:19.577001+00:00
600782,2.6700,2.6700,2.7000,2.6400,327295,87580512.00,178808,148487,1.0279,2026-06-06 12:02:19.577001+00:00
600783,23.5900,24.0100,24.7600,23.4000,432351,1042946560.00,225348,207004,5.8084,2026-06-06 12:02:19.577001+00:00
600784,7.5800,7.4200,7.6200,7.2400,151711,113411528.00,75724,75988,2.2454,2026-06-06 12:02:19.577001+00:00
600785,15.3300,15.2000,15.7500,15.2000,57124,88104168.00,31356,25768,2.5317,2026-06-06 12:02:19.577001+00:00
600787,4.6800,4.6500,4.7300,4.6400,158783,74454392.00,86404,72380,0.7317,2026-06-06 12:02:19.577001+00:00
600789,7.3300,7.3800,7.4300,7.3100,88627,65212020.00,37891,50736,0.8480,2026-06-06 12:02:19.577001+00:00
600790,4.0000,3.9100,4.0400,3.8900,185907,74068464.00,108700,77208,1.2683,2026-06-06 12:02:19.577001+00:00
600791,14.7400,15.4000,15.4000,14.5100,145511,216006576.00,66429,79082,99.2948,2026-06-06 12:02:19.577001+00:00
600792,4.5400,4.5400,4.7300,4.4800,548593,250655680.00,266873,281720,4.9426,2026-06-06 12:02:19.577001+00:00
600793,13.5000,13.6700,13.7000,13.1700,33737,45442496.00,17854,15883,1.9071,2026-06-06 12:02:19.577001+00:00
600794,3.2400,3.1700,3.2800,3.1600,113536,36705296.00,68558,44978,0.9460,2026-06-06 12:02:19.577001+00:00
600795,5.0700,5.1700,5.2300,5.0500,2719602,1392956544.00,1255084,1464519,1.5248,2026-06-06 12:02:19.577001+00:00
600796,5.2900,5.2400,5.3600,5.1700,54930,28911952.00,30758,24172,0.6339,2026-06-06 12:02:19.577001+00:00
600797,7.6700,7.5600,7.9300,7.5400,347179,267781056.00,172335,174845,3.3788,2026-06-06 12:02:19.577001+00:00
600798,3.7000,3.5500,3.8400,3.5500,748494,277451264.00,425113,323382,6.2037,2026-06-06 12:02:19.577001+00:00
600800,3.8400,3.7600,4.0000,3.6800,292037,112228528.00,149290,142748,2.6309,2026-06-06 12:02:19.577001+00:00
600801,19.7100,19.0000,20.0600,18.9500,194209,383684640.00,110729,83481,0.9341,2026-06-06 12:02:19.577001+00:00
600802,4.9900,4.9500,5.0300,4.8400,60777,30153832.00,33625,27152,1.3263,2026-06-06 12:02:19.577001+00:00
600803,19.2100,19.2000,19.4100,19.1000,74496,143146096.00,39135,35362,0.2406,2026-06-06 12:02:19.577001+00:00
600805,4.6200,4.5800,4.6600,4.5600,101345,46703264.00,61929,39416,1.1910,2026-06-06 12:02:19.577001+00:00
600807,2.7100,2.7900,2.7900,2.6600,342972,93324304.00,146310,196662,3.8770,2026-06-06 12:02:19.577001+00:00
600808,2.8400,2.8600,2.9000,2.8300,542854,155458064.00,245046,297808,0.7049,2026-06-06 12:02:19.577001+00:00
600809,122.0300,123.2200,124.4000,121.0100,81293,993677568.00,40486,40808,0.6664,2026-06-06 12:02:19.577001+00:00
600810,5.8200,5.7700,5.9000,5.6600,133166,77124416.00,76707,56460,1.2211,2026-06-06 12:02:19.577001+00:00
600812,4.4300,4.3600,4.4700,4.3600,121281,53640752.00,60112,61169,0.7069,2026-06-06 12:02:19.577001+00:00
600814,7.0100,6.9500,7.1800,6.9300,65216,46096760.00,35216,30000,0.8872,2026-06-06 12:02:19.577001+00:00
600815,3.2800,3.3200,3.3500,3.2300,350338,114971680.00,166063,184275,1.9747,2026-06-06 12:02:19.577001+00:00
600816,2.8100,2.9000,2.9100,2.7900,811249,230497856.00,361890,449359,0.8241,2026-06-06 12:02:19.577001+00:00
600817,9.8100,9.8600,9.9400,9.7200,24543,24110164.00,13543,11000,0.4592,2026-06-06 12:02:19.577001+00:00
600818,5.8300,5.7100,5.9600,5.5400,105611,61467900.00,49395,56216,3.2855,2026-06-06 12:02:19.577001+00:00
600819,7.0400,6.3900,7.0400,6.3800,240639,165475168.00,113647,126992,2.4637,2026-06-06 12:02:19.577001+00:00
600820,5.5100,5.5900,5.6300,5.5000,205540,114482320.00,78495,127045,0.6537,2026-06-06 12:02:19.577001+00:00
600821,8.0500,8.5000,8.8000,8.0100,2427156,2024192384.00,1149521,1277636,12.3373,2026-06-06 12:02:19.577001+00:00
600822,8.8000,8.6300,8.9200,8.6200,24882,21881860.00,15389,9493,0.5017,2026-06-06 12:02:19.577001+00:00
600824,3.7400,3.7000,3.8200,3.7000,75037,28233924.00,42743,32294,0.7119,2026-06-06 12:02:19.577001+00:00
600825,4.9500,4.8900,5.0900,4.8800,83290,41231512.00,39071,44220,0.7971,2026-06-06 12:02:19.577001+00:00
600826,8.8300,8.6800,9.0100,8.6800,55779,49412680.00,27588,28192,0.7583,2026-06-06 12:02:19.577001+00:00
600827,8.1600,8.0700,8.3300,8.0700,114325,93691320.00,54291,60034,0.6408,2026-06-06 12:02:19.577001+00:00
600828,5.1300,4.9200,5.4500,4.8400,1039803,547692672.00,458288,581515,6.0035,2026-06-06 12:02:19.577001+00:00
600829,8.6100,8.5200,8.7500,8.5200,49035,42267736.00,23639,25396,0.8456,2026-06-06 12:02:19.577001+00:00
600830,7.8900,7.8100,7.9600,7.7200,73515,57720996.00,39747,33768,1.6181,2026-06-06 12:02:19.577001+00:00
600831,3.5900,3.5900,3.6600,3.5200,167865,60412816.00,80551,87314,2.3611,2026-06-06 12:02:19.577001+00:00
600833,10.3200,10.1900,10.3800,10.1100,21728,22319284.00,11949,9779,0.9740,2026-06-06 12:02:19.577001+00:00
600834,7.3800,7.2800,7.4500,7.2600,15316,11275302.00,8058,7258,0.3208,2026-06-06 12:02:19.577001+00:00
600835,21.9900,21.7800,22.5000,21.1800,95310,207622144.00,47697,47613,0.9319,2026-06-06 12:02:19.577001+00:00
600838,8.0000,7.9100,8.1900,7.9000,94539,76142784.00,45901,48638,2.3583,2026-06-06 12:02:19.577001+00:00
600839,7.1200,7.0200,7.2800,6.9500,890003,635538816.00,520118,369886,1.9280,2026-06-06 12:02:19.577001+00:00
600841,7.4100,7.3800,7.7200,7.3700,255374,192253792.00,125618,129756,1.8401,2026-06-06 12:02:19.577001+00:00
600843,7.5300,7.3900,7.7000,7.3000,102898,77302784.00,59130,43769,1.4428,2026-06-06 12:02:19.577001+00:00
600844,2.9700,2.9700,3.0200,2.8900,260478,76792656.00,103041,157437,2.5624,2026-06-06 12:02:19.577001+00:00
600845,19.3200,19.3100,19.4900,18.9900,141587,272979808.00,73497,68091,0.4932,2026-06-06 12:02:19.577001+00:00
600846,11.3900,11.8400,11.8400,11.3300,52499,60375492.00,24034,28465,0.8403,2026-06-06 12:02:19.577001+00:00
600847,15.0000,14.9800,15.3900,14.5500,36072,54041336.00,19355,16717,2.3532,2026-06-06 12:02:19.577001+00:00
600848,8.5500,8.6200,8.6500,8.4100,126406,107780664.00,55987,70419,0.5011,2026-06-06 12:02:19.577001+00:00
600850,20.9000,20.5500,21.1800,19.9100,238598,490624480.00,110961,127637,3.5078,2026-06-06 12:02:19.577001+00:00
600851,7.4500,7.4400,7.5700,7.3400,65046,48346792.00,23499,41547,0.5389,2026-06-06 12:02:19.577001+00:00
600853,3.6300,3.4900,3.6400,3.4900,112093,40155244.00,78920,33174,1.1058,2026-06-06 12:02:19.577001+00:00
600854,4.7800,4.7500,4.8400,4.6900,93669,44565748.00,42417,51252,1.8032,2026-06-06 12:02:19.577001+00:00
600855,15.3500,15.1300,15.6400,14.9600,142810,219335392.00,76682,66128,3.0480,2026-06-06 12:02:19.577001+00:00
600857,15.3900,15.9000,16.8800,15.0000,177095,284032704.00,77322,99773,7.8948,2026-06-06 12:02:19.577001+00:00
600858,5.0700,4.9500,5.1300,4.9500,103928,52674464.00,51853,52075,1.9984,2026-06-06 12:02:19.577001+00:00
600859,10.6500,10.5000,11.2000,10.5000,224054,241805216.00,113367,110688,1.9935,2026-06-06 12:02:19.577001+00:00
600860,9.0900,8.9900,9.2400,8.8100,81391,73571512.00,45908,35483,1.4866,2026-06-06 12:02:19.577001+00:00
600861,14.2500,14.1100,14.3500,14.0600,15404,21934056.00,7820,7584,0.2721,2026-06-06 12:02:19.577001+00:00
600862,17.8400,17.7100,18.0600,17.5300,147924,264134880.00,79783,68141,1.0619,2026-06-06 12:02:19.577001+00:00
600863,6.2300,6.8000,7.0800,6.1900,4402007,2867241472.00,2077853,2324154,5.6183,2026-06-06 12:02:19.577001+00:00
600864,5.3100,5.3700,5.4300,5.3100,216896,116344128.00,88873,128023,1.0425,2026-06-06 12:02:19.577001+00:00
600865,10.1800,10.0000,10.9200,9.9100,260769,271661248.00,125486,135283,6.9309,2026-06-06 12:02:19.577001+00:00
600866,4.8200,4.8300,4.8700,4.7800,219176,105779256.00,115853,103323,1.3192,2026-06-06 12:02:19.577001+00:00
600867,7.9000,8.0400,8.0700,7.9000,213019,169560192.00,98388,114632,1.0876,2026-06-06 12:02:19.577001+00:00
600868,3.5400,3.7100,3.7600,3.5300,2786629,1005865600.00,1392669,1393961,14.6808,2026-06-06 12:02:19.577001+00:00
600869,28.5100,26.5100,29.1500,26.1500,1752853,4948480512.00,969213,783641,7.8980,2026-06-06 12:02:19.577001+00:00
600871,2.3100,2.3000,2.3400,2.2900,1089541,252725936.00,477249,612292,0.5747,2026-06-06 12:02:19.577001+00:00
600872,17.9700,18.4000,18.6000,17.8000,182309,330746240.00,78579,103730,2.3418,2026-06-06 12:02:19.577001+00:00
600873,9.1700,9.2500,9.2700,9.1400,150772,138567632.00,68333,82440,0.5377,2026-06-06 12:02:19.577001+00:00
600874,5.6900,5.6500,5.7600,5.6300,75396,43095204.00,39731,35666,0.4801,2026-06-06 12:02:19.577001+00:00
600875,32.8800,34.3500,34.5200,32.7200,568040,1904025088.00,257210,310831,1.6425,2026-06-06 12:02:19.577001+00:00
600876,8.9100,8.4100,9.2800,8.2800,118150,104603000.00,69008,49142,1.8299,2026-06-06 12:02:19.577001+00:00
600877,14.0200,13.8300,14.2700,13.4000,228155,317216576.00,123937,104218,1.9269,2026-06-06 12:02:19.577001+00:00
600879,21.5400,20.0400,21.6800,20.0000,2560123,5362475008.00,1487737,1072387,7.7596,2026-06-06 12:02:19.577001+00:00
600880,4.2400,4.1900,4.3400,4.1500,202583,86058960.00,108544,94040,1.8529,2026-06-06 12:02:19.577001+00:00
600881,1.6500,1.5000,1.6500,1.5000,1614867,257858368.00,983840,631027,4.9963,2026-06-06 12:02:19.577001+00:00
600882,18.0600,18.1600,18.5700,17.8600,82719,149550400.00,35351,47369,1.6218,2026-06-06 12:02:19.577001+00:00
600883,8.2500,8.1300,8.3800,7.9500,52744,43113324.00,26542,26202,2.2341,2026-06-06 12:02:19.577001+00:00
600884,13.6900,13.5800,14.0800,13.4100,715076,983154688.00,357829,357248,3.1789,2026-06-06 12:02:19.577001+00:00
600885,33.3200,34.8700,34.8900,33.3000,177243,598390272.00,84006,93237,1.1453,2026-06-06 12:02:19.577001+00:00
600886,13.7400,14.0700,14.2700,13.7000,379753,528474976.00,177261,202492,0.4744,2026-06-06 12:02:19.577001+00:00
600887,25.6700,25.7200,26.2500,25.5900,616359,1592798976.00,323098,293261,0.9744,2026-06-06 12:02:19.577001+00:00
600888,11.0500,10.8700,11.7000,10.5800,799620,894850176.00,402216,397404,5.1486,2026-06-06 12:02:19.577001+00:00
600889,15.8800,15.6200,16.1900,15.3800,37704,59666988.00,18648,19056,0.6757,2026-06-06 12:02:19.577001+00:00
600892,3.6700,3.7000,3.7300,3.6400,49158,18108360.00,18346,30812,0.8787,2026-06-06 12:02:19.577001+00:00
600893,42.3700,42.2400,43.3200,42.0000,298978,1277137408.00,165592,133386,1.1216,2026-06-06 12:02:19.577001+00:00
600894,8.8600,8.9100,9.0400,8.8100,53268,47497636.00,24860,28409,0.6254,2026-06-06 12:02:19.577001+00:00
600895,32.1800,32.5100,33.0800,31.3400,329492,1061991808.00,153134,176359,2.1276,2026-06-06 12:02:19.577001+00:00
600897,15.1400,14.6900,15.3200,14.6000,34993,52718752.00,19539,15455,0.8393,2026-06-06 12:02:19.577001+00:00
600900,27.6100,27.7200,28.1000,27.5100,1094135,3042122240.00,519446,574690,0.4472,2026-06-06 12:02:19.577001+00:00
600901,6.4500,6.5400,6.6400,6.4200,262061,170482048.00,120801,141261,0.4525,2026-06-06 12:02:19.577001+00:00
600903,8.6600,8.6500,8.9100,8.3300,448816,386292064.00,220719,228097,3.9027,2026-06-06 12:02:19.577001+00:00
600905,4.2100,4.3100,4.3400,4.1800,2436827,1034088960.00,835653,1601174,0.8524,2026-06-06 12:02:19.577001+00:00
600906,6.8700,6.6800,7.0900,6.6700,1029170,713892416.00,568273,460897,3.1716,2026-06-06 12:02:19.577001+00:00
600908,5.4300,5.4200,5.5100,5.3900,95238,51877568.00,46179,49059,0.4339,2026-06-06 12:02:19.577001+00:00
600909,7.2800,7.3900,7.5200,7.2400,1658631,1222243840.00,742056,916576,3.3013,2026-06-06 12:02:19.577001+00:00
600916,7.7600,7.8100,7.8500,7.7300,213605,166451584.00,91289,122316,1.2715,2026-06-06 12:02:19.577001+00:00
600917,5.1400,5.1300,5.1800,5.1100,36751,18908664.00,19223,17528,0.2354,2026-06-06 12:02:19.577001+00:00
600918,5.3000,5.3300,5.3900,5.2900,335093,178713008.00,164943,170150,0.4232,2026-06-06 12:02:19.577001+00:00
600919,11.3800,11.2700,11.4700,11.2500,856667,976369024.00,436532,420135,0.4668,2026-06-06 12:02:19.577001+00:00
600925,4.8300,4.8500,4.9100,4.8100,252449,122355440.00,121031,131418,0.3665,2026-06-06 12:02:19.577001+00:00
600926,15.8500,15.7600,16.0100,15.7200,352786,560623616.00,183889,168897,0.4867,2026-06-06 12:02:19.577001+00:00
600927,12.8900,13.2000,13.2200,12.8700,63909,83120912.00,29202,34707,0.4391,2026-06-06 12:02:19.577001+00:00
600928,3.5200,3.4700,3.5400,3.4600,211154,74132360.00,117954,93201,0.4751,2026-06-06 12:02:19.577001+00:00
600929,5.2100,5.1700,5.3400,5.1100,161617,84392304.00,84116,77502,0.9854,2026-06-06 12:02:19.577001+00:00
600930,6.0600,6.1200,6.1900,6.0500,1450182,882640064.00,577604,872578,0.3476,2026-06-06 12:02:19.577001+00:00
600933,15.3900,15.3700,15.7500,14.9300,217087,330628512.00,113881,103207,2.1074,2026-06-06 12:02:19.577001+00:00
600935,2.3700,2.3600,2.4000,2.3500,152399,36217124.00,73779,78620,0.4240,2026-06-06 12:02:19.577001+00:00
600936,5.9800,6.1500,6.2300,5.7000,1476680,876538880.00,677540,799141,8.8370,2026-06-06 12:02:19.577001+00:00
600938,35.1800,34.9500,35.7400,34.8100,379178,1338864256.00,190850,188328,0.0798,2026-06-06 12:02:19.577001+00:00
600939,2.9200,2.9500,3.0500,2.9100,227886,67588968.00,109284,118602,1.1978,2026-06-06 12:02:19.577001+00:00
600941,97.3300,98.1100,98.4800,97.0000,76090,743118464.00,36461,39629,0.0351,2026-06-06 12:02:19.577001+00:00
600955,15.6000,15.5700,15.8400,15.3000,42904,66849140.00,20569,22335,0.7801,2026-06-06 12:02:19.577001+00:00
600956,8.7200,9.3400,9.5000,8.6700,392349,351877024.00,150814,241535,0.8694,2026-06-06 12:02:19.577001+00:00
600958,8.9800,8.9900,9.0700,8.9600,337640,304231072.00,168080,169561,0.3974,2026-06-06 12:02:19.577001+00:00
600959,3.4000,3.3800,3.4500,3.3800,381287,130023072.00,170799,210488,0.7625,2026-06-06 12:02:19.577001+00:00
600960,4.3600,4.3500,4.4400,4.2500,162543,70690912.00,82777,79766,1.7101,2026-06-06 12:02:19.577001+00:00
600961,24.4200,25.1400,25.2500,24.3000,294048,728052608.00,140167,153881,2.7408,2026-06-06 12:02:19.577001+00:00
600962,24.2000,24.4000,24.4800,23.5000,41850,100471648.00,22560,19291,1.5960,2026-06-06 12:02:19.577001+00:00
600963,3.8000,3.8500,3.8700,3.7700,237047,90529840.00,121109,115938,1.3487,2026-06-06 12:02:19.577001+00:00
600965,3.0100,3.0500,3.0900,2.9800,74852,22585920.00,24481,50372,0.9143,2026-06-06 12:02:19.577001+00:00
600966,5.9500,5.7900,6.0700,5.7800,161309,95544264.00,95600,65710,1.2066,2026-06-06 12:02:19.577001+00:00
600967,12.0400,11.9200,12.2000,11.8200,154772,186115232.00,82794,71978,0.9095,2026-06-06 12:02:19.577001+00:00
600968,3.9600,3.9900,4.0400,3.9500,362886,144829504.00,131964,230923,0.3570,2026-06-06 12:02:19.577001+00:00
600969,10.4300,10.8000,10.8400,10.3300,130142,136500896.00,62445,67697,3.5169,2026-06-06 12:02:19.577001+00:00
600970,9.0500,9.0000,9.1900,8.9700,263465,239795952.00,127981,135484,1.0049,2026-06-06 12:02:19.577001+00:00
600971,8.3800,8.3800,8.6200,8.2700,292214,245555328.00,141377,150838,2.4351,2026-06-06 12:02:19.577001+00:00
600973,7.6200,6.9300,7.6200,6.8800,932844,698116160.00,433916,498928,6.8023,2026-06-06 12:02:19.577001+00:00
600975,4.8200,4.8200,4.8800,4.7500,81110,39072800.00,36748,44362,0.6491,2026-06-06 12:02:19.577001+00:00
600976,28.0700,28.0000,28.3900,27.6500,15919,44740616.00,7869,8051,1.0378,2026-06-06 12:02:19.577001+00:00
600977,14.2900,14.5000,14.7400,14.2100,326654,469000640.00,146532,180122,1.7496,2026-06-06 12:02:19.577001+00:00
600979,5.1800,5.1900,5.4600,5.1200,974201,509453344.00,477134,497067,7.7216,2026-06-06 12:02:19.577001+00:00
600980,21.2000,21.0100,21.8600,20.5200,41305,87774192.00,23571,17734,2.1372,2026-06-06 12:02:19.577001+00:00
600981,2.5800,2.6800,2.7000,2.5500,614539,160483600.00,241938,372601,2.7405,2026-06-06 12:02:19.577001+00:00
600982,6.3600,6.7000,6.9500,6.2900,819190,535812736.00,352865,466325,7.3297,2026-06-06 12:02:19.577001+00:00
600983,8.6100,8.5800,8.6900,8.5500,21179,18239896.00,12695,8484,0.2763,2026-06-06 12:02:19.577001+00:00
600984,4.3800,4.2900,4.6200,4.1800,655746,286883168.00,344955,310792,5.2166,2026-06-06 12:02:19.577001+00:00
600985,17.0900,16.5700,17.3000,16.3300,528918,890971648.00,282217,246701,1.9639,2026-06-06 12:02:19.577001+00:00
600986,8.2100,8.2800,8.3400,7.9500,735730,600656384.00,369716,366014,4.9465,2026-06-06 12:02:19.577001+00:00
600987,6.5100,6.5100,6.5900,6.4900,30838,20179536.00,12853,17985,0.3021,2026-06-06 12:02:19.577001+00:00
600988,31.3600,32.0200,32.1800,31.1500,322846,1022861120.00,164286,158561,1.6988,2026-06-06 12:02:19.577001+00:00
600989,23.4300,23.2100,23.9800,23.2100,643151,1519494656.00,334702,308449,0.8770,2026-06-06 12:02:19.577001+00:00
600990,18.9700,18.6400,19.2500,18.3100,46502,87850712.00,23350,23153,1.7156,2026-06-06 12:02:19.577001+00:00
600992,12.2800,12.1000,12.4200,11.8500,91444,110941032.00,45393,46051,3.7310,2026-06-06 12:02:19.577001+00:00
600993,24.0000,23.3600,24.0200,23.3300,44347,105590968.00,24749,19599,1.0288,2026-06-06 12:02:19.577001+00:00
600995,15.1300,15.6600,16.4800,15.1300,542201,850542272.00,255140,287062,1.6965,2026-06-06 12:02:19.577001+00:00
600996,9.3800,8.5400,9.3800,8.3800,566988,509900768.00,264331,302657,4.5475,2026-06-06 12:02:19.577001+00:00
600997,5.8700,5.8400,5.9400,5.7600,182906,107128944.00,85280,97626,1.1519,2026-06-06 12:02:19.577001+00:00
600998,4.9700,4.9700,5.0200,4.9300,299604,149121936.00,163290,136314,0.5942,2026-06-06 12:02:19.577001+00:00
600999,16.8900,17.1300,17.3400,16.8600,565135,964342016.00,241836,323299,0.6498,2026-06-06 12:02:19.577001+00:00
601000,4.3100,4.3000,4.4100,4.2800,397849,173187120.00,213984,183866,0.6714,2026-06-06 12:02:19.577001+00:00
601001,22.0000,22.0200,22.6300,21.3500,478820,1054417472.00,225577,253244,2.8608,2026-06-06 12:02:19.577001+00:00
601002,5.1100,5.0500,5.2500,4.9700,195002,99497520.00,96478,98524,2.0431,2026-06-06 12:02:19.577001+00:00
601003,3.7700,3.7500,3.7900,3.7000,184694,69133872.00,92401,92293,0.7011,2026-06-06 12:02:19.577001+00:00
601005,1.2900,1.2900,1.3100,1.2800,620375,80380992.00,318383,301992,0.7008,2026-06-06 12:02:19.577001+00:00
601006,5.1700,5.1300,5.1700,5.1300,772120,398139104.00,455759,316362,0.3887,2026-06-06 12:02:19.577001+00:00
601007,6.7300,6.5900,6.7600,6.5900,62071,41598116.00,33635,28437,1.5916,2026-06-06 12:02:19.577001+00:00
601008,4.7000,4.6300,4.7500,4.6300,138913,65252684.00,74876,64037,1.1197,2026-06-06 12:02:19.577001+00:00
601009,11.1600,11.0300,11.2400,11.0300,407062,454719040.00,203570,203492,0.3292,2026-06-06 12:02:19.577001+00:00
601010,1.7000,1.7200,1.7600,1.6800,455162,77786192.00,185266,269897,2.4630,2026-06-06 12:02:19.577001+00:00
601011,3.2900,3.1600,3.4200,3.1200,1327314,437608320.00,740152,587163,6.9287,2026-06-06 12:02:19.577001+00:00
601012,13.1300,13.3400,13.4300,13.0300,1259114,1666002944.00,622011,637103,1.6615,2026-06-06 12:02:19.577001+00:00
601015,4.0500,4.1000,4.2700,4.0100,1227286,503971936.00,536878,690408,6.0088,2026-06-06 12:02:19.577001+00:00
601016,4.6300,4.8500,4.9800,4.6100,4727239,2241276928.00,2080686,2646553,7.2233,2026-06-06 12:02:19.577001+00:00
601018,3.4000,3.3900,3.4400,3.3900,566326,193429680.00,274036,292290,0.2911,2026-06-06 12:02:19.577001+00:00
601019,6.9800,6.9500,7.0500,6.9200,53389,37338416.00,27489,25901,0.2558,2026-06-06 12:02:19.577001+00:00
601020,24.1000,24.8100,24.9000,24.0800,219101,535825344.00,109355,109746,2.6721,2026-06-06 12:02:19.577001+00:00
601021,45.9000,46.0000,46.5300,45.7000,57263,263370720.00,26771,30493,0.5853,2026-06-06 12:02:19.577001+00:00
601022,8.1100,8.0300,8.2200,8.0200,49655,40410160.00,27672,21983,0.3794,2026-06-06 12:02:19.577001+00:00
601026,15.3900,16.0600,16.0600,15.3800,67065,104946768.00,29171,37894,1.0171,2026-06-06 12:02:19.577001+00:00
601033,14.4700,14.8000,14.8700,14.4200,50106,72917056.00,19036,31071,0.5567,2026-06-06 12:02:19.577001+00:00
601038,12.5600,12.5500,12.7600,12.4800,41209,51897056.00,19008,22201,0.3667,2026-06-06 12:02:19.577001+00:00
601058,12.4200,12.3000,12.6000,12.1700,328864,407622720.00,182999,145865,1.0002,2026-06-06 12:02:19.577001+00:00
601059,16.1800,16.3400,16.3600,16.1200,71190,115459136.00,28184,43006,0.2195,2026-06-06 12:02:19.577001+00:00
601061,12.1100,12.4000,12.5200,12.0700,142372,174814272.00,65907,76465,0.2906,2026-06-06 12:02:19.577001+00:00
601065,7.7800,7.7200,7.8200,7.6800,26554,20604036.00,15737,10817,0.4131,2026-06-06 12:02:19.577001+00:00
601066,24.5400,25.0700,25.1600,24.4600,400597,990671168.00,190243,210354,0.5165,2026-06-06 12:02:19.577001+00:00
601068,5.2500,5.3200,5.4000,5.2100,168888,89326696.00,64521,104367,0.5653,2026-06-06 12:02:19.577001+00:00
601069,26.0600,26.2700,26.5700,25.9100,109704,287798080.00,50165,59540,1.2042,2026-06-06 12:02:19.577001+00:00
601077,6.6300,6.5700,6.6400,6.5300,611245,402428224.00,315187,296058,0.5382,2026-06-06 12:02:19.577001+00:00
601083,11.1300,11.0900,11.3100,11.0800,52893,59206888.00,25059,27834,0.4087,2026-06-06 12:02:19.577001+00:00
601086,7.3700,7.3000,7.9200,7.2700,197658,150110528.00,102395,95263,2.9678,2026-06-06 12:02:19.577001+00:00
601088,48.5200,48.7500,49.8000,48.5200,358227,1756851072.00,171320,186907,0.1652,2026-06-06 12:02:19.577001+00:00
601089,17.1000,17.1400,17.3300,16.9900,25581,43885736.00,10652,14929,0.5329,2026-06-06 12:02:19.577001+00:00
601096,4.8100,4.8500,4.8900,4.7500,205389,99012944.00,96037,109352,0.7678,2026-06-06 12:02:19.577001+00:00
601098,11.1700,11.1400,11.2900,11.1100,68363,76627600.00,38017,30346,0.3806,2026-06-06 12:02:19.577001+00:00
601099,3.2400,3.2400,3.2700,3.2200,897838,291522240.00,485148,412690,1.3172,2026-06-06 12:02:19.577001+00:00
601100,117.2000,114.3000,120.5000,111.4500,124373,1445299584.00,64832,59542,0.9276,2026-06-06 12:02:19.577001+00:00
601101,13.5300,13.5000,13.8300,12.8900,726653,967308928.00,362717,363936,5.0462,2026-06-06 12:02:19.577001+00:00
601106,3.7000,3.6700,3.7400,3.6200,611940,225859776.00,320669,291271,0.8923,2026-06-06 12:02:19.577001+00:00
601107,5.9600,6.0900,6.1200,5.9400,108929,65444860.00,45006,63923,0.3562,2026-06-06 12:02:19.577001+00:00
601108,7.6400,7.6600,7.7800,7.6200,373089,287712224.00,176869,196221,0.8034,2026-06-06 12:02:19.577001+00:00
601111,6.4700,6.5600,6.5800,6.4200,783033,507988416.00,325621,457413,0.4488,2026-06-06 12:02:19.577001+00:00
601112,17.0000,16.9800,17.2700,16.6300,65827,112184064.00,32946,32881,0.3782,2026-06-06 12:02:19.577001+00:00
601113,4.0000,3.9500,4.0500,3.8900,113714,45286656.00,62072,51642,1.0299,2026-06-06 12:02:19.577001+00:00
601116,12.1900,12.1500,13.1600,12.0700,268751,336786688.00,138370,130382,4.9071,2026-06-06 12:02:19.577001+00:00
601117,7.4600,7.5200,7.6300,7.4300,790236,595359808.00,329809,460428,1.2941,2026-06-06 12:02:19.577001+00:00
601118,6.6000,6.7000,6.9700,6.5500,812755,544553344.00,410748,402007,1.8992,2026-06-06 12:02:19.577001+00:00
601121,6.3300,6.3000,6.4100,6.2700,100012,63384708.00,49764,50248,1.0161,2026-06-06 12:02:19.577001+00:00
601126,72.0500,73.9600,74.5700,71.1900,292030,2123657856.00,146985,145046,3.5053,2026-06-06 12:02:19.577001+00:00
601127,75.0100,76.3000,76.8100,74.3500,286046,2150970624.00,140908,145139,1.6421,2026-06-06 12:02:19.577001+00:00
601128,7.0600,6.9800,7.0800,6.9800,314619,221521216.00,168395,146224,0.9486,2026-06-06 12:02:19.577001+00:00
601133,27.6000,28.0100,28.7700,27.3900,207951,580799488.00,99203,108748,3.9383,2026-06-06 12:02:19.577001+00:00
601136,13.9400,13.9900,14.1000,13.9000,76967,107926912.00,41159,35808,0.2816,2026-06-06 12:02:19.577001+00:00
601137,24.7800,23.0100,25.5100,22.3100,797279,1926399616.00,461455,335824,8.6798,2026-06-06 12:02:19.577001+00:00
601138,74.0600,77.5000,78.2100,73.1000,2616486,19787640832.00,1221649,1394837,1.3185,2026-06-06 12:02:19.577001+00:00
601139,6.4300,6.5100,6.5600,6.4000,245393,158611392.00,93125,152269,0.8530,2026-06-06 12:02:19.577001+00:00
601155,11.7700,11.8400,12.1300,11.7000,165459,197290912.00,81469,83990,0.7335,2026-06-06 12:02:19.577001+00:00
601156,16.5600,16.6000,16.7600,16.4500,56932,94548400.00,28959,27973,0.3586,2026-06-06 12:02:19.577001+00:00
601158,4.2500,4.2400,4.2700,4.2400,74036,31513808.00,32705,41331,0.1542,2026-06-06 12:02:19.577001+00:00
601162,3.2000,3.2200,3.2500,3.2000,812865,261800144.00,430131,382734,0.8069,2026-06-06 12:02:19.577001+00:00
601163,13.7900,13.7500,13.9400,13.7400,29327,40542648.00,12560,16767,0.3666,2026-06-06 12:02:19.577001+00:00
601166,18.6000,18.3200,18.6600,18.3200,1171999,2178524416.00,627847,544153,0.5538,2026-06-06 12:02:19.577001+00:00
601168,30.5300,31.2600,31.9800,30.3300,424208,1316925056.00,193607,230602,1.7801,2026-06-06 12:02:19.577001+00:00
601169,5.1400,5.0800,5.1500,5.0700,968826,496750944.00,518664,450163,0.4582,2026-06-06 12:02:19.577001+00:00
601177,14.8300,14.2100,15.6400,13.8200,228583,334121472.00,120073,108510,5.6065,2026-06-06 12:02:19.577001+00:00
601179,15.0300,15.5000,15.5300,15.0000,1587171,2403520768.00,866931,720240,3.0964,2026-06-06 12:02:19.577001+00:00
601186,6.3600,6.3100,6.4100,6.3100,403604,257239024.00,187450,216154,0.2972,2026-06-06 12:02:19.577001+00:00
601187,7.3400,7.2300,7.3700,7.1600,134266,98006104.00,69564,64702,0.5088,2026-06-06 12:02:19.577001+00:00
601188,3.1900,3.1000,3.2600,3.0800,228582,72527440.00,145822,82761,1.7510,2026-06-06 12:02:19.577001+00:00
601198,12.5400,12.7900,12.8800,12.5000,223920,283428096.00,121595,102325,0.6927,2026-06-06 12:02:19.577001+00:00
601199,5.5000,5.5200,5.6000,5.4000,112375,61767752.00,51006,61369,1.2016,2026-06-06 12:02:19.577001+00:00
601200,7.4800,7.4900,7.5700,7.4400,62159,46628608.00,29057,33103,0.4617,2026-06-06 12:02:19.577001+00:00
601208,56.7600,59.1600,60.0000,56.0700,813662,4714126848.00,372295,441367,8.0546,2026-06-06 12:02:19.577001+00:00
601211,16.2500,16.2400,16.4800,16.2200,1120907,1832982400.00,665712,455196,0.6358,2026-06-06 12:02:19.577001+00:00
601212,6.0400,6.1700,6.2100,6.0000,937315,572200896.00,469979,467336,1.2658,2026-06-06 12:02:19.577001+00:00
601216,5.0900,5.0100,5.1800,5.0000,638331,325519168.00,355463,282868,0.7565,2026-06-06 12:02:19.577001+00:00
601218,5.0800,5.0700,5.1400,4.9300,294657,148776496.00,153294,141363,3.0407,2026-06-06 12:02:19.577001+00:00
601222,6.2000,6.3900,6.4800,6.1800,476770,300031328.00,162968,313802,2.3357,2026-06-06 12:02:19.577001+00:00
601225,27.1400,27.3400,28.0800,27.0100,519826,1429834752.00,261754,258072,0.5362,2026-06-06 12:02:19.577001+00:00
601226,7.4300,7.4500,7.5100,7.3000,112272,83191744.00,54000,58272,0.9660,2026-06-06 12:02:19.577001+00:00
601228,3.0600,3.0600,3.1000,3.0500,206216,63548404.00,93422,112794,0.2733,2026-06-06 12:02:19.577001+00:00
601229,9.3200,9.2300,9.4100,9.2200,419368,391201216.00,205098,214270,0.2951,2026-06-06 12:02:19.577001+00:00
601231,42.6600,45.2500,45.8700,42.4200,768625,3389371136.00,360303,408322,3.2172,2026-06-06 12:02:19.577001+00:00
601233,21.0100,20.5200,21.9400,20.3900,633822,1349353088.00,333159,300663,2.6642,2026-06-06 12:02:19.577001+00:00
601236,6.8200,6.8600,6.9200,6.8000,106350,72906744.00,42046,64304,0.2255,2026-06-06 12:02:19.577001+00:00
601238,6.1000,6.1500,6.1800,6.0400,200095,121743016.00,86155,113940,0.1962,2026-06-06 12:02:19.577001+00:00
601279,3.5500,3.5100,3.5900,3.4400,106788,37710992.00,54854,51935,0.6734,2026-06-06 12:02:19.577001+00:00
601288,6.3600,6.3100,6.4000,6.3100,2581887,1643816704.00,1363897,1217991,0.0738,2026-06-06 12:02:19.577001+00:00
601298,9.3800,9.3900,9.5400,9.3200,96516,90894688.00,45452,51064,0.1487,2026-06-06 12:02:19.577001+00:00
601311,8.4000,8.3700,8.5100,8.2800,135615,114016328.00,69179,66436,1.1560,2026-06-06 12:02:19.577001+00:00
601318,53.4800,53.3000,54.5800,53.2400,937165,5047248384.00,483507,453658,0.5176,2026-06-06 12:02:19.577001+00:00
601319,6.5700,6.5800,6.7900,6.5600,842390,561294400.00,380150,462240,0.1905,2026-06-06 12:02:19.577001+00:00
601326,3.4000,3.4100,3.4800,3.3900,217904,74875304.00,105784,112121,0.3900,2026-06-06 12:02:19.577001+00:00
601328,6.8300,6.7400,6.8400,6.7300,1863119,1268956032.00,1013640,849479,0.2108,2026-06-06 12:02:19.577001+00:00
601330,8.3600,8.8700,9.0200,8.3300,314489,270032352.00,132936,181553,2.1983,2026-06-06 12:02:19.577001+00:00
601333,3.0800,3.0900,3.1300,3.0800,535780,166434688.00,286395,249385,0.7564,2026-06-06 12:02:19.577001+00:00
601336,56.3500,56.2400,58.7700,56.1500,319451,1836268544.00,164095,155357,1.0240,2026-06-06 12:02:19.577001+00:00
601339,7.1800,7.1800,7.3000,7.1200,80918,58418208.00,30288,50630,0.5396,2026-06-06 12:02:19.577001+00:00
601360,9.7900,9.8800,9.9500,9.6600,668083,656945600.00,348762,319322,0.9545,2026-06-06 12:02:19.577001+00:00
601366,3.7500,3.6700,3.7900,3.6700,112329,42158140.00,66236,46094,1.1704,2026-06-06 12:02:19.577001+00:00
601368,4.4800,4.4300,4.5000,4.4000,49435,22078212.00,25147,24289,0.5599,2026-06-06 12:02:19.577001+00:00
601369,8.8300,9.1000,9.1800,8.7800,162462,145232736.00,63191,99271,0.9426,2026-06-06 12:02:19.577001+00:00
601375,3.9600,3.9700,4.0400,3.9500,290658,116082368.00,127144,163514,0.6260,2026-06-06 12:02:19.577001+00:00
601377,5.8400,5.8100,5.8800,5.8000,768086,447968512.00,409258,358829,0.8894,2026-06-06 12:02:19.577001+00:00
601388,3.3200,3.3500,3.3900,3.3000,361761,120800416.00,170165,191596,1.6435,2026-06-06 12:02:19.577001+00:00
601390,4.6900,4.6500,4.7200,4.6500,841559,394947040.00,427725,413834,0.3409,2026-06-06 12:02:19.577001+00:00
601398,7.3400,7.2400,7.3500,7.2400,2789481,2039845248.00,1504831,1284650,0.0783,2026-06-06 12:02:19.577001+00:00
601399,3.7600,3.8100,3.8500,3.7400,842211,319409568.00,321184,521027,1.1675,2026-06-06 12:02:19.577001+00:00
601456,8.7200,8.6500,8.7900,8.6000,236858,206884288.00,133322,103536,0.4170,2026-06-06 12:02:19.577001+00:00
601500,4.1500,4.1200,4.1900,4.1100,131872,54695656.00,70594,61279,0.8297,2026-06-06 12:02:19.577001+00:00
601512,8.6900,8.4800,8.9500,8.4000,111656,97075680.00,65132,46524,0.7449,2026-06-06 12:02:19.577001+00:00
601515,3.9100,3.9000,3.9500,3.8600,166632,65114032.00,77429,89204,0.8659,2026-06-06 12:02:19.577001+00:00
601518,3.1900,3.1600,3.2300,3.1200,318729,101428104.00,172796,145933,1.6859,2026-06-06 12:02:19.577001+00:00
601519,9.1700,9.4800,9.5000,9.1600,335665,311488864.00,165185,170481,1.6875,2026-06-06 12:02:19.577001+00:00
601528,4.7300,4.7200,4.7700,4.7000,99314,46977824.00,50145,49170,0.5061,2026-06-06 12:02:19.577001+00:00
601555,7.5100,7.5500,7.6600,7.4900,338045,256116032.00,169679,168367,0.6803,2026-06-06 12:02:19.577001+00:00
601566,11.1900,11.0000,11.3900,10.8100,178138,199024880.00,90949,87189,3.1000,2026-06-06 12:02:19.577001+00:00
601567,15.3400,15.3700,15.6300,15.0700,182958,280856256.00,83550,99408,1.3020,2026-06-06 12:02:19.577001+00:00
601568,3.7600,3.7400,3.8000,3.7400,140347,52948632.00,84094,56254,0.3533,2026-06-06 12:02:19.577001+00:00
601577,9.5600,9.4700,9.6100,9.4200,142018,135761728.00,74537,67481,0.3531,2026-06-06 12:02:19.577001+00:00
601579,15.8100,15.7300,16.5300,15.7300,71122,114015496.00,35490,35633,1.4834,2026-06-06 12:02:19.577001+00:00
601588,2.0200,2.0200,2.1500,2.0000,961585,197596496.00,461817,499768,2.8559,2026-06-06 12:02:19.577001+00:00
601595,19.3300,19.5000,19.7500,19.2500,42494,82726368.00,22559,19935,0.9481,2026-06-06 12:02:19.577001+00:00
601598,6.0400,5.9500,6.0900,5.9500,155500,93978328.00,97782,57718,0.2168,2026-06-06 12:02:19.577001+00:00
601599,3.1800,3.1400,3.2200,3.1200,164804,52314112.00,86528,78276,1.4201,2026-06-06 12:02:19.577001+00:00
601600,10.6800,10.7000,11.0800,10.5100,2686670,2897244928.00,1339924,1346747,1.5661,2026-06-06 12:02:19.577001+00:00
601601,31.0500,31.1200,31.9500,30.9500,497120,1558621696.00,236811,260310,0.5167,2026-06-06 12:02:19.577001+00:00
002148,6.5800,6.4100,6.7000,6.3700,146128,95665544.00,85102,61027,2.6153,2026-06-06 12:02:19.577001+00:00
601606,31.9800,32.0400,32.2600,31.4100,108759,346713408.00,59556,49204,1.5017,2026-06-06 12:02:19.577001+00:00
601607,16.2600,16.1100,16.2900,16.1100,64541,104670896.00,36376,28165,0.1740,2026-06-06 12:02:19.577001+00:00
601608,5.3800,5.3400,5.4700,5.2300,481389,258192288.00,274126,207263,1.0512,2026-06-06 12:02:19.577001+00:00
601609,12.6400,12.9000,13.0600,12.5800,752443,962511680.00,356173,396270,4.3528,2026-06-06 12:02:19.577001+00:00
601611,11.1000,11.2500,11.4300,11.0700,301898,339759072.00,142800,159098,1.0017,2026-06-06 12:02:19.577001+00:00
601615,14.0800,14.6700,14.7100,13.8100,961489,1359037696.00,468278,493211,4.2516,2026-06-06 12:02:19.577001+00:00
601616,4.0000,4.0300,4.0700,3.9200,182050,72652144.00,91166,90884,2.1325,2026-06-06 12:02:19.577001+00:00
601618,2.7500,2.7300,2.8000,2.7300,920695,255116320.00,540451,380245,0.4450,2026-06-06 12:02:19.577001+00:00
601619,5.0500,5.2500,5.3300,5.0100,487210,247826208.00,229554,257656,1.6726,2026-06-06 12:02:19.577001+00:00
601628,32.8200,32.7000,34.1900,32.6600,614129,2046627840.00,287364,326766,0.2173,2026-06-06 12:02:19.577001+00:00
601633,16.7400,16.6600,16.8700,16.4800,215952,360420480.00,109048,106904,0.2525,2026-06-06 12:02:19.577001+00:00
601636,7.0300,6.4900,7.2200,6.4900,2316250,1625277440.00,1057699,1258551,7.8287,2026-06-06 12:02:19.577001+00:00
601658,4.9600,4.9400,4.9800,4.9200,1112697,550999168.00,594641,518057,0.0927,2026-06-06 12:02:19.577001+00:00
601665,6.0100,5.9900,6.0900,5.9800,402882,243177712.00,198812,204071,0.6547,2026-06-06 12:02:19.577001+00:00
601666,9.6700,9.2200,9.8200,9.1100,1349899,1288649600.00,739517,610382,5.4666,2026-06-06 12:02:19.577001+00:00
601668,4.7200,4.7000,4.7500,4.7000,1374070,649847808.00,680967,693104,0.3325,2026-06-06 12:02:19.577001+00:00
601669,5.2200,5.2000,5.2900,5.2000,1401361,736398336.00,663980,737382,0.8135,2026-06-06 12:02:19.577001+00:00
601677,18.1100,18.9300,18.9900,17.9800,584656,1079223168.00,264887,319769,4.7016,2026-06-06 12:02:19.577001+00:00
601678,5.3700,5.3300,5.4800,5.1200,1019049,541697664.00,519323,499727,4.9544,2026-06-06 12:02:19.577001+00:00
601686,5.2600,5.3000,5.3300,5.2400,162671,85882040.00,70575,92096,1.1051,2026-06-06 12:02:19.577001+00:00
601688,18.8500,19.0300,19.4100,18.7500,1009035,1919176960.00,431726,577310,1.1178,2026-06-06 12:02:19.577001+00:00
601689,68.0000,67.0200,70.3700,64.4100,759516,5090190336.00,357986,401531,4.3705,2026-06-06 12:02:19.577001+00:00
601696,10.8300,10.9900,11.0400,10.8200,283544,309582912.00,104651,178894,1.0207,2026-06-06 12:02:19.577001+00:00
601698,32.0000,30.5100,32.0300,30.4300,774958,2431816192.00,416548,358410,1.8345,2026-06-06 12:02:19.577001+00:00
601699,18.8000,19.0000,19.4500,18.6800,525890,997322176.00,269122,256769,1.7580,2026-06-06 12:02:19.577001+00:00
601700,5.2100,5.1000,5.2800,5.0000,174949,90345712.00,95715,79234,1.5363,2026-06-06 12:02:19.577001+00:00
601702,20.5000,21.1000,21.1800,20.4800,181067,375463776.00,79365,101702,1.8133,2026-06-06 12:02:19.577001+00:00
601717,18.0800,18.4000,18.4000,18.0100,155210,281854816.00,61860,93350,0.8693,2026-06-06 12:02:19.577001+00:00
601718,2.0300,2.0000,2.0500,2.0000,231910,47012936.00,112768,119142,0.5318,2026-06-06 12:02:19.577001+00:00
601727,7.8400,7.9900,7.9900,7.8000,1371374,1079125632.00,608585,762790,0.8825,2026-06-06 12:02:19.577001+00:00
601728,6.1100,6.0200,6.1900,6.0200,1482556,908393088.00,859046,623510,0.1620,2026-06-06 12:02:19.577001+00:00
601766,5.6600,5.6400,5.7800,5.6200,2647544,1507486208.00,1395803,1251742,0.9225,2026-06-06 12:02:19.577001+00:00
601777,10.0500,10.4400,10.4800,10.0200,441140,449202272.00,187616,253524,0.9757,2026-06-06 12:02:19.577001+00:00
601778,5.3300,5.6600,5.6900,5.3000,2318918,1253855616.00,1113601,1205317,6.2195,2026-06-06 12:02:19.577001+00:00
601788,13.8300,13.8700,14.0500,13.8000,276361,384291680.00,131620,144742,0.5994,2026-06-06 12:02:19.577001+00:00
601789,4.7600,4.7900,4.8400,4.7100,333469,159344704.00,148079,185391,2.1876,2026-06-06 12:02:19.577001+00:00
601798,8.1700,8.4400,8.5000,8.0000,243928,199212928.00,102048,141881,6.8804,2026-06-06 12:02:19.577001+00:00
601799,125.7000,127.8800,129.4900,123.5000,28374,356561216.00,12555,15820,0.9932,2026-06-06 12:02:19.577001+00:00
601800,6.2800,6.2500,6.3900,6.2500,473918,299934624.00,195936,277982,0.2912,2026-06-06 12:02:19.577001+00:00
601801,5.6000,5.5600,5.6600,5.5500,60590,34037256.00,26757,33833,0.3095,2026-06-06 12:02:19.577001+00:00
601808,12.9500,12.8800,13.1500,12.8800,171690,223547200.00,88281,83410,0.3598,2026-06-06 12:02:19.577001+00:00
601811,13.0100,12.8500,13.1800,12.8500,37935,49548260.00,19142,18793,0.3075,2026-06-06 12:02:19.577001+00:00
601816,4.9500,4.9500,5.0200,4.9300,1373251,682940416.00,599142,774109,0.2807,2026-06-06 12:02:19.577001+00:00
601818,3.1300,3.0900,3.1300,3.0800,1890802,588062272.00,1242559,648244,0.3200,2026-06-06 12:02:19.577001+00:00
601825,8.6600,8.6500,8.7700,8.6000,124296,107611616.00,72820,51476,0.1289,2026-06-06 12:02:19.577001+00:00
601827,8.0000,8.1600,8.2400,7.9700,117662,94742656.00,48153,69509,0.7037,2026-06-06 12:02:19.577001+00:00
601828,2.4400,2.3900,2.4500,2.3700,350834,85377720.00,198178,152656,0.8058,2026-06-06 12:02:19.577001+00:00
601838,19.0400,18.9000,19.3200,18.8900,269265,514597152.00,126466,142799,0.6353,2026-06-06 12:02:19.577001+00:00
601857,10.6100,10.6000,10.8000,10.5500,1371556,1463799168.00,699705,671851,0.0749,2026-06-06 12:02:19.577001+00:00
601858,22.8700,23.6000,23.6700,22.7500,66962,154727072.00,30344,36618,0.8471,2026-06-06 12:02:19.577001+00:00
601860,2.6100,2.6000,2.6400,2.5900,314981,82420784.00,184119,130863,0.8604,2026-06-06 12:02:19.577001+00:00
601865,11.1300,11.1200,11.3700,10.9800,168178,188052240.00,85897,82281,0.7178,2026-06-06 12:02:19.577001+00:00
601866,2.5000,2.4800,2.5300,2.4800,700618,175689280.00,338764,361854,0.5309,2026-06-06 12:02:19.577001+00:00
601868,2.8900,2.8500,2.9900,2.8500,9182705,2679424000.00,4926718,4255988,2.0756,2026-06-06 12:02:19.577001+00:00
601869,441.6700,455.9500,487.1000,436.0100,203174,9412680704.00,97414,105761,2.4541,2026-06-06 12:02:19.577001+00:00
601872,14.8000,15.0400,15.2300,14.6700,854314,1274467200.00,423719,430595,1.0580,2026-06-06 12:02:19.577001+00:00
601877,27.0900,27.5300,27.6200,26.9600,198875,542742528.00,89583,109292,0.9254,2026-06-06 12:02:19.577001+00:00
601878,9.1000,9.1100,9.1800,9.0500,212964,194011280.00,101471,111494,0.4656,2026-06-06 12:02:19.577001+00:00
601880,1.6000,1.5800,1.6100,1.5700,1246319,198631744.00,744827,501493,0.5287,2026-06-06 12:02:19.577001+00:00
601881,12.1000,12.1000,12.2400,12.0100,292326,353814112.00,134539,157788,0.2673,2026-06-06 12:02:19.577001+00:00
601882,20.5100,19.7600,21.1500,18.9400,71999,144956992.00,39173,32826,1.3793,2026-06-06 12:02:19.577001+00:00
601886,8.4800,8.4200,8.5600,8.3600,50847,43039792.00,26847,24000,0.4488,2026-06-06 12:02:19.577001+00:00
601888,57.2000,56.4600,60.2600,56.4600,690050,4011514112.00,363081,326969,3.3211,2026-06-06 12:02:19.577001+00:00
601890,9.0000,9.0600,9.0800,8.8700,198821,178903360.00,97536,101286,2.0723,2026-06-06 12:02:19.577001+00:00
601898,16.8400,17.1000,17.5400,16.8000,474777,807718400.00,239770,235008,0.3581,2026-06-06 12:02:19.577001+00:00
601899,29.6300,30.3000,30.8500,29.5300,2716212,8155837952.00,1388704,1327509,1.0215,2026-06-06 12:02:19.577001+00:00
601900,11.7900,11.7900,11.9500,11.7500,34973,41436920.00,15262,19712,0.3965,2026-06-06 12:02:19.577001+00:00
601901,6.5200,6.5200,6.5800,6.4500,600655,391102176.00,261684,338971,0.7296,2026-06-06 12:02:19.577001+00:00
601908,3.6600,3.7300,3.7600,3.6500,491409,180994944.00,193095,298315,2.0352,2026-06-06 12:02:19.577001+00:00
601916,3.0900,3.0600,3.1000,3.0500,1559001,480798976.00,932397,626604,0.5676,2026-06-06 12:02:19.577001+00:00
601918,10.6600,11.2300,11.2600,10.5000,1040938,1122476160.00,483443,557496,4.0182,2026-06-06 12:02:19.577001+00:00
601919,15.0000,14.6400,15.2000,14.6200,1584074,2374130944.00,953151,630924,1.0345,2026-06-06 12:02:19.577001+00:00
601921,7.3500,7.2800,7.4200,7.2600,58178,42810752.00,34523,23655,0.2618,2026-06-06 12:02:19.577001+00:00
601928,8.9900,8.8200,8.9900,8.8200,50183,44886160.00,29788,20395,0.1972,2026-06-06 12:02:19.577001+00:00
601929,2.5900,2.5700,2.6200,2.5200,775428,199506224.00,416761,358667,2.2220,2026-06-06 12:02:19.577001+00:00
601933,3.4600,3.4400,3.6100,3.4300,1274810,447612064.00,672305,602505,1.4047,2026-06-06 12:02:19.577001+00:00
601939,10.2200,10.0700,10.3400,10.0500,1262759,1288803712.00,610815,651944,0.0483,2026-06-06 12:02:19.577001+00:00
601949,5.2100,5.0500,5.3400,5.0500,128182,66729168.00,71910,56272,0.6732,2026-06-06 12:02:19.577001+00:00
601952,8.6900,8.7000,8.7800,8.6100,77343,67198616.00,35835,41509,0.5613,2026-06-06 12:02:19.577001+00:00
601956,5.2300,5.1100,5.3000,5.0600,83765,43565300.00,46869,36896,1.3475,2026-06-06 12:02:19.577001+00:00
601958,21.9600,23.0700,23.3800,21.8100,715670,1610131712.00,332039,383631,2.2180,2026-06-06 12:02:19.577001+00:00
601963,12.0100,11.9000,12.0500,11.8500,97808,116999536.00,47152,50656,0.2698,2026-06-06 12:02:19.577001+00:00
601965,15.4000,15.8200,15.8200,15.3400,71004,110129840.00,22690,48314,0.7079,2026-06-06 12:02:19.577001+00:00
601966,12.1100,12.0200,12.1800,12.0100,61601,74462288.00,28003,33598,0.4209,2026-06-06 12:02:19.577001+00:00
601968,4.4200,4.4400,4.5000,4.3900,85152,37861760.00,40278,44874,0.6675,2026-06-06 12:02:19.577001+00:00
601969,9.2300,9.3900,9.4600,9.1900,175964,163659296.00,81601,94363,0.8834,2026-06-06 12:02:19.577001+00:00
601975,4.2800,4.4000,4.4500,4.2400,2316047,1003979584.00,1026855,1289192,4.9485,2026-06-06 12:02:19.577001+00:00
601985,8.9900,9.2800,9.3200,8.9700,1481453,1349630592.00,637568,843885,0.7203,2026-06-06 12:02:19.577001+00:00
601988,6.0500,5.9100,6.0500,5.9000,3643592,2187970048.00,1948952,1694640,0.1131,2026-06-06 12:02:19.577001+00:00
601990,6.5200,6.5100,6.5800,6.5000,152997,100086912.00,80991,72006,0.3477,2026-06-06 12:02:19.577001+00:00
601991,7.9300,8.7200,9.0000,7.9300,8005704,6689678336.00,3784275,4221430,4.3258,2026-06-06 12:02:19.577001+00:00
601992,1.6000,1.5700,1.6100,1.5600,703208,111760608.00,405319,297889,0.6586,2026-06-06 12:02:19.577001+00:00
601995,32.3000,33.0400,33.2800,32.2800,175415,573838976.00,76722,98694,0.3634,2026-06-06 12:02:19.577001+00:00
601996,2.6100,2.6700,2.7000,2.5900,299404,78808064.00,119290,180114,2.6711,2026-06-06 12:02:19.577001+00:00
601997,5.9500,5.8900,5.9700,5.8800,425830,253174144.00,233801,192030,1.1647,2026-06-06 12:02:19.577001+00:00
601998,7.3700,7.3200,7.4900,7.3200,690555,511125664.00,354655,335900,0.1241,2026-06-06 12:02:19.577001+00:00
601999,5.9200,5.9100,6.0000,5.8200,46983,27793844.00,27630,19353,0.8528,2026-06-06 12:02:19.577001+00:00
603000,17.4500,17.8000,18.2900,17.4100,312069,551971776.00,146620,165449,2.8224,2026-06-06 12:02:19.577001+00:00
603001,10.6000,10.8300,10.9900,10.2500,195957,205913392.00,89159,106798,4.8870,2026-06-06 12:02:19.577001+00:00
603002,16.7500,17.2500,17.6000,16.6800,601084,1029899136.00,262418,338666,5.3002,2026-06-06 12:02:19.577001+00:00
603004,18.9900,18.8600,19.1800,18.2100,29017,54499272.00,15705,13313,1.2320,2026-06-06 12:02:19.577001+00:00
603005,45.8000,44.5800,48.5000,44.0000,1359896,6213414400.00,714821,645076,20.8518,2026-06-06 12:02:19.577001+00:00
603006,13.9700,13.1700,14.3500,12.7000,94160,129721728.00,52232,41928,3.7034,2026-06-06 12:02:19.577001+00:00
603007,5.9200,6.0600,6.1500,5.9100,410131,245540912.00,165223,244909,4.6361,2026-06-06 12:02:19.577001+00:00
603008,8.9700,8.9600,9.2600,8.8800,109132,98794160.00,45227,63905,2.9632,2026-06-06 12:02:19.577001+00:00
603009,50.3000,49.8500,52.4000,47.7000,134980,669931648.00,64411,70569,3.8968,2026-06-06 12:02:19.577001+00:00
603010,13.9900,14.1300,14.5000,13.5200,138124,193901344.00,73307,64817,2.3610,2026-06-06 12:02:19.577001+00:00
603011,32.7000,31.9400,34.1000,31.4000,724396,2385539840.00,361065,363332,14.6516,2026-06-06 12:02:19.577001+00:00
603012,8.9000,8.7800,9.0500,8.5700,173527,153327120.00,92505,81022,2.6841,2026-06-06 12:02:19.577001+00:00
603013,18.4500,19.1000,19.1000,18.0700,45731,84270504.00,21750,23981,0.8998,2026-06-06 12:02:19.577001+00:00
603014,31.2000,32.1000,32.2400,30.9700,17541,55026680.00,7480,10062,0.4199,2026-06-06 12:02:19.577001+00:00
603015,12.8900,12.3500,13.4700,12.1500,195128,249319184.00,107578,87551,4.8273,2026-06-06 12:02:19.577001+00:00
603016,40.5500,41.5500,41.6200,39.5000,36001,145555920.00,19073,16928,2.4299,2026-06-06 12:02:19.577001+00:00
603017,11.7000,11.6000,11.8800,11.2300,87887,102001592.00,48431,39457,3.1821,2026-06-06 12:02:19.577001+00:00
603018,6.9700,6.9400,7.0500,6.9200,32822,22895628.00,15309,17513,0.4800,2026-06-06 12:02:19.577001+00:00
603019,82.3700,83.6700,84.8200,82.1400,386422,3215809024.00,192532,193890,2.6411,2026-06-06 12:02:19.577001+00:00
603020,10.6700,9.7000,10.6700,9.7000,114500,118097064.00,68196,46304,3.0481,2026-06-06 12:02:19.577001+00:00
603021,7.6200,7.4000,7.7400,7.4000,52450,39640216.00,28502,23948,0.0000,2026-06-06 12:02:19.577001+00:00
603022,9.7300,9.5600,9.9400,9.3600,42683,41188016.00,23595,19088,2.1341,2026-06-06 12:02:19.577001+00:00
603023,4.2100,4.2500,4.3200,4.1100,97397,41082364.00,42307,55091,1.7451,2026-06-06 12:02:19.577001+00:00
603025,15.2500,15.0200,15.6600,14.4700,113903,171124192.00,57685,56219,1.0200,2026-06-06 12:02:19.577001+00:00
603026,83.7800,84.0000,85.6600,82.0800,92510,775568896.00,46310,46200,3.9755,2026-06-06 12:02:19.577001+00:00
603027,7.7500,7.6400,7.8200,7.6200,103038,79844096.00,54149,48890,0.7729,2026-06-06 12:02:19.577001+00:00
603028,7.9000,7.7500,8.1200,7.5600,45040,35302380.00,24196,20844,1.5691,2026-06-06 12:02:19.577001+00:00
603029,16.3800,16.1500,16.7400,15.8800,30059,49157264.00,15968,14091,2.4772,2026-06-06 12:02:19.577001+00:00
603030,2.4900,2.4800,2.5400,2.4500,270438,67614936.00,112053,158385,2.0535,2026-06-06 12:02:19.577001+00:00
603031,57.5200,60.0600,61.3600,57.0700,203483,1200003584.00,93539,109944,5.4430,2026-06-06 12:02:19.577001+00:00
603032,25.2500,23.9700,26.4400,23.3300,236174,588921536.00,129398,106777,10.1263,2026-06-06 12:02:19.577001+00:00
603033,10.0000,10.1000,10.3700,9.8200,101691,102374256.00,50062,51630,0.9862,2026-06-06 12:02:19.577001+00:00
603035,12.1800,12.1300,12.3100,11.9900,32107,38975996.00,17076,15031,0.8764,2026-06-06 12:02:19.577001+00:00
603036,13.4000,13.5200,13.6800,13.0900,60489,80504576.00,27646,32843,2.9363,2026-06-06 12:02:19.577001+00:00
603037,13.0000,12.8500,13.1800,12.5400,60259,77256328.00,28228,32031,2.2608,2026-06-06 12:02:19.577001+00:00
603038,15.9600,15.4000,16.1700,15.3600,57365,91083392.00,34848,22518,2.1351,2026-06-06 12:02:19.577001+00:00
603039,39.9400,37.2000,41.2100,37.0100,220208,875324352.00,131018,89191,7.1580,2026-06-06 12:02:19.577001+00:00
603040,90.5500,87.8700,93.1500,87.0200,33837,306949920.00,18494,15344,2.4797,2026-06-06 12:02:19.577001+00:00
603042,20.3500,20.0600,21.0000,20.0600,179443,370556288.00,88185,91259,11.1740,2026-06-06 12:02:19.577001+00:00
603043,14.5200,14.5300,14.8300,14.4200,40132,58574904.00,19937,20196,0.7056,2026-06-06 12:02:19.577001+00:00
603045,83.4100,75.6600,85.2600,73.2000,228468,1855241344.00,114915,113553,16.8679,2026-06-06 12:02:19.577001+00:00
603048,20.7900,19.0900,20.7900,18.7200,38648,76757344.00,20753,17895,2.6313,2026-06-06 12:02:19.577001+00:00
603049,46.6000,46.2700,47.1300,45.7300,20253,94841648.00,11131,9123,0.2316,2026-06-06 12:02:19.577001+00:00
603050,19.9500,20.4900,21.0000,19.8000,94694,190700032.00,41842,52852,2.3479,2026-06-06 12:02:19.577001+00:00
603051,21.3600,20.9500,21.9600,20.0100,62866,132310200.00,36109,26757,3.8894,2026-06-06 12:02:19.577001+00:00
603052,88.7000,92.6000,94.5700,88.4600,68127,623861824.00,29287,38841,3.6258,2026-06-06 12:02:19.577001+00:00
603053,9.2900,9.3200,9.4400,9.2600,24763,23113504.00,9382,15381,0.2786,2026-06-06 12:02:19.577001+00:00
603055,8.1200,8.0800,8.3000,8.0000,49285,40265160.00,25062,24223,0.5536,2026-06-06 12:02:19.577001+00:00
603057,24.9200,24.8400,25.5000,24.5800,32388,81193720.00,13222,19166,0.7861,2026-06-06 12:02:19.577001+00:00
603058,10.1800,9.4500,10.2400,9.2500,118056,116162352.00,70838,47218,2.8469,2026-06-06 12:02:19.577001+00:00
603059,26.5000,26.4300,26.7000,25.8600,10497,27680820.00,5490,5007,1.0450,2026-06-06 12:02:19.577001+00:00
603060,7.2200,7.1300,7.2900,7.0700,224964,161266944.00,113864,111101,2.7982,2026-06-06 12:02:19.577001+00:00
603061,296.1300,310.0200,313.9500,295.0600,28074,854601280.00,12318,15756,3.2269,2026-06-06 12:02:19.577001+00:00
603062,42.6000,42.9800,43.6600,42.1000,6250,26889124.00,3572,2678,0.5787,2026-06-06 12:02:19.577001+00:00
603063,54.4300,55.0000,55.9500,53.2000,241937,1317724032.00,112352,129585,5.2648,2026-06-06 12:02:19.577001+00:00
603065,9.5500,8.7900,9.5500,8.5000,347261,317329472.00,179275,167987,8.2885,2026-06-06 12:02:19.577001+00:00
603066,10.8300,10.6100,11.0400,10.4200,47027,50483472.00,25686,21341,1.5986,2026-06-06 12:02:19.577001+00:00
603067,36.2800,37.5000,38.1900,35.7600,408814,1501811072.00,200238,208577,5.4110,2026-06-06 12:02:19.577001+00:00
603068,33.4000,33.2500,34.1600,31.7700,40932,135212368.00,20897,20035,2.6967,2026-06-06 12:02:19.577001+00:00
603069,15.2000,15.2000,15.6000,15.0300,42687,65241600.00,22392,20296,1.3509,2026-06-06 12:02:19.577001+00:00
603070,16.7300,15.2500,16.7300,14.5100,91240,142175840.00,44310,46931,2.2753,2026-06-06 12:02:19.577001+00:00
603071,14.0200,14.2900,14.4700,13.9400,53632,75600824.00,26417,27215,0.9612,2026-06-06 12:02:19.577001+00:00
603072,36.8500,35.4500,37.6500,35.2000,48852,179508448.00,29258,19595,1.8485,2026-06-06 12:02:19.577001+00:00
603073,17.7600,17.0400,18.0000,16.8400,17742,31142004.00,10146,7596,1.5295,2026-06-06 12:02:19.577001+00:00
603075,24.5000,24.0800,24.7500,23.5200,44664,107570480.00,22705,21959,1.1097,2026-06-06 12:02:19.577001+00:00
603076,24.3600,24.0600,24.7600,23.3100,32246,77411672.00,17829,14417,2.6716,2026-06-06 12:02:19.577001+00:00
603077,2.3900,2.3900,2.4400,2.3600,1597991,383583232.00,762696,835296,1.8094,2026-06-06 12:02:19.577001+00:00
603078,41.5600,37.0000,41.5600,36.0000,586326,2337235456.00,274782,311545,15.2041,2026-06-06 12:02:19.577001+00:00
603079,13.4000,13.3200,13.5500,13.1500,18675,24988440.00,8574,10101,0.9879,2026-06-06 12:02:19.577001+00:00
603080,20.4500,20.1800,20.7300,20.0600,25100,51164196.00,13455,11645,1.7739,2026-06-06 12:02:19.577001+00:00
603081,10.2100,10.1300,10.3600,9.9200,34889,35331864.00,18065,16824,0.8258,2026-06-06 12:02:19.577001+00:00
603082,37.5900,36.8600,39.0000,35.5600,79608,294393024.00,36444,43164,4.9072,2026-06-06 12:02:19.577001+00:00
603083,192.0200,206.8500,214.3000,190.0000,340016,6894959616.00,151123,188894,9.6417,2026-06-06 12:02:19.577001+00:00
603085,12.5000,12.3700,12.6100,11.9700,108072,132737808.00,54748,53324,2.7215,2026-06-06 12:02:19.577001+00:00
603086,6.0400,5.9800,6.0900,5.8800,62186,37314252.00,37115,25072,1.4302,2026-06-06 12:02:19.577001+00:00
603087,54.5800,54.4400,55.2000,54.3600,59228,323997344.00,29373,29855,0.9916,2026-06-06 12:02:19.577001+00:00
603088,10.5000,10.2400,10.8400,9.9800,165296,172749328.00,89279,76018,3.2902,2026-06-06 12:02:19.577001+00:00
603089,10.2100,10.1500,10.4400,9.9200,29494,30125288.00,15854,13640,1.0697,2026-06-06 12:02:19.577001+00:00
603090,63.5000,62.8000,65.6900,60.8000,73641,467978592.00,44766,28875,7.3641,2026-06-06 12:02:19.577001+00:00
603091,67.8600,69.0100,69.0100,67.0000,5327,36087940.00,1971,3356,0.5210,2026-06-06 12:02:19.577001+00:00
603092,60.6400,60.4500,61.6800,58.8800,17309,104237520.00,8881,8428,0.4327,2026-06-06 12:02:19.577001+00:00
603093,18.8400,19.2400,19.5300,18.7400,117988,225313824.00,53074,64914,1.6439,2026-06-06 12:02:19.577001+00:00
603095,18.7800,19.3500,19.3500,18.4100,60769,113926872.00,24541,36229,2.3529,2026-06-06 12:02:19.577001+00:00
603096,15.4600,15.1900,15.5900,15.0000,19612,29949120.00,10313,9299,1.2716,2026-06-06 12:02:19.577001+00:00
603097,26.0100,26.9600,26.9600,25.2000,24922,64598180.00,10485,14437,1.5089,2026-06-06 12:02:19.577001+00:00
603098,12.2300,12.6000,12.6100,12.1000,66014,80844264.00,22391,43623,1.2232,2026-06-06 12:02:19.577001+00:00
603099,37.3900,38.2300,38.9400,37.3100,83359,317761408.00,39377,43983,3.0607,2026-06-06 12:02:19.577001+00:00
603100,18.6200,18.6500,19.0500,18.3200,40399,75324176.00,21682,18718,0.7872,2026-06-06 12:02:19.577001+00:00
603101,7.2400,7.1400,7.3700,7.0900,89876,65297536.00,43198,46678,1.9106,2026-06-06 12:02:19.577001+00:00
603102,35.4600,34.8300,35.5700,34.5600,5331,18749264.00,3110,2221,0.8330,2026-06-06 12:02:19.577001+00:00
603103,23.3000,21.9100,23.9900,21.8000,250673,579173376.00,145474,105199,3.9526,2026-06-06 12:02:19.577001+00:00
603105,8.4900,8.6100,8.7200,8.3400,100866,85556640.00,48843,52023,2.0173,2026-06-06 12:02:19.577001+00:00
603106,7.4900,7.4400,7.6100,7.3800,51736,38775612.00,28306,23431,0.9939,2026-06-06 12:02:19.577001+00:00
603107,13.2800,13.0900,13.3900,13.0800,20829,27607148.00,11249,9580,0.6175,2026-06-06 12:02:19.577001+00:00
603108,11.6800,11.9800,11.9800,11.5200,189841,222528992.00,91736,98105,3.1446,2026-06-06 12:02:19.577001+00:00
603109,21.4500,21.5000,22.0000,20.6900,49071,104734520.00,21110,27961,2.3496,2026-06-06 12:02:19.577001+00:00
603110,20.6700,20.8100,21.3900,19.7700,103586,213029264.00,53357,50230,5.1477,2026-06-06 12:02:19.577001+00:00
603112,21.1000,20.5100,21.4300,20.3100,219069,458115200.00,115885,103185,4.0571,2026-06-06 12:02:19.577001+00:00
603115,103.6900,108.3700,108.4000,101.1200,93978,979847680.00,46403,47575,3.8851,2026-06-06 12:02:19.577001+00:00
603116,7.3300,7.3400,7.5700,7.2700,122957,91136448.00,59533,63425,2.1339,2026-06-06 12:02:19.577001+00:00
603117,4.1600,4.2100,4.2500,4.0900,101113,42108200.00,48867,52246,1.6875,2026-06-06 12:02:19.577001+00:00
603118,13.4100,12.9900,13.7100,12.9100,509376,682572416.00,252525,256852,6.4701,2026-06-06 12:02:19.577001+00:00
002149,65.0000,63.8000,66.0000,61.7000,654795,4198296064.00,344956,309839,13.4120,2026-06-06 12:02:19.577001+00:00
603113,5.0700,5.0000,5.1300,5.0000,78289,39726124.00,43617,34672,0.9227,2026-06-06 12:02:19.577001+00:00
603119,73.7000,74.6000,76.7300,71.3200,313225,2315935744.00,147516,165710,6.6241,2026-06-06 12:02:19.577001+00:00
603120,52.1800,55.0000,55.0000,51.8000,44274,233866240.00,22805,21469,4.8976,2026-06-06 12:02:19.577001+00:00
603121,15.9500,16.1000,16.5800,15.3700,88748,141383264.00,42626,46122,2.6215,2026-06-06 12:02:19.577001+00:00
603122,12.4400,12.3500,12.5800,12.2000,107761,134145448.00,54327,53434,2.7072,2026-06-06 12:02:19.577001+00:00
603123,9.5500,9.6600,9.7500,9.5000,125494,120826240.00,61214,64280,1.5712,2026-06-06 12:02:19.577001+00:00
603124,168.0000,154.0000,168.0000,150.2200,40573,664079744.00,20920,19653,2.7838,2026-06-06 12:02:19.577001+00:00
603125,24.3000,24.0400,24.8600,23.5200,51828,125603280.00,25757,26071,1.2802,2026-06-06 12:02:19.577001+00:00
603126,7.6800,7.9200,8.1300,7.6600,152130,118634504.00,65841,86289,2.4919,2026-06-06 12:02:19.577001+00:00
603127,32.6000,34.0700,34.3500,32.3600,216343,718070080.00,100775,115569,2.8871,2026-06-06 12:02:19.577001+00:00
603128,5.3700,5.3600,5.4200,5.3100,79124,42470064.00,40840,38285,0.6044,2026-06-06 12:02:19.577001+00:00
603129,228.7000,228.0200,233.8800,225.2800,13561,310278112.00,7221,6340,0.8836,2026-06-06 12:02:19.577001+00:00
603130,45.0300,44.6500,46.1600,43.1900,20767,93482368.00,10693,10074,1.5102,2026-06-06 12:02:19.577001+00:00
603131,19.3500,18.9800,19.7800,18.6200,148740,286231104.00,79757,68983,4.4149,2026-06-06 12:02:19.577001+00:00
603132,16.8400,17.0100,17.1600,16.5200,50575,85483712.00,25569,25007,0.5171,2026-06-06 12:02:19.577001+00:00
603135,14.0300,13.5500,14.0300,12.5800,353778,464075552.00,184446,169332,5.5778,2026-06-06 12:02:19.577001+00:00
603136,9.2200,9.0600,9.3300,9.0600,33334,30771504.00,18131,15204,1.2340,2026-06-06 12:02:19.577001+00:00
603137,12.1500,11.8200,12.2300,11.7200,21474,25803300.00,10900,10574,1.1739,2026-06-06 12:02:19.577001+00:00
603138,17.6300,17.8000,18.1000,17.4600,112562,199289888.00,50748,61814,3.8303,2026-06-06 12:02:19.577001+00:00
603139,38.0700,38.4900,39.3500,37.4400,34984,134529888.00,17922,17063,3.5026,2026-06-06 12:02:19.577001+00:00
603150,67.5900,66.6400,70.2900,65.1200,23359,158874448.00,11745,11614,2.7326,2026-06-06 12:02:19.577001+00:00
603151,12.7300,12.5400,12.9600,12.3600,25266,32104438.00,13664,11602,1.4766,2026-06-06 12:02:19.577001+00:00
603153,14.1900,14.0700,14.3100,14.0600,9492,13464938.00,4703,4789,0.2316,2026-06-06 12:02:19.577001+00:00
603155,19.8400,19.5500,20.2300,19.2700,76958,152342976.00,37752,39207,2.4370,2026-06-06 12:02:19.577001+00:00
603156,40.4900,40.7500,41.2500,39.6000,75240,305523168.00,40456,34784,0.5970,2026-06-06 12:02:19.577001+00:00
603158,16.3000,15.9500,17.1000,15.6100,574122,942201408.00,303725,270397,11.6984,2026-06-06 12:02:19.577001+00:00
603159,27.0800,25.6300,27.0800,24.8900,52952,139812144.00,26710,26242,3.7823,2026-06-06 12:02:19.577001+00:00
603160,55.3200,55.2700,56.7000,53.4100,73424,403787712.00,37625,35799,1.5760,2026-06-06 12:02:19.577001+00:00
603161,14.8900,14.6900,15.2800,14.5600,68671,102558032.00,35762,32909,3.5323,2026-06-06 12:02:19.577001+00:00
603162,10.8400,10.9300,11.0500,10.7200,121838,132525616.00,54378,67461,0.8872,2026-06-06 12:02:19.577001+00:00
603163,101.0200,100.2900,104.6100,98.0100,28522,288323776.00,14818,13705,2.8522,2026-06-06 12:02:19.577001+00:00
603165,16.6900,16.5900,17.0500,16.0100,97455,161839936.00,46038,51417,3.1163,2026-06-06 12:02:19.577001+00:00
603166,13.4500,12.2300,13.4500,11.7500,154852,197998240.00,75573,79280,2.3984,2026-06-06 12:02:19.577001+00:00
603167,9.1200,9.0500,9.1600,9.0200,37197,33878960.00,23960,13237,0.7929,2026-06-06 12:02:19.577001+00:00
603168,5.6100,5.5300,5.6900,5.4600,62431,34837012.00,29620,32812,1.6687,2026-06-06 12:02:19.577001+00:00
603169,7.7100,7.7100,7.8700,7.5600,151036,116937464.00,74566,76470,1.1562,2026-06-06 12:02:19.577001+00:00
603170,12.1700,12.0300,12.3300,12.0300,15165,18412884.00,7879,7286,0.3791,2026-06-06 12:02:19.577001+00:00
603171,47.4100,48.9100,49.1100,46.6600,60133,286719104.00,29707,30426,1.4799,2026-06-06 12:02:19.577001+00:00
603172,19.1000,19.1100,19.3500,18.4500,20611,39156016.00,9666,10946,1.5453,2026-06-06 12:02:19.577001+00:00
603173,34.5600,35.1200,35.4700,34.4100,13655,47564940.00,5622,8033,0.8534,2026-06-06 12:02:19.577001+00:00
603175,82.0000,83.9800,86.1000,81.5100,31155,259758672.00,15496,15660,0.7129,2026-06-06 12:02:19.577001+00:00
603176,5.0100,4.9200,5.0800,4.8600,40010,19903988.00,19093,20917,0.8419,2026-06-06 12:02:19.577001+00:00
603177,9.9300,9.8000,10.0900,9.5700,35267,34634232.00,19574,15693,1.7271,2026-06-06 12:02:19.577001+00:00
603178,17.3700,17.0500,17.7100,16.4500,92634,158653392.00,49493,43141,3.9183,2026-06-06 12:02:19.577001+00:00
603179,52.2100,53.1500,54.4800,50.5400,297854,1556849664.00,145329,152526,4.1705,2026-06-06 12:02:19.577001+00:00
603180,16.1800,16.0800,16.4100,15.8800,13170,21295002.00,6298,6872,0.8538,2026-06-06 12:02:19.577001+00:00
603181,13.5000,13.0900,13.6900,12.7600,75256,100074280.00,43092,32164,1.2783,2026-06-06 12:02:19.577001+00:00
603182,12.8200,12.6500,12.9500,12.4600,20039,25484982.00,10941,9098,1.2178,2026-06-06 12:02:19.577001+00:00
603183,3.9900,3.9200,4.0500,3.8800,102604,40781808.00,55160,47444,2.0638,2026-06-06 12:02:19.577001+00:00
603185,17.4800,17.6000,17.8300,17.2100,106809,187180240.00,53607,53202,1.5636,2026-06-06 12:02:19.577001+00:00
603186,123.6600,120.6000,129.5000,118.1200,149493,1872084224.00,81497,67997,9.5346,2026-06-06 12:02:19.577001+00:00
603187,12.8300,12.7500,13.0500,12.7400,36960,47621180.00,18166,18794,0.9565,2026-06-06 12:02:19.577001+00:00
603188,4.4400,4.4000,4.5100,4.3100,106852,47259812.00,53913,52939,1.8740,2026-06-06 12:02:19.577001+00:00
603189,12.4600,12.6200,12.7300,12.2000,44974,56092136.00,21325,23649,1.6685,2026-06-06 12:02:19.577001+00:00
603190,26.2800,25.7000,26.5500,25.3000,20712,53762148.00,11202,9510,1.6631,2026-06-06 12:02:19.577001+00:00
603191,17.9000,18.3500,18.7700,17.3300,173464,311524544.00,85461,88004,5.2570,2026-06-06 12:02:19.577001+00:00
603192,19.8700,19.4900,20.0800,19.1000,10697,21088984.00,6042,4655,0.6398,2026-06-06 12:02:19.577001+00:00
603193,22.5100,22.4400,23.8800,22.4200,40673,93172864.00,16096,24578,1.0053,2026-06-06 12:02:19.577001+00:00
603194,35.3800,35.5500,36.0900,34.8200,18630,66045104.00,9359,9271,0.4646,2026-06-06 12:02:19.577001+00:00
603195,40.0200,38.9000,40.3200,38.8000,64719,257234160.00,36843,27877,0.3580,2026-06-06 12:02:19.577001+00:00
603196,23.7000,24.7500,24.7500,23.6100,23896,57346720.00,9657,14240,0.5707,2026-06-06 12:02:19.577001+00:00
603197,30.3500,30.1000,30.8500,29.2500,35355,105899496.00,18539,16817,1.6519,2026-06-06 12:02:19.577001+00:00
603198,35.1300,35.2600,36.3500,35.0100,58816,208816496.00,26906,31911,0.7352,2026-06-06 12:02:19.577001+00:00
603199,32.8300,32.3200,33.1000,32.3200,14260,46820404.00,8388,5872,1.2884,2026-06-06 12:02:19.577001+00:00
603200,48.0400,47.4900,48.5800,46.2500,48150,229638176.00,26703,21447,2.7439,2026-06-06 12:02:19.577001+00:00
603201,18.1300,17.8700,18.1800,17.4100,36252,65214928.00,17679,18574,1.9082,2026-06-06 12:02:19.577001+00:00
603202,64.5600,64.4900,65.3500,63.9000,6760,43624896.00,3243,3517,0.4225,2026-06-06 12:02:19.577001+00:00
603203,66.5200,67.2000,69.7700,64.5000,111860,748176384.00,53779,58082,4.4063,2026-06-06 12:02:19.577001+00:00
603205,23.2400,22.9500,23.4400,22.7400,6373,14727126.00,3339,3034,0.4085,2026-06-06 12:02:19.577001+00:00
603206,15.4500,15.0300,15.7300,14.5700,99426,151115056.00,51872,47554,3.2577,2026-06-06 12:02:19.577001+00:00
603207,22.7700,22.5200,22.9700,22.4500,8629,19600724.00,4600,4029,0.5371,2026-06-06 12:02:19.577001+00:00
603208,12.5300,12.1900,12.7200,11.8900,35130,43499768.00,19033,16097,1.9974,2026-06-06 12:02:19.577001+00:00
603209,13.2800,13.1500,13.4500,13.1100,21914,29067208.00,12317,9598,0.6743,2026-06-06 12:02:19.577001+00:00
603210,15.1200,15.6700,16.0900,14.6600,178106,271920384.00,91846,86261,5.2323,2026-06-06 12:02:19.577001+00:00
603211,27.5200,28.0000,28.1500,26.2800,62254,169349152.00,30627,31627,2.2904,2026-06-06 12:02:19.577001+00:00
603212,15.8700,15.8200,15.9900,15.4600,304541,480008832.00,140217,164325,6.9611,2026-06-06 12:02:19.577001+00:00
603213,14.2000,13.8300,14.3000,13.8100,50374,71387096.00,24582,25792,1.1398,2026-06-06 12:02:19.577001+00:00
603214,14.1200,13.8300,14.2800,13.7300,35914,50440088.00,20559,15356,2.5923,2026-06-06 12:02:19.577001+00:00
603215,15.6500,15.6500,15.9200,15.3000,17172,26859036.00,8113,9059,0.7976,2026-06-06 12:02:19.577001+00:00
603216,23.5700,23.2600,23.9600,22.8800,30518,71449720.00,14696,15823,1.3704,2026-06-06 12:02:19.577001+00:00
603217,24.4200,24.5300,24.8000,23.7000,23359,56647924.00,12582,10778,1.1226,2026-06-06 12:02:19.577001+00:00
603218,11.1400,11.1000,11.3400,11.0300,79467,88877536.00,38900,40568,0.7713,2026-06-06 12:02:19.577001+00:00
603219,15.8300,16.2900,16.4300,15.4200,60941,96366736.00,27286,33655,1.0855,2026-06-06 12:02:19.577001+00:00
603220,22.7700,22.9000,23.4400,22.0800,280845,640702720.00,148789,132057,5.2363,2026-06-06 12:02:19.577001+00:00
603221,12.5000,12.6900,12.8500,12.3000,23303,29168196.00,10870,12433,0.9529,2026-06-06 12:02:19.577001+00:00
603222,8.6300,8.7000,8.8400,8.5400,97533,84756088.00,54629,42904,1.8575,2026-06-06 12:02:19.577001+00:00
603223,9.4900,9.6000,9.6900,9.3800,83045,78877632.00,39384,43662,1.1766,2026-06-06 12:02:19.577001+00:00
603225,20.3300,19.4800,21.1200,19.2300,281244,569731392.00,149944,131301,1.6766,2026-06-06 12:02:19.577001+00:00
603226,51.3000,52.2000,52.3600,50.5000,35603,182986160.00,16688,18916,1.0015,2026-06-06 12:02:19.577001+00:00
603227,8.3800,8.3000,8.4500,8.1000,100497,83047984.00,54279,46218,0.9377,2026-06-06 12:02:19.577001+00:00
603228,71.3300,73.0000,74.7600,70.9100,336382,2441202944.00,146892,189490,3.4155,2026-06-06 12:02:19.577001+00:00
603229,9.2400,9.3300,9.5000,9.2100,76364,71124736.00,33168,43197,0.9197,2026-06-06 12:02:19.577001+00:00
603230,9.9000,9.7000,9.9700,9.6900,18177,17883640.00,11038,7139,0.5142,2026-06-06 12:02:19.577001+00:00
603231,15.7300,15.6200,15.9000,15.5100,13381,20980894.00,6581,6801,0.6989,2026-06-06 12:02:19.577001+00:00
603232,18.6800,20.0000,20.0000,18.5300,215762,408490208.00,92432,123330,9.2174,2026-06-06 12:02:19.577001+00:00
603233,15.9300,16.1900,16.3900,15.8800,62868,101216224.00,30609,32259,0.5520,2026-06-06 12:02:19.577001+00:00
603235,23.3500,23.4500,23.5500,23.2600,2776,6494360.00,1627,1149,0.0634,2026-06-06 12:02:19.577001+00:00
603236,57.3300,57.2800,59.0300,55.5800,198077,1143453824.00,104263,93815,4.9156,2026-06-06 12:02:19.577001+00:00
603237,15.9200,15.8600,16.1100,15.8100,19233,30680830.00,8265,10969,0.9759,2026-06-06 12:02:19.577001+00:00
603238,12.8400,12.6000,13.0400,12.4900,22205,28348200.00,12095,10110,1.2509,2026-06-06 12:02:19.577001+00:00
603239,18.9000,18.8000,19.3500,18.0300,50243,93738168.00,25841,24402,1.8559,2026-06-06 12:02:19.577001+00:00
603248,25.7100,26.3300,26.4900,25.2400,49785,127842744.00,20124,29662,1.0823,2026-06-06 12:02:19.577001+00:00
603255,29.7200,29.8900,30.3900,29.3700,11303,33624324.00,5009,6294,0.8398,2026-06-06 12:02:19.577001+00:00
603256,196.0600,192.0000,210.4900,190.1000,173624,3505438720.00,90457,83168,1.9194,2026-06-06 12:02:19.577001+00:00
603257,63.8800,63.9100,65.0000,62.4000,20895,132457504.00,9404,11491,1.7412,2026-06-06 12:02:19.577001+00:00
603258,14.0000,13.8700,14.2100,13.7800,31031,43478424.00,15594,15437,1.2782,2026-06-06 12:02:19.577001+00:00
603259,96.5600,98.3800,100.2400,96.0300,424531,4164376576.00,218279,206253,1.4228,2026-06-06 12:02:19.577001+00:00
603260,37.3400,38.3100,38.7500,37.2800,106423,404217152.00,49568,56855,0.9002,2026-06-06 12:02:19.577001+00:00
603261,33.8300,33.0000,34.1800,33.0000,3241,10915063.00,2142,1099,0.4182,2026-06-06 12:02:19.577001+00:00
603262,28.1600,27.3000,28.3000,27.0200,31598,88674128.00,17105,14494,0.7899,2026-06-06 12:02:19.577001+00:00
603266,18.7100,18.7600,19.1000,18.0300,39470,73329856.00,19782,19688,1.9845,2026-06-06 12:02:19.577001+00:00
603267,74.8000,79.5000,79.5000,73.1200,259587,1972165248.00,114492,145096,11.2336,2026-06-06 12:02:19.577001+00:00
603268,142.0900,138.8900,143.9900,138.0000,87382,1241393920.00,43844,43539,0.9001,2026-06-06 12:02:19.577001+00:00
603269,21.9700,21.6200,22.4000,21.2400,213846,468573184.00,111078,102768,6.9261,2026-06-06 12:02:19.577001+00:00
603270,29.7700,26.7900,29.7700,25.9500,75950,212883104.00,43531,32420,3.4663,2026-06-06 12:02:19.577001+00:00
603271,44.8100,44.3500,45.7500,43.4500,18234,81144440.00,10897,7337,0.9269,2026-06-06 12:02:19.577001+00:00
603272,43.6000,41.5000,43.6000,39.4400,57885,241129024.00,29853,28032,5.5859,2026-06-06 12:02:19.577001+00:00
603273,14.8100,14.4600,15.0500,14.1100,21238,31163850.00,12018,9221,0.9910,2026-06-06 12:02:19.577001+00:00
603275,41.7200,41.3400,42.8500,40.1400,24269,100380808.00,11510,12760,1.6313,2026-06-06 12:02:19.577001+00:00
603276,16.4000,15.7200,16.6800,15.6000,35538,57508668.00,19605,15933,1.7114,2026-06-06 12:02:19.577001+00:00
603277,11.4400,11.2900,11.5000,11.1500,13258,15031064.00,8759,4500,0.2160,2026-06-06 12:02:19.577001+00:00
603278,12.8500,12.2500,13.2000,11.9100,469554,591976512.00,251282,218272,13.7393,2026-06-06 12:02:19.577001+00:00
603279,14.0200,14.0100,14.3200,13.8000,87003,122315664.00,39199,47804,1.5095,2026-06-06 12:02:19.577001+00:00
603280,28.7500,28.4200,29.0000,27.9400,10886,31110224.00,5772,5114,1.0042,2026-06-06 12:02:19.577001+00:00
603281,33.8300,33.7700,34.7200,32.8800,29739,100825408.00,15646,14094,0.7966,2026-06-06 12:02:19.577001+00:00
603282,15.6900,15.4400,15.9200,15.0700,14599,22666080.00,6981,7618,1.0909,2026-06-06 12:02:19.577001+00:00
603283,49.0500,48.0600,49.9900,46.5800,216424,1046995904.00,110408,106017,6.1392,2026-06-06 12:02:19.577001+00:00
603284,40.6900,40.5300,41.2600,40.0100,8848,35947064.00,3868,4981,1.1732,2026-06-06 12:02:19.577001+00:00
603285,42.8000,43.1800,43.9200,41.6600,32557,139522256.00,14788,17770,2.0348,2026-06-06 12:02:19.577001+00:00
603286,60.9600,59.9900,62.0100,57.6600,76953,461684160.00,39287,37666,6.5430,2026-06-06 12:02:19.577001+00:00
603288,34.0300,33.8400,34.3500,33.8400,138275,470834656.00,76709,61567,0.2363,2026-06-06 12:02:19.577001+00:00
603289,9.7500,9.8200,10.0200,9.3300,110415,107192280.00,58644,51772,3.7633,2026-06-06 12:02:19.577001+00:00
603290,113.1800,118.9500,118.9500,112.4700,115265,1325992448.00,46715,68551,4.8133,2026-06-06 12:02:19.577001+00:00
603291,10.2000,10.5000,10.5400,10.1200,36516,37378256.00,14615,21901,0.8628,2026-06-06 12:02:19.577001+00:00
603293,43.6300,43.0800,44.2300,42.4500,24614,106995608.00,12187,12428,1.3744,2026-06-06 12:02:19.577001+00:00
603296,107.5400,113.0000,113.0200,106.8400,277794,3030906624.00,119060,158734,2.5106,2026-06-06 12:02:19.577001+00:00
603297,123.8300,124.0000,126.7300,120.0500,14904,185198272.00,7455,7449,1.3435,2026-06-06 12:02:19.577001+00:00
603298,24.7800,24.7800,25.1800,24.3400,65237,162162576.00,36047,29190,0.4981,2026-06-06 12:02:19.577001+00:00
603299,10.0400,10.1400,10.2300,10.0300,46172,46715924.00,20167,26005,0.4836,2026-06-06 12:02:19.577001+00:00
603300,5.2600,5.2200,5.3600,5.1400,495311,260138656.00,268589,226722,2.4833,2026-06-06 12:02:19.577001+00:00
603301,80.1600,83.0500,83.0500,80.0000,22338,180578752.00,10929,11409,0.8465,2026-06-06 12:02:19.577001+00:00
603303,27.4500,27.5900,28.5000,26.5500,68043,185062848.00,30230,37814,1.4266,2026-06-06 12:02:19.577001+00:00
603305,14.9100,14.6200,15.2900,14.0800,433785,637569536.00,228166,205620,3.7534,2026-06-06 12:02:19.577001+00:00
603306,98.9500,101.9900,104.1100,98.2000,140374,1414087808.00,64290,76084,4.2603,2026-06-06 12:02:19.577001+00:00
603307,39.1000,37.5100,39.2600,36.9000,7369,28187024.00,3812,3557,1.0825,2026-06-06 12:02:19.577001+00:00
603308,64.3400,66.7000,67.5000,64.0100,161004,1054849344.00,69644,91360,2.3710,2026-06-06 12:02:19.577001+00:00
603309,11.5700,11.5400,11.6500,11.5100,38639,44763344.00,19309,19330,1.3238,2026-06-06 12:02:19.577001+00:00
603310,16.0200,16.0400,16.2400,15.8500,24866,39943328.00,12750,12116,0.7200,2026-06-06 12:02:19.577001+00:00
603311,40.9200,38.1400,41.1900,37.1400,197259,784858816.00,94285,102974,8.3625,2026-06-06 12:02:19.577001+00:00
603312,36.8500,36.5900,38.3700,35.4300,17725,65053280.00,9125,8600,1.1078,2026-06-06 12:02:19.577001+00:00
603313,5.4300,5.4900,5.5000,5.3400,83544,45340060.00,40513,43031,1.4642,2026-06-06 12:02:19.577001+00:00
603315,16.6000,16.1000,16.8300,15.9100,149192,246186928.00,88200,60992,4.6569,2026-06-06 12:02:19.577001+00:00
603316,19.8000,19.7200,20.5900,19.1700,251393,498927328.00,131230,120164,9.5129,2026-06-06 12:02:19.577001+00:00
603317,13.6900,13.6200,13.8400,13.4800,102953,140866240.00,48555,54399,0.9670,2026-06-06 12:02:19.577001+00:00
603318,8.8800,9.0900,9.2900,8.7100,440562,391971616.00,197002,243561,7.9427,2026-06-06 12:02:19.577001+00:00
603319,43.1600,43.7200,44.4900,42.2000,342320,1483267584.00,175269,167051,10.0935,2026-06-06 12:02:19.577001+00:00
603320,21.5100,21.3800,21.9500,20.7000,21824,46742464.00,12145,9679,1.4633,2026-06-06 12:02:19.577001+00:00
603321,6.5900,6.4200,6.6800,6.3500,45464,29693020.00,23203,22261,1.3031,2026-06-06 12:02:19.577001+00:00
603322,30.5300,30.8300,31.4600,29.5000,61489,187881616.00,29896,31594,3.9019,2026-06-06 12:02:19.577001+00:00
603323,4.7200,4.7100,4.7700,4.7000,240967,114086368.00,124958,116009,1.1938,2026-06-06 12:02:19.577001+00:00
603324,30.1800,31.4500,31.4800,29.7100,82255,250469408.00,42443,39812,5.5698,2026-06-06 12:02:19.577001+00:00
603325,58.5000,57.6000,59.2300,56.6900,7969,46325612.00,4657,3313,0.9961,2026-06-06 12:02:19.577001+00:00
603326,7.3000,7.1700,7.3700,7.1000,26706,19377832.00,14273,12433,0.8367,2026-06-06 12:02:19.577001+00:00
603327,10.6600,10.1700,10.9800,9.6500,500611,524702336.00,293655,206956,4.7884,2026-06-06 12:02:19.577001+00:00
603328,13.3100,12.9400,13.5400,12.5200,833070,1095825152.00,418411,414660,8.3437,2026-06-06 12:02:19.577001+00:00
603329,10.1800,9.9800,10.2800,9.8700,36918,37256964.00,20645,16274,1.4764,2026-06-06 12:02:19.577001+00:00
603330,8.6100,10.1500,10.3500,8.5400,1465455,1393483264.00,582448,883008,33.8698,2026-06-06 12:02:19.577001+00:00
603331,12.7400,12.3700,13.0000,12.0200,95519,120233536.00,51227,44292,4.7246,2026-06-06 12:02:19.577001+00:00
603332,11.9600,11.7900,12.1200,11.5900,44932,53504160.00,19744,25188,2.0768,2026-06-06 12:02:19.577001+00:00
603333,8.7900,8.6100,9.0800,8.3000,273148,238007504.00,136182,136967,4.3948,2026-06-06 12:02:19.577001+00:00
603334,41.6600,42.7600,43.1900,40.9000,13274,55270516.00,6183,7091,0.9250,2026-06-06 12:02:19.577001+00:00
603335,6.9000,6.9200,7.2300,6.7600,156688,108450000.00,64871,91818,3.6597,2026-06-06 12:02:19.577001+00:00
603336,9.0100,9.1000,9.2500,8.9400,138279,125224680.00,57660,80619,2.2716,2026-06-06 12:02:19.577001+00:00
603337,39.7200,39.3000,41.4100,38.4000,42164,167467264.00,21177,20987,0.8850,2026-06-06 12:02:19.577001+00:00
603338,52.4000,52.1800,53.4300,51.4100,55655,293200128.00,28655,27000,1.0991,2026-06-06 12:02:19.577001+00:00
603339,13.2900,13.6300,13.6500,13.0000,66723,88134728.00,29685,37039,2.1562,2026-06-06 12:02:19.577001+00:00
603341,38.7000,38.2500,39.2800,37.6500,135663,525755552.00,68689,66975,2.5960,2026-06-06 12:02:19.577001+00:00
603344,31.0800,30.9000,32.1200,29.5500,73569,226138160.00,38990,34579,3.7819,2026-06-06 12:02:19.577001+00:00
603345,86.6800,86.8200,88.0500,86.0400,52385,455184736.00,26463,25922,1.5718,2026-06-06 12:02:19.577001+00:00
603348,15.9000,15.7500,16.1100,15.4300,22389,35352368.00,11198,11192,0.7119,2026-06-06 12:02:19.577001+00:00
603350,30.6700,29.7700,31.1400,29.2400,10162,30803368.00,5353,4810,0.8723,2026-06-06 12:02:19.577001+00:00
603351,25.4700,25.5000,25.9900,25.3300,9078,23304536.00,5673,3405,0.6703,2026-06-06 12:02:19.577001+00:00
603352,30.3500,31.0000,31.0200,30.3000,29169,89151552.00,11406,17764,1.2869,2026-06-06 12:02:19.577001+00:00
603353,43.5000,44.3300,44.6500,42.5000,64211,277780832.00,34981,29230,3.7352,2026-06-06 12:02:19.577001+00:00
603355,25.5800,25.3300,26.4000,24.7000,26767,68476280.00,15487,11280,0.4668,2026-06-06 12:02:19.577001+00:00
603356,17.7500,17.9700,18.6500,17.7000,52181,94180384.00,29554,22628,3.9134,2026-06-06 12:02:19.577001+00:00
603357,6.9100,6.8600,6.9700,6.8400,25455,17581286.00,11464,13991,0.4541,2026-06-06 12:02:19.577001+00:00
603358,38.4600,37.8000,38.8500,35.5000,127206,471545792.00,66974,60232,2.7080,2026-06-06 12:02:19.577001+00:00
603359,2.8600,2.7700,2.9400,2.7700,149526,42862976.00,78679,70848,3.3519,2026-06-06 12:02:19.577001+00:00
603360,20.2200,18.2000,20.2200,17.6100,262577,500803456.00,132100,130478,3.7180,2026-06-06 12:02:19.577001+00:00
603363,2.9700,3.0400,3.0700,2.9600,313734,93999888.00,150290,163444,1.1488,2026-06-06 12:02:19.577001+00:00
603365,18.4100,18.0500,18.5600,18.0500,12237,22534660.00,4833,7404,0.4662,2026-06-06 12:02:19.577001+00:00
603366,7.1700,7.1400,7.3000,7.0000,111706,79833456.00,59002,52704,1.3739,2026-06-06 12:02:19.577001+00:00
603367,13.4600,13.4100,13.6000,13.3700,39529,53324088.00,20604,18925,0.8731,2026-06-06 12:02:19.577001+00:00
603368,16.3400,15.9300,16.4600,15.9300,48211,78333360.00,27178,21033,1.2137,2026-06-06 12:02:19.577001+00:00
603369,25.9300,27.0100,27.4900,25.8500,177893,468210048.00,83054,94839,1.4268,2026-06-06 12:02:19.577001+00:00
603370,42.6000,43.6400,43.6500,42.5800,11559,49603980.00,5133,6426,0.6607,2026-06-06 12:02:19.577001+00:00
603373,49.8600,49.2100,50.5600,48.0100,28338,139614912.00,15464,12874,2.6354,2026-06-06 12:02:19.577001+00:00
603375,47.1900,47.5000,48.8100,45.7900,28265,133194144.00,14455,13810,2.8078,2026-06-06 12:02:19.577001+00:00
603376,27.8400,28.6800,28.8800,27.7000,18691,52421956.00,7690,11002,0.4673,2026-06-06 12:02:19.577001+00:00
002156,66.8400,70.8000,71.0100,66.3700,1479878,10162890752.00,635603,844276,9.7515,2026-06-06 12:02:19.577001+00:00
603377,3.6200,3.6700,3.7000,3.5800,65479,23691730.00,16546,48933,0.0000,2026-06-06 12:02:19.577001+00:00
603378,5.6200,5.7300,5.8500,5.6000,144947,83031864.00,57421,87527,0.0000,2026-06-06 12:02:19.577001+00:00
603379,60.2400,58.1800,61.7000,57.7700,121932,734604352.00,65764,56168,1.9973,2026-06-06 12:02:19.577001+00:00
603380,35.5400,35.1500,36.2600,33.6500,36039,126330864.00,18663,17376,2.2462,2026-06-06 12:02:19.577001+00:00
603381,18.4500,18.3600,18.7100,17.9200,43196,79275312.00,21952,21244,1.8206,2026-06-06 12:02:19.577001+00:00
603382,21.3400,20.8800,21.5200,20.6300,14505,30579716.00,6627,7878,0.8003,2026-06-06 12:02:19.577001+00:00
603383,30.0100,29.9600,30.4900,29.1300,48324,144099328.00,25573,22751,2.3529,2026-06-06 12:02:19.577001+00:00
603385,5.7400,5.5700,5.8000,5.5000,41768,23678846.00,20331,21437,1.0972,2026-06-06 12:02:19.577001+00:00
603386,17.7200,16.8900,18.2500,16.8100,273625,486753408.00,138727,134899,8.3851,2026-06-06 12:02:19.577001+00:00
603387,8.4900,8.4600,8.5900,8.4000,67504,57317872.00,35106,32399,1.3310,2026-06-06 12:02:19.577001+00:00
603389,60.2100,63.1000,63.1000,60.0000,9166,56170052.00,3214,5952,0.3488,2026-06-06 12:02:19.577001+00:00
603390,12.2200,12.2000,12.4800,11.8100,77507,93965856.00,32826,44681,2.2041,2026-06-06 12:02:19.577001+00:00
603391,56.0200,55.6300,56.8600,53.2600,10188,56568384.00,5040,5149,1.1196,2026-06-06 12:02:19.577001+00:00
603392,33.5900,33.8200,34.1300,33.3000,21269,71569432.00,9405,11865,0.1682,2026-06-06 12:02:19.577001+00:00
603393,26.7500,27.1400,27.3300,26.6700,64852,174632144.00,27951,36901,1.5298,2026-06-06 12:02:19.577001+00:00
603395,22.9300,23.0600,23.2600,22.7600,21073,48520112.00,10371,10703,0.8105,2026-06-06 12:02:19.577001+00:00
603396,30.5900,29.8700,31.3400,29.0900,46788,141736416.00,24889,21899,3.3775,2026-06-06 12:02:19.577001+00:00
603398,13.8800,13.7400,14.0400,13.4300,65563,90021824.00,29283,36280,1.5119,2026-06-06 12:02:19.577001+00:00
603399,17.2800,16.3700,17.9600,16.1000,950296,1640240640.00,480507,469789,18.5499,2026-06-06 12:02:19.577001+00:00
603400,68.1800,68.7700,69.8000,67.5000,9410,64479468.00,4052,5359,0.9410,2026-06-06 12:02:19.577001+00:00
603402,95.0700,92.7600,96.6000,92.7600,10765,102079328.00,6072,4694,1.3920,2026-06-06 12:02:19.577001+00:00
603406,29.3000,29.5000,29.7400,29.0300,11686,34260300.00,4873,6813,0.2921,2026-06-06 12:02:19.577001+00:00
603407,56.2600,57.0800,57.3900,55.1000,32996,186495312.00,15242,17755,0.8090,2026-06-06 12:02:19.577001+00:00
603408,10.1700,10.1000,10.2600,10.0600,22706,23065712.00,10931,11775,0.5073,2026-06-06 12:02:19.577001+00:00
603409,40.5000,40.8100,41.0200,39.1800,20237,80878048.00,10168,10070,1.6057,2026-06-06 12:02:19.577001+00:00
603416,59.4200,57.1800,60.9500,55.9600,46792,274921792.00,25371,21421,2.9778,2026-06-06 12:02:19.577001+00:00
603418,50.3600,50.8900,51.4100,50.1500,8908,45008384.00,3742,5166,0.4614,2026-06-06 12:02:19.577001+00:00
603421,7.0800,6.9800,7.1900,6.9800,80181,56775444.00,44135,36047,1.2294,2026-06-06 12:02:19.577001+00:00
603429,9.1700,9.4500,9.4500,9.1500,26171,24229632.00,10028,16144,0.4990,2026-06-06 12:02:19.577001+00:00
603435,83.1100,85.0000,89.1500,81.2000,140796,1202153984.00,67638,73159,3.0663,2026-06-06 12:02:19.577001+00:00
603439,17.0000,15.8500,17.2300,15.7700,295159,491426144.00,164168,130991,7.2178,2026-06-06 12:02:19.577001+00:00
603444,334.9700,329.7800,345.0000,328.3000,16402,553538496.00,9125,7278,2.2768,2026-06-06 12:02:19.577001+00:00
603456,12.3500,12.4500,12.5500,12.3200,89836,111508416.00,43976,45861,1.0100,2026-06-06 12:02:19.577001+00:00
603458,13.8300,14.3900,14.6200,13.7600,203649,291144128.00,86835,116815,6.6525,2026-06-06 12:02:19.577001+00:00
603459,98.4800,104.4900,106.2500,98.4500,191709,1956615808.00,86106,105603,2.5434,2026-06-06 12:02:19.577001+00:00
603466,11.5600,11.0100,11.7300,11.0100,702642,804642880.00,385296,317346,11.8127,2026-06-06 12:02:19.577001+00:00
603477,14.5200,14.8800,15.0600,14.4100,106879,156305376.00,51074,55805,2.0437,2026-06-06 12:02:19.577001+00:00
603486,58.9200,56.7200,59.7800,55.4100,91088,525706656.00,48596,42493,1.5734,2026-06-06 12:02:19.577001+00:00
603488,12.0900,11.6200,12.3900,11.5000,185190,223411824.00,102006,83184,6.3423,2026-06-06 12:02:19.577001+00:00
603489,33.8200,33.1500,34.3900,32.3700,33082,110228744.00,17538,15545,1.4100,2026-06-06 12:02:19.577001+00:00
603496,22.7200,22.5500,23.1400,22.0100,119629,270334272.00,65701,53929,3.7360,2026-06-06 12:02:19.577001+00:00
603499,17.9800,17.8600,18.2900,17.5500,32791,58852352.00,17077,15714,1.0837,2026-06-06 12:02:19.577001+00:00
603500,12.2300,12.2300,12.2300,12.2300,53812,65812600.00,10300,43512,1.6170,2026-06-06 12:02:19.577001+00:00
603501,95.3900,97.5000,97.8300,95.3500,244431,2354622464.00,99107,145324,1.9379,2026-06-06 12:02:19.577001+00:00
603505,18.3300,17.9900,18.8800,17.6300,232781,428198464.00,105223,127558,2.7657,2026-06-06 12:02:19.577001+00:00
603506,11.0700,10.8500,11.2000,10.7400,33082,36376280.00,17740,15342,1.7618,2026-06-06 12:02:19.577001+00:00
603507,36.4900,37.2200,37.3700,36.1000,51463,188465168.00,28630,22833,2.7923,2026-06-06 12:02:19.577001+00:00
603508,22.3100,22.2400,22.5200,22.0000,27638,61589380.00,15730,11909,0.7249,2026-06-06 12:02:19.577001+00:00
603511,13.0500,12.8800,13.1600,12.8300,15523,20181152.00,8933,6590,0.3842,2026-06-06 12:02:19.577001+00:00
603515,18.8100,18.5100,18.9600,18.3800,14566,27304350.00,8384,6182,0.1960,2026-06-06 12:02:19.577001+00:00
603516,135.0200,133.0000,139.0300,130.0000,180413,2456821248.00,81135,99278,8.8756,2026-06-06 12:02:19.577001+00:00
603517,12.3900,12.6700,12.9700,12.3300,117101,146709040.00,47975,69126,1.9324,2026-06-06 12:02:19.577001+00:00
603518,8.5300,8.4500,8.6500,8.4000,60896,51962600.00,34154,26742,1.7633,2026-06-06 12:02:19.577001+00:00
603519,12.5500,12.4900,12.6400,12.3700,23357,29250180.00,13227,10131,0.8770,2026-06-06 12:02:19.577001+00:00
603520,9.8200,9.7400,10.0000,9.5800,230662,226989472.00,117485,113177,5.2613,2026-06-06 12:02:19.577001+00:00
603527,13.4800,13.3500,13.9900,12.6900,244809,328879040.00,122986,121824,7.7234,2026-06-06 12:02:19.577001+00:00
603528,6.9000,6.7200,7.0800,6.6100,153303,105448808.00,87329,65974,2.1716,2026-06-06 12:02:19.577001+00:00
603529,21.5600,20.7400,22.0200,20.7400,95467,204723376.00,51286,44182,1.1000,2026-06-06 12:02:19.577001+00:00
603530,53.7600,55.7200,55.8700,53.4400,28306,153206208.00,13491,14815,0.6557,2026-06-06 12:02:19.577001+00:00
603533,23.7700,24.4100,24.6300,23.0500,261582,618713024.00,112627,148955,5.9600,2026-06-06 12:02:19.577001+00:00
603535,6.8900,6.8200,6.9800,6.7300,35057,24063782.00,20692,14366,0.6862,2026-06-06 12:02:19.577001+00:00
603536,9.2000,8.9300,9.3200,8.8900,56455,51533200.00,32651,23804,2.3292,2026-06-06 12:02:19.577001+00:00
603538,39.6600,44.0200,44.6000,39.4400,282001,1149508096.00,134596,147405,11.6143,2026-06-06 12:02:19.577001+00:00
603551,10.7600,10.7200,10.8700,10.6300,18378,19734336.00,8876,9502,0.4777,2026-06-06 12:02:19.577001+00:00
603556,24.4400,24.7900,24.9400,24.1600,40999,100485232.00,19064,21935,0.8431,2026-06-06 12:02:19.577001+00:00
603557,4.8000,4.9200,4.9800,4.8000,33717,16365029.00,9861,23856,0.5408,2026-06-06 12:02:19.577001+00:00
603558,11.7600,11.9300,12.0500,11.6800,32139,38063692.00,15373,16766,0.9380,2026-06-06 12:02:19.577001+00:00
603559,8.5100,8.5100,8.5100,8.5100,19009,16176659.00,17819,1190,0.4737,2026-06-06 12:02:19.577001+00:00
603565,9.7900,9.8500,10.0200,9.7500,154055,152118704.00,68963,85092,0.7336,2026-06-06 12:02:19.577001+00:00
603566,10.4300,10.3400,10.5100,10.2900,20330,21178848.00,10967,9363,0.5875,2026-06-06 12:02:19.577001+00:00
603567,7.0000,6.7100,7.0900,6.7100,186181,129024136.00,97958,88223,1.9788,2026-06-06 12:02:19.577001+00:00
603568,14.9900,14.4500,15.3000,14.1800,150392,222270688.00,86093,64300,0.7328,2026-06-06 12:02:19.577001+00:00
603569,6.0000,5.8800,6.0600,5.8500,52978,31597900.00,28529,24450,0.8778,2026-06-06 12:02:19.577001+00:00
603577,9.8300,9.9300,10.0700,9.6200,51300,50521444.00,25298,26002,1.5127,2026-06-06 12:02:19.577001+00:00
603578,15.5100,14.0900,15.5100,13.4000,90764,134591824.00,56992,33773,3.8778,2026-06-06 12:02:19.577001+00:00
603579,18.8400,18.7400,19.1800,18.4200,25871,48679028.00,13670,12201,1.2868,2026-06-06 12:02:19.577001+00:00
603580,22.4800,24.1000,24.1000,22.3000,8372,19023752.00,3407,4965,0.6407,2026-06-06 12:02:19.577001+00:00
603583,26.1100,24.6500,26.9500,23.8000,120827,312449376.00,61800,59027,3.1321,2026-06-06 12:02:19.577001+00:00
603585,15.5500,15.4500,15.6900,15.1100,34383,53035560.00,17768,16615,1.7467,2026-06-06 12:02:19.577001+00:00
603586,17.6000,17.2900,17.7500,17.1800,30799,54142176.00,18475,12324,1.5710,2026-06-06 12:02:19.577001+00:00
603587,12.4200,12.2600,12.5300,12.1500,20412,25366720.00,12217,8195,0.4305,2026-06-06 12:02:19.577001+00:00
603588,13.5600,13.7100,14.3700,13.4500,710281,984366080.00,347410,362871,4.6630,2026-06-06 12:02:19.577001+00:00
603589,20.3000,20.6800,21.1000,20.2800,70311,144658016.00,31066,39246,1.1755,2026-06-06 12:02:19.577001+00:00
603590,30.4400,31.2500,31.9200,30.3300,36827,113460176.00,17234,19593,2.3160,2026-06-06 12:02:19.577001+00:00
603595,23.6400,24.5800,24.9100,23.6400,34489,83266920.00,12663,21826,1.4838,2026-06-06 12:02:19.577001+00:00
603596,30.8200,31.3500,31.8600,29.9400,235173,722468992.00,109050,126123,2.6199,2026-06-06 12:02:19.577001+00:00
603598,21.0400,22.1000,22.2600,20.4200,242373,513442560.00,114639,127734,8.9873,2026-06-06 12:02:19.577001+00:00
603599,11.1600,11.0900,11.3600,11.0200,123924,139245168.00,62512,61412,1.3614,2026-06-06 12:02:19.577001+00:00
603600,10.2600,10.2200,10.3300,10.0200,50501,51475088.00,22431,28070,1.5283,2026-06-06 12:02:19.577001+00:00
603601,16.4900,15.8800,16.6000,14.8500,2786850,4397353984.00,1407829,1379021,24.3960,2026-06-06 12:02:19.577001+00:00
603602,13.2400,13.3100,13.4600,12.9400,51896,68618384.00,26759,25138,2.2460,2026-06-06 12:02:19.577001+00:00
603605,65.7800,67.7300,67.9500,65.1500,71307,473526656.00,33571,37736,1.8008,2026-06-06 12:02:19.577001+00:00
603606,40.2100,41.0500,41.2300,40.1600,129750,525874848.00,61996,67754,1.5731,2026-06-06 12:02:19.577001+00:00
603607,21.9800,21.5700,22.6000,20.8500,43130,94064832.00,20831,22300,2.4160,2026-06-06 12:02:19.577001+00:00
603608,20.6900,19.3000,21.0000,19.0100,396913,797758592.00,214265,182649,9.4562,2026-06-06 12:02:19.577001+00:00
603609,6.1900,6.1100,6.2800,6.1100,18686,11565377.00,9589,9098,0.2057,2026-06-06 12:02:19.577001+00:00
603610,18.8200,19.0000,19.9700,18.5600,197434,377624064.00,100036,97399,5.5932,2026-06-06 12:02:19.577001+00:00
603611,18.4100,17.9500,18.7400,17.9400,35961,66291940.00,20989,14973,1.3960,2026-06-06 12:02:19.577001+00:00
603612,20.3400,20.5600,20.8600,20.1300,104952,214568080.00,54339,50614,2.1070,2026-06-06 12:02:19.577001+00:00
603613,22.9500,23.1900,23.4800,22.9200,69111,160112336.00,28487,40624,0.9592,2026-06-06 12:02:19.577001+00:00
603615,19.1800,19.1700,19.5400,18.8100,38567,73993792.00,19681,18886,1.5949,2026-06-06 12:02:19.577001+00:00
603616,6.0300,5.8100,6.0900,5.7900,245219,146315024.00,134904,110315,6.3328,2026-06-06 12:02:19.577001+00:00
603617,7.2900,7.2200,7.4500,7.2100,77065,56508148.00,36813,40252,1.9770,2026-06-06 12:02:19.577001+00:00
603618,41.7100,42.5000,46.4400,41.3000,935275,4063861248.00,444792,490484,13.5277,2026-06-06 12:02:19.577001+00:00
603619,25.3900,25.4600,25.9000,25.1300,116978,298558048.00,59490,57488,2.5301,2026-06-06 12:02:19.577001+00:00
603626,23.0300,22.9400,23.9200,22.0900,326985,750560896.00,164703,162283,5.8929,2026-06-06 12:02:19.577001+00:00
603628,10.5600,10.4600,10.7400,10.2800,40649,42776416.00,21560,19090,1.4884,2026-06-06 12:02:19.577001+00:00
603629,180.3800,200.4300,202.5800,180.3800,337418,6293126656.00,150998,186420,12.8628,2026-06-06 12:02:19.577001+00:00
603630,13.5900,13.5500,13.9700,13.5100,39909,54722780.00,19525,20385,1.7721,2026-06-06 12:02:19.577001+00:00
603633,8.7200,8.5000,8.8700,8.0500,420453,358696768.00,216836,203618,9.8510,2026-06-06 12:02:19.577001+00:00
603636,8.9700,8.9100,9.1300,8.7600,141510,126804784.00,71482,70029,2.4383,2026-06-06 12:02:19.577001+00:00
603637,17.9600,17.0000,18.6800,17.0000,229021,415028832.00,117317,111704,9.5951,2026-06-06 12:02:19.577001+00:00
603638,23.1600,21.8800,23.9900,21.3000,191045,436723040.00,103490,87556,2.2987,2026-06-06 12:02:19.577001+00:00
603639,10.9700,10.8900,11.0300,10.8100,10130,11076460.00,5705,4425,0.2897,2026-06-06 12:02:19.577001+00:00
603648,8.9400,8.8600,9.0400,8.8500,22057,19742680.00,12314,9743,0.6086,2026-06-06 12:02:19.577001+00:00
603650,54.8200,53.0000,56.7500,51.2600,218531,1194202368.00,113422,105110,3.5471,2026-06-06 12:02:19.577001+00:00
603655,36.4000,36.7200,37.0600,35.9400,10670,38866612.00,4998,5672,1.0066,2026-06-06 12:02:19.577001+00:00
603656,19.2100,19.5600,19.8700,19.0700,65221,125866216.00,28973,36249,3.5651,2026-06-06 12:02:19.577001+00:00
603657,25.6800,25.8300,26.3900,24.8700,21678,55625200.00,11182,10496,1.6035,2026-06-06 12:02:19.577001+00:00
603658,31.1000,30.7900,31.1700,30.4400,20907,64591176.00,12792,8115,0.3659,2026-06-06 12:02:19.577001+00:00
603659,27.6100,28.2700,28.4400,27.5100,473287,1320064640.00,245742,227545,2.2153,2026-06-06 12:02:19.577001+00:00
603660,11.6400,11.9100,12.0300,11.6000,167351,197388448.00,70525,96827,2.9283,2026-06-06 12:02:19.577001+00:00
603661,34.6800,35.7200,36.4400,34.3000,76439,268207312.00,38854,37586,5.4966,2026-06-06 12:02:19.577001+00:00
603662,66.2400,62.7100,67.2700,60.1000,149212,963472256.00,86457,62755,5.3133,2026-06-06 12:02:19.577001+00:00
603663,65.2700,65.0000,67.3300,63.2800,227766,1485379072.00,107549,120217,5.3807,2026-06-06 12:02:19.577001+00:00
603665,26.7400,26.9100,27.6600,25.6000,33791,89599536.00,17203,16588,2.1097,2026-06-06 12:02:19.577001+00:00
603666,28.8200,28.0600,30.4900,26.7700,95995,276486912.00,52495,43501,4.6706,2026-06-06 12:02:19.577001+00:00
603667,74.3400,71.2000,78.0800,67.3000,484290,3479828480.00,247002,237289,12.6396,2026-06-06 12:02:19.577001+00:00
603668,11.0600,11.0400,11.2700,10.7500,70740,77645840.00,36447,34293,1.3986,2026-06-06 12:02:19.577001+00:00
603669,4.0700,4.1100,4.1700,4.0100,103629,42188528.00,50122,53507,1.4548,2026-06-06 12:02:19.577001+00:00
603676,8.9800,8.8800,9.1200,8.6700,19740,17739344.00,8500,11240,0.4536,2026-06-06 12:02:19.577001+00:00
603677,15.9600,15.9000,16.4700,15.2900,43410,68968528.00,24273,19137,2.2539,2026-06-06 12:02:19.577001+00:00
603678,62.9800,63.8200,64.9400,61.1000,455990,2883133952.00,223071,232920,9.5884,2026-06-06 12:02:19.577001+00:00
603679,16.5000,16.3200,16.7000,15.5500,55432,90136088.00,29967,25465,3.1197,2026-06-06 12:02:19.577001+00:00
603680,11.6900,11.7500,11.9400,11.6400,39999,47078748.00,20834,19165,0.5104,2026-06-06 12:02:19.577001+00:00
603681,23.9400,25.0800,25.4800,23.9400,142556,345268544.00,109943,32613,5.9963,2026-06-06 12:02:19.577001+00:00
603682,8.6100,8.5600,8.7500,8.3800,96204,82778848.00,48206,47998,2.0361,2026-06-06 12:02:19.577001+00:00
603683,33.8600,31.3100,34.4500,30.7600,325134,1072398464.00,172301,152833,11.1665,2026-06-06 12:02:19.577001+00:00
603685,33.4100,33.7200,33.9900,32.6800,31009,103135336.00,13791,17218,1.2259,2026-06-06 12:02:19.577001+00:00
603686,15.1000,15.1500,15.4000,14.6800,119510,179749696.00,68003,51508,2.8768,2026-06-06 12:02:19.577001+00:00
603687,18.7000,18.8000,19.5600,18.4400,575907,1093055744.00,281071,294836,10.4704,2026-06-06 12:02:19.577001+00:00
603688,69.4900,65.6700,71.9100,63.3000,381441,2614228992.00,198333,183108,7.0418,2026-06-06 12:02:19.577001+00:00
603689,7.9100,7.9500,8.0200,7.8700,36485,28988806.00,19681,16804,0.6939,2026-06-06 12:02:19.577001+00:00
603690,26.0400,26.2100,27.1000,25.3300,196337,514531424.00,99501,96837,5.1268,2026-06-06 12:02:19.577001+00:00
603693,15.3100,16.3100,16.8300,14.9300,275976,433385248.00,117636,158340,3.0957,2026-06-06 12:02:19.577001+00:00
603696,13.0800,12.8400,13.2400,12.8100,49099,63952168.00,22554,26545,2.0875,2026-06-06 12:02:19.577001+00:00
603697,10.6800,10.5200,11.0000,10.4600,68866,73573736.00,32536,36331,1.6102,2026-06-06 12:02:19.577001+00:00
603698,33.1700,33.4700,34.0800,32.2000,211730,704350336.00,104460,107271,3.9503,2026-06-06 12:02:19.577001+00:00
603699,57.8100,56.7800,58.9100,56.0200,63065,366055648.00,26601,36464,0.8134,2026-06-06 12:02:19.577001+00:00
603700,11.7000,11.1100,11.9200,10.9600,65578,75477176.00,33796,31782,3.2795,2026-06-06 12:02:19.577001+00:00
603701,22.9500,24.2200,24.2200,22.5100,121016,279779456.00,62547,58470,4.6302,2026-06-06 12:02:19.577001+00:00
603703,13.0200,12.5000,13.7000,12.4100,204561,266323952.00,118708,85853,4.9294,2026-06-06 12:02:19.577001+00:00
603706,22.3900,22.0900,22.8500,22.0100,21335,47908720.00,10021,11314,1.1266,2026-06-06 12:02:19.577001+00:00
603707,8.0400,8.0000,8.1000,7.9600,60544,48737216.00,32436,28108,0.3747,2026-06-06 12:02:19.577001+00:00
603708,9.7300,9.5900,10.1400,9.5000,50870,49724512.00,27573,23298,0.7969,2026-06-06 12:02:19.577001+00:00
603709,16.0500,15.7100,16.4400,15.4100,21539,34210160.00,11074,10465,1.7084,2026-06-06 12:02:19.577001+00:00
603711,13.4100,13.5800,13.8000,13.3100,39786,53606160.00,17580,22207,0.9636,2026-06-06 12:02:19.577001+00:00
603712,14.2600,14.0000,14.4800,13.9400,105366,150406208.00,58668,46698,1.3648,2026-06-06 12:02:19.577001+00:00
603713,52.5100,53.0000,53.5900,51.8200,31539,166120304.00,16636,14903,1.9945,2026-06-06 12:02:19.577001+00:00
603716,16.2400,16.3600,16.6000,15.8100,87821,142045248.00,46142,41679,3.8895,2026-06-06 12:02:19.577001+00:00
603717,6.7600,6.5700,6.9600,6.3800,139657,93695720.00,72859,66798,4.8133,2026-06-06 12:02:19.577001+00:00
603718,3.3700,3.3900,3.4500,3.3400,106607,36136580.00,52323,54284,1.6353,2026-06-06 12:02:19.577001+00:00
603719,9.6400,9.7200,9.8500,9.4900,49341,47575800.00,24391,24950,1.2304,2026-06-06 12:02:19.577001+00:00
603721,20.3200,20.4400,20.9600,19.6700,56863,114793752.00,29305,27558,4.3741,2026-06-06 12:02:19.577001+00:00
603722,35.3300,34.4500,35.6300,33.6000,17422,60616480.00,9010,8412,1.7828,2026-06-06 12:02:19.577001+00:00
603725,12.8400,11.5600,12.8400,11.1200,280841,343706464.00,137981,142861,9.2122,2026-06-06 12:02:19.577001+00:00
603726,25.7200,25.8900,26.3000,24.9000,47871,122304992.00,25373,22498,2.5785,2026-06-06 12:02:19.577001+00:00
603727,14.4500,14.5000,14.6800,14.2600,34430,49901748.00,14743,19687,1.2221,2026-06-06 12:02:19.577001+00:00
603728,65.8200,63.0000,67.8800,59.8800,191315,1225108224.00,101588,89728,4.5673,2026-06-06 12:02:19.577001+00:00
603729,12.9700,12.7400,13.0100,12.5600,12784,16381693.00,5735,7049,1.3871,2026-06-06 12:02:19.577001+00:00
603730,12.4800,12.4500,12.5400,12.0800,242695,299990528.00,128803,113892,1.1296,2026-06-06 12:02:19.577001+00:00
603733,26.1900,26.0300,26.7900,25.7900,156311,413223840.00,76500,79811,2.2086,2026-06-06 12:02:19.577001+00:00
603737,29.3300,29.6000,30.2000,29.2700,67125,198939584.00,28719,38406,0.7581,2026-06-06 12:02:19.577001+00:00
603738,44.4900,44.6000,46.1500,43.9800,351381,1580518656.00,162350,189031,9.1058,2026-06-06 12:02:19.577001+00:00
603739,12.6700,12.6200,12.8100,12.4200,20417,25766844.00,8574,11843,0.8069,2026-06-06 12:02:19.577001+00:00
603755,24.9500,24.0300,25.0500,24.0300,10805,26648122.00,5554,5251,1.0957,2026-06-06 12:02:19.577001+00:00
603757,54.3800,56.2200,57.0000,53.8800,116092,640401280.00,45287,70805,6.2232,2026-06-06 12:02:19.577001+00:00
603758,10.8000,10.6000,11.0000,10.3600,43399,46338636.00,23976,19423,0.9890,2026-06-06 12:02:19.577001+00:00
603759,7.8800,7.9200,8.0000,7.8000,28842,22746706.00,12624,16219,0.6246,2026-06-06 12:02:19.577001+00:00
603766,12.6200,12.6000,12.7100,12.2800,184166,230794736.00,93946,90221,0.8968,2026-06-06 12:02:19.577001+00:00
603767,17.6300,16.9000,18.0700,16.0900,167417,286687712.00,88885,78532,5.4245,2026-06-06 12:02:19.577001+00:00
603768,11.2000,11.1500,11.3400,10.9000,40555,45263060.00,17945,22610,1.7043,2026-06-06 12:02:19.577001+00:00
603773,132.4000,122.3000,134.6400,122.3000,357752,4746754560.00,184794,172959,15.9173,2026-06-06 12:02:19.577001+00:00
603776,20.3400,20.1500,21.2100,20.1000,46311,94991168.00,20664,25648,1.6495,2026-06-06 12:02:19.577001+00:00
603777,17.0400,17.1500,17.3100,16.7700,58517,99245840.00,28432,30085,1.7498,2026-06-06 12:02:19.577001+00:00
603778,17.2300,18.0800,18.4600,17.2000,462954,814715648.00,204701,258253,7.0140,2026-06-06 12:02:19.577001+00:00
603779,8.6600,8.9500,9.0400,8.5500,283420,247550112.00,124888,158532,8.5346,2026-06-06 12:02:19.577001+00:00
603786,47.3800,48.0500,48.7000,46.5000,39037,184615600.00,19341,19696,0.9666,2026-06-06 12:02:19.577001+00:00
603787,10.1900,10.0300,10.2700,9.8600,35147,35447088.00,18165,16982,1.5272,2026-06-06 12:02:19.577001+00:00
603788,15.2400,14.9300,15.4500,14.6400,27869,42067228.00,14630,13239,1.2494,2026-06-06 12:02:19.577001+00:00
603789,5.7100,5.7600,5.9400,5.6900,41805,24378692.00,17427,24378,1.5763,2026-06-06 12:02:19.577001+00:00
603790,27.2100,24.6900,27.2100,24.0000,57436,149785984.00,26424,31012,3.0015,2026-06-06 12:02:19.577001+00:00
603797,4.2700,4.2100,4.3200,4.1600,54408,23070320.00,31209,23199,0.9436,2026-06-06 12:02:19.577001+00:00
603798,16.0300,15.4200,16.1200,15.3800,74597,117064544.00,37833,36765,2.9088,2026-06-06 12:02:19.577001+00:00
603799,49.9600,51.2500,51.6700,49.6200,596856,3019297792.00,300315,296541,3.1468,2026-06-06 12:02:19.577001+00:00
603800,76.5500,76.0000,80.4900,72.6000,141042,1095484672.00,75439,65603,6.7809,2026-06-06 12:02:19.577001+00:00
603801,7.0100,6.9500,7.0700,6.9300,33030,23157396.00,17571,15460,0.7604,2026-06-06 12:02:19.577001+00:00
603803,13.1000,12.8000,14.0000,12.7900,292231,389844864.00,146703,145529,6.8779,2026-06-06 12:02:19.577001+00:00
603806,17.2400,17.7500,17.8900,16.8500,491595,854323264.00,247314,244281,1.8844,2026-06-06 12:02:19.577001+00:00
603808,9.0900,9.0600,9.2000,8.9300,55898,50767840.00,30096,25802,1.5368,2026-06-06 12:02:19.577001+00:00
603809,10.2200,10.0000,10.4100,9.6800,199251,200470000.00,108220,91032,2.1651,2026-06-06 12:02:19.577001+00:00
603810,12.9200,12.6700,13.1800,12.4700,28713,36805380.00,15001,13712,1.7366,2026-06-06 12:02:19.577001+00:00
603811,10.7600,10.7000,10.8200,10.6500,28841,30983572.00,14430,14411,0.8812,2026-06-06 12:02:19.577001+00:00
603813,35.2500,33.7800,36.5000,33.4900,9603,32944452.00,4476,5127,0.9144,2026-06-06 12:02:19.577001+00:00
603815,5.9200,5.9800,6.0900,5.8800,104024,61901600.00,42613,61411,1.6807,2026-06-06 12:02:19.577001+00:00
603816,27.6700,28.5100,28.8600,27.4900,65541,183409824.00,27875,37667,0.7979,2026-06-06 12:02:19.577001+00:00
603817,6.1300,6.0400,6.2000,6.0100,69608,42463164.00,38556,31052,1.2210,2026-06-06 12:02:19.577001+00:00
603818,3.1100,3.0900,3.1500,3.0000,181265,55991268.00,95698,85567,2.6403,2026-06-06 12:02:19.577001+00:00
603819,12.4200,12.5000,12.8000,12.0300,60108,74452440.00,27798,32311,2.7607,2026-06-06 12:02:19.577001+00:00
603822,78.5000,81.9900,82.2000,77.8500,8585,68415328.00,2285,6300,1.1175,2026-06-06 12:02:19.577001+00:00
603823,29.6200,26.6700,29.6200,26.5100,203670,592464000.00,80425,123245,4.8916,2026-06-06 12:02:19.577001+00:00
603825,8.1400,8.0600,8.2500,8.0000,13409,10869657.00,5258,8151,0.5293,2026-06-06 12:02:19.577001+00:00
603826,29.7500,29.3900,30.1000,28.4500,72350,212687136.00,37839,34512,1.1042,2026-06-06 12:02:19.577001+00:00
603828,5.2400,5.3600,5.4700,5.1900,34179,18034260.00,9110,25069,0.5735,2026-06-06 12:02:19.577001+00:00
603829,20.5300,20.4200,21.0500,19.5600,72878,147106288.00,43191,29687,3.9126,2026-06-06 12:02:19.577001+00:00
603833,36.2000,36.1000,36.7100,36.0000,38730,140916240.00,16406,22324,0.6358,2026-06-06 12:02:19.577001+00:00
603836,12.5800,12.3100,12.7100,12.2100,14660,18298412.00,7082,7578,0.7143,2026-06-06 12:02:19.577001+00:00
603838,8.6200,8.8000,8.8900,8.5100,10825,9447494.00,2884,7942,0.3383,2026-06-06 12:02:19.577001+00:00
603839,6.7800,6.6200,6.8900,6.5700,48451,32637806.00,23111,25340,1.2519,2026-06-06 12:02:19.577001+00:00
603843,8.0300,7.6200,8.0300,7.6200,182616,143928560.00,104013,78604,2.6102,2026-06-06 12:02:19.577001+00:00
603848,14.6200,14.2700,14.7400,14.2700,14316,20851352.00,9105,5212,0.3558,2026-06-06 12:02:19.577001+00:00
603855,18.1500,17.8600,18.4100,17.8000,26115,47499724.00,14054,12061,0.7738,2026-06-06 12:02:19.577001+00:00
603856,12.1000,12.0400,12.2900,12.0100,50574,61598180.00,23477,27097,1.7930,2026-06-06 12:02:19.577001+00:00
603858,15.0500,14.8900,15.1400,14.8900,46120,69391112.00,23699,22422,0.4373,2026-06-06 12:02:19.577001+00:00
603859,45.3400,44.2000,45.3400,44.0000,242373,1092319616.00,89809,152565,9.9050,2026-06-06 12:02:19.577001+00:00
603860,27.5000,27.2000,27.9800,26.8000,13701,37568820.00,7353,6348,2.0547,2026-06-06 12:02:19.577001+00:00
603861,17.9900,17.0000,18.8000,16.7100,485546,864256832.00,255008,230539,8.9828,2026-06-06 12:02:19.577001+00:00
603863,15.8500,15.8800,16.1100,15.3800,45123,71200224.00,19913,25210,2.2049,2026-06-06 12:02:19.577001+00:00
603866,4.5900,4.5900,4.7000,4.5700,82179,37989988.00,37014,45166,0.5137,2026-06-06 12:02:19.577001+00:00
603867,37.3300,37.0100,38.0500,36.2600,79578,297663520.00,44144,35435,3.6590,2026-06-06 12:02:19.577001+00:00
603868,33.7100,34.2600,34.6400,33.5000,22650,77168288.00,12400,10250,0.5200,2026-06-06 12:02:19.577001+00:00
603869,9.7400,9.5600,9.7800,9.5300,12848,12407427.00,5388,7461,0.2600,2026-06-06 12:02:19.577001+00:00
603871,12.2500,12.4500,12.7400,12.2000,145142,180954512.00,69475,75667,1.0610,2026-06-06 12:02:19.577001+00:00
603876,25.0600,25.1300,25.7700,24.6600,301484,759970880.00,149917,151567,3.2443,2026-06-06 12:02:19.577001+00:00
603877,12.7800,13.0600,13.6300,12.6700,50952,66120896.00,26554,24399,1.0816,2026-06-06 12:02:19.577001+00:00
603878,6.4600,6.5700,6.5700,6.3600,99659,64493588.00,43482,56177,1.7760,2026-06-06 12:02:19.577001+00:00
603879,4.9900,4.9000,5.0500,4.7800,89551,44213488.00,43534,46018,2.4921,2026-06-06 12:02:19.577001+00:00
603880,7.9500,7.9000,8.0800,7.7000,49395,39016768.00,23715,25680,1.7089,2026-06-06 12:02:19.577001+00:00
603881,36.2300,36.9900,37.0000,35.9700,269808,983972928.00,116632,153176,3.7558,2026-06-06 12:02:19.577001+00:00
603882,24.0200,24.1700,24.4000,23.9800,32772,79325208.00,13509,19264,0.7074,2026-06-06 12:02:19.577001+00:00
603883,11.8700,11.9000,12.0300,11.8000,61605,73324792.00,33843,27762,0.8118,2026-06-06 12:02:19.577001+00:00
603885,10.9000,11.0900,11.3000,10.8300,203997,224877808.00,75846,128152,0.9340,2026-06-06 12:02:19.577001+00:00
603886,12.1900,12.0500,12.6000,11.4300,278927,333292960.00,143936,134992,11.6220,2026-06-06 12:02:19.577001+00:00
603887,11.6700,11.8800,11.9500,11.5600,115463,135313136.00,51428,64036,1.9179,2026-06-06 12:02:19.577001+00:00
603888,19.2500,19.2500,19.2500,19.2500,100272,193024480.00,12399,87873,1.4861,2026-06-06 12:02:19.577001+00:00
603889,5.8800,5.9900,6.0300,5.8500,100553,59497220.00,45027,55527,1.0593,2026-06-06 12:02:19.577001+00:00
603890,31.2400,28.3600,32.3000,27.6800,1420949,4265483264.00,751495,669454,31.8022,2026-06-06 12:02:19.577001+00:00
603893,173.2300,171.0100,178.9000,167.0000,121775,2114005760.00,64925,56850,2.8926,2026-06-06 12:02:19.577001+00:00
603895,33.0800,33.5000,34.0000,32.0100,30675,101097224.00,14524,16151,2.8382,2026-06-06 12:02:19.577001+00:00
603896,16.0000,15.7800,16.0000,15.5200,29944,47304992.00,13052,16893,1.5105,2026-06-06 12:02:19.577001+00:00
603897,42.1600,42.9700,43.5000,41.0800,56945,240824032.00,28618,28328,2.7585,2026-06-06 12:02:19.577001+00:00
603898,12.5200,12.4000,12.9600,12.2500,32682,41161808.00,16040,16642,1.0497,2026-06-06 12:02:19.577001+00:00
603899,22.1700,21.8400,22.1800,21.7600,48306,105959528.00,24778,23528,0.5245,2026-06-06 12:02:19.577001+00:00
603900,6.5300,6.4500,6.6300,6.4400,45102,29453646.00,23280,21823,1.3151,2026-06-06 12:02:19.577001+00:00
603901,11.2200,11.0200,11.4100,10.7300,98600,109140568.00,49871,48729,1.7096,2026-06-06 12:02:19.577001+00:00
603903,12.3600,12.2600,12.7800,12.1700,151044,187719936.00,78955,72090,5.9159,2026-06-06 12:02:19.577001+00:00
603906,23.9900,24.0000,24.4800,23.0900,252906,604172288.00,126275,126631,3.2586,2026-06-06 12:02:19.577001+00:00
603908,20.2500,19.5800,20.5000,19.4100,16219,32493524.00,9665,6555,1.7416,2026-06-06 12:02:19.577001+00:00
603909,10.0200,9.8600,10.1500,9.7700,20176,20104902.00,9481,10696,0.7740,2026-06-06 12:02:19.577001+00:00
603912,8.9700,8.8700,9.0500,8.6000,151400,133985056.00,75526,75875,2.7940,2026-06-06 12:02:19.577001+00:00
603915,16.4300,16.0000,16.9900,15.2800,176077,283388064.00,92630,83447,2.6363,2026-06-06 12:02:19.577001+00:00
603916,13.3800,13.9600,14.0600,13.0000,139091,186409136.00,75552,63540,3.2628,2026-06-06 12:02:19.577001+00:00
603917,12.1800,12.0000,12.4300,11.8000,51719,62847640.00,28409,23310,2.5372,2026-06-06 12:02:19.577001+00:00
603918,11.0700,11.0000,11.2400,10.8400,67049,74065504.00,36562,30488,1.8364,2026-06-06 12:02:19.577001+00:00
603919,19.0600,20.3000,20.6300,19.0100,133979,265221728.00,57082,76897,2.6412,2026-06-06 12:02:19.577001+00:00
603920,61.2500,63.5800,65.0000,60.8000,492399,3078961408.00,221824,270576,6.8333,2026-06-06 12:02:19.577001+00:00
603922,15.3000,15.1700,15.6800,14.7400,20750,31677106.00,10903,9847,1.1579,2026-06-06 12:02:19.577001+00:00
603926,21.2700,20.7400,21.8000,20.3300,71091,150046224.00,36134,34958,3.0288,2026-06-06 12:02:19.577001+00:00
603927,14.8000,14.7600,15.0200,14.6200,66385,98486304.00,35875,30511,0.7988,2026-06-06 12:02:19.577001+00:00
603928,14.9400,14.6200,15.2200,14.3000,49869,74098632.00,23996,25873,1.9028,2026-06-06 12:02:19.577001+00:00
603929,170.0900,159.0000,171.3500,153.0000,125325,2052484224.00,70875,54450,5.8739,2026-06-06 12:02:19.577001+00:00
603931,57.7800,59.4000,60.5800,57.3000,88806,521127168.00,42267,46540,4.4501,2026-06-06 12:02:19.577001+00:00
603933,23.9000,23.1500,24.5200,23.0000,83097,198103936.00,43780,39317,4.0038,2026-06-06 12:02:19.577001+00:00
603936,21.4400,21.3000,22.5500,20.6200,535417,1159175680.00,282710,252708,8.2966,2026-06-06 12:02:19.577001+00:00
603937,14.3700,14.4600,14.6700,14.0300,68200,97879696.00,33886,34314,3.2649,2026-06-06 12:02:19.577001+00:00
603938,52.8200,46.8000,52.8200,46.8000,473840,2448427520.00,185440,288400,12.3839,2026-06-06 12:02:19.577001+00:00
603939,19.9000,19.7800,20.3400,19.7000,116640,233552848.00,54815,61826,0.9621,2026-06-06 12:02:19.577001+00:00
603948,24.1900,24.1600,24.5500,23.3800,14310,34335168.00,7106,7204,0.8807,2026-06-06 12:02:19.577001+00:00
603949,15.5600,15.2100,15.8400,14.8800,34368,53016272.00,16764,17605,1.6309,2026-06-06 12:02:19.577001+00:00
603950,64.6200,69.0000,70.0400,64.6200,71049,473280256.00,28975,42074,2.1920,2026-06-06 12:02:19.577001+00:00
603955,23.0600,23.0100,24.5500,22.6300,29040,67993696.00,13074,15966,2.1397,2026-06-06 12:02:19.577001+00:00
603956,5.2200,5.1500,5.3000,5.0100,152867,78867512.00,73017,79851,2.6823,2026-06-06 12:02:19.577001+00:00
603958,20.0200,20.4900,20.8000,19.9500,47492,96615376.00,21543,25949,2.1650,2026-06-06 12:02:19.577001+00:00
603959,4.0500,4.1100,4.1400,3.9200,98447,39727968.00,48227,50221,2.0079,2026-06-06 12:02:19.577001+00:00
603960,21.6600,21.1400,22.3000,20.6100,103698,223102496.00,54122,49576,3.9550,2026-06-06 12:02:19.577001+00:00
603966,9.0500,9.0100,9.2000,8.8500,84890,76717536.00,46260,38631,1.6312,2026-06-06 12:02:19.577001+00:00
603967,12.5000,12.1200,12.7000,12.0900,33055,41334340.00,19475,13580,0.9535,2026-06-06 12:02:19.577001+00:00
603968,10.8300,11.0400,11.1400,10.5200,79021,85352048.00,38868,40153,3.8645,2026-06-06 12:02:19.577001+00:00
603969,8.1200,8.2500,8.4800,8.0800,118903,97783640.00,57480,61423,1.3643,2026-06-06 12:02:19.577001+00:00
603970,11.3300,11.1600,11.4300,11.1600,16783,18973052.00,9110,7673,0.6244,2026-06-06 12:02:19.577001+00:00
603976,22.3600,21.3600,22.6600,20.7400,53351,116899488.00,28932,24419,3.5284,2026-06-06 12:02:19.577001+00:00
603977,14.7500,15.0000,15.1200,14.4700,163406,241682960.00,72187,91219,2.6303,2026-06-06 12:02:19.577001+00:00
603978,26.7500,27.8900,27.8900,26.4000,85452,230739744.00,47016,38437,4.0480,2026-06-06 12:02:19.577001+00:00
603979,71.5500,72.0000,74.8200,70.0500,54589,395767552.00,31872,22717,0.8751,2026-06-06 12:02:19.577001+00:00
603980,5.7600,5.7000,5.8300,5.6300,145067,83254736.00,76956,68111,2.1433,2026-06-06 12:02:19.577001+00:00
603982,6.7100,6.5900,6.8300,6.4900,70328,46929036.00,36712,33616,1.9261,2026-06-06 12:02:19.577001+00:00
603983,22.9600,22.7500,23.6600,22.7500,20617,47916064.00,10547,10070,0.5141,2026-06-06 12:02:19.577001+00:00
603985,23.4000,24.0000,24.3500,23.2900,196094,466247232.00,88934,107160,4.4480,2026-06-06 12:02:19.577001+00:00
603986,488.0000,507.0000,519.8000,484.9000,547135,27565109248.00,228594,318541,7.8039,2026-06-06 12:02:19.577001+00:00
603987,7.2500,7.2200,7.3300,7.1800,26825,19462244.00,16399,10426,0.6141,2026-06-06 12:02:19.577001+00:00
603988,20.2100,20.4900,21.0500,19.6900,63649,129022952.00,29735,33914,2.7062,2026-06-06 12:02:19.577001+00:00
603989,35.5000,34.2000,37.2900,34.0200,412821,1471397120.00,199985,212836,10.3521,2026-06-06 12:02:19.577001+00:00
603990,22.6600,22.7800,23.2300,22.0300,293584,659755904.00,129578,164007,9.5854,2026-06-06 12:02:19.577001+00:00
603991,106.5800,109.0000,110.2000,105.6700,21227,228161152.00,8845,12382,1.3900,2026-06-06 12:02:19.577001+00:00
603992,32.7800,30.2700,32.7800,29.7000,69511,220651168.00,37077,32434,1.5689,2026-06-06 12:02:19.577001+00:00
603993,18.1900,18.6000,19.1300,18.0700,2197914,4067590912.00,1073200,1124714,1.0273,2026-06-06 12:02:19.577001+00:00
603995,18.9000,18.5900,19.4600,17.8900,99067,185746432.00,54414,44654,2.7096,2026-06-06 12:02:19.577001+00:00
603997,14.6800,15.0700,15.3500,14.6500,271339,404114976.00,122945,148395,2.1327,2026-06-06 12:02:19.577001+00:00
603998,9.6800,9.6400,9.7900,9.6400,38297,37135284.00,19678,18619,0.8722,2026-06-06 12:02:19.577001+00:00
603999,5.6800,5.6500,5.7300,5.5600,81257,45979280.00,36719,44539,1.4107,2026-06-06 12:02:19.577001+00:00
605001,6.3100,6.2100,6.3900,6.1500,45141,28362940.00,24646,20495,1.1490,2026-06-06 12:02:19.577001+00:00
605003,23.8600,23.8600,24.2800,23.2700,10133,24134260.00,4463,5671,0.9212,2026-06-06 12:02:19.577001+00:00
605005,16.2500,16.3200,16.4200,16.1300,15947,25922692.00,6992,8955,0.3977,2026-06-06 12:02:19.577001+00:00
605006,18.3900,17.9000,19.7100,17.5400,758910,1414373504.00,371706,387205,12.0776,2026-06-06 12:02:19.577001+00:00
605007,13.3300,13.3000,13.5500,13.1800,39861,53405136.00,19111,20750,0.8379,2026-06-06 12:02:19.577001+00:00
605008,10.8500,10.9100,10.9900,10.7000,12767,13853858.00,5929,6838,0.1976,2026-06-06 12:02:19.577001+00:00
605009,24.4600,24.3000,24.8000,24.1600,10268,25121406.00,5711,4558,0.4775,2026-06-06 12:02:19.577001+00:00
605011,20.7600,21.6000,22.0400,20.6100,86558,181529312.00,40064,46495,2.1634,2026-06-06 12:02:19.577001+00:00
605016,23.8600,23.5000,23.9700,23.3800,36287,86204856.00,19498,16790,0.8640,2026-06-06 12:02:19.577001+00:00
605018,17.6200,16.5000,17.7500,16.3700,308998,534361472.00,160940,148058,6.5735,2026-06-06 12:02:19.577001+00:00
605020,34.4600,33.5500,35.4000,32.5800,290012,992331648.00,152305,137707,5.6774,2026-06-06 12:02:19.577001+00:00
605028,21.9300,22.2800,22.5000,21.6600,14249,31367094.00,6700,7549,0.8906,2026-06-06 12:02:19.577001+00:00
605033,19.4800,19.3400,19.6800,19.0500,13117,25459134.00,6559,6558,0.9702,2026-06-06 12:02:19.577001+00:00
605050,10.7300,10.6500,10.9000,10.6100,23840,25665248.00,13150,10690,0.4837,2026-06-06 12:02:19.577001+00:00
605055,11.5600,11.7100,11.8800,11.3300,71840,83301520.00,32413,39427,1.6327,2026-06-06 12:02:19.577001+00:00
605056,19.3500,19.2800,19.8500,18.5500,76085,145593152.00,40409,35677,1.8585,2026-06-06 12:02:19.577001+00:00
605058,37.2000,37.7100,38.5600,34.9500,62599,229227456.00,32374,30225,4.3799,2026-06-06 12:02:19.577001+00:00
605060,49.8000,52.1700,52.4300,49.5800,76660,390204192.00,34740,41920,3.1863,2026-06-06 12:02:19.577001+00:00
605066,6.8200,6.8800,6.9500,6.6600,145282,98893368.00,69304,75978,2.8783,2026-06-06 12:02:19.577001+00:00
605068,22.3100,22.3400,22.8600,21.7500,24957,55764560.00,13257,11700,1.5387,2026-06-06 12:02:19.577001+00:00
605069,11.0800,11.1800,11.3100,10.6500,64005,70322312.00,33334,30671,3.0234,2026-06-06 12:02:19.577001+00:00
605077,13.6100,14.0000,14.1900,13.4000,147971,202432048.00,63682,84289,4.8827,2026-06-06 12:02:19.577001+00:00
605080,21.8300,21.9000,22.1500,21.2600,22348,48576992.00,12119,10229,1.5789,2026-06-06 12:02:19.577001+00:00
605081,5.0300,0.0000,0.0000,0.0000,0,0.00,0,0,0.0000,2026-06-06 12:02:19.577001+00:00
605086,29.0100,29.7000,29.7300,28.6200,19009,55153888.00,10571,8438,1.0608,2026-06-06 12:02:19.577001+00:00
605088,33.1500,33.6800,33.9900,33.0000,34289,114494344.00,18127,16162,1.6914,2026-06-06 12:02:19.577001+00:00
605089,21.8100,21.5700,21.9900,21.3700,10500,22819656.00,6265,4235,0.7609,2026-06-06 12:02:19.577001+00:00
605090,37.5600,36.7700,37.9900,36.7400,164181,615337152.00,77860,86322,2.3258,2026-06-06 12:02:19.577001+00:00
605098,54.3500,57.0100,57.6000,54.3300,17510,97109424.00,8517,8994,1.4683,2026-06-06 12:02:19.577001+00:00
605099,38.8900,39.9000,40.8000,38.5400,35828,140703728.00,17098,18730,0.8900,2026-06-06 12:02:19.577001+00:00
605100,34.1900,34.1500,34.9400,33.6800,33481,114993792.00,18147,15334,1.4007,2026-06-06 12:02:19.577001+00:00
605108,13.1200,13.0400,13.2600,12.9900,24446,32107408.00,12349,12097,0.9402,2026-06-06 12:02:19.577001+00:00
605111,60.0800,62.6000,63.6800,59.8800,274956,1693334656.00,132197,142759,6.6201,2026-06-06 12:02:19.577001+00:00
605116,18.9300,18.9900,19.1400,18.7600,27720,52433216.00,16198,11522,0.6825,2026-06-06 12:02:19.577001+00:00
605117,104.9100,112.2800,112.6000,103.6000,247859,2660161280.00,117540,130319,1.9469,2026-06-06 12:02:19.577001+00:00
605118,34.6400,35.0500,35.7000,34.0500,25503,89059864.00,12550,12953,0.6201,2026-06-06 12:02:19.577001+00:00
605122,12.9100,12.7300,13.1300,12.5500,28121,36071500.00,12381,15740,1.6316,2026-06-06 12:02:19.577001+00:00
605123,103.9800,101.9900,105.5000,99.4000,54287,558391616.00,27712,26576,4.4802,2026-06-06 12:02:19.577001+00:00
605128,22.5200,22.2100,23.1400,22.0100,59307,134356176.00,32514,26793,1.8888,2026-06-06 12:02:19.577001+00:00
605133,35.7700,36.5000,36.7100,35.3000,92803,334663648.00,49038,43765,3.2819,2026-06-06 12:02:19.577001+00:00
605136,8.9600,8.9100,9.1500,8.8100,93712,84073856.00,48254,45459,2.3401,2026-06-06 12:02:19.577001+00:00
605138,6.7400,6.6400,6.8200,6.5600,41833,27988940.00,21646,20187,0.7530,2026-06-06 12:02:19.577001+00:00
605151,20.8700,20.5200,21.3000,20.3400,19523,40633752.00,10683,8840,1.4509,2026-06-06 12:02:19.577001+00:00
605155,14.1200,13.7900,14.4800,13.7900,40326,56827652.00,20037,20290,2.1080,2026-06-06 12:02:19.577001+00:00
605158,6.6700,6.6000,6.7800,6.4800,46110,30645480.00,28170,17940,0.9016,2026-06-06 12:02:19.577001+00:00
605162,12.3000,13.1600,13.5000,12.0000,735843,936096704.00,387795,348049,16.6162,2026-06-06 12:02:19.577001+00:00
605166,10.4000,10.2700,10.6500,10.0100,108008,111338000.00,50300,57708,3.4317,2026-06-06 12:02:19.577001+00:00
605167,14.6200,14.9100,14.9100,14.4000,50446,73710320.00,21769,28677,1.0958,2026-06-06 12:02:19.577001+00:00
605168,47.2000,48.3500,49.0000,46.5500,44047,208845616.00,20746,23301,2.0893,2026-06-06 12:02:19.577001+00:00
605169,11.1200,11.0700,11.2000,10.7800,24631,27104800.00,12855,11777,0.8707,2026-06-06 12:02:19.577001+00:00
605177,22.7100,23.5300,24.2000,22.5100,52053,119695296.00,25253,26801,4.5374,2026-06-06 12:02:19.577001+00:00
605178,65.9000,64.5000,67.4100,62.4000,42444,274009536.00,19685,22759,4.2838,2026-06-06 12:02:19.577001+00:00
605179,14.5000,14.3000,14.6500,14.2900,29164,42273244.00,15688,13476,0.7273,2026-06-06 12:02:19.577001+00:00
605180,13.7500,13.1800,13.9700,13.0600,30783,41767304.00,18414,12370,1.8215,2026-06-06 12:02:19.577001+00:00
605183,15.2400,15.2100,15.3900,15.0400,16158,24576428.00,6910,9248,0.3885,2026-06-06 12:02:19.577001+00:00
605186,28.8900,28.2700,28.8900,27.4500,71635,201983168.00,37100,34536,5.2673,2026-06-06 12:02:19.577001+00:00
605188,13.5800,13.5000,14.3900,13.5000,91813,126828424.00,40201,51612,1.8276,2026-06-06 12:02:19.577001+00:00
605189,14.0100,13.8100,14.2300,13.4800,77924,108268128.00,31456,46469,3.2709,2026-06-06 12:02:19.577001+00:00
605196,39.1500,39.6700,40.3800,38.8900,128678,508436192.00,55532,73146,2.5183,2026-06-06 12:02:19.577001+00:00
605198,54.1200,54.8800,54.8800,53.2500,20344,109836584.00,9201,11143,0.6088,2026-06-06 12:02:19.577001+00:00
605199,6.5700,6.5000,6.6500,6.5000,12201,8027712.00,4698,7503,0.3049,2026-06-06 12:02:19.577001+00:00
605208,14.6800,14.3700,14.9000,14.1200,163531,238742368.00,90170,73362,4.9564,2026-06-06 12:02:19.577001+00:00
605218,16.8800,16.3600,17.5000,15.6300,86582,144373328.00,45171,41411,3.5658,2026-06-06 12:02:19.577001+00:00
605222,28.0500,28.1000,29.2100,27.8200,79548,225309968.00,38076,41472,1.9266,2026-06-06 12:02:19.577001+00:00
605228,12.4900,12.5300,12.7400,12.3400,45506,56968568.00,22075,23431,0.9497,2026-06-06 12:02:19.577001+00:00
605255,78.3300,81.0000,81.2200,76.5000,14345,112609664.00,7403,6942,1.0699,2026-06-06 12:02:19.577001+00:00
605258,33.8900,34.4400,35.4800,32.5100,47941,162278752.00,24071,23871,5.4478,2026-06-06 12:02:19.577001+00:00
605259,19.2200,18.9100,19.4300,18.7600,12843,24563304.00,6268,6575,0.7446,2026-06-06 12:02:19.577001+00:00
605266,18.2000,17.9400,18.3400,17.8300,17539,31811860.00,9956,7584,1.1349,2026-06-06 12:02:19.577001+00:00
605268,10.3700,10.2300,10.4700,10.1700,33334,34475048.00,17300,16034,0.7469,2026-06-06 12:02:19.577001+00:00
605277,22.6800,22.7500,23.5500,22.4100,202470,465157760.00,102520,99950,6.2493,2026-06-06 12:02:19.577001+00:00
605286,32.0100,32.6000,32.7500,30.6600,32558,102645664.00,18403,14155,1.9380,2026-06-06 12:02:19.577001+00:00
605287,44.1000,44.9600,44.9600,42.4000,41834,181801952.00,23172,18663,2.9881,2026-06-06 12:02:19.577001+00:00
605288,99.6500,98.5800,104.0900,96.3900,18601,186206576.00,8717,9884,2.6320,2026-06-06 12:02:19.577001+00:00
605289,109.2500,113.0000,114.8800,108.0000,43773,482478944.00,17917,25857,2.8683,2026-06-06 12:02:19.577001+00:00
605296,25.4000,25.5700,25.8100,25.2500,16850,43011200.00,7691,9159,0.3211,2026-06-06 12:02:19.577001+00:00
605298,54.0000,54.3300,55.8700,53.1000,18296,99773208.00,11192,7104,0.9740,2026-06-06 12:02:19.577001+00:00
605299,16.3600,16.6300,16.9300,15.7800,204407,332851040.00,108561,95846,5.0142,2026-06-06 12:02:19.577001+00:00
605300,9.5700,9.3500,9.6700,9.2800,48197,45893800.00,24647,23551,1.0607,2026-06-06 12:02:19.577001+00:00
605303,28.6500,29.0200,29.3800,28.1600,75543,217214432.00,36338,39205,4.6852,2026-06-06 12:02:19.577001+00:00
605305,38.7200,39.1000,39.3700,38.3100,32441,125865384.00,15326,17116,1.5265,2026-06-06 12:02:19.577001+00:00
605318,98.2800,93.0400,99.8800,91.3000,38244,373540160.00,21557,16687,3.0418,2026-06-06 12:02:19.577001+00:00
605319,27.6800,27.8600,28.4000,27.3000,83319,231816352.00,46236,37083,2.3799,2026-06-06 12:02:19.577001+00:00
605333,19.8000,19.8900,20.3000,19.3300,25432,50177096.00,12977,12455,0.5481,2026-06-06 12:02:19.577001+00:00
605336,16.5800,16.3400,16.7800,16.1400,14277,23565524.00,8768,5510,0.7784,2026-06-06 12:02:19.577001+00:00
605337,9.4800,9.4200,9.5900,9.3400,25596,24218518.00,13902,11695,0.6561,2026-06-06 12:02:19.577001+00:00
605338,20.4200,20.1500,20.7300,20.0000,22110,45116136.00,11784,10326,0.9229,2026-06-06 12:02:19.577001+00:00
605339,13.4900,13.5900,13.6000,13.2600,12345,16632663.00,5953,6392,0.2910,2026-06-06 12:02:19.577001+00:00
605358,66.7700,64.8900,68.3700,63.1300,1023488,6770548736.00,514511,508978,15.2446,2026-06-06 12:02:19.577001+00:00
605365,16.9500,17.3000,17.3000,16.8400,50041,85463752.00,22120,27921,0.9968,2026-06-06 12:02:19.577001+00:00
605366,10.8400,11.1900,11.5500,10.8100,303365,337633344.00,152447,150919,3.9090,2026-06-06 12:02:19.577001+00:00
605368,7.0800,7.0400,7.1400,7.0100,26853,19013570.00,14689,12165,0.3758,2026-06-06 12:02:19.577001+00:00
605369,17.3600,17.3000,17.3700,16.7800,17659,30294612.00,8038,9621,0.8009,2026-06-06 12:02:19.577001+00:00
002130,20.5600,20.8600,21.2800,20.5100,443394,924706880.00,198822,244573,3.1674,2026-06-06 12:02:19.577001+00:00
605376,178.4100,183.5500,187.5500,175.0800,160278,2882664448.00,72485,87793,6.1268,2026-06-06 12:02:19.577001+00:00
605377,8.3900,8.4900,8.5600,8.3600,30121,25400000.00,15956,14166,0.5411,2026-06-06 12:02:19.577001+00:00
605378,16.2300,16.1700,16.4600,15.7700,22639,36555864.00,11305,11334,0.8662,2026-06-06 12:02:19.577001+00:00
605388,5.6800,5.6300,5.7500,5.5800,81823,46402064.00,32073,49751,1.3626,2026-06-06 12:02:19.577001+00:00
605389,84.9600,82.7500,85.3000,81.2000,16576,138185888.00,8847,7729,0.8849,2026-06-06 12:02:19.577001+00:00
605398,24.4500,25.3900,26.2000,24.4500,88490,221213152.00,45211,43280,5.4383,2026-06-06 12:02:19.577001+00:00
605399,12.9800,12.8000,13.2700,12.2600,62581,80177208.00,34673,27909,2.0045,2026-06-06 12:02:19.577001+00:00
605488,34.9800,34.0000,36.0000,32.8300,111010,379860384.00,55882,55128,3.6773,2026-06-06 12:02:19.577001+00:00
605499,134.3900,139.8000,142.9600,134.2800,82079,1134578176.00,37925,44154,1.1179,2026-06-06 12:02:19.577001+00:00
605500,7.2700,7.2200,7.3800,7.2000,99889,72849168.00,50811,49079,2.4104,2026-06-06 12:02:19.577001+00:00
605507,15.9000,15.8400,16.0500,15.7000,40898,64894020.00,21808,19091,0.5228,2026-06-06 12:02:19.577001+00:00
605555,16.2500,16.5700,16.6000,15.9500,109249,177183456.00,48758,60491,2.2569,2026-06-06 12:02:19.577001+00:00
605566,43.0100,39.6600,43.0700,39.1100,111563,464061568.00,59881,51683,8.3668,2026-06-06 12:02:19.577001+00:00
605567,9.3000,9.1600,9.4200,8.9500,50697,46696144.00,27781,22916,2.5349,2026-06-06 12:02:19.577001+00:00
605577,10.1400,10.0300,10.2500,9.9500,32618,32938264.00,18168,14450,0.7339,2026-06-06 12:02:19.577001+00:00
605580,26.1600,28.4200,28.4900,25.6600,227269,605943936.00,97165,130105,8.1167,2026-06-06 12:02:19.577001+00:00
605588,52.7100,52.2600,54.2000,50.6200,22367,117769296.00,11519,10848,3.0525,2026-06-06 12:02:19.577001+00:00
605589,52.7000,53.4500,54.2000,50.0500,518331,2729698560.00,235561,282770,6.1240,2026-06-06 12:02:19.577001+00:00
605598,41.4500,41.9700,42.5400,39.4100,90381,370086240.00,48399,41982,3.7191,2026-06-06 12:02:19.577001+00:00
605599,15.5300,15.5600,15.7800,15.4900,42603,66583728.00,21301,21303,0.5478,2026-06-06 12:02:19.577001+00:00
688001,69.4000,73.6900,73.8800,68.9700,133082,945887232.00,61909,71174,2.8221,2026-06-06 12:02:19.577001+00:00
688002,120.8000,122.9300,125.3600,118.8100,95729,1169788160.00,46581,49148,2.0620,2026-06-06 12:02:19.577001+00:00
688003,105.0000,105.6300,110.0100,102.8800,72228,764560192.00,33598,38631,3.7170,2026-06-06 12:02:19.577001+00:00
688004,20.4100,20.6600,20.7900,19.7000,16812,34037116.00,8108,8704,2.0992,2026-06-06 12:02:19.577001+00:00
688005,32.4600,32.8000,33.4800,31.8200,277080,907275904.00,127628,149452,3.8767,2026-06-06 12:02:19.577001+00:00
688006,31.6600,33.3100,33.3500,30.2000,281011,891538752.00,130502,150510,4.6550,2026-06-06 12:02:19.577001+00:00
688007,13.7900,13.6500,14.1800,13.1800,69030,94957936.00,36921,32109,1.5019,2026-06-06 12:02:19.577001+00:00
688008,239.3900,249.9800,254.5600,237.6100,692407,17072493568.00,303802,388606,5.6653,2026-06-06 12:02:19.577001+00:00
688009,5.0200,4.9600,5.1100,4.9400,463901,234190688.00,267373,196529,0.4381,2026-06-06 12:02:19.577001+00:00
688010,36.6500,35.3300,38.2000,34.7300,60921,222340112.00,30748,30174,3.7942,2026-06-06 12:02:19.577001+00:00
688011,58.2000,57.5800,59.3800,57.0500,15812,92007744.00,7219,8593,1.5812,2026-06-06 12:02:19.577001+00:00
688012,276.0000,281.7400,287.6500,274.5400,219733,6168092672.00,101630,118103,2.3451,2026-06-06 12:02:19.577001+00:00
688013,28.3700,28.2000,28.7000,27.6100,9316,26250884.00,4889,4428,1.1479,2026-06-06 12:02:19.577001+00:00
688015,17.5600,17.2500,17.8500,16.9300,14868,25918646.00,8292,6576,0.7880,2026-06-06 12:02:19.577001+00:00
688016,98.6000,99.2600,99.2900,98.1100,10982,108437312.00,5278,5704,0.8909,2026-06-06 12:02:19.577001+00:00
688017,393.0000,322.7800,393.0000,314.9000,223937,7928886784.00,112630,111308,12.2150,2026-06-06 12:02:19.577001+00:00
688018,120.2500,118.5000,123.6900,117.0700,59395,719727616.00,28888,30507,2.5341,2026-06-06 12:02:19.577001+00:00
688019,273.0000,278.6000,288.2800,271.5000,56425,1568891264.00,25858,30568,3.2244,2026-06-06 12:02:19.577001+00:00
688020,137.6800,142.4300,145.7700,137.2800,29203,413262496.00,13327,15876,3.5444,2026-06-06 12:02:19.577001+00:00
688021,23.3100,22.9600,23.8000,22.1000,20707,47495888.00,10631,10077,2.7099,2026-06-06 12:02:19.577001+00:00
688022,8.9400,8.6800,9.1000,8.6800,32039,28508180.00,17355,14685,1.8217,2026-06-06 12:02:19.577001+00:00
688023,40.0000,39.5200,40.3400,38.6100,19638,77711168.00,10143,9496,1.9220,2026-06-06 12:02:19.577001+00:00
688025,374.0000,392.0000,404.6600,370.0000,42685,1647217536.00,19115,23571,4.4908,2026-06-06 12:02:19.577001+00:00
688026,13.4100,13.1900,13.6500,12.9500,14310,19002976.00,8381,5929,1.0195,2026-06-06 12:02:19.577001+00:00
688027,542.2000,550.0500,555.6500,539.0000,21083,1151772672.00,9222,11862,2.0497,2026-06-06 12:02:19.577001+00:00
688028,117.3200,131.0000,131.5500,113.8000,88654,1076107520.00,34837,53817,5.8731,2026-06-06 12:02:19.577001+00:00
688029,73.4000,73.4800,75.0600,72.4000,14380,106416744.00,7698,6683,0.7655,2026-06-06 12:02:19.577001+00:00
688030,16.4000,17.1500,17.2800,16.2600,58613,97121688.00,30107,28506,3.2520,2026-06-06 12:02:19.577001+00:00
688031,134.4400,148.6300,150.0000,133.7900,189667,2689541632.00,82647,107020,15.6574,2026-06-06 12:02:19.577001+00:00
688032,92.5000,92.4000,93.5900,89.8200,13581,124725984.00,5872,7709,1.0946,2026-06-06 12:02:19.577001+00:00
688033,7.2300,7.3500,7.3800,7.1300,68877,49880236.00,31387,37491,1.2251,2026-06-06 12:02:19.577001+00:00
688035,77.5500,76.1500,79.9900,74.5100,65159,506427328.00,33127,32032,4.5809,2026-06-06 12:02:19.577001+00:00
688036,60.6000,59.7400,61.6500,58.2200,123100,745412928.00,70487,52614,1.0693,2026-06-06 12:02:19.577001+00:00
688037,247.1900,257.2800,258.0000,243.7000,62347,1561049600.00,28078,34269,3.0922,2026-06-06 12:02:19.577001+00:00
688038,18.0300,18.5200,18.5400,17.7100,23395,42228736.00,11304,12092,2.0103,2026-06-06 12:02:19.577001+00:00
688039,42.1000,42.0000,43.1000,40.9100,26704,111807888.00,13414,13291,2.4144,2026-06-06 12:02:19.577001+00:00
688041,274.0600,280.0000,283.6200,272.9200,332207,9207397376.00,156929,175278,1.4293,2026-06-06 12:02:19.577001+00:00
688045,68.4500,66.0000,71.3700,64.6400,29790,204125152.00,15604,14186,4.2209,2026-06-06 12:02:19.577001+00:00
688046,17.6300,17.3900,17.8000,17.3400,40237,70682232.00,21454,18783,0.9814,2026-06-06 12:02:19.577001+00:00
688047,136.0800,138.1500,140.8800,135.5800,72872,1005544128.00,33740,39133,1.8173,2026-06-06 12:02:19.577001+00:00
688048,368.6100,380.0000,412.0000,368.5300,152665,5911275008.00,68771,83894,8.6604,2026-06-06 12:02:19.577001+00:00
688049,42.4100,42.6000,43.7200,41.6000,57645,245433216.00,30007,27639,3.2908,2026-06-06 12:02:19.577001+00:00
688050,41.4300,41.4100,42.3100,41.1000,18067,75140112.00,9426,8641,0.9340,2026-06-06 12:02:19.577001+00:00
688051,30.7500,30.7400,31.3800,29.8800,20002,61378972.00,10834,9168,2.5864,2026-06-06 12:02:19.577001+00:00
688052,234.4900,242.1500,247.7700,230.0000,41212,984464256.00,17534,23679,2.5342,2026-06-06 12:02:19.577001+00:00
002131,5.6000,5.7300,5.8200,5.5100,2604135,1463953664.00,1235124,1369011,3.8456,2026-06-06 12:02:19.577001+00:00
688053,38.6200,37.5700,39.4000,37.0000,10804,41478376.00,5971,4834,1.0804,2026-06-06 12:02:19.577001+00:00
688055,5.2000,5.1800,5.5000,5.0600,579647,307029632.00,284917,294730,1.7389,2026-06-06 12:02:19.577001+00:00
688056,48.1600,40.6700,48.1600,40.6700,66277,305622016.00,26939,39338,9.8257,2026-06-06 12:02:19.577001+00:00
688057,13.9900,14.2000,14.6200,13.6300,53160,74806880.00,21333,31827,1.9261,2026-06-06 12:02:19.577001+00:00
688058,24.3000,24.0000,24.8200,23.3700,12079,29124300.00,6361,5719,1.5928,2026-06-06 12:02:19.577001+00:00
688059,165.4800,156.1000,169.6000,153.7500,61059,1000028224.00,34282,26777,6.1067,2026-06-06 12:02:19.577001+00:00
688061,36.2500,36.5100,37.1200,35.3500,11429,41557120.00,5808,5622,0.9948,2026-06-06 12:02:19.577001+00:00
688062,26.6000,27.2700,27.4700,26.4000,82862,221728800.00,40331,42531,1.8549,2026-06-06 12:02:19.577001+00:00
688063,58.8200,59.5500,60.4000,57.0000,98161,576946432.00,47546,50616,4.0007,2026-06-06 12:02:19.577001+00:00
688065,44.7100,43.9600,45.7000,43.4100,88240,395643456.00,46799,41441,1.2234,2026-06-06 12:02:19.577001+00:00
688066,13.2800,13.8000,13.8900,13.0700,81746,110237648.00,38309,43438,98.4770,2026-06-06 12:02:19.577001+00:00
688067,23.5500,23.1900,23.9500,22.5100,11841,27427946.00,7122,4720,1.7413,2026-06-06 12:02:19.577001+00:00
688068,81.5000,86.4900,86.4900,81.0000,19192,159059168.00,8787,10405,2.0691,2026-06-06 12:02:19.577001+00:00
688069,50.5800,50.0000,52.7700,49.0000,38769,195834928.00,19884,18885,3.4309,2026-06-06 12:02:19.577001+00:00
688070,40.6200,40.8500,42.0000,39.0600,21104,85450760.00,13169,7936,2.3868,2026-06-06 12:02:19.577001+00:00
688071,33.9700,34.1400,35.1600,32.2500,30497,102938872.00,15062,15436,3.5968,2026-06-06 12:02:19.577001+00:00
688072,582.3000,601.9800,616.4400,579.0000,88280,5258470912.00,40632,47649,3.1228,2026-06-06 12:02:19.577001+00:00
688073,47.8900,48.4500,49.9000,47.6600,9772,47346292.00,4790,4983,1.0752,2026-06-06 12:02:19.577001+00:00
688075,32.9000,32.6600,33.1000,32.1500,2814,9218521.00,1534,1280,0.2214,2026-06-06 12:02:19.577001+00:00
688076,28.9200,29.2900,29.2900,28.6800,16307,47364772.00,7658,8650,0.5160,2026-06-06 12:02:19.577001+00:00
688077,28.2000,26.9800,29.1900,26.4100,40815,114435712.00,23579,17237,3.5653,2026-06-06 12:02:19.577001+00:00
688078,23.3200,22.6100,23.6900,22.0200,8924,20417040.00,4677,4248,1.2243,2026-06-06 12:02:19.577001+00:00
688079,31.1000,31.9800,33.7000,30.6200,493455,1589894272.00,238882,254574,11.9906,2026-06-06 12:02:19.577001+00:00
688080,40.8000,40.2800,41.8700,39.7100,16948,69330624.00,9543,7406,2.3010,2026-06-06 12:02:19.577001+00:00
688081,51.4300,51.5400,52.3600,50.5600,11699,60126784.00,5424,6276,1.1354,2026-06-06 12:02:19.577001+00:00
688082,251.0000,259.6800,266.0000,248.6000,78613,2026627328.00,33546,45067,1.6290,2026-06-06 12:02:19.577001+00:00
688083,55.5900,53.8200,56.8000,53.5500,39123,216595328.00,20335,18789,2.3062,2026-06-06 12:02:19.577001+00:00
688084,50.7200,50.3000,52.1500,48.6600,20118,101283264.00,10347,9772,2.6590,2026-06-06 12:02:19.577001+00:00
688085,14.1500,14.0000,14.5000,13.7100,44300,62623556.00,21965,22335,1.3285,2026-06-06 12:02:19.577001+00:00
688087,37.0000,37.8300,37.8300,36.2200,18809,69007320.00,7784,11026,0.9693,2026-06-06 12:02:19.577001+00:00
688088,37.4100,37.2000,38.3000,36.2300,70010,260504480.00,34931,35080,1.7451,2026-06-06 12:02:19.577001+00:00
688089,12.6600,12.5900,12.8600,12.2000,25483,31956416.00,14260,11224,1.5141,2026-06-06 12:02:19.577001+00:00
688090,109.9900,106.7900,111.6600,106.0000,75261,822286784.00,40555,34706,6.1503,2026-06-06 12:02:19.577001+00:00
688091,42.5800,43.1200,43.9900,41.8800,39995,170078960.00,17515,22481,1.9349,2026-06-06 12:02:19.577001+00:00
688092,27.2500,26.7300,27.4500,26.1600,10544,28417644.00,5419,5125,1.2755,2026-06-06 12:02:19.577001+00:00
688093,29.4000,28.6000,30.7600,27.2700,59905,173446592.00,31424,28481,2.1365,2026-06-06 12:02:19.577001+00:00
688095,71.1700,71.6800,73.2000,70.0100,25328,181583648.00,13499,11829,2.7723,2026-06-06 12:02:19.577001+00:00
688096,12.8800,12.5500,13.2000,12.3800,93071,119195824.00,46345,46726,3.9429,2026-06-06 12:02:19.577001+00:00
688097,69.0200,71.5000,72.1900,67.8900,149053,1036669568.00,72923,76130,3.3371,2026-06-06 12:02:19.577001+00:00
688098,7.5300,7.5400,7.6400,7.3700,18937,14254559.00,9361,9576,0.4612,2026-06-06 12:02:19.577001+00:00
688099,95.8800,97.9700,98.8700,95.0000,134250,1298765312.00,72208,62042,3.1876,2026-06-06 12:02:19.577001+00:00
688100,33.7100,34.1900,34.6600,32.9200,32818,110703688.00,17233,15586,0.6675,2026-06-06 12:02:19.577001+00:00
688101,17.6800,17.2300,18.0400,16.7600,56281,98449976.00,29782,26499,1.6951,2026-06-06 12:02:19.577001+00:00
688102,37.5900,36.9900,38.3900,35.8800,254372,952533376.00,129455,124917,3.2713,2026-06-06 12:02:19.577001+00:00
688103,62.0000,61.9500,63.8600,59.8100,22613,140156096.00,11372,11242,2.3724,2026-06-06 12:02:19.577001+00:00
688105,13.4000,13.4600,13.5900,13.2200,25245,33831360.00,10177,15068,0.4883,2026-06-06 12:02:19.577001+00:00
688106,27.0300,27.5500,28.2000,26.9000,325303,893112768.00,143858,181446,6.0761,2026-06-06 12:02:19.577001+00:00
688107,42.2700,43.5000,44.3900,41.9800,112662,486482624.00,53028,59635,2.8106,2026-06-06 12:02:19.577001+00:00
688108,19.5000,20.4800,20.6500,19.4300,173111,342948160.00,77968,95144,4.1419,2026-06-06 12:02:19.577001+00:00
688109,86.7600,86.1000,90.2100,85.1500,19734,172292112.00,9948,9787,2.5030,2026-06-06 12:02:19.577001+00:00
688110,126.0000,128.5500,131.1200,125.3000,165030,2115521664.00,74112,90918,3.7305,2026-06-06 12:02:19.577001+00:00
688111,234.2500,237.7300,241.6600,233.8000,67348,1602585856.00,29166,38183,1.4534,2026-06-06 12:02:19.577001+00:00
688112,71.1600,70.8900,76.1000,68.5100,51651,374658528.00,29094,22557,3.2363,2026-06-06 12:02:19.577001+00:00
688113,40.2200,38.8000,41.2900,38.1800,12030,47929924.00,6389,5641,1.8681,2026-06-06 12:02:19.577001+00:00
688114,49.6000,49.7000,54.1800,49.4000,83688,433210496.00,46264,37424,2.0092,2026-06-06 12:02:19.577001+00:00
688115,56.2000,56.3300,59.9000,53.8100,30091,172709888.00,16133,13958,4.5134,2026-06-06 12:02:19.577001+00:00
688116,39.2800,38.6000,40.1000,36.8900,142203,549556544.00,71174,71029,3.8797,2026-06-06 12:02:19.577001+00:00
688117,23.0400,23.3900,23.7800,22.8700,17174,39790516.00,7593,9581,0.7794,2026-06-06 12:02:19.577001+00:00
688118,23.0800,23.0100,23.3600,22.1700,31236,71350616.00,16197,15040,3.3473,2026-06-06 12:02:19.577001+00:00
688119,4.5200,4.4700,4.5800,4.3600,117588,52697152.00,57161,60428,1.0452,2026-06-06 12:02:19.577001+00:00
688120,248.0000,251.0000,257.9600,245.0000,81615,2053265536.00,38890,42725,2.3078,2026-06-06 12:02:19.577001+00:00
688122,60.6900,63.5000,63.6800,60.6800,173166,1067693440.00,79692,93474,2.6655,2026-06-06 12:02:19.577001+00:00
688123,129.5800,132.0000,134.8600,128.6000,94410,1245804800.00,40032,54379,5.9414,2026-06-06 12:02:19.577001+00:00
688125,188.1700,180.1000,194.4400,168.0000,6488,122975496.00,3227,3262,0.7900,2026-06-06 12:02:19.577001+00:00
688126,28.4900,28.3600,29.6500,27.7100,1757199,5031675904.00,934356,822843,5.3168,2026-06-06 12:02:19.577001+00:00
688127,83.7600,84.0000,87.3400,82.9800,111163,945595456.00,52122,59042,2.7387,2026-06-06 12:02:19.577001+00:00
688128,27.2900,27.5300,27.9600,27.0100,71880,197780672.00,34163,37718,1.7770,2026-06-06 12:02:19.577001+00:00
688129,25.5300,25.8400,26.1500,24.8800,12340,31485776.00,6352,5989,1.0242,2026-06-06 12:02:19.577001+00:00
688130,24.3500,24.8100,24.9400,23.4100,20930,50749776.00,12128,8803,1.7313,2026-06-06 12:02:19.577001+00:00
688131,75.0000,77.0200,77.8600,73.9000,49709,375061376.00,19874,29835,2.3436,2026-06-06 12:02:19.577001+00:00
688132,14.2300,14.1700,14.4500,13.6400,17294,24337420.00,10483,6812,1.1361,2026-06-06 12:02:19.577001+00:00
688133,20.3700,20.0800,20.8100,19.2300,59971,120866520.00,31150,28821,3.6471,2026-06-06 12:02:19.577001+00:00
688135,35.5100,35.7000,36.5300,34.6300,100808,358502784.00,49314,51494,4.3246,2026-06-06 12:02:19.577001+00:00
688136,19.6500,19.7700,20.1000,19.3700,29409,57948160.00,14524,14885,1.4613,2026-06-06 12:02:19.577001+00:00
688137,39.3000,39.1900,40.1500,38.3700,7981,31332824.00,3677,4304,1.1373,2026-06-06 12:02:19.577001+00:00
688138,31.9500,31.0000,33.1900,30.2100,90931,290258368.00,47358,43573,2.8885,2026-06-06 12:02:19.577001+00:00
688139,29.8200,29.5600,30.4200,29.2000,30184,90168848.00,13258,16926,0.9537,2026-06-06 12:02:19.577001+00:00
688141,92.3900,96.1600,98.0000,91.6200,138912,1310056704.00,59067,79846,3.0847,2026-06-06 12:02:19.577001+00:00
688143,176.8000,176.0000,186.9600,171.0100,71169,1266532736.00,33183,37986,5.5264,2026-06-06 12:02:19.577001+00:00
688146,231.1100,229.0000,243.0300,219.1400,254625,5885463552.00,130423,124203,4.8096,2026-06-06 12:02:19.577001+00:00
688147,84.5000,87.0800,89.2900,83.2100,103308,891871232.00,49049,54260,2.2242,2026-06-06 12:02:19.577001+00:00
688148,8.1700,8.0000,8.4100,7.7500,197729,160282480.00,104810,92920,3.8757,2026-06-06 12:02:19.577001+00:00
688150,49.8300,51.8400,54.2800,49.5800,174710,902654528.00,88646,86065,4.3413,2026-06-06 12:02:19.577001+00:00
688151,16.8400,16.9900,17.1000,16.6200,10396,17530008.00,5081,5316,0.3018,2026-06-06 12:02:19.577001+00:00
688152,31.2600,31.3700,32.0000,30.5100,14770,46114848.00,6002,8768,1.4495,2026-06-06 12:02:19.577001+00:00
688153,29.2100,28.6200,29.9500,28.0600,68686,198857520.00,33843,34844,1.5962,2026-06-06 12:02:19.577001+00:00
688155,80.5300,80.9900,83.1100,77.6100,30543,246076032.00,13974,16569,2.4157,2026-06-06 12:02:19.577001+00:00
688156,24.7200,25.3700,25.3700,24.1100,33226,81837840.00,14409,18818,3.2990,2026-06-06 12:02:19.577001+00:00
688157,28.0400,27.8000,28.6500,26.9000,21219,59294688.00,10166,11054,1.3564,2026-06-06 12:02:19.577001+00:00
688158,37.2800,38.4800,38.4900,36.8000,254871,956896320.00,114892,139980,5.5706,2026-06-06 12:02:19.577001+00:00
688159,45.3700,45.0800,46.8000,43.7000,44191,199808448.00,20848,23343,4.7564,2026-06-06 12:02:19.577001+00:00
688160,122.0000,109.0000,126.0000,104.5100,59894,689169984.00,33697,26198,6.5939,2026-06-06 12:02:19.577001+00:00
688161,24.1100,23.9300,24.3000,23.7800,8320,20024458.00,4297,4024,0.2080,2026-06-06 12:02:19.577001+00:00
688162,28.1800,27.4500,28.9100,26.6000,23763,65974040.00,11488,12275,1.7333,2026-06-06 12:02:19.577001+00:00
688163,36.5200,36.4900,37.1200,35.5500,13475,48971824.00,7409,6067,1.2451,2026-06-06 12:02:19.577001+00:00
688165,20.4200,18.9200,21.0700,17.7200,277147,542949056.00,157987,119160,5.3116,2026-06-06 12:02:19.577001+00:00
688166,47.3000,48.3000,48.8000,45.8600,94832,446841632.00,44316,50516,2.1761,2026-06-06 12:02:19.577001+00:00
688167,445.8500,443.9900,472.5000,440.5200,47105,2150616064.00,23631,23474,5.2421,2026-06-06 12:02:19.577001+00:00
688168,55.7300,57.3200,58.7600,55.2000,19059,107759008.00,7404,11656,1.7638,2026-06-06 12:02:19.577001+00:00
688169,108.6800,104.2100,110.9800,102.6800,87359,934361216.00,48574,38785,3.3695,2026-06-06 12:02:19.577001+00:00
688170,80.1500,73.0000,83.2200,72.0100,113615,891180416.00,60576,53039,10.9922,2026-06-06 12:02:19.577001+00:00
688171,49.6700,50.3500,51.4200,48.5000,15799,79039720.00,7990,7809,1.8859,2026-06-06 12:02:19.577001+00:00
688172,68.4900,68.5500,72.7400,67.7600,188803,1322467840.00,88993,99811,1.3225,2026-06-06 12:02:19.577001+00:00
688173,15.6900,15.7500,16.2400,15.2500,119666,188210752.00,58530,61136,2.8836,2026-06-06 12:02:19.577001+00:00
688175,35.6300,34.5400,36.8000,33.6300,24189,85380824.00,10962,13227,1.8705,2026-06-06 12:02:19.577001+00:00
688176,10.4000,10.3500,10.5300,10.2000,73899,76551000.00,38471,35429,1.2938,2026-06-06 12:02:19.577001+00:00
688177,17.4300,17.6100,17.6900,17.2000,31914,55519916.00,15815,16100,0.7707,2026-06-06 12:02:19.577001+00:00
688178,39.0400,37.7000,41.6000,37.7000,41039,164506896.00,21209,19830,4.8282,2026-06-06 12:02:19.577001+00:00
688179,22.0500,21.7000,23.1500,21.0000,149956,334516096.00,82328,67629,4.1424,2026-06-06 12:02:19.577001+00:00
688180,30.1200,31.4800,31.6000,30.0600,143310,439605248.00,63167,80144,1.3958,2026-06-06 12:02:19.577001+00:00
688181,40.2000,38.9100,41.4900,37.1900,107969,427428896.00,56747,51223,8.0285,2026-06-06 12:02:19.577001+00:00
688182,35.1500,34.8200,36.6600,34.2300,109257,390383968.00,54678,54580,2.7314,2026-06-06 12:02:19.577001+00:00
688183,117.8500,124.3800,125.3800,116.4500,286470,3475651328.00,140014,146457,3.4439,2026-06-06 12:02:19.577001+00:00
688184,12.1400,12.3800,12.4000,11.9800,11849,14439175.00,6484,5365,0.7560,2026-06-06 12:02:19.577001+00:00
688185,52.1600,52.9800,53.6000,51.9700,14718,77573424.00,7150,7568,0.5958,2026-06-06 12:02:19.577001+00:00
688186,18.8000,19.1000,19.4200,18.2800,71396,134276912.00,30395,41001,2.5454,2026-06-06 12:02:19.577001+00:00
688187,55.4000,57.5400,57.6300,53.5900,184057,1023820416.00,88257,95801,1.3657,2026-06-06 12:02:19.577001+00:00
688188,157.1300,153.0100,161.5000,149.5900,39854,623030976.00,21917,17938,1.3758,2026-06-06 12:02:19.577001+00:00
688189,7.7400,7.6300,7.9100,7.5000,85357,65958872.00,47095,38263,3.1107,2026-06-06 12:02:19.577001+00:00
688190,104.8000,107.0100,109.3500,101.0000,30129,317065760.00,12825,17304,2.5107,2026-06-06 12:02:19.577001+00:00
688191,51.1000,51.2700,52.1300,49.0100,51062,257746976.00,23130,27932,2.1795,2026-06-06 12:02:19.577001+00:00
688192,39.4900,41.2000,41.8000,39.3800,59664,238530784.00,27459,32206,1.2826,2026-06-06 12:02:19.577001+00:00
688193,48.3500,47.7800,48.7300,47.0200,5691,27310088.00,2808,2883,1.4203,2026-06-06 12:02:19.577001+00:00
688195,241.8000,231.0000,252.0000,231.0000,120842,2926354944.00,65280,55562,6.6730,2026-06-06 12:02:19.577001+00:00
688196,41.0000,41.7000,41.7800,39.9700,12417,50738828.00,5893,6524,0.9762,2026-06-06 12:02:19.577001+00:00
688197,33.1700,33.5800,33.8200,32.9400,10600,35297892.00,4819,5782,0.7128,2026-06-06 12:02:19.577001+00:00
688198,80.1900,81.0000,81.4700,79.7600,3484,28054228.00,1685,1800,0.2529,2026-06-06 12:02:19.577001+00:00
688199,27.4800,26.4000,28.2500,25.5500,85039,231785392.00,45213,39827,5.2745,2026-06-06 12:02:19.577001+00:00
688200,427.9200,433.0000,443.0000,420.0000,33516,1444854016.00,17213,16304,2.4724,2026-06-06 12:02:19.577001+00:00
688201,7.9500,8.0700,8.1100,7.9500,30676,24590498.00,12750,17926,0.9672,2026-06-06 12:02:19.577001+00:00
688202,54.7500,56.1800,56.9200,53.9600,35798,196863824.00,16177,19621,2.6645,2026-06-06 12:02:19.577001+00:00
688203,11.5600,11.2800,11.8700,10.9800,40730,46738544.00,20621,20110,2.0096,2026-06-06 12:02:19.577001+00:00
002132,5.8600,5.4600,6.1700,5.4100,2357830,1400013696.00,1238960,1118870,16.8231,2026-06-06 12:02:19.577001+00:00
688205,226.7000,229.5000,242.9000,225.0000,97804,2292848640.00,48120,49685,6.1420,2026-06-06 12:02:19.577001+00:00
688206,38.7700,38.6100,40.4500,37.8700,106017,413897536.00,48399,57618,2.4284,2026-06-06 12:02:19.577001+00:00
688207,14.5300,14.4800,14.8500,13.9500,104914,151532032.00,55572,49343,4.0512,2026-06-06 12:02:19.577001+00:00
688208,29.1000,30.0300,30.2000,28.7100,137408,402229312.00,65555,71854,2.0503,2026-06-06 12:02:19.577001+00:00
688209,21.2200,21.4200,21.8700,20.6000,98381,208652032.00,50928,47454,2.2680,2026-06-06 12:02:19.577001+00:00
688210,45.2000,46.4500,47.9800,44.8300,54200,251609024.00,27734,26466,3.3321,2026-06-06 12:02:19.577001+00:00
688211,33.0300,32.3300,33.4400,31.5000,13065,42572344.00,6984,6082,0.9966,2026-06-06 12:02:19.577001+00:00
688212,29.8000,29.1000,30.4800,28.6600,30286,90243592.00,16959,13327,2.2490,2026-06-06 12:02:19.577001+00:00
688213,95.3500,99.0000,99.0700,94.7500,103078,996971648.00,47949,55129,2.5622,2026-06-06 12:02:19.577001+00:00
688215,67.4400,67.8500,68.4600,65.6000,7583,50826364.00,3499,4084,1.2148,2026-06-06 12:02:19.577001+00:00
688216,31.5500,32.6000,32.7500,30.9400,35471,112619616.00,18962,16509,3.0904,2026-06-06 12:02:19.577001+00:00
688217,24.1300,23.8900,24.7300,23.2000,9038,21566836.00,4441,4598,1.6181,2026-06-06 12:02:19.577001+00:00
688218,43.7200,40.0000,45.0000,40.0000,61172,263943984.00,35138,26034,5.2519,2026-06-06 12:02:19.577001+00:00
688220,100.2000,101.5000,104.5600,99.7000,90407,919951744.00,42603,47805,2.1613,2026-06-06 12:02:19.577001+00:00
688221,18.8000,19.3000,19.3900,18.6000,89749,169499664.00,42258,47491,2.3960,2026-06-06 12:02:19.577001+00:00
688222,26.9100,26.9700,27.9100,26.8000,134870,368069888.00,67692,67178,3.3660,2026-06-06 12:02:19.577001+00:00
688223,5.3800,5.5900,5.6000,5.2600,1329062,719956928.00,659197,669865,1.2942,2026-06-06 12:02:19.577001+00:00
688225,14.0100,14.0300,14.2900,13.6800,42194,58918792.00,20663,21532,1.0548,2026-06-06 12:02:19.577001+00:00
688226,47.5000,48.0300,50.2700,47.1700,84559,412357216.00,40698,43861,4.3123,2026-06-06 12:02:19.577001+00:00
688227,84.2200,85.4900,85.5500,82.5900,42205,354312864.00,17981,24224,3.7331,2026-06-06 12:02:19.577001+00:00
688228,86.5000,87.0000,88.8000,85.5100,14669,127681104.00,8105,6564,2.1716,2026-06-06 12:02:19.577001+00:00
688229,92.0000,94.0000,96.0000,91.0000,19176,177817792.00,9562,9615,4.3189,2026-06-06 12:02:19.577001+00:00
688230,63.3400,64.1800,64.6500,62.2000,12329,78326968.00,6152,6177,1.0484,2026-06-06 12:02:19.577001+00:00
688231,43.6800,44.7500,44.7700,43.3300,47627,208897712.00,26720,20907,1.9293,2026-06-06 12:02:19.577001+00:00
688232,19.2600,19.2700,19.6400,18.9600,22060,42540200.00,11296,10765,0.6851,2026-06-06 12:02:19.577001+00:00
688233,87.3000,86.7300,92.2500,84.7000,78149,691731776.00,41381,36769,4.5887,2026-06-06 12:02:19.577001+00:00
688234,130.9300,137.6200,138.9700,129.9400,164646,2206274048.00,70435,94211,3.3974,2026-06-06 12:02:19.577001+00:00
688235,220.1800,226.9900,228.8800,219.6900,32870,734520384.00,14422,18448,0.2132,2026-06-06 12:02:19.577001+00:00
688236,15.5900,15.5100,15.7900,15.3400,11552,17984688.00,6554,4999,0.3012,2026-06-06 12:02:19.577001+00:00
688237,47.2400,46.7800,47.6700,46.0800,10427,49012800.00,5059,5369,1.1627,2026-06-06 12:02:19.577001+00:00
688238,5.8000,5.8900,5.9900,5.7500,78178,45521888.00,35234,42945,1.2045,2026-06-06 12:02:19.577001+00:00
688239,57.0000,58.0000,58.2700,56.1900,51290,293082624.00,21384,29907,2.6905,2026-06-06 12:02:19.577001+00:00
688244,16.5500,16.2900,16.6800,15.7700,18146,29599696.00,9813,8334,1.2020,2026-06-06 12:02:19.577001+00:00
688246,22.9400,20.2100,23.7700,20.1400,95157,212184224.00,52598,42560,6.9162,2026-06-06 12:02:19.577001+00:00
688247,8.0600,8.0000,8.1700,7.9500,14385,11584556.00,6232,8153,0.3173,2026-06-06 12:02:19.577001+00:00
688248,50.4100,51.0000,52.0000,49.9000,46585,235858272.00,19919,26666,0.8250,2026-06-06 12:02:19.577001+00:00
688249,40.4400,41.6000,41.6600,39.9800,378821,1546223744.00,196341,182481,1.8869,2026-06-06 12:02:19.577001+00:00
688251,24.8500,24.8500,25.3300,23.8900,23362,57561828.00,11366,11996,2.3222,2026-06-06 12:02:19.577001+00:00
688252,20.4500,20.5700,21.0000,19.7000,76612,155831184.00,36833,39779,1.8731,2026-06-06 12:02:19.577001+00:00
688253,57.6000,57.3900,57.9500,55.8300,16503,93974896.00,8608,7895,1.2047,2026-06-06 12:02:19.577001+00:00
688255,31.7000,30.2400,32.6800,28.9200,45858,141786608.00,23403,22456,4.1743,2026-06-06 12:02:19.577001+00:00
688256,1299.2000,1342.0000,1407.7700,1287.3400,116354,15620598784.00,56609,59746,1.8519,2026-06-06 12:02:19.577001+00:00
688257,104.4300,111.0000,111.5200,103.5000,140074,1508040704.00,65845,74230,5.5336,2026-06-06 12:02:19.577001+00:00
688258,126.4000,132.3300,133.1700,126.4000,50013,642256704.00,23217,26796,4.1285,2026-06-06 12:02:19.577001+00:00
688259,36.8800,35.7200,37.5600,34.7900,32929,119910968.00,17954,14976,2.9480,2026-06-06 12:02:19.577001+00:00
688260,88.8400,95.4900,96.0000,88.8300,67122,618935488.00,30213,36909,5.5935,2026-06-06 12:02:19.577001+00:00
688261,80.6000,87.0000,87.0000,80.2000,87615,726384960.00,36766,50849,7.1479,2026-06-06 12:02:19.577001+00:00
688262,35.7700,36.3900,37.0300,34.8000,133272,478436992.00,63698,69575,3.9664,2026-06-06 12:02:19.577001+00:00
688265,33.3200,33.2500,33.8500,32.5300,5022,16628944.00,2871,2152,0.6441,2026-06-06 12:02:19.577001+00:00
688266,90.6700,90.7200,92.4500,88.9600,33330,301938784.00,17307,16024,1.2591,2026-06-06 12:02:19.577001+00:00
688267,30.6400,31.7100,31.7100,30.3300,24856,76628096.00,9624,15233,1.4107,2026-06-06 12:02:19.577001+00:00
688268,196.7000,195.1800,208.0000,194.0600,139114,2763108608.00,69131,69984,11.1204,2026-06-06 12:02:19.577001+00:00
688269,34.4900,34.9200,35.1900,33.5400,16047,55309500.00,9027,7021,1.2277,2026-06-06 12:02:19.577001+00:00
688270,114.0000,109.9500,116.5800,106.5800,100472,1134984192.00,57213,43260,4.6938,2026-06-06 12:02:19.577001+00:00
688271,112.9800,112.0000,113.3000,110.2900,60630,678332992.00,32168,28463,0.7357,2026-06-06 12:02:19.577001+00:00
688272,34.6400,33.9600,35.4000,32.6700,14845,50576764.00,7532,7313,1.9533,2026-06-06 12:02:19.577001+00:00
688273,42.5400,42.6900,44.8700,41.5600,40774,176952752.00,20222,20552,4.0774,2026-06-06 12:02:19.577001+00:00
688275,123.5000,128.7400,129.6500,122.3000,42909,537358528.00,20327,22583,3.4023,2026-06-06 12:02:19.577001+00:00
688276,14.9200,14.7800,15.0400,14.7100,21295,31692568.00,12492,8803,0.5148,2026-06-06 12:02:19.577001+00:00
688277,16.6600,16.8300,17.1900,16.4600,76352,128161768.00,42781,33571,1.6744,2026-06-06 12:02:19.577001+00:00
688278,54.9900,54.0900,55.0900,53.0500,26190,142147488.00,16669,9521,0.6416,2026-06-06 12:02:19.577001+00:00
688279,212.0000,206.6300,222.8800,204.1300,17957,382114848.00,9418,8539,1.5599,2026-06-06 12:02:19.577001+00:00
688280,5.6700,5.6300,5.7600,5.4400,162423,91268288.00,78402,84021,2.7519,2026-06-06 12:02:19.577001+00:00
688281,49.8700,50.0000,51.3600,48.9100,43316,216921728.00,19110,24207,1.1351,2026-06-06 12:02:19.577001+00:00
688282,75.0000,72.6600,76.2500,71.6100,14778,109734616.00,8138,6641,1.6793,2026-06-06 12:02:19.577001+00:00
688283,37.4200,37.0000,38.1900,35.6700,19868,74066984.00,11377,8491,1.6312,2026-06-06 12:02:19.577001+00:00
688285,7.9000,7.7500,7.9600,7.5800,33479,26065856.00,16308,17171,0.8897,2026-06-06 12:02:19.577001+00:00
688286,64.0000,60.5000,67.4400,57.0000,35060,218403120.00,19534,15527,6.2540,2026-06-06 12:02:19.577001+00:00
688288,20.9600,20.5800,21.2200,20.2100,16191,33579792.00,8813,7378,1.6221,2026-06-06 12:02:19.577001+00:00
688289,15.4000,15.4500,15.5900,15.3300,32155,49686604.00,15980,16175,0.5550,2026-06-06 12:02:19.577001+00:00
688290,59.8000,58.3400,61.6500,56.3600,16812,100046920.00,8348,8464,1.6452,2026-06-06 12:02:19.577001+00:00
688291,49.1600,48.0000,50.4800,47.4100,25185,124007008.00,13104,12082,2.4531,2026-06-06 12:02:19.577001+00:00
688292,21.7400,21.5600,22.3200,20.7100,37656,80920296.00,19422,18235,2.3780,2026-06-06 12:02:19.577001+00:00
688293,37.4500,38.6000,39.1600,37.2100,18482,69896560.00,6941,11541,1.3270,2026-06-06 12:02:19.577001+00:00
688295,50.2200,49.0100,52.4000,47.9800,143893,730266304.00,74792,69102,1.5988,2026-06-06 12:02:19.577001+00:00
688296,14.3800,14.2600,14.6500,13.6000,20565,29098392.00,10382,10183,1.9060,2026-06-06 12:02:19.577001+00:00
688297,44.0400,44.0000,44.7800,43.4000,68338,301786432.00,34555,33784,1.0124,2026-06-06 12:02:19.577001+00:00
688298,20.2600,20.2700,20.3800,19.8400,12486,25108468.00,6596,5891,0.6193,2026-06-06 12:02:19.577001+00:00
688299,16.0400,15.8500,16.6100,15.1500,124510,197789504.00,66836,57675,4.3324,2026-06-06 12:02:19.577001+00:00
688300,157.2100,161.7300,163.6900,153.6000,112520,1788219520.00,52676,59844,4.6598,2026-06-06 12:02:19.577001+00:00
688301,173.2500,182.0000,183.0000,170.9100,106661,1878181760.00,51192,55469,5.0443,2026-06-06 12:02:19.577001+00:00
688302,37.7100,38.2500,39.1200,37.5100,8893,33874100.00,3292,5602,0.8981,2026-06-06 12:02:19.577001+00:00
688303,20.4100,22.1900,22.3800,20.3100,536620,1149163264.00,262197,274423,2.5015,2026-06-06 12:02:19.577001+00:00
688305,63.0000,61.1200,64.6700,58.0100,56219,345667584.00,29595,26624,4.2300,2026-06-06 12:02:19.577001+00:00
688306,9.2500,8.9000,9.6000,8.2900,271648,243262432.00,148490,123159,2.2116,2026-06-06 12:02:19.577001+00:00
688307,67.6300,68.6100,71.5800,67.1200,56920,393110336.00,25802,31119,4.5798,2026-06-06 12:02:19.577001+00:00
688308,151.8300,155.0000,163.7800,148.2300,106328,1660122368.00,47849,58479,6.6965,2026-06-06 12:02:19.577001+00:00
688309,63.4400,64.3600,65.7200,62.5000,12228,77816920.00,5236,6992,1.5400,2026-06-06 12:02:19.577001+00:00
688310,18.8600,17.4800,19.3000,17.2200,83389,152866240.00,43024,40366,5.0747,2026-06-06 12:02:19.577001+00:00
688311,28.8400,28.3900,29.4800,28.2100,56036,162108912.00,28758,27279,3.2243,2026-06-06 12:02:19.577001+00:00
688312,81.3000,83.2000,85.5000,80.7200,56474,465492384.00,25870,30605,3.8492,2026-06-06 12:02:19.577001+00:00
688313,156.7900,162.0000,174.5900,154.0000,342067,5620760576.00,158021,184046,7.5681,2026-06-06 12:02:19.577001+00:00
688314,41.2900,42.4900,44.5000,39.8800,35911,150326032.00,16577,19335,4.4204,2026-06-06 12:02:19.577001+00:00
688315,13.4900,13.3600,13.6800,13.2800,22043,29662536.00,10688,11355,0.5296,2026-06-06 12:02:19.577001+00:00
688316,60.9500,60.1900,62.4900,59.0100,24991,151032976.00,12925,12067,5.2175,2026-06-06 12:02:19.577001+00:00
688317,18.1800,18.1200,18.5800,18.0600,32206,58993660.00,15605,16602,1.6760,2026-06-06 12:02:19.577001+00:00
688318,82.7000,84.0000,85.2400,81.2200,46276,386809760.00,22368,23908,1.2906,2026-06-06 12:02:19.577001+00:00
688319,34.2900,31.4500,36.3900,30.7100,178075,605983936.00,94033,84043,4.3892,2026-06-06 12:02:19.577001+00:00
688320,38.5500,37.2600,39.8300,35.6200,73237,276877408.00,40198,33040,4.8497,2026-06-06 12:02:19.577001+00:00
688321,25.5500,25.8700,26.0500,25.4200,71223,183214640.00,33681,37542,1.6080,2026-06-06 12:02:19.577001+00:00
688322,126.0600,117.0000,133.2800,110.2000,358170,4341085696.00,198203,159967,8.9287,2026-06-06 12:02:19.577001+00:00
688323,29.7100,30.1900,30.7600,28.8200,113736,338508224.00,52446,61290,6.3186,2026-06-06 12:02:19.577001+00:00
688325,124.7400,117.8100,127.9800,115.1000,29845,370907584.00,15951,13894,3.4647,2026-06-06 12:02:19.577001+00:00
688326,78.9300,79.8800,81.5000,76.7800,19675,154937424.00,9754,9922,1.6404,2026-06-06 12:02:19.577001+00:00
688327,12.5800,12.8400,13.0700,12.2800,323329,410151520.00,162618,160711,3.1090,2026-06-06 12:02:19.577001+00:00
688328,69.1200,70.1100,72.4400,68.2000,60133,423250560.00,28555,31579,6.3662,2026-06-06 12:02:19.577001+00:00
688329,22.8300,22.4100,23.1500,21.5300,15716,35104688.00,8488,7228,2.0358,2026-06-06 12:02:19.577001+00:00
688330,35.7100,36.0600,36.6900,35.4000,14469,52140784.00,6578,7892,1.0335,2026-06-06 12:02:19.577001+00:00
688331,101.5000,108.9900,110.0000,101.1500,105234,1094262784.00,50379,54856,1.8643,2026-06-06 12:02:19.577001+00:00
688332,87.6000,89.0000,90.1300,86.4500,35580,314145792.00,16781,18800,1.9934,2026-06-06 12:02:19.577001+00:00
688333,98.4000,100.0200,101.5000,96.0000,142638,1410673536.00,66931,75707,5.1997,2026-06-06 12:02:19.577001+00:00
688334,18.6200,18.6900,18.9400,18.3900,14505,27101284.00,8313,6193,0.4582,2026-06-06 12:02:19.577001+00:00
688335,28.9000,29.9300,29.9300,28.7200,26965,78761224.00,11289,15676,1.8215,2026-06-06 12:02:19.577001+00:00
688336,55.1900,57.7400,58.9900,55.0000,69851,394494880.00,29361,40491,1.1301,2026-06-06 12:02:19.577001+00:00
688337,65.9800,65.3300,70.1800,64.8000,73589,494900192.00,37013,36576,3.7957,2026-06-06 12:02:19.577001+00:00
688338,24.5500,24.5700,24.8700,23.9200,8203,20078784.00,4344,3860,0.7728,2026-06-06 12:02:19.577001+00:00
688339,21.1400,21.1900,21.6600,20.5700,36556,77057680.00,18899,17657,1.5198,2026-06-06 12:02:19.577001+00:00
688343,63.7600,63.9000,65.9900,62.2600,97222,622043776.00,47367,49856,2.7036,2026-06-06 12:02:19.577001+00:00
688345,49.5900,50.7900,50.9900,47.0800,22317,109443104.00,10421,11897,2.2063,2026-06-06 12:02:19.577001+00:00
688347,227.0000,234.0100,247.5000,224.0000,312402,7313810432.00,142797,169605,1.7979,2026-06-06 12:02:19.577001+00:00
688348,38.6800,38.8900,39.4500,37.2500,26450,101497240.00,12686,13764,1.6925,2026-06-06 12:02:19.577001+00:00
688349,18.5500,18.8100,18.9700,18.2500,70300,130938152.00,35018,35282,0.5732,2026-06-06 12:02:19.577001+00:00
688350,33.2400,34.2400,34.4800,32.6300,26613,89003856.00,12824,13790,1.8579,2026-06-06 12:02:19.577001+00:00
688351,23.4000,23.5000,23.9900,23.1800,51862,122265952.00,23597,28266,1.1020,2026-06-06 12:02:19.577001+00:00
688352,19.6600,21.0600,21.2000,19.4400,532593,1070878400.00,253269,279325,4.4792,2026-06-06 12:02:19.577001+00:00
688353,82.7300,81.9000,84.8000,79.5600,46490,383049888.00,23593,22897,2.9147,2026-06-06 12:02:19.577001+00:00
688355,18.7300,18.6800,19.2700,18.2100,16553,31046184.00,7457,9097,1.3354,2026-06-06 12:02:19.577001+00:00
688356,71.8900,73.0100,73.1500,71.1500,7481,54014800.00,4074,3408,1.2335,2026-06-06 12:02:19.577001+00:00
688357,28.7200,28.8800,29.2500,28.0800,9966,28575476.00,4512,5455,0.9960,2026-06-06 12:02:19.577001+00:00
688358,31.5900,30.9900,31.8800,30.8800,15099,47707656.00,7511,7588,1.3466,2026-06-06 12:02:19.577001+00:00
688359,135.1000,136.2200,141.3200,133.8000,44186,602830656.00,21804,22383,4.4747,2026-06-06 12:02:19.577001+00:00
688360,22.4900,22.0000,23.2000,21.3300,132100,294690976.00,71609,60491,5.0086,2026-06-06 12:02:19.577001+00:00
688361,199.9800,207.0000,211.2000,198.0000,87718,1789026048.00,37137,50581,2.5051,2026-06-06 12:02:19.577001+00:00
688362,57.6000,60.0400,61.4000,57.4200,334650,1991183872.00,145585,189065,8.1524,2026-06-06 12:02:19.577001+00:00
688363,34.8300,34.8700,35.6600,34.7100,30761,107872744.00,14958,15804,0.6386,2026-06-06 12:02:19.577001+00:00
688365,19.2400,19.5100,19.9700,18.8600,157290,305024256.00,74719,82571,3.6938,2026-06-06 12:02:19.577001+00:00
688366,32.8800,32.3400,33.0800,32.3400,5163,16935984.00,2121,3043,0.2245,2026-06-06 12:02:19.577001+00:00
688367,37.3900,33.2300,39.8800,33.2300,92930,346975584.00,53529,39401,10.6055,2026-06-06 12:02:19.577001+00:00
688368,213.3400,212.3300,227.0000,205.0500,35026,764998080.00,20346,14680,2.4037,2026-06-06 12:02:19.577001+00:00
688369,21.9700,20.6400,22.6200,20.5100,67403,146425904.00,42566,24837,5.8500,2026-06-06 12:02:19.577001+00:00
688370,21.9000,21.9800,22.2400,21.5100,6216,13595279.00,3048,3169,0.4534,2026-06-06 12:02:19.577001+00:00
688371,38.3800,38.8100,40.5000,37.8800,125813,491216288.00,57139,68674,3.7503,2026-06-06 12:02:19.577001+00:00
688372,145.7700,150.0000,153.2700,144.4000,58962,876338112.00,28695,30268,3.5078,2026-06-06 12:02:19.577001+00:00
688373,4.5900,4.5800,4.6500,4.4800,107536,49028840.00,54385,53151,1.6387,2026-06-06 12:02:19.577001+00:00
688375,93.9000,91.0200,98.2900,89.7900,103950,980196032.00,55752,48199,1.7441,2026-06-06 12:02:19.577001+00:00
688376,69.3400,70.0000,70.8000,68.6900,14242,99344672.00,7068,7175,1.0530,2026-06-06 12:02:19.577001+00:00
688377,29.0200,28.5000,29.7300,27.6000,50137,144630176.00,25054,25083,2.1465,2026-06-06 12:02:19.577001+00:00
688378,51.7500,50.5400,55.5500,50.0200,259857,1359836416.00,125902,133955,9.9400,2026-06-06 12:02:19.577001+00:00
688379,74.7900,74.0000,77.9200,72.2700,58449,439299648.00,28554,29896,6.1539,2026-06-06 12:02:19.577001+00:00
688380,43.5200,44.6000,44.9900,43.4000,78938,348473088.00,35676,43262,1.9717,2026-06-06 12:02:19.577001+00:00
688381,38.3300,41.3000,41.3500,38.1100,149076,589034560.00,76723,72354,6.0233,2026-06-06 12:02:19.577001+00:00
688382,17.5900,18.0000,18.3900,17.2200,147046,260089568.00,78050,68996,2.5371,2026-06-06 12:02:19.577001+00:00
688383,139.7000,140.5900,145.0000,136.0100,19944,278917760.00,8992,10953,1.9621,2026-06-06 12:02:19.577001+00:00
688385,55.6300,56.6400,57.4800,54.9100,167997,943091008.00,80385,87612,2.0395,2026-06-06 12:02:19.577001+00:00
688386,75.9100,76.1000,78.7900,74.5000,16426,125468120.00,8218,8208,1.6490,2026-06-06 12:02:19.577001+00:00
688387,16.9800,16.3000,18.1700,15.9700,1125624,1917693696.00,629728,495896,3.2925,2026-06-06 12:02:19.577001+00:00
688388,45.0400,46.0200,47.3100,44.4800,310393,1421028352.00,153148,157245,6.8117,2026-06-06 12:02:19.577001+00:00
688389,11.2300,11.1500,11.3300,11.0400,15685,17567760.00,7360,8326,0.3661,2026-06-06 12:02:19.577001+00:00
688390,116.8300,133.0800,135.0000,115.0100,209380,2549302272.00,108046,101335,8.6143,2026-06-06 12:02:19.577001+00:00
688391,30.6600,30.2400,31.6900,28.6700,27770,83645552.00,12665,15105,2.4024,2026-06-06 12:02:19.577001+00:00
688392,161.0100,163.0000,166.0000,157.1100,28347,459088736.00,13602,14746,2.4493,2026-06-06 12:02:19.577001+00:00
688393,20.6000,20.1000,20.9600,19.8100,17209,35165064.00,8359,8851,1.8392,2026-06-06 12:02:19.577001+00:00
688395,25.8300,25.6600,26.3400,24.9000,17547,44851764.00,9482,8066,2.0263,2026-06-06 12:02:19.577001+00:00
688396,66.5800,71.0100,71.1000,65.9900,461088,3168370176.00,223218,237870,3.4715,2026-06-06 12:02:19.577001+00:00
688398,28.0600,28.3200,28.8400,27.7200,16165,45696416.00,8627,7539,0.9633,2026-06-06 12:02:19.577001+00:00
688399,48.2800,49.3800,50.3800,47.3800,13335,64506128.00,6825,6510,1.5899,2026-06-06 12:02:19.577001+00:00
688400,57.4000,55.3600,59.2300,53.6000,293715,1664682112.00,144224,149491,6.1289,2026-06-06 12:02:19.577001+00:00
688401,73.0200,71.1400,77.6800,69.6300,79778,588325056.00,38575,41203,4.1261,2026-06-06 12:02:19.577001+00:00
688403,22.5000,19.8000,23.5000,19.0200,1363363,2987203328.00,773013,590351,13.7583,2026-06-06 12:02:19.577001+00:00
688408,31.8000,31.9100,32.8100,30.6200,64913,206245968.00,30365,34549,2.9632,2026-06-06 12:02:19.577001+00:00
688409,145.3000,143.8600,153.0800,140.3200,69507,1023515520.00,38442,31065,2.2699,2026-06-06 12:02:19.577001+00:00
688410,14.7500,14.8000,15.0500,14.3800,69184,101895152.00,35957,33228,2.1647,2026-06-06 12:02:19.577001+00:00
688411,260.0100,278.0600,278.4600,258.9700,71709,1904458880.00,32795,38915,3.9302,2026-06-06 12:02:19.577001+00:00
688416,113.2000,114.6800,119.0000,112.0000,37186,427752544.00,18312,18874,4.4708,2026-06-06 12:02:19.577001+00:00
688418,46.5600,45.6300,47.8000,44.5300,61746,286933376.00,32764,28983,3.2067,2026-06-06 12:02:19.577001+00:00
688419,46.8000,47.1000,48.2700,45.6800,28705,135013968.00,13006,15700,2.5059,2026-06-06 12:02:19.577001+00:00
688420,23.8600,23.4700,24.3300,23.1100,12514,29615364.00,6537,5978,1.4151,2026-06-06 12:02:19.577001+00:00
688425,4.3400,4.2900,4.4000,4.2700,179785,78148128.00,108801,70985,0.3371,2026-06-06 12:02:19.577001+00:00
688426,17.4700,17.2600,17.7300,16.9300,10317,17933744.00,5798,4519,0.9171,2026-06-06 12:02:19.577001+00:00
688428,21.4400,22.0600,22.3300,21.3800,69926,152238496.00,30979,38947,0.3963,2026-06-06 12:02:19.577001+00:00
688429,11.5600,11.6000,11.8200,11.2100,26026,29988896.00,13277,12749,0.6506,2026-06-06 12:02:19.577001+00:00
688432,19.8900,20.2000,20.7800,19.5000,254446,511054976.00,124172,130274,2.0351,2026-06-06 12:02:19.577001+00:00
688433,97.0000,98.8700,98.8700,93.6000,39105,373839488.00,20391,18715,0.9410,2026-06-06 12:02:19.577001+00:00
688435,38.0500,39.9100,39.9100,38.0000,25075,96644600.00,11028,14047,3.0030,2026-06-06 12:02:19.577001+00:00
688439,47.6700,48.6000,49.1000,46.7400,37095,177750480.00,17207,19889,1.8547,2026-06-06 12:02:19.577001+00:00
688443,22.5100,23.1500,23.3500,22.4800,40153,91442640.00,17592,22562,1.0950,2026-06-06 12:02:19.577001+00:00
688448,57.5100,57.1300,59.0100,56.1200,28628,165186448.00,13972,14657,2.9356,2026-06-06 12:02:19.577001+00:00
688449,70.3800,70.0000,73.7300,69.7200,134034,955281344.00,60722,73312,2.9138,2026-06-06 12:02:19.577001+00:00
688450,42.6600,44.1100,44.2800,41.5000,15443,65996384.00,8471,6972,2.3398,2026-06-06 12:02:19.577001+00:00
688455,19.9800,19.1300,20.1700,18.7500,30664,60160200.00,17815,12849,1.8249,2026-06-06 12:02:19.577001+00:00
688456,88.9000,91.0000,91.6000,87.0200,64140,574414272.00,33441,30699,6.1875,2026-06-06 12:02:19.577001+00:00
688458,38.0000,36.3100,39.7100,35.8000,41804,157641152.00,24139,17666,3.7480,2026-06-06 12:02:19.577001+00:00
688459,8.4900,8.3200,8.4900,8.3100,11935,10015527.00,6964,4971,0.2486,2026-06-06 12:02:19.577001+00:00
688466,15.7400,15.3800,16.0000,14.9700,13485,20914592.00,7165,6321,1.1039,2026-06-06 12:02:19.577001+00:00
688468,6.2500,6.2000,6.3500,6.1000,32518,20351586.00,14521,17997,0.8107,2026-06-06 12:02:19.577001+00:00
688469,7.3400,7.7000,7.7000,7.2800,2626277,1963412224.00,1249688,1376590,3.1330,2026-06-06 12:02:19.577001+00:00
688472,11.4500,11.8800,11.9200,11.3400,688383,795043392.00,332470,355913,1.8895,2026-06-06 12:02:19.577001+00:00
688475,27.8100,27.3600,28.5300,26.9600,41135,114029088.00,23883,17253,0.5223,2026-06-06 12:02:19.577001+00:00
688478,57.9100,58.0000,62.0500,56.0600,74209,433998304.00,34913,39296,5.3632,2026-06-06 12:02:19.577001+00:00
002134,26.5600,26.5100,29.3700,25.3600,224483,618699008.00,122830,101653,9.0606,2026-06-06 12:02:19.577001+00:00
688479,32.6200,32.3100,33.1300,32.0000,25681,83752504.00,12011,13671,1.2756,2026-06-06 12:02:19.577001+00:00
688480,90.5300,91.0000,92.8000,89.3500,14297,130152720.00,5736,8562,1.4998,2026-06-06 12:02:19.577001+00:00
688484,41.7500,42.2000,43.2700,40.6500,99193,416043456.00,51357,47836,2.3194,2026-06-06 12:02:19.577001+00:00
688485,52.2000,51.8500,54.3900,50.1000,50969,264741152.00,25687,25282,3.3913,2026-06-06 12:02:19.577001+00:00
688486,74.4800,73.5000,76.8500,72.1500,38731,290435936.00,18417,20314,2.8963,2026-06-06 12:02:19.577001+00:00
688488,13.7600,14.0400,14.2400,13.6000,41438,57430280.00,17490,23948,0.9848,2026-06-06 12:02:19.577001+00:00
688489,24.1000,24.2200,24.8300,23.1100,19944,47930084.00,9067,10877,1.1761,2026-06-06 12:02:19.577001+00:00
688496,1.1800,1.2700,1.2800,1.1300,212045,25748844.00,85344,126701,4.7121,2026-06-06 12:02:19.577001+00:00
688498,1320.7200,1374.0000,1448.6800,1300.0000,71918,9919549440.00,34189,37729,5.7765,2026-06-06 12:02:19.577001+00:00
688499,51.0000,50.5000,52.8800,48.3200,80336,407990432.00,44006,36330,4.7613,2026-06-06 12:02:19.577001+00:00
688500,48.2000,49.8100,49.9900,47.7000,19440,94590088.00,8869,10571,2.5818,2026-06-06 12:02:19.577001+00:00
688501,22.0700,21.4900,22.2900,21.3000,16825,36834228.00,8705,8121,1.3544,2026-06-06 12:02:19.577001+00:00
688502,453.9000,455.0000,485.0000,438.1000,20895,955670848.00,9795,11101,3.9574,2026-06-06 12:02:19.577001+00:00
688503,87.6600,89.0000,91.3200,86.0600,108239,959413952.00,52281,55958,4.4721,2026-06-06 12:02:19.577001+00:00
688505,6.9200,6.7500,6.9800,6.7500,37646,25931108.00,19467,18179,0.3632,2026-06-06 12:02:19.577001+00:00
688506,212.2900,217.0000,221.0100,210.1300,16759,358453120.00,8386,8374,0.4059,2026-06-06 12:02:19.577001+00:00
688507,191.4500,185.0000,197.7700,172.5300,121514,2242195712.00,64864,56651,13.6366,2026-06-06 12:02:19.577001+00:00
688508,83.2000,85.7400,85.7400,81.5000,77711,650229568.00,36730,40981,5.8685,2026-06-06 12:02:19.577001+00:00
688509,5.0300,5.0200,5.1000,4.8800,192967,96469576.00,90005,102962,2.5061,2026-06-06 12:02:19.577001+00:00
688510,27.5400,26.0200,28.6400,26.0200,118015,327269792.00,61790,56225,4.5474,2026-06-06 12:02:19.577001+00:00
688511,24.7600,24.8400,25.1100,23.9000,29739,73135544.00,12166,17573,2.2247,2026-06-06 12:02:19.577001+00:00
688512,13.2000,13.5000,13.6400,12.5800,184936,243334224.00,94312,90625,3.9614,2026-06-06 12:02:19.577001+00:00
688513,47.0000,47.7000,49.3100,46.3000,18416,87534720.00,8846,9571,1.0432,2026-06-06 12:02:19.577001+00:00
688515,214.0000,221.3000,233.8800,212.9800,71989,1611002752.00,33027,38962,8.9986,2026-06-06 12:02:19.577001+00:00
688516,58.3400,59.2000,59.8000,56.1500,135077,781516416.00,65883,69195,4.2837,2026-06-06 12:02:19.577001+00:00
688517,20.0200,19.9500,20.4900,19.2500,23689,47128628.00,11788,11902,1.7340,2026-06-06 12:02:19.577001+00:00
688518,26.8200,26.0300,28.2700,24.6600,282878,752658560.00,146327,136551,8.2876,2026-06-06 12:02:19.577001+00:00
688519,236.1000,243.0100,257.9000,235.8300,65197,1600215808.00,30830,34368,2.7770,2026-06-06 12:02:19.577001+00:00
688520,35.4000,35.7700,35.8700,35.0500,17459,61846628.00,8635,8825,0.3712,2026-06-06 12:02:19.577001+00:00
688521,225.2000,236.1000,238.2300,224.9900,227500,5269870080.00,100731,126770,4.3258,2026-06-06 12:02:19.577001+00:00
688522,21.3300,20.2300,21.8800,19.7600,88360,184544560.00,48845,39516,2.0838,2026-06-06 12:02:19.577001+00:00
688523,60.0900,58.2400,60.9800,57.3700,99828,593793792.00,51229,48599,2.4535,2026-06-06 12:02:19.577001+00:00
688525,311.0000,327.0000,333.0000,309.1100,481863,15507984384.00,178296,303568,10.2342,2026-06-06 12:02:19.577001+00:00
688526,12.5400,12.5700,12.6900,12.4500,9196,11533147.00,3673,5523,0.1973,2026-06-06 12:02:19.577001+00:00
688528,11.2400,10.6800,11.5400,10.5700,40036,44277264.00,21491,18545,2.3831,2026-06-06 12:02:19.577001+00:00
688529,18.1600,17.3100,18.8900,16.6500,30001,53290832.00,17115,12886,1.7839,2026-06-06 12:02:19.577001+00:00
688530,48.5500,48.0100,49.9500,47.0200,50746,246360560.00,25403,25343,3.1707,2026-06-06 12:02:19.577001+00:00
688531,195.1700,202.9600,215.0000,190.0000,78218,1575543040.00,38968,39251,4.7235,2026-06-06 12:02:19.577001+00:00
688533,24.9900,24.7800,25.7100,24.1600,13048,32536564.00,7955,5094,0.7909,2026-06-06 12:02:19.577001+00:00
688535,114.8000,115.2700,119.4500,113.5200,67209,782410624.00,31190,36020,4.7341,2026-06-06 12:02:19.577001+00:00
688536,293.0000,300.0000,308.9000,291.0000,42243,1260557568.00,21204,21039,3.0594,2026-06-06 12:02:19.577001+00:00
688538,2.4300,2.3900,2.5000,2.3600,1605610,391543168.00,840812,764798,1.1627,2026-06-06 12:02:19.577001+00:00
688539,31.8000,31.1500,32.2300,30.6600,49141,155666784.00,29795,19347,2.6431,2026-06-06 12:02:19.577001+00:00
688543,41.0200,41.1000,41.8900,40.3100,56282,231686784.00,28633,27649,2.2458,2026-06-06 12:02:19.577001+00:00
688545,86.1600,87.0000,90.7500,84.9100,167466,1467068800.00,80610,86856,4.6518,2026-06-06 12:02:19.577001+00:00
688548,28.1100,29.5000,30.1700,27.8500,314219,916026048.00,138406,175813,2.3815,2026-06-06 12:02:19.577001+00:00
688549,15.9900,15.5000,16.8000,15.3400,1063775,1707003008.00,517840,545936,7.2009,2026-06-06 12:02:19.577001+00:00
688550,43.3500,40.9700,45.8500,40.8300,105662,458713824.00,61497,44166,6.0780,2026-06-06 12:02:19.577001+00:00
688551,54.0800,57.0000,57.1100,53.2000,59505,324377344.00,27176,32329,5.4594,2026-06-06 12:02:19.577001+00:00
688552,29.5200,29.3000,29.9600,28.9300,37779,111376320.00,19243,18536,1.1202,2026-06-06 12:02:19.577001+00:00
688553,17.1200,16.4400,17.6400,16.4100,109345,185574576.00,61039,48306,2.5813,2026-06-06 12:02:19.577001+00:00
688556,10.9900,10.7800,11.2200,10.5600,405251,443404864.00,203096,202156,4.8780,2026-06-06 12:02:19.577001+00:00
688557,31.0500,30.4000,31.6400,29.7000,12641,38825980.00,6795,5846,1.2311,2026-06-06 12:02:19.577001+00:00
688558,33.2500,32.0000,34.1800,31.5500,26212,86596808.00,13794,12419,1.9858,2026-06-06 12:02:19.577001+00:00
688559,68.4600,62.0200,73.7000,60.1800,295838,2017593856.00,164458,131381,11.9406,2026-06-06 12:02:19.577001+00:00
688560,14.1200,14.1500,14.4400,13.7000,39639,55698828.00,19189,20451,1.9691,2026-06-06 12:02:19.577001+00:00
688561,25.8000,25.7000,26.2500,25.3200,50483,130175072.00,24974,25510,0.7399,2026-06-06 12:02:19.577001+00:00
688562,16.6800,16.4300,16.9000,16.2500,31421,52318396.00,16295,15126,0.7855,2026-06-06 12:02:19.577001+00:00
688563,50.2200,50.5600,51.1000,49.9200,31134,157474960.00,15589,15545,0.6919,2026-06-06 12:02:19.577001+00:00
688565,10.7700,10.5900,10.9800,10.2300,40357,42826760.00,22392,17966,2.6953,2026-06-06 12:02:19.577001+00:00
688566,24.0400,24.0000,24.4800,23.8100,8773,21165320.00,4344,4429,0.4399,2026-06-06 12:02:19.577001+00:00
688567,12.0100,12.1900,12.2900,11.5300,181389,216148592.00,86093,95297,1.4842,2026-06-06 12:02:19.577001+00:00
688568,45.9000,44.8600,46.9900,43.9100,157115,718370432.00,83488,73628,1.9443,2026-06-06 12:02:19.577001+00:00
688569,18.2600,18.1300,18.5700,17.9500,6968,12732433.00,3383,3585,0.3308,2026-06-06 12:02:19.577001+00:00
688570,15.9500,15.7900,16.1300,15.4800,12289,19400800.00,7051,5238,0.2838,2026-06-06 12:02:19.577001+00:00
688571,9.0600,8.8000,9.3900,8.2000,166907,146960512.00,92126,74781,3.9349,2026-06-06 12:02:19.577001+00:00
688573,19.8700,19.7000,20.3800,18.8800,29736,58437392.00,15397,14340,3.0419,2026-06-06 12:02:19.577001+00:00
688575,9.8700,9.7800,9.9700,9.6600,93403,91905704.00,45306,48098,1.6347,2026-06-06 12:02:19.577001+00:00
688576,69.2200,68.7300,70.2500,67.5000,3250,22371132.00,1689,1562,0.7143,2026-06-06 12:02:19.577001+00:00
688577,69.2000,66.0000,70.0000,63.3000,27012,180601472.00,12247,14765,2.4274,2026-06-06 12:02:19.577001+00:00
688578,84.2900,84.5000,85.8000,83.3900,41587,350300224.00,21357,20231,0.9242,2026-06-06 12:02:19.577001+00:00
688579,8.8700,8.6600,8.9600,8.5200,30137,26310916.00,17548,12589,0.7534,2026-06-06 12:02:19.577001+00:00
688580,50.7000,50.4600,51.7900,50.4600,13183,67274616.00,6310,6874,1.3765,2026-06-06 12:02:19.577001+00:00
688581,55.0200,53.8900,55.3900,53.8900,5778,31694678.00,2655,3124,0.7123,2026-06-06 12:02:19.577001+00:00
688582,47.5500,45.5600,48.4700,44.2000,85455,399051712.00,45080,40375,2.1271,2026-06-06 12:02:19.577001+00:00
688583,113.2100,114.1700,119.0000,109.8500,19445,222518736.00,8970,10476,2.1997,2026-06-06 12:02:19.577001+00:00
688584,25.6300,26.0700,26.9600,24.8300,165725,429663072.00,80750,84975,2.4765,2026-06-06 12:02:19.577001+00:00
688585,173.8900,177.9600,191.0000,169.6500,83421,1491048576.00,39526,43895,2.0681,2026-06-06 12:02:19.577001+00:00
688586,12.8500,13.0300,13.2000,12.6600,77626,100303152.00,36240,41386,0.9809,2026-06-06 12:02:19.577001+00:00
688588,10.1100,9.9800,10.3100,9.7600,40372,40603232.00,22850,17522,1.0093,2026-06-06 12:02:19.577001+00:00
688589,19.9800,20.0900,20.4300,18.9700,44753,88344824.00,22462,22292,3.0794,2026-06-06 12:02:19.577001+00:00
688590,14.5000,14.2100,14.9900,13.7100,170497,244929344.00,90855,79642,6.0564,2026-06-06 12:02:19.577001+00:00
688591,31.0000,30.8300,31.9900,29.7800,57132,176146992.00,32382,24751,2.3651,2026-06-06 12:02:19.577001+00:00
688592,40.0300,38.0000,41.0000,37.1500,19051,75113984.00,10079,8972,2.3677,2026-06-06 12:02:19.577001+00:00
688593,35.5500,36.4800,37.9900,35.0000,176425,643598720.00,83137,93288,3.8393,2026-06-06 12:02:19.577001+00:00
688595,39.9200,38.3700,42.4800,37.6100,142083,575723776.00,80333,61750,9.8605,2026-06-06 12:02:19.577001+00:00
688596,40.9000,39.0500,42.6300,37.8400,257763,1051067328.00,128620,129144,8.7635,2026-06-06 12:02:19.577001+00:00
688597,9.7100,9.3000,9.9800,9.1500,202424,194128288.00,120982,81442,6.0234,2026-06-06 12:02:19.577001+00:00
688598,34.2800,33.2000,35.2800,32.7900,171420,590810432.00,94269,77151,8.2583,2026-06-06 12:02:19.577001+00:00
688599,14.1400,14.5100,14.5200,13.9300,406636,577376320.00,199651,206985,1.7359,2026-06-06 12:02:19.577001+00:00
688600,26.6400,26.0000,27.5000,26.0000,35341,94904480.00,15656,19686,2.6235,2026-06-06 12:02:19.577001+00:00
688601,54.0900,55.3000,56.9900,53.2900,53916,296211648.00,25995,27921,4.0328,2026-06-06 12:02:19.577001+00:00
688602,7.1300,7.1500,7.3100,6.9500,92680,66128256.00,41609,51072,1.7845,2026-06-06 12:02:19.577001+00:00
688603,176.5000,166.1200,187.8800,161.7700,104518,1841552896.00,57695,46823,8.3799,2026-06-06 12:02:19.577001+00:00
688605,74.2000,71.6900,77.8000,70.4000,83119,622599936.00,49555,33565,4.1071,2026-06-06 12:02:19.577001+00:00
688606,49.6500,48.7800,50.2000,47.6600,5952,29322040.00,3061,2891,0.7507,2026-06-06 12:02:19.577001+00:00
688607,58.6000,59.0000,60.9300,58.3200,15548,92421032.00,6767,8782,1.7642,2026-06-06 12:02:19.577001+00:00
688608,162.2800,158.6600,162.9100,154.0400,44526,707291584.00,22794,21732,2.6395,2026-06-06 12:02:19.577001+00:00
688609,11.9000,11.8000,12.7900,11.0600,606068,728222016.00,323090,282978,11.6115,2026-06-06 12:02:19.577001+00:00
688610,200.7000,183.8500,213.9100,180.9500,23885,474453184.00,15301,8584,3.5125,2026-06-06 12:02:19.577001+00:00
688611,76.9500,76.1900,80.1300,74.5700,14710,113999424.00,6635,8076,0.9590,2026-06-06 12:02:19.577001+00:00
688612,37.0600,37.8500,38.2000,36.6000,68704,257242336.00,31533,37172,1.6390,2026-06-06 12:02:19.577001+00:00
688613,16.1600,16.2300,16.3800,15.7400,24194,38986748.00,11888,12307,1.7659,2026-06-06 12:02:19.577001+00:00
688615,124.9100,127.3000,128.9000,123.5100,40514,510067104.00,18551,21963,2.0670,2026-06-06 12:02:19.577001+00:00
688616,11.9600,11.8200,12.1400,11.4800,19881,23563252.00,9511,10370,1.1083,2026-06-06 12:02:19.577001+00:00
688617,201.5300,198.8900,202.6800,198.1000,9646,193773392.00,5060,4586,0.6816,2026-06-06 12:02:19.577001+00:00
688618,34.2100,33.7100,35.5600,33.3700,29192,100473648.00,14661,14531,2.6493,2026-06-06 12:02:19.577001+00:00
688619,17.3000,16.4200,17.8700,15.8700,83659,142134160.00,41907,41752,4.5114,2026-06-06 12:02:19.577001+00:00
688620,12.1500,11.8600,12.7900,11.2500,177442,214170304.00,91986,85456,4.5266,2026-06-06 12:02:19.577001+00:00
688621,50.5100,53.5800,53.7000,50.4000,19445,100141968.00,7320,12126,1.7362,2026-06-06 12:02:19.577001+00:00
688622,130.3900,135.7800,135.8800,125.0200,19377,250460896.00,9612,9765,2.7499,2026-06-06 12:02:19.577001+00:00
688623,96.6100,95.9100,97.9200,93.3300,6407,61168560.00,3271,3137,1.0833,2026-06-06 12:02:19.577001+00:00
688625,75.1000,75.0000,77.0000,72.1800,53951,405394144.00,25606,28345,2.0552,2026-06-06 12:02:19.577001+00:00
688626,50.1400,50.9900,51.2800,49.3600,13914,69764936.00,5893,8022,0.8696,2026-06-06 12:02:19.577001+00:00
688627,385.5600,379.0700,403.0100,379.0700,63065,2476923136.00,30705,32361,6.6999,2026-06-06 12:02:19.577001+00:00
688628,83.3800,84.0800,86.4500,81.4400,37858,316143840.00,17945,19914,3.3872,2026-06-06 12:02:19.577001+00:00
688629,134.9600,139.3500,144.8000,134.2100,207615,2895158784.00,95111,112505,4.5036,2026-06-06 12:02:19.577001+00:00
688630,379.0000,395.0000,408.5000,373.0100,82314,3216911360.00,36273,46042,6.2482,2026-06-06 12:02:19.577001+00:00
688631,47.3800,46.7600,48.4900,45.7100,18482,86843536.00,9638,8844,1.1306,2026-06-06 12:02:19.577001+00:00
688633,29.8000,28.9900,30.8700,27.7600,120351,355382688.00,59990,60361,7.5686,2026-06-06 12:02:19.577001+00:00
688635,598.0000,633.0000,649.4300,595.0000,47466,2930788608.00,20133,27333,5.0674,2026-06-06 12:02:19.577001+00:00
688636,36.6200,35.2800,37.2700,34.6600,54541,197738032.00,27122,27420,3.1362,2026-06-06 12:02:19.577001+00:00
688638,35.1100,34.5700,35.9800,33.3400,8170,28418192.00,4821,3349,1.4589,2026-06-06 12:02:19.577001+00:00
688639,21.8700,22.0100,22.3000,21.4200,52356,114637152.00,25688,26668,2.0933,2026-06-06 12:02:19.577001+00:00
688646,64.6300,67.7100,67.8000,64.0800,11714,76981008.00,3922,7792,1.2440,2026-06-06 12:02:19.577001+00:00
688648,39.0000,38.4500,39.8800,37.3100,20690,80165536.00,11062,9629,1.5213,2026-06-06 12:02:19.577001+00:00
688651,34.1100,34.0000,34.8000,32.7000,11350,38468596.00,6013,5337,1.5053,2026-06-06 12:02:19.577001+00:00
688652,128.2700,130.3000,133.2500,127.5000,55418,721003456.00,28057,27362,3.2987,2026-06-06 12:02:19.577001+00:00
688653,13.8800,14.0000,14.2300,13.4500,110419,153250320.00,59394,51025,2.6013,2026-06-06 12:02:19.577001+00:00
688655,54.6800,56.2000,58.4900,54.0100,124417,694998528.00,62272,62145,9.3273,2026-06-06 12:02:19.577001+00:00
688656,103.4200,105.0300,105.5000,102.5200,3597,37257904.00,1483,2115,0.5666,2026-06-06 12:02:19.577001+00:00
688657,36.4000,36.1700,36.7800,35.8300,10565,38376392.00,5613,4953,1.1072,2026-06-06 12:02:19.577001+00:00
002135,7.4500,7.0200,7.7000,7.0200,395149,292888000.00,232476,162674,0.0000,2026-06-06 12:02:19.577001+00:00
002137,10.3500,10.2400,10.9500,10.2400,1151474,1216822528.00,580986,570489,19.9388,2026-06-06 12:02:19.577001+00:00
002138,55.6100,51.2000,55.6100,48.8000,811177,4303363584.00,350584,460593,10.0603,2026-06-06 12:02:19.577001+00:00
002139,10.1200,9.8500,10.4800,9.5500,367974,368397248.00,204168,163807,2.9513,2026-06-06 12:02:19.577001+00:00
002140,10.0700,10.0900,10.2000,9.9200,54680,55080092.00,25917,28764,0.7723,2026-06-06 12:02:19.577001+00:00
002150,27.2100,28.6000,28.6400,27.0300,159844,438618400.00,76209,83636,4.4294,2026-06-06 12:02:19.577001+00:00
002151,34.9400,34.3500,35.4700,33.8900,224089,780689024.00,115530,108560,4.1275,2026-06-06 12:02:19.577001+00:00
002152,10.1700,10.1400,10.3200,10.0600,179790,183448624.00,94026,85765,0.7240,2026-06-06 12:02:19.577001+00:00
002154,4.0200,3.9900,4.0900,3.9800,247200,100004552.00,132984,114217,1.6939,2026-06-06 12:02:19.577001+00:00
002157,3.0400,3.0500,3.0800,3.0200,1313043,399510304.00,536015,777028,1.4195,2026-06-06 12:02:19.577001+00:00
002160,4.3900,4.3800,4.5000,4.3300,242381,107190416.00,141461,100920,2.3469,2026-06-06 12:02:19.577001+00:00
002161,6.0300,6.0100,6.2000,5.9400,156724,95415632.00,86437,70287,2.1186,2026-06-06 12:02:19.577001+00:00
002163,9.8600,9.7700,10.0600,9.6900,212010,209820048.00,101890,110120,2.5091,2026-06-06 12:02:19.577001+00:00
688658,13.7300,16.1300,16.2700,13.3000,384138,546207040.00,184752,199386,8.5364,2026-06-06 12:02:19.577001+00:00
688659,10.0000,9.8800,10.2900,9.4800,50994,50286712.00,26571,24424,3.1871,2026-06-06 12:02:19.577001+00:00
688660,9.8600,10.3000,10.3000,9.8600,171936,172134080.00,77163,94774,1.2895,2026-06-06 12:02:19.577001+00:00
688661,120.1800,123.5100,126.6900,119.6800,50193,618535680.00,23136,27058,3.3046,2026-06-06 12:02:19.577001+00:00
688662,88.7600,93.6800,94.6600,87.7000,52056,471944864.00,21197,30860,5.8994,2026-06-06 12:02:19.577001+00:00
688663,88.3700,93.0100,93.8800,87.6700,39879,360588192.00,16773,23106,2.8188,2026-06-06 12:02:19.577001+00:00
688665,50.5800,50.2000,51.8700,48.0100,9862,49342208.00,4578,5285,0.9746,2026-06-06 12:02:19.577001+00:00
688667,109.6500,111.5000,112.5000,107.0000,18784,206622240.00,9750,9035,3.5646,2026-06-06 12:02:19.577001+00:00
688668,395.9700,386.8400,428.0000,380.5200,95311,3864556800.00,52507,42805,6.8436,2026-06-06 12:02:19.577001+00:00
688687,16.6200,16.3200,16.8200,16.1500,23865,39422212.00,12999,10866,1.3961,2026-06-06 12:02:19.577001+00:00
688690,42.0300,41.4500,44.5000,41.0700,221586,949734976.00,102811,118775,5.4873,2026-06-06 12:02:19.577001+00:00
688691,95.1000,96.5000,101.0000,94.3600,64483,628128256.00,28514,35969,5.3736,2026-06-06 12:02:19.577001+00:00
688697,20.9100,20.3700,21.6000,19.3000,122077,250217424.00,58526,63551,2.6693,2026-06-06 12:02:19.577001+00:00
688698,66.5100,64.3800,69.8800,60.6900,101843,664334784.00,53198,48645,4.7585,2026-06-06 12:02:19.577001+00:00
688699,57.1500,57.2000,59.2000,55.5100,33190,189688224.00,17053,16137,3.0155,2026-06-06 12:02:19.577001+00:00
688707,15.1700,14.8500,15.5700,14.3300,226545,340474624.00,117616,108929,4.4531,2026-06-06 12:02:19.577001+00:00
688709,33.1800,33.5000,33.9400,32.0000,77770,257452000.00,38444,39326,1.2212,2026-06-06 12:02:19.577001+00:00
688710,56.9600,58.6400,59.2000,56.3300,14520,83709888.00,7401,7120,1.0299,2026-06-06 12:02:19.577001+00:00
688711,33.5300,33.1000,35.2000,32.1300,140848,471608192.00,70829,70020,6.6097,2026-06-06 12:02:19.577001+00:00
688712,38.7100,39.3000,39.5800,38.5000,19565,76189544.00,8752,10814,0.4692,2026-06-06 12:02:19.577001+00:00
688716,33.5200,31.6000,34.2000,30.0500,55130,180437008.00,31764,23367,4.5307,2026-06-06 12:02:19.577001+00:00
688717,97.6900,103.1300,103.8500,97.5000,56776,565560128.00,25618,31158,3.5485,2026-06-06 12:02:19.577001+00:00
688718,14.8100,14.5500,15.0600,14.0700,27228,39867512.00,14080,13148,1.5670,2026-06-06 12:02:19.577001+00:00
688719,78.7800,83.5000,87.8300,78.5000,66081,543332928.00,30213,35868,5.7270,2026-06-06 12:02:19.577001+00:00
688720,92.5000,93.7900,96.6600,90.7300,37258,347791008.00,16608,20651,4.2275,2026-06-06 12:02:19.577001+00:00
688721,42.7000,41.5000,44.3800,40.6500,29050,123223776.00,15364,13687,2.1760,2026-06-06 12:02:19.577001+00:00
688722,16.5800,15.9800,16.9500,15.5200,58044,94842320.00,31342,26702,2.5836,2026-06-06 12:02:19.577001+00:00
688726,61.6000,59.0200,63.1800,58.0100,189209,1149715968.00,98061,91149,4.6681,2026-06-06 12:02:19.577001+00:00
688727,51.3500,49.6000,53.1100,47.9000,70045,358075680.00,35158,34887,1.5589,2026-06-06 12:02:19.577001+00:00
688728,13.8000,13.7300,14.2000,13.2300,289280,397472800.00,144623,144657,1.1124,2026-06-06 12:02:19.577001+00:00
688729,23.9000,24.5000,24.6800,23.4000,128845,310169216.00,62640,66205,0.4359,2026-06-06 12:02:19.577001+00:00
688733,36.2500,36.5600,37.5900,34.2600,120343,431168416.00,59289,61054,6.0239,2026-06-06 12:02:19.577001+00:00
688737,25.0000,24.9800,25.5200,24.3200,17745,44200744.00,8546,9200,1.4841,2026-06-06 12:02:19.577001+00:00
688739,20.9200,20.5100,21.0800,20.5100,18836,39158804.00,11415,7421,0.4523,2026-06-06 12:02:19.577001+00:00
688750,16.6600,16.5100,16.9500,16.2700,26903,44801816.00,14310,12594,0.5817,2026-06-06 12:02:19.577001+00:00
900946,0.1810,0.1770,0.1830,0.1770,2709,48683.00,1922,787,0.0000,2026-06-06 12:02:19.577001+00:00
900947,0.2530,0.2530,0.2560,0.2530,12914,327601.00,7177,5738,0.0000,2026-06-06 12:02:19.577001+00:00
900948,2.6770,2.7600,2.7600,2.6710,27630,7458371.00,13472,14158,0.0943,2026-06-06 12:02:19.577001+00:00
002099,5.5800,5.7900,5.8400,5.5500,285752,161695744.00,133381,152371,1.7653,2026-06-06 12:02:19.577001+00:00
002100,6.4000,6.4400,6.5200,6.3000,140364,90018952.00,62744,77621,1.0281,2026-06-06 12:02:19.577001+00:00
002101,8.9100,8.8100,9.0200,8.6800,80401,71213704.00,46209,34193,1.2130,2026-06-06 12:02:19.577001+00:00
002102,2.2700,2.2600,2.2900,2.2300,118113,26780192.00,53904,64209,0.4771,2026-06-06 12:02:19.577001+00:00
002103,6.7000,6.6000,6.7800,6.5600,67366,44996196.00,38335,29032,1.2609,2026-06-06 12:02:19.577001+00:00
002104,11.8300,11.7600,12.0200,11.6700,221185,262745920.00,117875,103311,3.1225,2026-06-06 12:02:19.577001+00:00
002106,13.5200,12.6800,14.0600,12.6400,815063,1100065280.00,455903,359161,11.5478,2026-06-06 12:02:19.577001+00:00
002107,6.2200,6.2200,6.4100,6.1900,90517,56928288.00,44067,46451,1.5682,2026-06-06 12:02:19.577001+00:00
002108,4.7500,4.7000,4.8000,4.6200,426300,202053792.00,214717,211584,2.5858,2026-06-06 12:02:19.577001+00:00
002109,2.8200,2.8400,2.8800,2.8100,78279,22211180.00,31525,46755,0.6133,2026-06-06 12:02:19.577001+00:00
002110,3.0700,3.0500,3.1100,3.0400,144667,44499324.00,72401,72267,0.5956,2026-06-06 12:02:19.577001+00:00
002111,10.0200,9.9500,10.1300,9.8300,66782,66811104.00,34463,32320,1.2553,2026-06-06 12:02:19.577001+00:00
002112,17.6700,17.6800,17.9900,17.1700,126115,221788800.00,69526,56590,4.2877,2026-06-06 12:02:19.577001+00:00
002115,12.3000,12.0400,12.6800,11.9100,869478,1078518912.00,477632,391847,10.7212,2026-06-06 12:02:19.577001+00:00
002116,8.9800,8.8600,9.0600,8.8600,19319,17375468.00,10006,9313,0.4148,2026-06-06 12:02:19.577001+00:00
002117,9.2300,9.1500,9.3400,9.1000,80192,73987008.00,44531,35661,1.5312,2026-06-06 12:02:19.577001+00:00
002119,24.8300,24.3000,25.5800,23.9200,490655,1223576576.00,266223,224432,13.0742,2026-06-06 12:02:19.577001+00:00
002120,6.7400,6.6700,6.8000,6.6600,288100,194310736.00,149709,138392,0.9937,2026-06-06 12:02:19.577001+00:00
002121,6.9400,7.0300,7.2000,6.7200,463189,323501184.00,227805,235385,2.7889,2026-06-06 12:02:19.577001+00:00
002122,2.6100,2.5900,2.6400,2.5800,141635,36968620.00,59706,81930,0.0000,2026-06-06 12:02:19.577001+00:00
002123,8.0100,7.9600,8.1300,7.8000,157505,125557680.00,90911,66594,1.9556,2026-06-06 12:02:19.577001+00:00
002124,2.3800,2.4100,2.4700,2.3400,838468,199429184.00,385609,452859,3.7736,2026-06-06 12:02:19.577001+00:00
002692,4.5100,4.5100,4.6100,4.3700,208261,94029856.00,97244,111017,2.9000,2026-06-06 12:02:19.577001+00:00
002731,0.0000,0.0000,0.0000,0.0000,0,0.00,0,0,0.0000,2026-06-06 12:02:19.577001+00:00
002808,0.0000,0.0000,0.0000,0.0000,0,0.00,0,0,0.0000,2026-06-06 12:02:19.577001+00:00
002875,18.6100,19.4700,19.5600,18.4700,116950,220079088.00,57817,59133,0.0000,2026-06-06 12:02:19.577001+00:00
300261,4.9800,4.9100,5.0100,4.8500,99434,49180568.00,53746,45688,1.0322,2026-06-06 12:02:19.577001+00:00
300877,28.3600,29.1800,29.4800,27.8000,31073,88342672.00,15764,15309,2.5894,2026-06-06 12:02:19.577001+00:00
301429,19.5500,19.0800,19.8000,18.7300,12304,23743800.00,6339,5965,1.0408,2026-06-06 12:02:19.577001+00:00
301581,49.0600,48.3200,49.9500,46.0900,19174,91704216.00,8923,10252,2.3967,2026-06-06 12:02:19.577001+00:00
301600,99.3000,101.0000,102.2100,98.5100,9186,91956152.00,4337,4850,0.8788,2026-06-06 12:02:19.577001+00:00
600561,5.8800,5.7500,5.9800,5.6100,58437,33907032.00,30215,28222,2.0542,2026-06-06 12:02:19.577001+00:00
600599,0.5000,0.4900,0.5100,0.4800,64414,3192336.00,41288,23126,3.8804,2026-06-06 12:02:19.577001+00:00
603041,12.2200,11.9900,12.3700,11.6900,36310,43862636.00,19511,16800,1.9826,2026-06-06 12:02:19.577001+00:00
603111,6.3100,6.2100,6.3800,6.1900,55520,34983448.00,32984,22536,0.6441,2026-06-06 12:02:19.577001+00:00
688060,38.0000,38.0000,38.9800,37.0200,3343,12686590.00,1751,1592,0.5554,2026-06-06 12:02:19.577001+00:00
688121,6.4800,0.0000,0.0000,0.0000,0,0.00,0,0,0.0000,2026-06-06 12:02:19.577001+00:00
688219,11.1800,10.8900,11.4100,10.5000,88086,96631536.00,43166,44920,1.6027,2026-06-06 12:02:19.577001+00:00
688287,0.3500,0.3400,0.3600,0.3400,135749,4743312.00,66683,69066,3.6638,2026-06-06 12:02:19.577001+00:00
688669,44.5000,43.5000,44.9900,42.5000,42790,187559440.00,18842,23948,3.5266,2026-06-06 12:02:19.577001+00:00
688670,15.8500,15.4600,16.3900,15.3900,16063,25280990.00,7448,8615,1.3038,2026-06-06 12:02:19.577001+00:00
688671,25.6500,24.4600,26.2100,23.9600,29398,74199904.00,16497,12902,3.7441,2026-06-06 12:02:19.577001+00:00
688676,89.9200,95.0900,95.0900,88.0000,208112,1895557248.00,90374,117738,4.5263,2026-06-06 12:02:19.577001+00:00
688677,132.5800,143.0000,143.0000,128.4900,58401,781403712.00,28940,29461,4.8717,2026-06-06 12:02:19.577001+00:00
688678,22.3600,22.0000,23.0500,21.4700,170739,380526624.00,93218,77522,4.2356,2026-06-06 12:02:19.577001+00:00
688679,55.5300,55.0100,56.7900,53.7800,21516,118810144.00,9989,11528,1.6338,2026-06-06 12:02:19.577001+00:00
688680,43.6600,44.0000,44.8800,42.7900,27338,120201952.00,14494,12845,2.8019,2026-06-06 12:02:19.577001+00:00
688681,16.5100,16.2900,16.8500,15.9800,18852,30974852.00,10463,8389,1.8011,2026-06-06 12:02:19.577001+00:00
688682,42.9200,40.6900,44.6000,39.8100,41066,172509840.00,23257,17809,4.0324,2026-06-06 12:02:19.577001+00:00
688683,37.6800,37.6000,38.2900,36.0800,18431,68935216.00,9800,8631,1.1441,2026-06-06 12:02:19.577001+00:00
688685,49.3800,49.6600,50.9900,48.2200,36519,180953632.00,18584,17935,2.4868,2026-06-06 12:02:19.577001+00:00
688686,137.9600,134.9000,143.0000,129.1400,37673,511314656.00,17027,20646,3.0820,2026-06-06 12:02:19.577001+00:00
688755,35.0700,35.2400,35.5600,34.7400,3971,13932018.00,1178,2793,0.0065,2026-06-06 00:45:55.572737+00:00
688757,42.1800,39.4500,43.6600,37.1500,178217,735886656.00,103036,75182,0.0983,2026-06-06 00:45:55.572737+00:00
688689,40.4200,39.6000,41.4400,39.1100,23849,96424656.00,11943,11907,1.8501,2026-06-06 12:02:19.577001+00:00
688692,265.0000,273.0000,276.0200,262.3000,24021,646981312.00,9774,14248,2.1212,2026-06-06 12:02:19.577001+00:00
688693,100.4000,104.4000,104.4000,97.9600,27496,276338528.00,13660,13837,3.7316,2026-06-06 12:02:19.577001+00:00
688695,20.9000,20.4700,21.2700,20.0000,15243,31518024.00,7784,7460,1.7922,2026-06-06 12:02:19.577001+00:00
688696,72.0000,73.3000,73.3700,71.7700,9953,72199488.00,3754,6199,1.4215,2026-06-06 12:02:19.577001+00:00
688700,87.8000,91.4100,93.4600,87.1000,154288,1390598656.00,81539,72749,5.1705,2026-06-06 12:02:19.577001+00:00
688701,9.2600,9.1300,9.5600,8.9000,30260,27856706.00,14138,16123,2.2535,2026-06-06 12:02:19.577001+00:00
688702,263.0200,267.0000,278.8000,262.0100,55855,1502820736.00,25128,30727,1.3623,2026-06-06 12:02:19.577001+00:00
688708,47.6800,47.0700,48.3800,46.0300,17915,85254416.00,9326,8589,0.4479,2026-06-06 12:02:19.577001+00:00
999997,274.5200,278.0800,278.0800,274.0700,361220,147393152.00,163759,197463,0.0000,2026-06-06 12:02:19.577001+00:00
999998,4223.7700,4241.6700,4277.5200,4210.4400,662434266,1363291013120.00,326716731,335840633,0.0000,2026-06-06 12:02:19.577001+00:00
999999,4027.7400,4044.8300,4078.9300,4015.0600,662918577,1363887915008.00,326880490,336038096,0.0000,2026-06-06 12:02:19.577001+00:00
