股票代码,股票名称,交易日期,开盘价,最高价,最低价,收盘价,成交量,成交额(万元)
000001,平安银行,2026-06-05,10.8300,11.0300,10.8300,10.9800,1003503,110184.63
000002,万 科Ａ,2026-06-05,3.2500,3.3700,3.2300,3.2500,1644371,53442.06
000006,深振业Ａ,2026-06-05,8.4100,8.6900,8.2100,8.5100,347372,29561.36
000007,全新好,2026-06-05,12.4300,12.5500,12.1300,12.3100,84727,10429.89
000008,神州高铁,2026-06-05,2.5700,2.6000,2.5600,2.5900,213548,5530.89
000009,中国宝安,2026-06-05,7.1500,7.3400,7.0200,7.1900,256012,18407.26
000010,*ST美丽,2026-06-05,2.1000,2.2600,2.1000,2.2600,227961,5151.92
000011,深物业A,2026-06-05,7.1900,7.6000,7.1900,7.5800,63618,4822.24
000012,南 玻Ａ,2026-06-05,4.1600,4.5400,4.0700,4.3800,1282677,56181.25
000014,沙河股份,2026-06-05,10.4600,10.8000,10.4000,10.6700,56923,6073.68
000016,*ST康佳A,2026-06-05,3.2000,3.2400,3.1700,3.1800,206801,6576.27
000017,深中华A,2026-06-05,5.2400,5.4100,5.2100,5.3200,92131,4901.37
000019,深粮控股,2026-06-05,6.3700,6.4600,6.3600,6.4200,80900,5193.78
000020,深华发Ａ,2026-06-05,12.3800,12.6100,12.0000,12.4600,39953,4978.14
000021,深科技,2026-06-05,38.6800,39.3000,37.6800,38.1300,1362653,519579.59
000025,特 力Ａ,2026-06-05,14.9500,15.7500,14.9500,15.2800,83371,12739.09
000026,飞亚达,2026-06-05,21.3600,23.2500,21.0100,22.5600,199884,45093.83
000027,深圳能源,2026-06-05,7.7700,7.9300,7.2500,7.2900,942947,68740.84
000028,国药一致,2026-06-05,22.6400,22.9200,22.6400,22.7900,17191,3917.83
000029,深深房Ａ,2026-06-05,23.3000,23.5800,22.9100,23.0900,50542,11670.15
000030,富奥股份,2026-06-05,4.5000,4.5800,4.4900,4.5200,74094,3349.05
000031,大悦城,2026-06-05,2.5300,2.8200,2.5300,2.6500,1087542,28819.86
000032,深桑达Ａ,2026-06-05,16.4600,16.4800,15.9000,15.9000,229122,36430.40
000034,神州数码,2026-06-05,24.7000,25.2900,23.9900,24.4400,370716,90602.99
000035,中国天楹,2026-06-05,5.6900,5.7100,5.4800,5.5100,426149,23480.81
000036,华联控股,2026-06-05,5.1000,5.1900,5.0300,5.1100,243105,12422.67
000037,深南电A,2026-06-05,11.4100,11.8100,10.8500,10.9500,433038,47417.66
000039,中集集团,2026-06-05,10.1200,10.2300,9.7700,9.8700,331634,32732.28
000042,中洲控股,2026-06-05,9.9800,10.1400,9.8700,9.9700,54307,5414.41
000045,深纺织Ａ,2026-06-05,11.2000,11.7900,11.1800,11.5400,89977,10383.35
000048,京基智农,2026-06-05,14.4300,14.6600,13.8700,14.1000,174912,24662.59
000049,德赛电池,2026-06-05,24.6500,24.8900,23.9300,24.4600,82445,20166.05
000050,深天马Ａ,2026-06-05,8.1300,9.0600,8.0600,8.6100,1088009,93677.57
000055,方大集团,2026-06-05,3.7100,3.8900,3.6000,3.6700,591142,21694.91
000056,*ST皇庭,2026-06-05,1.7900,1.8400,1.7600,1.8400,539621,9929.03
000058,深 赛 格,2026-06-05,7.0000,7.1800,6.9900,7.0700,89955,6359.82
000059,华锦股份,2026-06-05,4.6100,4.7300,4.5800,4.6300,244760,11332.39
000060,中金岭南,2026-06-05,7.7000,7.7500,7.3800,7.4500,2718313,202514.32
000061,农 产 品,2026-06-05,6.2300,6.3200,6.1800,6.2100,138557,8604.39
000062,深圳华强,2026-06-05,32.4700,34.8400,32.1200,33.6600,800151,269330.83
000063,中兴通讯,2026-06-05,37.5800,41.3000,37.0500,39.1300,4637054,1814479.23
000065,北方国际,2026-06-05,12.7100,12.9800,12.2400,12.4000,273556,33920.94
000066,中国长城,2026-06-05,17.7400,17.7400,16.9800,17.0500,1707095,291059.70
000068,华控赛格,2026-06-05,3.2500,3.5600,3.2400,3.5600,909668,32384.18
000069,华侨城Ａ,2026-06-05,1.9000,1.9900,1.9000,1.9300,585031,11291.10
000070,特发信息,2026-06-05,18.5400,20.3800,18.5400,19.9200,1786816,355933.75
000078,ST海王,2026-06-05,1.6900,1.7700,1.6400,1.7700,1385368,24521.01
000088,盐 田 港,2026-06-05,4.3900,4.4300,4.3800,4.3900,163984,7198.90
000089,深圳机场,2026-06-05,6.5300,6.6500,6.5300,6.5800,76278,5019.09
000090,天健集团,2026-06-05,3.6100,3.8300,3.4900,3.5100,729019,25588.57
000096,广聚能源,2026-06-05,8.0100,8.1800,7.9400,8.1000,56668,4590.11
000099,中信海直,2026-06-05,15.1500,15.4700,14.8100,15.2000,96182,14619.66
000100,TCL科技,2026-06-05,4.8900,5.1500,4.8200,4.8900,18851179,921822.65
000151,中成股份,2026-06-05,14.1000,14.2500,13.6700,13.9100,182892,25440.28
000153,丰原药业,2026-06-05,5.5100,5.7300,5.5100,5.6000,63620,3562.72
000155,川能动力,2026-06-05,13.6000,13.8200,13.2400,13.3700,405830,54259.47
000156,华数传媒,2026-06-05,6.6700,6.7900,6.6600,6.7000,84423,5656.34
000157,中联重科,2026-06-05,7.3700,7.5900,7.3600,7.5200,1060948,79783.29
000158,常山北明,2026-06-05,14.5200,14.9500,14.3600,14.5500,225739,32845.02
000159,国际实业,2026-06-05,6.8800,7.0700,6.8300,7.0000,377308,26411.56
000166,申万宏源,2026-06-05,4.3100,4.4000,4.3100,4.3300,866752,37530.36
000301,东方盛虹,2026-06-05,11.7000,12.1900,11.5800,11.8500,156009,18487.07
000333,美的集团,2026-06-05,82.3000,83.3000,81.6000,81.6900,209494,171135.65
000338,潍柴动力,2026-06-05,34.3100,34.3800,30.9000,31.1200,1523092,473986.23
000400,许继电气,2026-06-05,24.0900,24.0900,23.0100,23.1900,315821,73238.89
000401,金隅冀东,2026-06-05,3.9200,4.0000,3.9200,3.9500,58528,2311.86
000402,金 融 街,2026-06-05,2.9000,3.0700,2.9000,2.9300,869538,25477.46
000403,派林生物,2026-06-05,12.8500,13.1500,12.6200,12.7300,137505,17504.39
000404,长虹华意,2026-06-05,8.0400,8.3300,7.9700,8.2200,181465,14916.42
000407,胜利股份,2026-06-05,4.1900,4.2200,4.1300,4.1800,160035,6689.46
000408,藏格矿业,2026-06-05,77.6500,78.9800,75.8200,76.0800,95135,72378.71
000409,云鼎科技,2026-06-05,9.4700,9.5900,9.3500,9.5500,60183,5747.48
000410,沈阳机床,2026-06-05,5.2000,5.3800,5.1700,5.2700,238328,12559.89
000411,英特集团,2026-06-05,11.6900,11.8600,11.3600,11.3900,135786,15466.03
000415,渤海租赁,2026-06-05,3.9200,4.0900,3.8400,3.8900,735820,28623.40
000417,合百集团,2026-06-05,7.7500,7.8900,7.4600,7.5000,581172,43587.90
000419,通程控股,2026-06-05,5.0300,5.1600,5.0200,5.1100,70850,3620.44
000420,吉林化纤,2026-06-05,4.3600,4.5800,4.3400,4.4800,1125504,50422.58
000421,南京公用,2026-06-05,5.7500,5.8300,5.7000,5.7600,57537,3314.13
000422,湖北宜化,2026-06-05,13.3600,13.4800,13.1500,13.2300,237235,31386.19
000423,东阿阿胶,2026-06-05,48.5900,50.2200,48.5000,49.6000,73744,36577.02
000425,徐工机械,2026-06-05,9.5000,9.7700,9.4300,9.5200,1231068,117197.67
000426,兴业银锡,2026-06-05,39.6800,39.9000,37.8300,38.0800,647722,246652.54
000428,华天酒店,2026-06-05,3.5000,3.5900,3.4900,3.5500,130296,4625.51
000429,粤高速Ａ,2026-06-05,13.7400,13.9200,13.6400,13.7800,42837,5902.94
000430,张家界,2026-06-05,8.3000,8.5800,8.2600,8.3500,234089,19546.43
000488,ST晨鸣,2026-06-05,2.1400,2.1800,2.1300,2.1500,106728,2294.65
000498,山东路桥,2026-06-05,5.1300,5.2000,5.1200,5.1600,71224,3675.16
000501,武商集团,2026-06-05,7.2000,7.5700,7.2000,7.2700,104202,7575.49
000503,国新健康,2026-06-05,7.0100,7.1600,6.9300,7.0900,143068,10143.52
000504,*ST生物,2026-06-05,8.8100,8.8100,8.5200,8.5200,55017,4687.45
000505,京粮控股,2026-06-05,5.7900,5.9000,5.7300,5.7600,68740,3959.42
000506,招金黄金,2026-06-05,13.9500,14.4000,13.8700,14.2000,312388,44359.10
000507,珠海港,2026-06-05,5.2500,5.3100,5.0900,5.1200,225893,11565.72
000509,华塑控股,2026-06-05,4.7100,5.0000,4.3700,4.7600,1728057,82255.51
000510,中证A500,2026-06-05,18.6500,19.1400,18.1700,18.5000,416173,76992.01
000513,丽珠集团,2026-06-05,30.3600,30.9700,30.3200,30.6600,37281,11430.35
000514,渝 开 发,2026-06-05,4.3500,4.5500,4.3500,4.3900,112570,4941.82
000516,国际医学,2026-06-05,4.0900,4.2000,4.0900,4.1300,159851,6601.85
000517,荣安地产,2026-06-05,1.9300,2.1200,1.9200,2.1200,549312,11645.41
000518,四环生物,2026-06-05,3.6500,3.7800,3.5000,3.5000,1124177,39346.20
000519,中兵红箭,2026-06-05,19.4800,20.1900,19.1100,19.2600,725141,139662.16
000520,凤凰航运,2026-06-05,4.2600,4.6000,4.2600,4.6000,390264,17952.14
000521,长虹美菱,2026-06-05,5.7000,5.8100,5.6800,5.7400,118393,6795.76
000523,红棉股份,2026-06-05,3.0500,3.1500,3.0400,3.0700,185361,5690.58
000524,岭南控股,2026-06-05,9.1500,9.3700,9.0800,9.1700,75930,6962.78
000525,红太阳,2026-06-05,4.5300,4.6200,4.4400,4.5400,244517,11101.07
000526,学大教育,2026-06-05,27.0500,27.5800,26.9400,27.3100,18689,5103.97
000528,柳 工,2026-06-05,8.4700,8.6300,8.4300,8.5300,285366,24341.72
000529,广弘控股,2026-06-05,4.9200,5.0300,4.9200,5.0000,38317,1915.85
000530,冰山冷热,2026-06-05,6.2100,6.4300,6.1500,6.3100,491428,31009.11
000531,穗恒运Ａ,2026-06-05,7.6900,8.0500,7.1800,7.1900,452842,32559.34
000532,华金资本,2026-06-05,12.2800,13.4000,12.2800,12.9800,224650,29159.57
000533,顺钠股份,2026-06-05,11.5800,11.6700,11.2400,11.3100,274150,31006.37
000534,万泽股份,2026-06-05,33.6600,34.2500,32.0400,32.5000,223049,72490.93
000536,华映科技,2026-06-05,4.1000,4.3100,4.0200,4.1300,2083600,86052.68
000537,绿发电力,2026-06-05,10.8000,11.2500,10.1100,10.1200,702003,71042.70
000538,云南白药,2026-06-05,48.6000,49.4800,48.6000,48.8100,94071,45916.06
000539,粤电力Ａ,2026-06-05,9.1700,9.4700,8.2500,8.2500,2828011,233310.91
000541,佛山照明,2026-06-05,4.9700,5.0500,4.9600,5.0100,92257,4622.08
000543,皖能电力,2026-06-05,9.5600,9.7200,8.9600,9.0200,880092,79384.30
000544,中原环保,2026-06-05,7.7900,7.9500,7.7800,7.8900,37048,2923.09
000545,金浦钛业,2026-06-05,2.4200,2.4900,2.3700,2.4500,350135,8578.31
000546,金圆股份,2026-06-05,5.2100,5.3700,5.1100,5.2600,252290,13270.45
000547,航天发展,2026-06-05,20.0200,20.8700,19.6500,20.4700,1401280,286842.02
000548,湖南投资,2026-06-05,4.6700,4.8100,4.6400,4.7700,72900,3477.33
000550,江铃汽车,2026-06-05,17.2600,17.7000,17.0000,17.0900,42646,7288.20
000551,创元科技,2026-06-05,15.1100,15.2200,14.6000,15.1200,127628,19297.35
000552,甘肃能化,2026-06-05,2.8700,2.9700,2.8600,2.8900,1105915,31960.94
000553,安道麦A,2026-06-05,6.0800,6.1400,6.0000,6.0200,73266,4410.61
000554,泰山石油,2026-06-05,6.6700,6.8300,6.6100,6.7300,140667,9466.89
000555,神州信息,2026-06-05,12.2000,12.3700,11.9300,12.1200,210585,25522.90
000557,西部创业,2026-06-05,4.0900,4.2000,4.0800,4.1500,75436,3130.59
000558,天府文旅,2026-06-05,3.5900,3.6900,3.5800,3.6100,274041,9892.88
000559,万向钱潮,2026-06-05,14.7100,15.5000,14.1000,15.0600,1021651,153860.64
000560,我爱我家,2026-06-05,2.5800,2.6400,2.5300,2.5600,691180,17694.21
000561,烽火电子,2026-06-05,7.9900,8.3600,7.9300,8.2400,182977,15077.30
000563,陕国投Ａ,2026-06-05,2.9400,2.9700,2.9200,2.9600,242169,7168.20
000564,供销大集,2026-06-05,1.6000,1.6900,1.6000,1.6300,3050813,49728.25
000565,渝三峡Ａ,2026-06-05,6.6200,6.7600,6.5200,6.6600,98726,6575.15
000566,海南海药,2026-06-05,3.9700,4.0600,3.9400,3.9900,221009,8818.26
000567,海德股份,2026-06-05,5.8900,5.9500,5.7400,5.7800,200575,11593.24
000568,泸州老窖,2026-06-05,87.0400,88.1800,86.4400,86.8800,73873,64180.86
000570,苏常柴Ａ,2026-06-05,5.4900,5.6300,5.3900,5.5200,119203,6580.01
000571,新大洲A,2026-06-05,5.6900,5.7900,5.3500,5.4400,261560,14228.86
000572,海马汽车,2026-06-05,4.4300,4.5200,4.3500,4.4400,417465,18535.45
000573,粤宏远Ａ,2026-06-05,4.2400,4.4300,4.1200,4.3600,316378,13794.08
000576,甘化科工,2026-06-05,7.3100,7.5200,7.2000,7.4300,79593,5913.76
000581,威孚高科,2026-06-05,18.7000,19.0000,18.5600,18.6700,71755,13396.66
000582,北部湾港,2026-06-05,13.2400,13.2500,12.3800,12.5200,1209840,151471.97
000586,汇源通信,2026-06-05,16.9000,17.1000,16.2900,16.3100,141225,23033.80
000589,贵州轮胎,2026-06-05,4.5900,4.6600,4.5600,4.5700,265940,12153.46
000590,古汉医药,2026-06-05,9.7600,9.9300,9.5900,9.7900,38537,3772.77
000591,太阳能,2026-06-05,5.5200,5.6300,5.2400,5.2600,1615915,84997.13
000592,平潭发展,2026-06-05,8.0700,8.2400,8.0100,8.0600,1070301,86266.26
000593,德龙汇能,2026-06-05,20.3900,21.0500,19.9000,20.2300,106389,21522.49
000595,*ST宝实,2026-06-05,7.0000,7.2000,6.8200,7.0700,234043,16546.84
000596,古井贡酒,2026-06-05,89.2000,90.9000,87.5200,88.2200,27145,23947.32
000597,东北制药,2026-06-05,4.4200,4.4900,4.4100,4.4400,105585,4687.97
000598,兴蓉环境,2026-06-05,6.9300,6.9800,6.8500,6.8700,257269,17674.38
000599,青岛双星,2026-06-05,5.1600,5.5000,5.0900,5.1000,407435,20779.18
000600,建投能源,2026-06-05,12.3100,12.9900,11.3400,11.4800,988470,113476.36
000601,韶能股份,2026-06-05,8.6100,8.9800,7.8800,7.9700,1758943,140187.76
000603,盛达资源,2026-06-05,30.1200,30.3900,29.4600,29.7100,138920,41273.13
000605,渤海股份,2026-06-05,6.1600,6.3400,6.0700,6.2500,47207,2950.44
000607,华媒控股,2026-06-05,3.4900,3.6000,3.4700,3.5500,137692,4888.07
000608,阳光股份,2026-06-05,5.2000,5.5200,5.0900,5.5200,765570,42259.46
000609,*ST中迪,2026-06-05,13.0300,13.0300,13.0300,13.0300,15412,2008.18
000610,*ST西旅,2026-06-05,7.4600,7.5300,7.3300,7.4200,18878,1400.75
000612,焦作万方,2026-06-05,11.4300,11.5100,11.0900,11.1600,407406,45466.51
000615,*ST美谷,2026-06-05,3.5700,3.6200,3.5100,3.5900,89627,3217.61
000617,中油资本,2026-06-05,7.4600,7.5000,7.3100,7.3300,814933,59734.59
000619,海螺新材,2026-06-05,5.4000,5.5500,5.2800,5.4500,80468,4385.51
000620,盈新发展,2026-06-05,2.9100,2.9200,2.8500,2.8800,1784140,51383.23
000623,吉林敖东,2026-06-05,17.0400,17.2600,16.9000,16.9700,105332,17874.84
000625,长安汽车,2026-06-05,7.9600,8.0900,7.9500,8.0000,572569,45805.52
000626,远大控股,2026-06-05,7.8600,8.6000,7.8500,8.0800,269157,21747.89
000628,高新发展,2026-06-05,53.8000,54.8500,51.8800,52.7500,113075,59647.06
000629,钒钛股份,2026-06-05,3.3400,3.3800,3.2800,3.3000,967077,31913.54
000630,铜陵有色,2026-06-05,6.6500,6.8100,6.4500,6.4900,3388795,219932.80
000631,顺发恒能,2026-06-05,3.3500,3.4600,3.2200,3.2400,349311,11317.68
000632,ST三木,2026-06-05,4.1000,4.2200,3.9500,3.9600,283755,11236.70
000633,合金投资,2026-06-05,5.4400,5.6500,5.3400,5.5500,97461,5409.09
000635,英 力 特,2026-06-05,6.9100,7.1000,6.7800,6.9800,59930,4183.11
000636,风华高科,2026-06-05,60.0000,62.1700,57.9600,59.6500,1692663,1009673.48
000637,茂化实华,2026-06-05,4.1700,4.3300,4.1400,4.2500,108224,4599.52
000639,ST西王,2026-06-05,1.6200,1.6200,1.5600,1.5900,630699,10028.11
000650,仁和药业,2026-06-05,5.2700,5.3300,5.2600,5.2800,83908,4430.34
000651,格力电器,2026-06-05,38.7000,39.2700,38.4200,38.4600,367641,141394.73
000652,泰达股份,2026-06-05,3.5900,3.6800,3.5700,3.6300,153080,5556.80
000655,金岭矿业,2026-06-05,7.1400,7.2300,7.0500,7.1100,60949,4333.47
000656,*ST金科,2026-06-05,1.4100,1.4300,1.4000,1.4000,716940,10037.16
000657,中钨高新,2026-06-05,73.0300,74.3100,69.5400,70.1000,823078,576977.68
000659,珠海中富,2026-06-05,3.7900,3.7900,3.6600,3.6900,219353,8094.13
000661,长春高新,2026-06-05,69.3700,69.7700,68.1200,68.4300,53709,36753.07
000663,永安林业,2026-06-05,5.7500,5.9500,5.7000,5.8500,72776,4257.40
000665,湖北广电,2026-06-05,4.1700,4.3000,4.1100,4.2300,149949,6342.84
000668,*ST荣控,2026-06-05,18.5900,20.5900,18.5200,20.5900,56496,11632.53
000669,ST金鸿,2026-06-05,4.3000,4.4000,4.2400,4.2400,81407,3451.66
000670,盈方微,2026-06-05,9.6300,9.8500,9.3500,9.4200,1398299,131719.77
000672,上峰水泥,2026-06-05,16.0600,17.1700,15.9300,16.2300,297344,48258.93
000676,智度股份,2026-06-05,5.7100,5.8700,5.6100,5.7700,239557,13822.44
000677,ST海龙,2026-06-05,1.9600,2.1000,1.9400,2.0300,483343,9811.86
000678,襄阳轴承,2026-06-05,11.5800,12.1200,11.3200,11.8300,154572,18285.87
000679,大连友谊,2026-06-05,6.2300,6.4900,6.2200,6.3600,68867,4379.94
000680,山推股份,2026-06-05,10.8000,11.0700,10.7500,10.9000,278889,30398.90
000682,东方电子,2026-06-05,13.0500,13.1600,12.5100,12.8500,304893,39178.75
000683,博源化工,2026-06-05,7.0000,7.0900,6.8300,6.8700,447718,30758.23
000685,中山公用,2026-06-05,10.9300,11.0300,10.7600,10.7700,186635,20100.59
000686,东北证券,2026-06-05,7.7400,7.7800,7.6900,7.7000,205825,15848.53
000688,国城矿业,2026-06-05,38.2200,41.0000,37.6100,39.0600,224302,87612.36
000690,宝新能源,2026-06-05,5.8000,5.8700,5.2600,5.3300,2044885,108992.37
000691,亚太实业,2026-06-05,8.6500,9.1000,8.6100,9.0100,117689,10603.78
000692,惠天热电,2026-06-05,5.0800,5.4200,4.8200,4.8600,349364,16979.09
000695,科长三角,2026-06-05,13.9000,14.1800,13.2700,14.0100,143639,20123.82
000697,科大湾区,2026-06-05,11.2000,11.4100,10.9800,11.1300,129832,14450.30
000698,ST沈化,2026-06-05,3.4500,3.4900,3.4300,3.4500,32072,1106.48
000700,模塑科技,2026-06-05,18.2700,18.6600,16.9000,17.2900,1498653,259117.10
000701,厦门信达,2026-06-05,5.5000,5.8400,5.3700,5.6800,276093,15682.08
000702,正虹科技,2026-06-05,5.7900,5.9500,5.6700,5.8900,73394,4322.91
000703,恒逸石化,2026-06-05,13.1300,13.6200,12.9700,13.3400,582784,77743.39
000705,浙江震元,2026-06-05,6.7900,6.9500,6.6900,6.8500,52999,3630.43
000707,双环科技,2026-06-05,4.8000,4.9300,4.7700,4.9000,84837,4157.01
000708,中信特钢,2026-06-05,13.6600,13.8400,13.5100,13.5700,107128,14537.27
000709,河钢股份,2026-06-05,2.1700,2.2000,2.1700,2.1800,755534,16470.64
000710,贝瑞基因,2026-06-05,8.3500,8.5100,8.2700,8.3200,73407,6107.46
000711,ST京蓝,2026-06-05,5.9500,6.0300,5.7400,5.7500,880874,50650.26
000712,锦龙股份,2026-06-05,9.4400,9.4500,8.9800,8.9800,391535,35159.84
000713,国投丰乐,2026-06-05,5.8200,5.9800,5.8200,5.9600,40618,2420.83
000715,中兴商业,2026-06-05,4.9700,5.2500,4.9600,5.1800,141018,7304.73
000716,黑芝麻,2026-06-05,5.1800,5.6300,5.1000,5.3300,330964,17640.38
000717,中南股份,2026-06-05,2.1700,2.2200,2.1700,2.1800,148627,3240.07
000718,苏宁环球,2026-06-05,2.3800,2.4500,2.2900,2.3000,2161413,49712.50
000719,中原传媒,2026-06-05,13.1200,13.3100,13.1100,13.2600,33863,4490.23
000720,新能泰山,2026-06-05,5.0800,5.5300,5.0600,5.1600,1049122,54134.70
000721,西安饮食,2026-06-05,6.2700,6.4800,6.2300,6.3500,92702,5886.58
000722,湖南发展,2026-06-05,15.6800,16.1200,15.0100,15.1000,385188,58163.39
000723,美锦能源,2026-06-05,4.4000,4.4600,4.3400,4.3500,828718,36049.23
000725,京东方Ａ,2026-06-05,6.1100,6.7700,6.0100,6.4300,55041155,3539146.27
000726,鲁 泰Ａ,2026-06-05,5.8900,6.0000,5.8900,5.9500,39854,2371.31
000727,冠捷科技,2026-06-05,2.8900,3.1100,2.8100,3.0000,3740819,112224.57
000728,国元证券,2026-06-05,6.9700,7.0300,6.8900,6.9000,277113,19120.80
000729,燕京啤酒,2026-06-05,11.9100,12.2000,11.8700,11.9100,291135,34674.18
000731,四川美丰,2026-06-05,5.9100,6.0100,5.8400,5.9400,62338,3702.88
000733,振华科技,2026-06-05,61.0400,61.7700,55.9500,56.0700,740644,415279.09
000735,罗 牛 山,2026-06-05,5.2400,5.3200,5.1700,5.2100,188929,9843.20
000736,中交地产,2026-06-05,4.7600,4.8500,4.6000,4.7400,217772,10322.39
000737,北方铜业,2026-06-05,14.1300,14.5800,13.7900,13.8600,617182,85541.43
000738,航发控制,2026-06-05,18.7800,19.0900,18.5800,18.8100,171911,32336.46
000739,普洛药业,2026-06-05,16.2000,16.6600,16.1000,16.1300,77859,12558.66
000750,国海证券,2026-06-05,3.6000,3.6400,3.5800,3.5900,365012,13103.93
000751,锌业股份,2026-06-05,5.0800,5.1700,4.9800,5.0300,509327,25619.15
000752,*ST西发,2026-06-05,9.0600,9.1000,8.9700,9.0100,24170,2177.72
000753,漳州发展,2026-06-05,5.1900,5.2900,5.1700,5.2300,155999,8158.75
000755,山西高速,2026-06-05,5.1400,5.2000,4.9800,4.9900,153433,7656.31
000756,新华制药,2026-06-05,12.8500,12.9300,12.7600,12.7700,34969,4465.54
000757,浩物股份,2026-06-05,3.9000,4.0500,3.8600,3.9900,142503,5685.87
000758,中色股份,2026-06-05,6.8000,6.9600,6.6500,6.7200,527585,35453.71
000759,中百集团,2026-06-05,5.0600,5.7000,5.0200,5.7000,622955,35508.44
000761,本钢板材,2026-06-05,2.4700,2.5100,2.4300,2.4400,156403,3816.23
000762,西藏矿业,2026-06-05,28.1500,28.6600,27.2900,27.9900,221281,61936.55
000766,通化金马,2026-06-05,24.6900,25.0900,24.3100,24.7000,190073,46948.03
000767,晋控电力,2026-06-05,5.7200,6.0200,5.2500,5.3400,4206338,224618.45
000768,中航西飞,2026-06-05,21.0300,21.2600,20.9800,21.0300,210263,44218.31
000776,广发证券,2026-06-05,19.1700,19.5900,18.7500,18.8100,789893,148578.87
000777,中核科技,2026-06-05,17.6500,17.8800,17.2200,17.2200,106200,18287.64
000778,新兴铸管,2026-06-05,4.2700,4.2800,4.1800,4.2200,627898,26497.30
000779,甘咨询,2026-06-05,7.4900,7.6700,7.4500,7.5200,61480,4623.30
000782,恒申新材,2026-06-05,7.4300,7.6100,7.2900,7.3200,180600,13219.92
000783,长江证券,2026-06-05,7.7100,7.7700,7.4800,7.5000,878070,65855.25
000785,居然智家,2026-06-05,2.3200,2.5600,2.3200,2.4700,1759855,43468.42
000786,北新建材,2026-06-05,22.2000,22.4800,21.9000,21.9400,76528,16790.24
000788,北大医药,2026-06-05,5.1500,5.2600,5.1200,5.1800,108770,5634.29
000789,万年青,2026-06-05,4.4500,4.5100,4.4200,4.4600,22781,1016.03
000790,华神科技,2026-06-05,3.8000,3.9700,3.7300,3.8300,217570,8332.93
000791,甘肃能源,2026-06-05,9.7900,10.0700,9.1700,9.2000,789622,72645.22
000792,盐湖股份,2026-06-05,29.2500,30.3500,28.9800,29.4500,857145,252429.20
000793,*ST华闻,2026-06-05,2.6100,2.6100,2.5400,2.5500,226537,5776.69
000795,英洛华,2026-06-05,8.9200,9.3400,8.8100,9.2000,296299,27259.51
000796,凯撒旅业,2026-06-05,4.5300,4.6500,4.5000,4.5400,394624,17915.93
000797,中国武夷,2026-06-05,2.5100,2.5700,2.5000,2.5300,282710,7152.56
000798,中水渔业,2026-06-05,8.1700,8.3200,8.0200,8.0500,97964,7886.10
000799,酒鬼酒,2026-06-05,44.0100,46.7400,44.0100,44.5100,234828,104521.94
000800,一汽解放,2026-06-05,6.0700,6.1600,6.0700,6.1100,125552,7671.23
000801,四川九洲,2026-06-05,12.5500,12.7700,12.2000,12.4400,165024,20528.99
000802,500沪市,2026-06-05,4.8800,4.9200,4.6400,4.8700,774375,37712.06
000803,山高环能,2026-06-05,7.7200,7.7700,7.4100,7.4700,113303,8463.73
000807,云铝股份,2026-06-05,28.3600,28.9500,27.5000,27.6400,670499,185325.92
000809,和展能源,2026-06-05,3.9900,4.0400,3.8200,3.9800,303134,12064.73
000810,创维数字,2026-06-05,11.0000,11.3600,10.8200,11.1000,118710,13176.81
000811,冰轮环境,2026-06-05,31.4300,32.1000,30.5600,31.0400,249271,77373.72
000812,陕西金叶,2026-06-05,3.6000,3.6800,3.5800,3.6600,115361,4222.21
000813,德展健康,2026-06-05,3.1200,3.1500,3.0300,3.1000,312529,9688.40
000815,美利云,2026-06-05,15.8500,16.0700,15.4100,15.6900,347846,54577.04
000816,智慧农业,2026-06-05,2.6100,2.7200,2.6100,2.6700,331449,8849.69
000818,航锦科技,2026-06-05,13.6600,13.9600,13.2400,13.7000,208267,28532.58
000819,有色金属,2026-06-05,14.3100,14.7400,14.1500,14.4300,51570,7441.55
000820,*ST节能,2026-06-05,3.1700,3.4700,3.1700,3.4400,341251,11739.03
000821,ST京机,2026-06-05,9.2400,9.7000,9.0800,9.5600,234015,22371.83
000822,山东海化,2026-06-05,4.7700,4.8900,4.7400,4.8200,149799,7220.31
000823,800有色,2026-06-05,17.3000,18.1700,16.7700,17.6100,993872,175020.86
000825,太钢不锈,2026-06-05,3.8600,3.9100,3.8100,3.8500,281397,10833.78
000826,*ST启环,2026-06-05,2.3100,2.4100,2.2900,2.3000,370586,8523.48
000828,东莞控股,2026-06-05,9.9600,10.1000,9.9200,9.9500,46001,4577.10
000829,天音控股,2026-06-05,9.1100,9.2900,9.0400,9.1600,272522,24963.02
000830,鲁西化工,2026-06-05,12.4700,12.6600,12.3800,12.4900,359447,44894.93
000831,中国稀土,2026-06-05,53.0000,56.0000,52.5100,54.3200,487647,264889.85
000833,粤桂股份,2026-06-05,22.2000,22.3000,21.4800,21.5300,311759,67121.71
000837,秦川机床,2026-06-05,11.4100,12.3300,10.9300,12.0200,460316,55329.98
000838,*ST发展,2026-06-05,1.7300,1.7600,1.6800,1.7200,242534,4171.58
000839,国安股份,2026-06-05,2.9300,2.9500,2.8200,2.8500,669010,19066.79
000848,承德露露,2026-06-05,7.9300,8.0800,7.9000,7.9300,109868,8712.53
000850,华茂股份,2026-06-05,3.9200,4.0300,3.9000,3.9600,94508,3742.52
000852,中证1000,2026-06-05,5.7200,5.8300,5.6600,5.7600,114190,6577.34
000856,500工业,2026-06-05,8.6700,8.8600,8.3800,8.7100,58454,5091.34
000858,500信息,2026-06-05,81.5000,82.4200,81.0300,81.0800,219364,177860.33
000859,国风新材,2026-06-05,10.1500,10.9600,9.9200,10.7500,930223,99998.97
000860,结构调整,2026-06-05,10.6900,10.9500,10.6900,10.7600,65637,7062.54
000862,银星能源,2026-06-05,7.2500,7.4500,6.7000,6.7500,644845,43527.04
000863,CS精准医,2026-06-05,4.8000,4.8800,4.6700,4.7200,247849,11698.47
000868,安凯客车,2026-06-05,3.7600,3.8400,3.7300,3.7800,115846,4378.98
000869,HK银行,2026-06-05,17.7200,17.9800,17.6600,17.8600,7531,1345.04
000875,电投绿能,2026-06-05,6.6000,6.6900,6.3600,6.4000,704401,45081.66
000876,新 希 望,2026-06-05,7.3100,7.3800,7.1800,7.3200,237731,17401.91
000877,天山股份,2026-06-05,4.2000,4.2900,4.1900,4.2300,86983,3679.38
000878,云南铜业,2026-06-05,17.8800,18.2500,17.2800,17.3200,533510,92403.93
000880,潍柴重机,2026-06-05,28.1000,28.1000,26.9000,26.9000,232985,62672.97
000881,中广核技,2026-06-05,7.8200,8.0500,7.8100,7.8600,339992,26723.37
000882,华联股份,2026-06-05,1.4500,1.5300,1.4500,1.4900,1042394,15531.67
000883,湖北能源,2026-06-05,5.1500,5.2700,4.9700,5.0000,722659,36132.95
000885,城发环境,2026-06-05,12.8900,13.0200,12.8000,12.9100,35402,4570.40
000886,海南高速,2026-06-05,4.5400,4.6200,4.5000,4.5600,153924,7018.93
000887,中鼎股份,2026-06-05,21.0400,22.6100,20.9600,21.9900,1336168,293823.34
000888,峨眉山Ａ,2026-06-05,9.9500,10.1600,9.9300,10.0200,72379,7252.38
000889,中嘉博创,2026-06-05,3.7900,3.8500,3.7100,3.7600,454674,17095.74
000890,法尔胜,2026-06-05,10.6200,11.3000,10.1200,10.2600,407104,41768.87
000892,欢瑞世纪,2026-06-05,3.9000,4.0600,3.8100,3.9200,484054,18974.92
000893,亚钾国际,2026-06-05,44.7000,48.8000,44.7000,47.9900,232054,111362.71
000895,双汇发展,2026-06-05,24.3500,25.2000,24.3500,24.7600,129804,32139.47
000897,津滨发展,2026-06-05,1.9000,1.9700,1.8900,1.9400,397630,7714.02
000898,鞍钢股份,2026-06-05,2.0200,2.0700,2.0200,2.0400,394427,8046.31
000899,赣能股份,2026-06-05,14.4500,14.9000,13.6900,13.7300,412894,56690.35
000900,现代投资,2026-06-05,3.7500,3.8100,3.7400,3.7700,82625,3114.96
000901,航天科技,2026-06-05,18.6000,19.1800,18.4100,18.8600,261839,49382.84
000902,新洋丰,2026-06-05,12.5000,12.5900,12.2600,12.3800,133531,16531.14
000903,中证A100,2026-06-05,1.8200,1.8500,1.8000,1.8300,248906,4554.98
000905,中证500,2026-06-05,9.0000,9.1400,8.9500,9.0000,92308,8307.72
000906,中证800,2026-06-05,5.8100,6.0000,5.8000,5.9000,85405,5038.90
000908,ST景峰,2026-06-05,7.1200,7.1800,7.0800,7.1000,56910,4040.61
000909,*ST数源,2026-06-05,4.6700,4.7100,4.5000,4.5400,66404,3014.74
000910,大亚圣象,2026-06-05,6.2500,6.4500,6.2000,6.3200,60390,3816.65
000911,*ST广糖,2026-06-05,5.5200,5.6600,5.4500,5.5400,58536,3242.89
000912,泸天化,2026-06-05,3.6700,3.7300,3.6400,3.6900,201679,7441.96
000913,钱江摩托,2026-06-05,11.3000,11.4200,11.2100,11.2700,24851,2800.71
000915,华特达因,2026-06-05,27.0800,27.5500,27.0800,27.2800,14657,3998.43
000917,电广传媒,2026-06-05,7.5600,7.6300,7.4200,7.4400,258829,19256.88
000919,金陵药业,2026-06-05,6.2300,6.2800,6.2000,6.2200,67223,4181.27
000920,沃顿科技,2026-06-05,12.3000,12.7600,12.2900,12.3600,169570,20958.85
000921,海信家电,2026-06-05,26.6800,27.5000,26.6000,26.7300,150273,40167.97
000922,佳电股份,2026-06-05,12.5400,12.8600,12.1800,12.5300,134296,16827.29
000923,河钢资源,2026-06-05,14.8600,15.0600,14.6200,14.7200,146330,21539.78
000925,众合科技,2026-06-05,8.3000,8.9800,8.2800,8.6400,843110,72844.70
000926,福星股份,2026-06-05,2.2500,2.3300,2.2000,2.2800,649817,14815.83
000927,中国铁物,2026-06-05,2.5900,2.6200,2.5800,2.5800,388403,10020.80
000928,中钢国际,2026-06-05,5.7400,5.8400,5.7400,5.8400,138819,8107.03
000929,*ST兰黄,2026-06-05,9.6500,9.9100,9.5900,9.7000,30724,2980.23
000930,中粮科技,2026-06-05,5.0000,5.1200,5.0000,5.0500,136996,6918.30
000931,中 关 村,2026-06-05,4.1300,4.2000,4.1000,4.1800,55409,2316.10
000932,中证消费,2026-06-05,3.9200,4.0000,3.9100,3.9200,691107,27091.39
000933,神火股份,2026-06-05,28.5300,28.8200,27.6600,27.8000,480223,133501.99
000935,中证信息,2026-06-05,25.8200,27.3800,24.9000,26.2600,115468,30321.90
000936,华西股份,2026-06-05,6.3000,6.4500,6.2000,6.3200,150979,9541.87
000937,冀中能源,2026-06-05,5.7700,5.9200,5.7400,5.8500,439548,25713.56
000938,紫光股份,2026-06-05,27.3100,29.0900,26.6700,27.8700,2266742,631741.00
000948,南天信息,2026-06-05,13.1400,13.3300,12.9600,13.1100,49474,6486.04
000949,新乡化纤,2026-06-05,6.5900,7.0500,6.5700,6.7200,670040,45026.69
000950,重药控股,2026-06-05,5.4600,5.5600,5.4500,5.4900,232758,12778.41
000951,中国重汽,2026-06-05,22.5000,22.9000,22.0300,22.1600,86739,19221.36
000952,广济药业,2026-06-05,6.4400,6.5600,6.3500,6.4600,53693,3468.57
000953,中哲精化,2026-06-05,6.0000,6.0800,5.9000,5.9900,69142,4141.61
000955,欣龙控股,2026-06-05,4.1100,4.2500,4.0800,4.1700,147004,6130.07
000957,中通客车,2026-06-05,10.0100,10.0800,9.8900,9.9700,100581,10027.93
000958,电投产融,2026-06-05,6.2200,6.5000,6.1500,6.1800,765426,47303.33
000959,首钢股份,2026-06-05,3.4700,3.5300,3.4400,3.4600,303323,10494.98
000960,锡业股份,2026-06-05,40.5200,41.1700,38.4500,38.9000,1056061,410807.73
000962,东方钽业,2026-06-05,58.0100,58.2200,54.5500,55.8500,225045,125687.63
000963,华东医药,2026-06-05,28.2600,28.6800,28.1300,28.4200,150974,42906.81
000965,天保基建,2026-06-05,3.3500,3.4400,3.3500,3.4200,188507,6446.94
000966,长源电力,2026-06-05,5.2600,5.8100,5.2400,5.4200,2732419,148097.11
000967,盈峰环境,2026-06-05,10.9500,10.9500,10.5000,10.6000,1030367,109218.90
000968,蓝焰控股,2026-06-05,7.3400,7.4300,7.2800,7.3600,207746,15290.11
000969,安泰科技,2026-06-05,21.8700,23.0800,20.8000,22.1400,526913,116658.54
000970,中科三环,2026-06-05,11.0800,11.8500,10.9300,11.4800,378181,43415.18
000972,*ST中基,2026-06-05,3.5200,3.5600,3.4800,3.5500,59366,2107.49
000973,佛塑科技,2026-06-05,14.1400,14.4400,13.7600,13.9100,429988,59811.33
000975,山金国际,2026-06-05,22.0900,22.4100,21.6200,21.8400,399908,87339.91
000977,浪潮信息,2026-06-05,62.7500,65.1000,61.0300,62.1400,716993,445539.45
000978,桂林旅游,2026-06-05,6.6200,6.7400,6.5400,6.6300,145341,9636.11
000980,众泰汽车,2026-06-05,2.6000,2.6200,2.4700,2.5400,1354280,34398.71
000981,山子高科,2026-06-05,3.5100,3.6400,3.4800,3.5600,2085577,74246.54
000983,山西焦煤,2026-06-05,7.7100,8.0000,7.6600,7.7900,1464179,114059.54
000985,大庆华科,2026-06-05,16.5600,17.2500,16.5000,17.0100,18690,3179.17
000987,越秀资本,2026-06-05,7.7300,7.8200,7.5900,7.6100,327780,24944.06
000988,华工科技,2026-06-05,156.3000,165.8700,155.8600,157.2000,921741,1448976.85
000989,全指可选,2026-06-05,7.9200,8.0900,7.9200,7.9800,69841,5573.31
000990,诚志股份,2026-06-05,9.2100,9.5000,9.1000,9.2500,243406,22515.06
000993,全指信息,2026-06-05,14.4600,14.8700,13.4500,13.5100,363417,49097.64
000995,皇台酒业,2026-06-05,12.3000,12.5400,12.0300,12.0600,120348,14513.97
000997,新 大 陆,2026-06-05,20.2200,20.2500,19.6100,19.7600,214247,42335.21
000998,隆平高科,2026-06-05,8.3800,8.4500,8.3300,8.3800,101298,8488.77
000999,华润三九,2026-06-05,24.0800,24.4200,24.0000,24.2100,64840,15697.76
001201,东瑞股份,2026-06-05,11.2200,11.3500,11.1300,11.2600,18492,2082.20
001202,炬申股份,2026-06-05,14.9100,15.3200,14.7500,15.1400,14909,2257.22
001203,大中矿业,2026-06-05,36.8000,39.1000,36.2500,37.7300,301206,113645.02
001205,盛航股份,2026-06-05,14.0500,14.2500,13.9400,14.1100,23347,3294.26
001206,依依股份,2026-06-05,15.9500,16.2600,15.8200,16.0200,24516,3927.46
001207,联科科技,2026-06-05,18.5000,19.1500,18.1200,18.6500,47112,8786.39
001208,华菱线缆,2026-06-05,16.0500,16.5800,15.8500,16.3400,174118,28450.88
001209,洪兴股份,2026-06-05,19.9200,20.3000,19.5700,20.0000,25255,5051.00
001210,金房能源,2026-06-05,25.0000,26.7200,24.4500,24.9300,171176,42674.18
001211,双枪科技,2026-06-05,32.7900,33.5700,32.5100,32.9000,53157,17488.65
001212,中旗新材,2026-06-05,53.4600,54.9600,52.1800,52.9900,80005,42394.65
001213,中铁特货,2026-06-05,3.7400,3.7900,3.7300,3.7700,78574,2962.24
001215,千味央厨,2026-06-05,38.9000,39.0700,37.6600,38.2100,23467,8966.74
001217,华尔泰,2026-06-05,9.6900,9.8900,9.5000,9.7600,31751,3098.90
001220,世盟股份,2026-06-05,31.5100,32.0400,31.2100,31.6700,7485,2370.50
001221,悍高集团,2026-06-05,45.8000,46.2100,44.5800,45.4300,15648,7108.89
001222,源飞宠物,2026-06-05,14.9000,15.2200,14.6500,15.0100,20326,3050.93
001223,欧克科技,2026-06-05,46.8900,49.2600,44.8900,46.4600,73141,33981.31
001225,和泰机电,2026-06-05,46.7200,47.7500,44.8600,46.9100,15420,7233.52
001226,拓山重工,2026-06-05,50.1700,52.2900,49.2600,50.2200,21618,10856.56
001227,兰州银行,2026-06-05,2.0900,2.1200,2.0900,2.1100,382436,8069.40
001228,永泰运,2026-06-05,26.0600,26.7900,25.4500,26.6900,20548,5484.26
001229,魅视科技,2026-06-05,37.9200,38.7100,37.6000,38.1700,22829,8713.83
001230,劲旅环境,2026-06-05,25.5300,26.1500,25.1100,25.6800,24031,6171.16
001233,海安集团,2026-06-05,50.5000,51.2600,49.6600,50.0500,13222,6617.61
001236,弘业期货,2026-06-05,7.7700,7.8600,7.6800,7.8300,85437,6689.72
001237,惠康科技,2026-06-05,67.9900,68.3500,65.7200,65.9500,48781,32171.07
001238,浙江正特,2026-06-05,28.7500,29.0800,27.9700,28.2900,6085,1721.45
001239,永达股份,2026-06-05,12.9300,13.3400,12.8200,13.2000,23432,3093.02
001255,博菲电气,2026-06-05,29.8300,30.5900,28.8200,30.1800,15159,4574.99
001256,炜冈科技,2026-06-05,22.4300,24.8200,22.1600,24.8200,66937,16613.76
001257,盛龙股份,2026-06-05,24.5000,25.0600,23.6900,24.1500,203106,49050.10
001258,立新能源,2026-06-05,10.8600,11.0700,9.9300,9.9300,553276,54940.31
001259,利仁科技,2026-06-05,73.3600,77.5000,70.0600,70.5400,66567,46956.36
001266,宏英智能,2026-06-05,47.2100,47.8200,45.0000,46.5800,41841,19489.54
001267,汇绿生态,2026-06-05,57.0000,58.3300,54.0000,54.4900,332498,181178.16
001269,欧晶科技,2026-06-05,27.0700,28.4800,25.9000,27.2000,113042,30747.42
001270,铖昌科技,2026-06-05,140.0900,142.3900,134.1600,137.6100,122945,169184.61
001279,强邦新材,2026-06-05,27.3800,28.0300,27.2100,27.7600,8925,2477.58
001280,中国铀业,2026-06-05,71.4100,72.3900,69.2900,69.6800,98575,68687.06
001282,三联锻造,2026-06-05,17.6000,18.3400,17.3000,17.9000,29477,5276.38
001283,豪鹏科技,2026-06-05,55.3400,55.8700,52.8800,54.4200,52736,28698.93
001285,瑞立科密,2026-06-05,45.6500,46.3000,44.9400,45.5600,13784,6279.99
001286,陕西能源,2026-06-05,12.6300,12.8400,12.2500,12.3400,358095,44188.92
001287,中电港,2026-06-05,27.2700,28.7600,26.7500,27.6800,521766,144424.83
001288,运机集团,2026-06-05,24.4500,25.3600,23.4800,24.4800,51704,12657.14
001289,龙源电力,2026-06-05,19.2300,19.6500,18.1700,18.3800,171317,31488.06
001296,长江材料,2026-06-05,19.6100,20.0000,19.3000,19.7700,14684,2903.03
001298,好上好,2026-06-05,21.9000,21.9400,21.0400,21.6200,117227,25344.48
001299,美能能源,2026-06-05,13.1900,13.1900,11.8700,11.8700,164049,19472.62
001301,尚太科技,2026-06-05,91.0100,91.6000,87.7300,88.3900,46792,41359.45
001306,夏厦精密,2026-06-05,59.9800,65.1800,56.7100,63.9000,23176,14809.46
001308,康冠科技,2026-06-05,21.3500,22.1200,20.5000,21.3900,74162,15863.25
001309,德明利,2026-06-05,655.5500,665.3800,623.8200,630.5000,165281,1042096.71
001312,福恩股份,2026-06-05,20.3200,20.6200,20.0300,20.2900,32345,6562.80
001313,粤海饲料,2026-06-05,7.4500,7.5100,7.2000,7.3300,126962,9306.31
001314,亿道信息,2026-06-05,54.8300,57.7300,53.5600,56.3900,79799,44998.66
001316,润贝航科,2026-06-05,35.0000,35.5600,34.4600,35.2800,24616,8684.52
001317,三羊马,2026-06-05,51.2600,56.0000,51.1800,51.6900,69949,36156.64
001319,铭科精技,2026-06-05,23.1900,24.5600,22.9600,24.0600,38192,9189.00
001322,箭牌家居,2026-06-05,6.3100,6.4800,6.2800,6.3600,26042,1656.27
001323,慕思股份,2026-06-05,20.6200,22.1400,20.4100,22.1200,27721,6131.89
001325,元创股份,2026-06-05,40.2000,41.0900,39.3500,40.3900,14605,5898.96
001326,联域股份,2026-06-05,68.2900,71.0000,66.6600,69.4800,23198,16117.97
001332,锡装股份,2026-06-05,47.8100,49.4000,47.0300,47.5000,37008,17578.80
001335,信凯科技,2026-06-05,48.1900,48.8500,47.4000,48.3200,9644,4659.98
001336,楚环科技,2026-06-05,25.2400,26.2800,24.5100,25.7600,17680,4554.37
001337,四川黄金,2026-06-05,48.5000,48.8400,47.5900,47.7600,63573,30362.46
001339,智微智能,2026-06-05,101.1600,104.4200,99.7400,101.8900,85188,86798.05
001358,兴欣新材,2026-06-05,24.7200,25.6900,24.4300,25.2600,14733,3721.56
001359,平安电工,2026-06-05,92.2500,95.9000,89.8000,92.6400,20803,19271.90
001360,南矿集团,2026-06-05,19.5000,19.7000,18.6100,19.2900,50363,9715.02
001365,天海电子,2026-06-05,43.6000,44.5000,42.2800,43.7200,75240,32894.93
001366,播恩集团,2026-06-05,13.8000,14.0600,13.2700,13.8700,59304,8225.46
001368,通达创智,2026-06-05,23.9600,26.1300,23.8300,24.5400,39099,9594.89
001369,双欣材料,2026-06-05,13.6900,14.6500,13.4800,14.2400,231887,33020.71
001376,百通能源,2026-06-05,14.2400,14.4700,13.4500,13.7100,316471,43388.17
001378,德冠新材,2026-06-05,20.2200,20.7100,19.7300,20.5000,52598,10782.59
001379,腾达科技,2026-06-05,17.8300,18.4900,17.6300,18.2600,19936,3640.31
001380,华纬科技,2026-06-05,17.1000,17.7800,16.6300,17.4200,26829,4673.61
001382,新亚电缆,2026-06-05,20.9000,20.9000,20.2800,20.4600,38622,7902.06
001386,马可波罗,2026-06-05,15.7100,15.9500,15.6300,15.7800,30425,4801.07
001388,信通电子,2026-06-05,31.2700,32.1400,30.6600,31.6000,11355,3588.18
001389,广合科技,2026-06-05,179.0600,180.4600,172.5500,174.0200,72563,126274.13
001390,古麒绒材,2026-06-05,17.1000,17.2800,16.7500,17.1500,15297,2623.44
001391,国货航,2026-06-05,5.0700,5.0900,5.0600,5.0600,80559,4076.29
001393,维通利,2026-06-05,68.0200,68.0200,64.3800,65.0200,62559,40675.86
001395,亚联机械,2026-06-05,35.7500,36.2800,35.2500,35.8000,7203,2578.67
001396,誉帆科技,2026-06-05,41.8500,42.3200,40.8000,41.4000,13624,5640.34
001400,江顺科技,2026-06-05,105.1300,116.2200,102.5900,116.2200,26062,30289.26
001696,宗申动力,2026-06-05,14.3000,14.8300,13.9800,14.5000,290511,42124.10
001872,招商港口,2026-06-05,21.6300,22.1000,21.6300,21.8400,18472,4034.28
001896,豫能控股,2026-06-05,23.0100,24.0400,19.8800,19.8800,2996421,595688.49
001965,招商公路,2026-06-05,9.4800,9.6900,9.3700,9.5000,144639,13740.71
001979,招商蛇口,2026-06-05,8.6600,9.0500,8.4300,8.4500,718973,60753.22
002001,新 和 成,2026-06-05,30.9900,32.7900,30.8200,31.7400,563512,178858.71
002004,华邦健康,2026-06-05,4.4700,4.5200,4.4500,4.4600,121811,5432.77
002005,ST德豪,2026-06-05,2.8400,2.8700,2.8000,2.8100,124686,3503.68
002006,精工科技,2026-06-05,15.9300,16.5400,15.3700,16.3200,152492,24886.69
002007,华兰生物,2026-06-05,13.3800,13.5300,13.3500,13.4500,58785,7906.58
002008,大族激光,2026-06-05,133.9900,135.6200,127.0000,127.8700,568179,726530.49
002009,天奇股份,2026-06-05,21.3400,22.5400,20.6500,21.9200,318609,69839.09
002010,传化智联,2026-06-05,5.1000,5.1600,5.0800,5.1000,211251,10773.80
002011,盾安环境,2026-06-05,11.5900,11.6200,11.1500,11.3300,212882,24119.53
002012,凯恩股份,2026-06-05,7.5300,8.0700,7.4000,7.6200,382072,29113.89
002015,协鑫能科,2026-06-05,23.9800,24.4400,22.2900,22.3200,1495529,333802.07
002016,世荣兆业,2026-06-05,4.6600,5.0200,4.6200,4.8800,241013,11761.43
002017,东信和平,2026-06-05,16.1800,16.7900,16.0600,16.4800,128051,21102.80
002019,亿帆医药,2026-06-05,10.0600,10.1500,10.0100,10.0400,65423,6568.47
002020,京新药业,2026-06-05,12.7000,12.9300,12.6100,12.6800,84209,10677.70
002021,中捷资源,2026-06-05,2.6600,2.7300,2.6400,2.6700,355411,9489.47
002022,科华生物,2026-06-05,5.2900,5.3200,5.2000,5.2700,52020,2741.45
002023,海特高新,2026-06-05,11.3900,12.1900,11.1800,11.8600,573199,67981.40
002024,ST易购,2026-06-05,1.2600,1.2800,1.2500,1.2600,323643,4077.90
002025,航天电器,2026-06-05,67.9100,67.9100,64.2700,64.8000,229902,148976.50
002026,山东威达,2026-06-05,12.2700,12.6600,11.9500,12.4100,93476,11600.37
002027,分众传媒,2026-06-05,5.4400,5.5200,5.3600,5.3900,1538118,82904.56
002028,思源电气,2026-06-05,191.0500,192.7800,176.4600,177.4900,226660,402298.83
002029,七 匹 狼,2026-06-05,8.2100,8.4000,8.0700,8.1300,151481,12315.41
002030,达安基因,2026-06-05,6.1500,6.2600,6.0500,6.0900,365984,22288.43
002031,巨轮智能,2026-06-05,6.3200,6.8600,6.1000,6.6700,2681508,178856.58
002032,苏 泊 尔,2026-06-05,45.4500,46.0000,44.1100,44.1600,28919,12770.63
002035,华帝股份,2026-06-05,4.9900,5.0700,4.9700,5.0200,68551,3441.26
002036,联创电子,2026-06-05,8.8100,9.4500,8.4700,9.0900,901607,81956.08
002037,保利联合,2026-06-05,7.0600,7.2400,7.0000,7.1700,58151,4169.43
002038,双鹭药业,2026-06-05,5.6300,5.7400,5.5000,5.6000,214657,12020.79
002040,南 京 港,2026-06-05,8.7600,9.0500,8.7600,8.9400,85185,7615.54
002041,登海种业,2026-06-05,8.4900,8.6200,8.4300,8.4700,102056,8644.14
002042,华孚时尚,2026-06-05,3.8600,3.9700,3.7900,3.8800,358414,13906.46
002044,美年健康,2026-06-05,5.4700,5.5200,5.3000,5.3300,1034188,55122.22
002045,国光电器,2026-06-05,9.0400,9.3200,8.7700,9.1200,179531,16373.23
002046,国机精工,2026-06-05,56.7300,56.9500,54.4000,54.8800,184718,101373.24
002047,*ST宝鹰,2026-06-05,4.6900,4.8100,4.6400,4.7600,282485,13446.29
002048,宁波华翔,2026-06-05,25.1000,26.5700,24.1500,25.8500,282609,73054.43
002049,紫光国微,2026-06-05,76.0700,77.7500,73.0300,75.1400,379816,285393.74
002050,三花智控,2026-06-05,46.6100,49.3600,45.1700,47.5100,2016418,958000.19
002051,中工国际,2026-06-05,12.0800,12.4700,11.7100,11.7700,1145978,134881.61
002052,同洲电子,2026-06-05,9.2000,9.7900,9.0400,9.4200,178141,16780.88
002053,云南能投,2026-06-05,12.0800,12.3400,11.4400,11.4400,196431,22471.71
002054,德美化工,2026-06-05,7.5500,7.7300,7.4500,7.6000,91093,6923.07
002055,ST得润,2026-06-05,6.7300,6.8000,6.3800,6.4300,441313,28376.43
002056,横店东磁,2026-06-05,29.0100,30.1800,27.8200,29.1600,1119997,326591.13
002057,中钢天源,2026-06-05,9.8400,10.3400,9.7800,10.0600,399422,40181.85
002058,*ST威尔,2026-06-05,24.1500,24.4400,23.9600,24.2700,8085,1962.23
002060,广东建工,2026-06-05,3.5400,3.5900,3.4700,3.4900,390088,13614.07
002061,浙江交科,2026-06-05,3.5100,3.5500,3.4900,3.5000,176013,6160.46
002062,宏润建设,2026-06-05,8.0000,8.0000,7.7000,7.7900,222530,17335.09
002063,远光软件,2026-06-05,5.7000,5.7700,5.6500,5.6700,285109,16165.68
002065,东华软件,2026-06-05,7.2800,7.4000,7.2300,7.2800,339818,24738.75
002066,瑞泰科技,2026-06-05,24.0100,25.3700,23.3100,24.2200,86322,20907.19
002067,景兴纸业,2026-06-05,4.6800,4.8400,4.5800,4.7400,496414,23530.02
002068,黑猫股份,2026-06-05,10.6300,11.0900,10.5200,10.7600,370677,39884.85
002069,獐子岛,2026-06-05,3.3500,3.4300,3.3300,3.3900,113695,3854.26
002073,软控股份,2026-06-05,5.6100,5.8000,5.5600,5.7100,217321,12409.03
002074,国轩高科,2026-06-05,31.0200,31.0200,29.9500,30.0100,323785,97167.88
002075,沙钢股份,2026-06-05,3.6900,3.7300,3.6500,3.6700,292183,10723.12
002076,*ST星光,2026-06-05,2.5400,2.6100,2.5300,2.5500,289817,7390.33
002077,大港股份,2026-06-05,17.2300,17.3900,16.2600,16.6600,356358,59369.24
002078,太阳纸业,2026-06-05,13.1700,13.4000,13.1000,13.1800,145307,19151.46
002079,苏州固锝,2026-06-05,12.1000,12.5400,11.6400,12.2600,475083,58245.18
002080,中材科技,2026-06-05,62.8000,66.3500,60.9300,62.7300,539437,338388.83
002081,金 螳 螂,2026-06-05,6.1100,6.3800,5.7200,5.7800,3145727,181823.02
002082,ST万邦,2026-06-05,13.4600,13.7900,13.2600,13.2700,231310,30694.84
002083,孚日股份,2026-06-05,9.4700,9.5500,9.2700,9.3600,224437,21007.30
002084,海鸥住工,2026-06-05,3.2500,3.3400,3.1800,3.2800,161317,5291.20
002085,万丰奥威,2026-06-05,11.4000,11.8700,11.2500,11.6000,355038,41184.41
002086,东方海洋,2026-06-05,1.9200,1.9600,1.8900,1.9200,548119,10523.88
002088,鲁阳节能,2026-06-05,8.6900,8.7500,8.4300,8.6500,31237,2702.00
002090,金智科技,2026-06-05,10.1900,10.2500,9.9000,10.0600,82769,8326.56
002091,江苏国泰,2026-06-05,8.2900,8.3400,8.2000,8.2900,117294,9723.67
002092,中泰化学,2026-06-05,4.4700,4.6200,4.4700,4.5400,574203,26068.82
002093,国脉科技,2026-06-05,7.1500,7.3900,7.0900,7.2400,137818,9978.02
002094,青岛金王,2026-06-05,5.0900,5.1500,5.0000,5.0700,164059,8317.79
002096,易普力,2026-06-05,11.9100,12.4500,11.9000,12.1700,264019,32131.11
002097,山河智能,2026-06-05,8.4500,8.5400,8.3000,8.4400,159713,13479.78
002098,浔兴股份,2026-06-05,7.1400,7.3200,7.0300,7.2200,33789,2439.57
002099,海翔药业,2026-06-05,5.7900,5.8400,5.5500,5.5800,285752,15944.96
002100,天康生物,2026-06-05,6.4400,6.5200,6.3000,6.4000,140365,8983.36
002101,广东鸿图,2026-06-05,8.8100,9.0200,8.6800,8.9100,80402,7163.82
002102,ST能特,2026-06-05,2.2600,2.2900,2.2300,2.2700,118113,2681.17
002103,广博股份,2026-06-05,6.6000,6.7800,6.5600,6.7000,67367,4513.59
002104,恒宝股份,2026-06-05,11.7600,12.0200,11.6700,11.8300,221186,26166.30
002106,莱宝高科,2026-06-05,12.6800,14.0600,12.6400,13.5200,815064,110196.65
002107,沃华医药,2026-06-05,6.2200,6.4100,6.1900,6.2200,90518,5630.22
002108,沧州明珠,2026-06-05,4.7000,4.8000,4.6200,4.7500,426301,20249.30
002109,ST兴化,2026-06-05,2.8400,2.8800,2.8100,2.8200,78280,2207.50
002110,三钢闽光,2026-06-05,3.0500,3.1100,3.0400,3.0700,144668,4441.31
002111,威海广泰,2026-06-05,9.9500,10.1300,9.8300,10.0200,66783,6691.66
002112,三变科技,2026-06-05,17.6800,17.9900,17.1700,17.6700,126116,22284.70
002115,三维通信,2026-06-05,12.0400,12.6800,11.9100,12.3000,869479,106945.92
002116,中国海诚,2026-06-05,8.8600,9.0600,8.8600,8.9800,19319,1734.85
002117,东港股份,2026-06-05,9.1500,9.3400,9.1000,9.2300,80192,7401.72
002119,康强电子,2026-06-05,24.3000,25.5800,23.9200,24.8300,490655,121829.64
002120,韵达股份,2026-06-05,6.6700,6.8000,6.6600,6.7400,288101,19418.01
002121,科陆电子,2026-06-05,7.0300,7.2000,6.7200,6.9400,463190,32145.39
002122,ST汇洲,2026-06-05,2.5900,2.6400,2.5800,2.6100,141636,3696.70
002123,梦网科技,2026-06-05,7.9600,8.1300,7.8000,8.0100,157505,12616.15
002124,天邦食品,2026-06-05,2.4100,2.4700,2.3400,2.3800,838468,19955.54
002125,湘潭电化,2026-06-05,16.2500,17.3800,15.9000,16.9800,902859,153305.46
002126,银轮股份,2026-06-05,50.8000,51.6800,48.6000,50.0600,241597,120943.46
002127,南极电商,2026-06-05,2.8700,2.9700,2.8700,2.9200,278319,8126.91
002128,电投能源,2026-06-05,29.5000,29.7300,28.8000,29.0200,182779,53042.47
002129,TCL中环,2026-06-05,9.4600,9.8000,9.3000,9.4200,1858030,175026.43
002130,沃尔核材,2026-06-05,20.8600,21.2800,20.5100,20.5600,443395,91162.01
002131,利欧股份,2026-06-05,5.7300,5.8200,5.5100,5.6000,2604135,145831.56
002132,恒星科技,2026-06-05,5.4600,6.1700,5.4100,5.8600,2357830,138168.84
002134,天津普林,2026-06-05,26.5100,29.3700,25.3600,26.5600,224483,59622.68
002135,东南网架,2026-06-05,7.0200,7.7000,7.0200,7.4500,395150,29438.68
002137,实益达,2026-06-05,10.2400,10.9500,10.2400,10.3500,1151475,119177.66
002138,顺络电子,2026-06-05,51.2000,55.6100,48.8000,55.6100,811177,451095.53
002139,拓邦股份,2026-06-05,9.8500,10.4800,9.5500,10.1200,367975,37239.07
002140,东华科技,2026-06-05,10.0900,10.2000,9.9200,10.0700,54681,5506.38
002141,贤丰控股,2026-06-05,3.1800,3.2200,3.1300,3.1400,160398,5036.50
002142,宁波银行,2026-06-05,30.5000,30.9500,30.4000,30.5600,165457,50563.66
002145,钛能化学,2026-06-05,4.3600,4.4600,4.3500,4.4000,459253,20207.13
002146,荣盛发展,2026-06-05,1.2700,1.3200,1.2600,1.2700,1010591,12834.51
002148,北纬科技,2026-06-05,6.4100,6.7000,6.3700,6.5800,146129,9615.29
002149,西部材料,2026-06-05,63.8000,66.0000,61.7000,65.0000,654795,425616.75
002150,正泰电源,2026-06-05,28.6000,28.6400,27.0300,27.2100,159845,43493.82
002151,北斗星通,2026-06-05,34.3500,35.4700,33.8900,34.9400,224090,78297.05
002152,广电运通,2026-06-05,10.1400,10.3200,10.0600,10.1700,179791,18284.74
002154,报 喜 鸟,2026-06-05,3.9900,4.0900,3.9800,4.0200,247201,9937.48
002155,湖南黄金,2026-06-05,24.7800,25.0200,24.2800,24.4500,313648,76686.94
002156,通富微电,2026-06-05,70.8000,71.0100,66.3700,66.8400,1479879,989151.12
002157,正邦科技,2026-06-05,3.0500,3.0800,3.0200,3.0400,1313043,39916.51
002158,汉钟精机,2026-06-05,28.7600,29.2800,27.9000,28.5100,93125,26549.94
002159,三特索道,2026-06-05,14.2400,14.6400,14.2300,14.4600,31479,4551.86
002160,常铝股份,2026-06-05,4.3800,4.5000,4.3300,4.3900,242381,10640.53
002161,远 望 谷,2026-06-05,6.0100,6.2000,5.9400,6.0300,156724,9450.46
002162,悦心健康,2026-06-05,3.7700,3.8800,3.7100,3.7800,161329,6098.24
002163,海南发展,2026-06-05,9.7700,10.0600,9.6900,9.8600,212010,20904.19
002164,宁波东力,2026-06-05,12.2100,13.4500,11.6500,13.3300,431477,57515.88
002166,莱茵生物,2026-06-05,7.6900,7.7800,7.6000,7.7000,62121,4783.32
002167,东方锆业,2026-06-05,13.8300,14.3000,13.5300,13.6500,715925,97723.76
002168,ST惠程,2026-06-05,3.6300,3.7000,3.5500,3.6500,55798,2036.63
002169,智光电气,2026-06-05,15.7000,16.0800,15.4100,15.7600,306670,48331.19
002170,芭田股份,2026-06-05,11.4800,11.6900,11.4200,11.5400,117581,13568.85
002171,楚江新材,2026-06-05,12.7000,13.2700,12.7000,12.8500,1452624,186662.18
002172,澳洋健康,2026-06-05,3.2300,3.2900,3.1900,3.2600,160601,5235.59
002175,*ST东智,2026-06-05,2.4800,2.5500,2.4800,2.5000,182608,4565.20
002176,江特电机,2026-06-05,11.0000,11.2600,10.6700,11.0500,784881,86729.35
002177,御银股份,2026-06-05,6.6100,6.6800,6.5200,6.5600,285532,18730.90
002178,延华智能,2026-06-05,5.4500,5.5200,5.3600,5.4200,127098,6888.71
002179,中航光电,2026-06-05,38.7500,39.3700,37.6400,37.7800,449961,169995.27
002180,奔图科技,2026-06-05,15.4900,15.7100,15.1000,15.2300,165693,25235.04
002181,粤 传 媒,2026-06-05,15.3800,15.8700,14.2000,15.0400,988060,148604.22
002182,宝武镁业,2026-06-05,13.9500,14.3600,13.5100,14.0000,247168,34603.52
002183,怡 亚 通,2026-06-05,6.5200,7.0100,6.4000,7.0100,2040713,143053.98
002184,海得控制,2026-06-05,11.4000,12.0400,10.9100,11.7500,173766,20417.51
002185,华天科技,2026-06-05,18.9800,19.1600,17.8900,18.0800,4088680,739233.34
002186,全 聚 德,2026-06-05,9.2300,9.4400,9.2100,9.3900,33056,3103.96
002187,广百股份,2026-06-05,5.4200,5.7200,5.4200,5.5500,210379,11676.03
002189,中光学,2026-06-05,20.5000,21.0400,20.0100,20.6700,34510,7133.22
002190,成飞集成,2026-06-05,26.1000,26.5800,25.9100,26.0800,35428,9239.62
002191,劲嘉股份,2026-06-05,3.7300,3.8700,3.6900,3.8700,256572,9929.34
002192,融捷股份,2026-06-05,75.9000,79.5000,73.2800,76.7900,225294,173003.26
002193,ST如意,2026-06-05,4.7300,4.8400,4.6500,4.7900,50382,2413.30
002194,武汉凡谷,2026-06-05,11.2000,12.1400,11.1800,12.1400,362511,44008.84
002195,岩山科技,2026-06-05,7.5000,7.6500,7.3600,7.4100,1207899,89505.32
002196,方正电机,2026-06-05,13.0000,14.0000,12.3200,13.6800,622330,85134.74
002197,证通电子,2026-06-05,6.4700,6.6900,6.4000,6.5500,172023,11267.51
002198,ST嘉应,2026-06-05,3.8800,3.9700,3.8300,3.9200,81873,3209.42
002199,*ST东晶,2026-06-05,13.0800,13.3500,12.6200,13.2300,61979,8199.82
002201,九鼎新材,2026-06-05,10.5000,10.8700,10.1000,10.5700,336751,35594.58
002202,金风科技,2026-06-05,23.8500,23.9500,22.9700,23.0000,1164389,267809.47
002203,海亮股份,2026-06-05,19.4900,19.7500,18.8800,19.0400,298879,56906.56
002204,大连重工,2026-06-05,5.8100,5.8800,5.7300,5.7800,210301,12155.40
002205,国统股份,2026-06-05,12.2500,12.6000,12.0800,12.4400,23321,2901.13
002206,海 利 得,2026-06-05,5.3600,5.4700,5.2800,5.3600,152546,8176.47
002207,*ST准油,2026-06-05,8.8700,9.0600,8.6200,8.8500,250648,22182.35
002208,合肥城建,2026-06-05,16.8100,16.9000,15.8300,16.1800,734938,118912.97
002210,飞马国际,2026-06-05,2.6500,2.7200,2.6100,2.6600,791227,21046.64
002211,ST宏达,2026-06-05,3.5800,3.7900,3.5800,3.7700,139063,5242.68
002212,天融信,2026-06-05,6.4700,6.6500,6.4000,6.4900,223554,14508.65
002213,大为股份,2026-06-05,38.0000,39.5000,37.1100,37.7600,368272,139059.51
002214,*ST大立,2026-06-05,14.2200,14.8500,14.2200,14.8200,88211,13072.87
002215,诺 普 信,2026-06-05,8.9500,9.0800,8.8800,8.8900,94973,8443.10
002217,合力泰,2026-06-05,2.5200,2.6100,2.4500,2.5400,3703155,94060.14
002218,拓日新能,2026-06-05,4.5800,4.8400,4.4500,4.5600,894020,40767.31
002219,新里程,2026-06-05,2.1200,2.1900,2.1200,2.1600,555002,11988.04
002221,东华能源,2026-06-05,6.6000,6.8200,6.5300,6.6800,175149,11699.95
002222,福晶科技,2026-06-05,96.3000,100.0000,93.7900,94.4000,295036,278513.98
002224,三 力 士,2026-06-05,3.6500,3.7600,3.6400,3.7300,112854,4209.45
002225,濮耐股份,2026-06-05,3.7900,4.0200,3.7600,3.9100,545187,21316.81
002226,江南化工,2026-06-05,5.0100,5.1500,5.0000,5.1200,205639,10528.72
002227,*ST特迅,2026-06-05,8.3000,8.3500,8.1100,8.2200,28115,2311.05
002228,合兴包装,2026-06-05,3.3300,3.3900,3.3000,3.3400,216329,7225.39
002229,鸿博股份,2026-06-05,13.6000,14.3000,13.4100,14.1000,415661,58608.20
002230,科大讯飞,2026-06-05,45.8300,46.4300,45.0100,46.0300,482055,221889.92
002232,启明信息,2026-06-05,14.9000,15.3900,14.8000,15.1200,40626,6142.65
002233,塔牌集团,2026-06-05,7.9100,8.0800,7.8700,7.9800,52306,4174.02
002235,安妮股份,2026-06-05,10.0800,10.6700,10.0100,10.6000,714809,75769.75
002236,大华股份,2026-06-05,16.6900,17.2500,16.5500,16.9200,364335,61645.48
002237,恒邦股份,2026-06-05,13.4100,13.5800,13.2100,13.2600,184030,24402.38
002238,天威视讯,2026-06-05,6.2500,6.4400,6.2200,6.3500,56556,3591.31
002239,奥特佳,2026-06-05,2.5700,2.6500,2.5700,2.6000,545004,14170.10
002240,盛新锂能,2026-06-05,42.7600,44.8900,41.3600,43.5500,519801,226373.34
002241,歌尔股份,2026-06-05,24.6400,25.7500,23.5000,24.8200,1992807,494614.70
002243,力合科创,2026-06-05,9.0400,9.3300,8.9800,9.2600,330177,30574.39
002244,滨江集团,2026-06-05,9.7300,10.0300,9.4800,9.6000,206034,19779.26
002245,蔚蓝锂芯,2026-06-05,20.7700,21.3500,20.2400,20.5600,1084344,222941.13
002246,北化股份,2026-06-05,20.0200,21.7600,20.0200,21.0900,272325,57433.34
002248,华东数控,2026-06-05,9.8700,10.2800,9.5600,10.0800,145992,14715.99
002249,大洋电机,2026-06-05,8.2200,8.5900,7.9900,8.3800,636367,53327.55
002250,联化科技,2026-06-05,13.9600,14.3300,13.9600,14.0500,114300,16059.15
002252,上海莱士,2026-06-05,5.1600,5.2600,5.1300,5.1900,335495,17412.19
002253,*ST智胜,2026-06-05,11.4000,11.4500,11.1700,11.2100,46029,5159.85
002254,泰和新材,2026-06-05,13.8400,15.5300,13.5200,15.5300,846184,131412.38
002255,海陆重工,2026-06-05,9.4800,9.6100,9.2700,9.4300,159651,15055.09
002256,兆新股份,2026-06-05,4.3600,4.4500,4.0900,4.1200,1163437,47933.60
002261,拓维信息,2026-06-05,29.0000,29.1000,28.1200,28.3900,474780,134790.04
002262,恩华药业,2026-06-05,19.5300,19.6800,19.2900,19.3200,72410,13989.61
002263,大东南,2026-06-05,3.8700,3.9400,3.7800,3.8300,1154363,44212.10
002264,新 华 都,2026-06-05,6.5400,6.7400,6.5300,6.6300,170908,11331.20
002265,建设工业,2026-06-05,20.0300,20.3800,19.6800,19.9400,68156,13590.31
002266,浙富控股,2026-06-05,4.9900,5.0700,4.9000,4.9400,781819,38621.86
002267,陕天然气,2026-06-05,7.4400,7.5100,7.3900,7.4000,51023,3775.70
002268,电科网安,2026-06-05,13.7400,14.0000,13.5000,13.7700,99191,13658.60
002269,美邦服饰,2026-06-05,1.5200,1.5800,1.5200,1.5500,540264,8374.09
002270,华明装备,2026-06-05,20.4500,20.8800,19.8000,20.5900,192371,39609.19
002271,东方雨虹,2026-06-05,12.8400,13.0400,12.7800,12.8100,360318,46156.74
002272,川润股份,2026-06-05,19.8100,20.0000,18.8100,19.0000,473171,89902.49
002274,华昌化工,2026-06-05,5.5800,5.7000,5.5100,5.5800,125496,7002.68
002275,桂林三金,2026-06-05,12.9100,13.1200,12.8700,13.0700,11465,1498.48
002276,万马股份,2026-06-05,11.3900,11.9400,11.1300,11.6500,260251,30319.24
002278,神开股份,2026-06-05,8.9400,9.0100,8.6600,8.8900,83757,7446.00
002279,久其软件,2026-06-05,6.9100,7.2400,6.8600,7.0300,475123,33401.15
002281,光迅科技,2026-06-05,219.9600,238.6700,218.1100,227.5800,736104,1675225.48
002282,博深股份,2026-06-05,6.2000,6.3300,6.1400,6.2600,47359,2964.67
002283,天润工业,2026-06-05,10.8500,10.9500,10.6400,10.6800,217196,23196.53
002285,世联行,2026-06-05,2.5600,2.6500,2.5200,2.5400,437628,11115.75
002287,奇正藏药,2026-06-05,20.3500,20.7800,20.3500,20.5600,13088,2690.89
002289,*ST宇顺,2026-06-05,40.1000,41.1900,39.1100,39.4000,21891,8625.05
002291,遥望科技,2026-06-05,5.8200,5.8900,5.6500,5.7400,272591,15646.72
002294,信立泰,2026-06-05,32.4300,33.4200,32.1500,32.2800,207722,67052.66
002296,辉煌科技,2026-06-05,10.0000,10.3500,9.9700,10.1700,98410,10008.30
002297,博云新材,2026-06-05,21.1000,21.3800,20.2500,20.4400,794809,162458.96
002298,中电鑫龙,2026-06-05,8.7800,8.9300,8.5400,8.7700,276286,24230.28
002299,圣农发展,2026-06-05,16.3800,16.5900,16.1900,16.2800,80531,13110.45
002300,太阳电缆,2026-06-05,8.2600,8.3800,8.1200,8.2300,178996,14731.37
002301,齐心集团,2026-06-05,7.5300,7.5900,7.2200,7.4800,147621,11042.05
002302,西部建设,2026-06-05,4.9600,5.0700,4.9500,5.0100,71687,3591.52
002303,美盈森,2026-06-05,3.2100,3.2700,3.1900,3.2500,78336,2545.92
002304,洋河股份,2026-06-05,43.2800,44.1500,42.9100,43.3000,57651,24962.88
002305,*ST南置,2026-06-05,2.2600,2.3100,2.2100,2.2400,299536,6709.61
002306,*ST云网,2026-06-05,2.2300,2.2500,2.1500,2.1900,99251,2173.60
002307,北新路桥,2026-06-05,3.9200,4.1500,3.9100,3.9700,349503,13875.27
002309,中利集团,2026-06-05,3.4700,3.5400,3.3600,3.4400,1579437,54332.63
002310,东方新能,2026-06-05,2.6700,2.8400,2.6700,2.7200,991749,26975.57
002311,海大集团,2026-06-05,44.4200,45.1000,43.9500,44.0900,74875,33012.39
002312,川发龙蟒,2026-06-05,8.6600,8.7500,8.5400,8.6200,213315,18387.75
002313,日海智能,2026-06-05,8.7500,9.1800,8.6800,9.0600,105256,9536.19
002314,南山控股,2026-06-05,2.4600,2.6200,2.4300,2.5000,872817,21820.43
002315,焦点科技,2026-06-05,26.8000,26.9200,26.2700,26.3000,57436,15105.67
002316,亚联发展,2026-06-05,4.8100,4.9700,4.6700,4.8600,184577,8970.44
002317,众生药业,2026-06-05,22.6400,22.8200,21.8000,21.8700,246070,53815.51
002318,久立特材,2026-06-05,22.6600,23.1900,22.2500,22.8600,155322,35506.61
002319,乐通股份,2026-06-05,11.7300,12.1800,11.6500,11.9900,129509,15528.13
002320,海峡股份,2026-06-05,7.2300,7.3800,7.2000,7.2200,155324,11214.39
002321,华英农业,2026-06-05,1.8600,1.9200,1.8600,1.8900,220863,4174.31
002322,理工能科,2026-06-05,11.1000,11.2600,11.0600,11.0900,25139,2787.92
002323,*ST雅博,2026-06-05,1.4600,1.5400,1.4300,1.5000,1360419,20406.29
002324,普利特,2026-06-05,11.8700,12.4900,11.6100,12.2100,270084,32977.26
002326,永太科技,2026-06-05,21.8600,22.1000,21.2200,21.9000,273715,59943.59
002328,新朋股份,2026-06-05,8.9400,8.9700,8.5600,8.5800,588088,50457.95
002329,皇氏集团,2026-06-05,3.9200,3.9200,3.5600,3.5600,489109,17412.28
002330,得利斯,2026-06-05,3.8900,4.0000,3.8800,3.9600,123794,4902.24
002331,皖通科技,2026-06-05,8.6800,8.9500,8.6100,8.8400,123417,10910.06
002332,仙琚制药,2026-06-05,8.3000,8.4000,8.2700,8.3400,45511,3795.62
002333,罗普斯金,2026-06-05,4.9400,5.0200,4.9200,4.9700,41599,2067.47
002334,英威腾,2026-06-05,9.3800,9.3800,9.1000,9.1700,621535,56994.76
002335,科华数据,2026-06-05,39.7000,39.8100,38.3300,38.5100,272815,105061.06
002337,赛象科技,2026-06-05,5.1600,5.3600,5.0800,5.2600,99123,5213.87
002338,奥普光电,2026-06-05,52.5400,54.2000,51.2200,53.2100,59739,31787.12
002339,积成电子,2026-06-05,8.3100,8.4300,8.0500,8.2700,149302,12347.28
002340,格林美,2026-06-05,7.3900,7.4100,7.1600,7.2000,1509651,108694.87
002342,巨力索具,2026-06-05,11.1000,11.3800,10.7000,11.1000,889763,98763.69
002343,慈文传媒,2026-06-05,4.9400,5.1400,4.9200,5.0800,135297,6873.09
002344,海宁皮城,2026-06-05,3.8600,4.0200,3.8500,3.9100,139524,5455.39
002345,潮宏基,2026-06-05,9.0700,9.2000,8.9400,8.9600,107722,9651.89
002346,柘中股份,2026-06-05,18.1000,18.5500,17.2000,17.8500,46867,8365.76
002347,泰尔股份,2026-06-05,6.8200,7.1100,6.6100,6.9800,263178,18369.82
002348,高乐股份,2026-06-05,14.6000,14.6000,13.1800,13.3700,393971,52673.92
002349,精华制药,2026-06-05,6.6900,6.8000,6.6900,6.7000,51508,3451.04
002350,北京科锐,2026-06-05,14.4000,14.7200,13.9300,14.5400,151163,21979.10
002352,顺丰控股,2026-06-05,34.2500,34.8800,34.2500,34.8600,170435,59413.64
002353,杰瑞股份,2026-06-05,162.9800,162.9800,150.0100,151.3800,299090,452762.44
002355,兴民智通,2026-06-05,5.2200,5.3300,5.0700,5.2200,196018,10232.14
002356,赫美集团,2026-06-05,3.2000,3.3700,3.1900,3.1900,361638,11536.25
002357,富临运业,2026-06-05,10.5000,11.0700,10.4100,10.4400,140582,14676.76
002358,森源电气,2026-06-05,6.2300,6.3200,6.1200,6.2400,171450,10698.48
002360,ST同德,2026-06-05,6.0600,6.0600,5.8600,5.9000,100074,5904.37
002361,神剑股份,2026-06-05,15.4500,16.8100,15.1500,16.8100,1485371,249690.87
002362,汉王科技,2026-06-05,16.0400,16.5200,15.7200,16.2600,41916,6815.54
002363,隆基机械,2026-06-05,6.9500,7.1400,6.8400,7.0300,61085,4294.28
002364,中恒电气,2026-06-05,52.9500,57.3700,52.2500,52.9500,482568,255519.76
002365,永安药业,2026-06-05,11.5500,11.7100,11.3800,11.4500,55743,6382.57
002366,融发核电,2026-06-05,6.2400,6.4400,6.2100,6.2800,438060,27510.17
002367,康力电梯,2026-06-05,5.6200,5.7300,5.5700,5.6500,61089,3451.53
002368,太极股份,2026-06-05,15.7000,16.1700,15.6200,15.8200,117776,18632.16
002369,卓翼科技,2026-06-05,6.3200,6.5000,6.1400,6.3400,174620,11070.91
002370,亚太药业,2026-06-05,5.6900,5.7300,5.5200,5.6500,181881,10276.28
002371,北方华创,2026-06-05,615.0000,619.5900,600.0000,603.3600,80843,487774.32
002372,伟星新材,2026-06-05,9.5000,9.5400,9.3400,9.4500,64270,6073.52
002373,千方科技,2026-06-05,7.6700,7.8000,7.5300,7.6400,222957,17033.91
002374,中锐股份,2026-06-05,3.5500,3.6000,3.4200,3.4300,345074,11836.04
002376,新北洋,2026-06-05,6.4000,6.5600,6.3700,6.4500,96347,6214.38
002378,章源钨业,2026-06-05,30.4800,31.4000,29.5300,29.6900,619193,183838.40
002379,宏桥控股,2026-06-05,19.3000,19.6800,18.5500,18.6300,401373,74775.79
002380,科远智慧,2026-06-05,38.3000,39.3500,37.1000,38.4100,79030,30355.42
002381,双箭股份,2026-06-05,5.6300,5.7800,5.5100,5.7100,52756,3012.37
002383,合众思壮,2026-06-05,7.6800,7.9600,7.6500,7.8400,142057,11137.27
002384,东山精密,2026-06-05,232.0800,241.8000,219.0500,221.4100,844741,1870341.05
002385,大北农,2026-06-05,3.2900,3.3100,3.2200,3.2500,568679,18482.07
002386,天原股份,2026-06-05,5.7500,5.7900,5.6500,5.7800,160694,9288.11
002388,新亚制程,2026-06-05,5.4200,5.6500,5.0900,5.5900,561638,31395.56
002389,航天彩虹,2026-06-05,18.8800,19.2100,18.6100,18.9300,163506,30951.69
002390,信邦制药,2026-06-05,2.9400,3.0100,2.9400,2.9600,164449,4867.69
002392,北京利尔,2026-06-05,7.8100,8.1100,7.5900,8.0200,278407,22328.24
002393,力生制药,2026-06-05,14.3700,14.5900,14.3400,14.4000,14230,2049.12
002394,联发股份,2026-06-05,10.1500,10.2300,9.8000,9.9400,55395,5506.26
002395,双象股份,2026-06-05,15.1900,16.7800,15.0000,15.6800,205703,32254.23
002396,星网锐捷,2026-06-05,21.2700,22.5300,20.9500,21.3200,379094,80822.84
002398,垒知集团,2026-06-05,4.3500,4.4800,4.3300,4.4000,141672,6233.57
002399,海普瑞,2026-06-05,9.4400,9.7200,9.4100,9.6300,38872,3743.37
002400,省广集团,2026-06-05,7.6100,7.7400,7.3500,7.4400,764260,56860.94
002401,中远海科,2026-06-05,12.5000,12.8800,12.4900,12.7100,32611,4144.86
002402,和而泰,2026-06-05,25.6000,26.3200,24.7800,25.5800,321671,82283.44
002404,嘉欣丝绸,2026-06-05,7.4800,7.5700,7.2000,7.2200,326038,23539.94
002405,四维图新,2026-06-05,7.9100,8.0600,7.7000,7.8800,567798,44742.48
002406,远东传动,2026-06-05,7.5900,8.3400,7.3200,8.0700,970739,78338.64
002407,多氟多,2026-06-05,32.2300,34.1500,31.5600,33.2000,1265234,420057.69
002408,齐翔腾达,2026-06-05,5.0900,5.2200,5.0300,5.1300,256327,13149.58
002409,雅克科技,2026-06-05,113.7400,119.0900,111.4100,115.0000,258014,296716.10
002410,广联达,2026-06-05,9.3700,9.7000,9.3700,9.4700,305192,28901.68
002412,汉森制药,2026-06-05,6.5100,6.5800,6.4000,6.4600,73242,4731.43
002413,雷科防务,2026-06-05,10.4800,10.8300,10.2500,10.6000,878345,93104.57
002414,高德红外,2026-06-05,12.7200,12.8700,12.3900,12.5300,493757,61867.75
002415,海康威视,2026-06-05,30.7700,31.5300,30.5100,31.2800,761527,238205.65
002416,爱施德,2026-06-05,10.3500,10.6300,10.2700,10.5200,178975,18828.17
002418,康盛股份,2026-06-05,4.5100,4.6500,4.4000,4.5500,645748,29381.53
002419,天虹股份,2026-06-05,4.6900,4.8500,4.6900,4.7900,124975,5986.30
002420,毅昌科技,2026-06-05,5.7000,5.8900,5.5500,5.7900,135902,7868.73
002421,达实智能,2026-06-05,4.8600,5.2100,4.8200,5.2100,7792543,405991.49
002422,科伦药业,2026-06-05,34.1800,35.6300,34.1800,34.6100,174181,60284.04
002424,ST百灵,2026-06-05,4.6300,4.6600,4.5900,4.5900,62095,2850.16
002425,凯撒文化,2026-06-05,2.9000,3.1000,2.9000,2.9900,255665,7644.38
002426,胜利精密,2026-06-05,3.5500,3.9900,3.5200,3.8200,5410589,206684.50
002428,云南锗业,2026-06-05,87.0400,92.4900,85.2000,85.5000,818614,699914.97
002429,兆驰股份,2026-06-05,12.0500,12.3900,11.7100,11.8200,1175124,138899.66
002430,杭氧股份,2026-06-05,25.0800,25.4800,24.6100,25.0000,156912,39228.00
002431,ST棕榈,2026-06-05,1.6200,1.6700,1.6000,1.6300,218808,3566.57
002432,九安医疗,2026-06-05,73.4200,74.0000,69.6100,70.6800,231336,163508.28
002434,万里扬,2026-06-05,7.1700,7.3900,6.9700,7.3000,270119,19718.69
002436,兴森科技,2026-06-05,39.5000,40.3900,37.5000,37.9000,1852203,701984.94
002437,誉衡药业,2026-06-05,2.8600,2.9200,2.8100,2.8200,431338,12163.73
002438,江苏神通,2026-06-05,16.7100,17.2800,16.3400,17.0000,128904,21913.68
002439,启明星辰,2026-06-05,14.0000,14.1000,13.5900,13.7800,190894,26305.19
002441,众业达,2026-06-05,8.9100,9.1200,8.6800,8.9500,79797,7141.83
002442,龙星科技,2026-06-05,5.5000,5.5600,5.2500,5.4900,331985,18225.98
002443,金洲管道,2026-06-05,11.3000,11.4100,10.8300,10.8800,271013,29486.21
002444,巨星科技,2026-06-05,32.1200,32.8000,31.5300,31.6700,99192,31414.11
002445,中南文化,2026-06-05,3.5800,3.6900,3.5100,3.5300,1250964,44159.03
002446,盛路通信,2026-06-05,9.9100,10.7600,9.8500,10.6200,1395476,148199.55
002448,中原内配,2026-06-05,13.0000,13.2100,12.6500,13.0800,138228,18080.22
002451,摩恩电气,2026-06-05,8.2000,8.3200,7.9600,8.2200,99731,8197.89
002452,长高电气,2026-06-05,11.0700,11.5900,10.8700,11.2700,269201,30338.95
002454,松芝股份,2026-06-05,5.6400,5.8100,5.5600,5.6600,122613,6939.90
002455,百川股份,2026-06-05,8.3300,8.4100,8.0500,8.2200,260670,21427.07
002456,欧菲光,2026-06-05,9.9500,10.1900,9.7600,9.8600,2099321,206993.05
002457,青龙管业,2026-06-05,11.8800,12.4000,11.8600,12.2000,333098,40637.96
002458,益生股份,2026-06-05,7.8400,7.9400,7.7100,7.8100,180478,14095.33
002459,晶澳科技,2026-06-05,8.6200,8.6800,8.4000,8.4400,490555,41402.84
002460,赣锋锂业,2026-06-05,66.7900,68.0500,64.6800,65.6500,561627,368708.13
002461,珠江啤酒,2026-06-05,9.3300,9.7800,9.3300,9.4000,161334,15165.40
002463,沪电股份,2026-06-05,137.1000,141.2800,131.8100,133.2200,955056,1272325.60
002465,海格通信,2026-06-05,15.0100,16.4000,14.7600,15.9200,2295478,365440.10
002466,天齐锂业,2026-06-05,59.4600,61.2000,57.8100,59.0600,574124,339077.63
002467,二六三,2026-06-05,5.5300,5.5900,5.4000,5.5000,412581,22691.96
002468,申通快递,2026-06-05,13.7400,14.0900,13.6500,13.9000,190642,26499.24
002469,三维化学,2026-06-05,6.3000,6.3800,6.2200,6.3000,65366,4118.06
002470,金正大,2026-06-05,2.2600,2.3000,2.2300,2.2500,848789,19097.75
002471,中超控股,2026-06-05,7.6300,7.9500,7.5900,7.9500,945322,75153.10
002472,双环传动,2026-06-05,41.4000,44.2100,39.0500,42.8600,561344,240592.04
002474,榕基软件,2026-06-05,7.0000,7.2200,6.8700,7.1600,289315,20714.95
002475,立讯精密,2026-06-05,73.0000,73.3900,67.9800,68.7700,2551045,1754353.65
002476,宝莫股份,2026-06-05,5.2000,5.3200,5.1200,5.2400,86745,4545.44
002478,常宝股份,2026-06-05,7.2700,7.2900,7.0600,7.1200,185484,13206.46
002479,富春环保,2026-06-05,5.3100,5.6000,5.3100,5.3400,252048,13459.36
002480,新筑股份,2026-06-05,6.1600,6.2600,6.0000,6.0400,274917,16604.99
002481,双塔食品,2026-06-05,4.0100,4.0900,4.0100,4.0400,77629,3136.21
002482,广田集团,2026-06-05,1.4700,1.5100,1.4600,1.4800,546458,8087.58
002483,润邦股份,2026-06-05,5.8900,5.9500,5.6800,5.7300,176435,10109.73
002484,江海股份,2026-06-05,92.0100,95.0000,88.4800,90.0000,830858,747772.20
002485,ST雪发,2026-06-05,4.6000,4.6900,4.5600,4.5900,24882,1142.08
002487,大金重工,2026-06-05,67.5700,67.9600,63.3000,63.6700,270714,172363.60
002489,浙江永强,2026-06-05,3.7000,3.7600,3.5400,3.6500,426469,15566.12
002490,山东墨龙,2026-06-05,7.6100,7.6300,7.3400,7.4800,345568,25848.49
002491,通鼎互联,2026-06-05,26.4200,28.5800,24.6500,24.8200,2972135,737683.91
002492,恒基达鑫,2026-06-05,5.9500,6.1100,5.8000,6.0300,99951,6027.05
002493,荣盛石化,2026-06-05,11.0000,11.8000,10.9300,11.4300,629782,71984.08
002494,华斯股份,2026-06-05,5.1200,5.3500,4.9800,5.2500,134633,7068.23
002495,佳隆股份,2026-06-05,2.3600,2.4500,2.3500,2.4200,293151,7094.25
002496,*ST辉丰,2026-06-05,2.3700,2.4500,2.2900,2.3800,286578,6820.56
002497,雅化集团,2026-06-05,21.1100,22.3000,20.3900,21.2000,500248,106052.58
002498,汉缆股份,2026-06-05,8.1700,8.3000,7.9400,7.9700,865161,68953.33
002500,山西证券,2026-06-05,5.0600,5.1000,5.0300,5.0600,213396,10797.84
002501,*ST利源,2026-06-05,1.6600,1.7400,1.5800,1.7000,1701965,28933.41
002506,协鑫集成,2026-06-05,3.4900,3.5300,3.3700,3.4400,2701058,92916.40
002510,天汽模,2026-06-05,6.1900,6.3900,6.0800,6.3000,213216,13432.61
002512,ST达华,2026-06-05,4.2800,4.3800,4.1900,4.2900,314961,13511.83
002513,蓝丰生化,2026-06-05,5.5200,5.6800,5.4000,5.6100,70719,3967.34
002514,*ST宝馨,2026-06-05,3.9400,4.1700,3.9400,4.0500,485809,19675.26
002516,旷达科技,2026-06-05,5.9000,6.1700,5.6800,6.0600,350975,21269.09
002517,恺英网络,2026-06-05,15.2300,15.7300,15.1000,15.2200,542144,82514.32
002518,科士达,2026-06-05,51.0100,53.2100,49.2300,50.9000,160424,81655.82
002519,银河电子,2026-06-05,6.5000,6.7400,6.3700,6.6200,482651,31951.50
002520,日发精机,2026-06-05,6.2100,6.5100,5.9500,6.3500,835913,53080.48
002522,浙江众成,2026-06-05,7.1000,7.4000,7.0300,7.2900,903416,65859.03
002523,天桥起重,2026-06-05,3.4800,3.5700,3.4500,3.5200,239848,8442.65
002524,光正眼科,2026-06-05,3.7400,3.8400,3.6800,3.7900,117669,4459.66
002526,山东矿机,2026-06-05,2.9600,3.0400,2.9400,3.0000,245391,7361.73
002527,新时达,2026-06-05,14.6800,15.6000,14.5100,15.4300,424704,65531.83
002528,*ST英飞,2026-06-05,4.8000,5.0400,4.7200,4.8300,202886,9799.39
002529,*ST海源,2026-06-05,7.7300,7.9100,7.5500,7.6800,35271,2708.81
002531,天顺风能,2026-06-05,10.0500,10.1100,9.4700,9.7700,496315,48489.98
002532,天山铝业,2026-06-05,14.3000,14.4100,13.7200,13.8100,799644,110430.84
002533,金杯电工,2026-06-05,12.0800,12.1500,11.8200,11.9200,119261,14215.91
002534,西子洁能,2026-06-05,19.9500,20.1700,19.4000,19.7200,134225,26469.17
002535,林州重机,2026-06-05,2.5900,2.6900,2.5400,2.6400,279144,7369.40
002536,飞龙股份,2026-06-05,40.0000,41.5500,39.3000,39.5500,358940,141960.77
002537,海联金汇,2026-06-05,6.1300,6.2500,6.0800,6.1400,201088,12346.80
002538,ST司特,2026-06-05,6.0400,6.0600,5.9100,5.9600,89532,5336.11
002539,云图控股,2026-06-05,12.0800,12.3200,11.9000,11.9400,179347,21414.03
002540,亚太科技,2026-06-05,5.3100,5.4200,5.2600,5.3400,109963,5872.02
002541,鸿路钢构,2026-06-05,19.4500,19.7600,18.2400,18.4100,110959,20427.55
002542,*ST中岩,2026-06-05,1.5900,1.6300,1.5800,1.6100,258061,4154.78
002543,万和电气,2026-06-05,7.2500,7.4300,7.2200,7.3300,31718,2324.93
002544,普天科技,2026-06-05,20.3600,21.5000,20.1300,20.8000,185990,38685.92
002545,东方铁塔,2026-06-05,20.5300,21.4500,20.3300,20.7400,187925,38975.65
002546,新联电子,2026-06-05,7.1200,7.2600,7.0000,7.1400,155438,11098.27
002547,*ST春兴,2026-06-05,3.4800,3.6100,3.4300,3.5400,362487,12832.04
002548,金新农,2026-06-05,3.9600,4.0700,3.9500,3.9900,219216,8746.72
002549,凯美特气,2026-06-05,16.4400,16.4400,15.8300,15.9900,253783,40579.90
002550,千红制药,2026-06-05,6.0300,6.1200,6.0100,6.0600,106892,6477.66
002552,宝鼎科技,2026-06-05,58.0000,61.5800,57.3500,58.3200,208345,121506.80
002553,南方精工,2026-06-05,17.8300,18.7300,17.4300,18.4000,116704,21473.54
002554,惠博普,2026-06-05,3.0900,3.1400,3.0300,3.1000,222522,6898.18
002555,三七互娱,2026-06-05,19.0100,19.8000,19.0100,19.5000,439204,85644.78
002556,辉隆股份,2026-06-05,5.1000,5.2000,5.0900,5.1600,69863,3604.93
002557,洽洽食品,2026-06-05,21.1800,21.6300,21.1700,21.2600,56546,12021.68
002558,巨人网络,2026-06-05,25.2500,26.0800,25.1400,25.7900,419723,108246.56
002559,亚威股份,2026-06-05,9.6700,10.1900,9.1900,9.9400,418285,41577.53
002560,通达股份,2026-06-05,8.6800,8.8400,8.4200,8.6900,469756,40821.80
002562,兄弟科技,2026-06-05,4.8900,5.0000,4.8100,4.9000,215982,10583.12
002564,天沃科技,2026-06-05,5.0400,5.1900,4.9200,5.0800,149491,7594.14
002565,顺灏股份,2026-06-05,14.9000,15.5500,14.3200,15.3400,1302262,199766.99
002567,唐人神,2026-06-05,3.4300,3.4900,3.4100,3.4500,158697,5475.05
002568,百润股份,2026-06-05,18.2400,19.2500,18.2300,18.3800,228999,42090.02
002569,*ST步森,2026-06-05,15.7200,16.0600,15.4200,15.8800,14720,2337.54
002571,德力股份,2026-06-05,12.0600,12.8800,11.7200,12.6600,191218,24208.20
002573,清新环境,2026-06-05,3.3600,3.4000,3.3500,3.3700,61030,2056.71
002574,明牌珠宝,2026-06-05,4.8100,4.9800,4.7400,4.8900,69785,3412.49
002575,群兴玩具,2026-06-05,5.9500,6.0000,5.7600,5.8300,419015,24428.57
002576,通达动力,2026-06-05,15.9100,16.6600,15.4200,16.2500,76113,12368.36
002577,雷柏科技,2026-06-05,17.6800,18.2300,17.4500,17.9300,30692,5503.08
002578,闽发铝业,2026-06-05,3.8500,4.0000,3.7600,3.9000,411106,16033.13
002579,中京电子,2026-06-05,19.5800,19.9000,18.5500,18.6900,1745577,326248.34
002580,圣阳股份,2026-06-05,23.1000,23.2200,21.7600,21.8500,752100,164333.85
002581,*ST未名,2026-06-05,4.2300,4.3200,4.1400,4.2400,67059,2843.30
002582,好想你,2026-06-05,9.6400,9.7800,9.5000,9.6600,146181,14121.08
002583,海能达,2026-06-05,8.2700,9.0200,8.2400,8.7500,638531,55871.46
002584,西陇科学,2026-06-05,7.4600,7.7100,7.1000,7.5500,313697,23684.12
002585,双星新材,2026-06-05,12.9800,12.9800,11.7100,11.8200,2961005,349990.79
002586,ST围海,2026-06-05,4.0600,4.1300,3.9800,3.9800,47123,1875.50
002587,奥拓电子,2026-06-05,6.7500,7.1300,6.6700,7.0500,340044,23973.10
002588,史丹利,2026-06-05,8.7800,9.0100,8.7800,8.8900,106276,9447.94
002589,瑞康医药,2026-06-05,2.8200,2.8900,2.8200,2.8700,256262,7354.72
002591,恒大高新,2026-06-05,7.5600,7.7400,7.3500,7.5900,113330,8601.75
002592,ST八菱,2026-06-05,6.9300,7.0200,6.8100,6.9900,23453,1639.36
002593,日上集团,2026-06-05,4.6700,4.7700,4.5900,4.7300,106410,5033.19
002594,比亚迪,2026-06-05,93.5200,94.0000,92.3000,93.0100,339969,316205.17
002595,豪迈科技,2026-06-05,52.2400,52.4300,50.5100,50.7900,58547,29736.02
002596,海南瑞泽,2026-06-05,3.7400,3.8100,3.6900,3.7700,269772,10170.40
002597,金禾实业,2026-06-05,19.2300,19.5500,19.0100,19.2000,45570,8749.44
002598,ST章鼓,2026-06-05,6.9700,7.1800,6.9400,7.1200,46717,3326.25
002599,盛通股份,2026-06-05,6.1100,6.4200,6.0100,6.2300,119841,7466.09
002600,领益智造,2026-06-05,14.8600,15.5500,14.1700,15.0800,2738234,412925.69
002601,龙佰集团,2026-06-05,13.9800,14.2000,13.6600,13.9300,245434,34188.96
002602,世纪华通,2026-06-05,14.8600,15.4500,14.8500,14.9400,1356684,202688.59
002603,以岭药业,2026-06-05,15.2500,15.5900,15.2500,15.4000,124199,19126.65
002605,姚记科技,2026-06-05,18.6000,19.6000,18.6000,19.2000,88858,17060.74
002606,大连电瓷,2026-06-05,14.2400,14.3800,13.5400,13.8800,348770,48409.28
002608,江苏国信,2026-06-05,10.4600,11.1300,9.6300,9.8300,1717902,168869.77
002609,捷顺科技,2026-06-05,7.6400,7.8300,7.5300,7.7100,63672,4909.11
002611,东方精工,2026-06-05,17.7900,19.2400,17.2800,18.4300,851288,156892.38
002613,北玻股份,2026-06-05,4.5100,4.9600,4.3900,4.9600,1222514,60636.69
002614,奥佳华,2026-06-05,5.0300,5.1700,5.0200,5.0900,79877,4065.74
002615,哈尔斯,2026-06-05,8.1700,8.3300,7.8700,8.0800,146629,11847.62
002616,长青集团,2026-06-05,5.8300,5.9300,5.5700,5.5900,224076,12525.85
002617,露笑科技,2026-06-05,8.5700,8.7900,8.0800,8.5800,1865446,160055.27
002620,*ST瑞和,2026-06-05,6.4900,6.6300,6.4200,6.4600,245694,15871.83
002623,亚玛顿,2026-06-05,17.7300,19.2900,17.1800,18.4200,78236,14411.07
002625,光启技术,2026-06-05,38.4000,38.4600,37.3900,37.5000,313454,117545.25
002626,金达威,2026-06-05,14.8800,14.9900,14.6700,14.7800,27468,4059.77
002627,三峡旅游,2026-06-05,7.2700,7.6000,7.0000,7.1000,345718,24545.98
002628,成都路桥,2026-06-05,5.0000,5.1100,4.9300,5.0400,203623,10262.60
002629,仁智股份,2026-06-05,5.5000,5.5000,5.1600,5.1800,286261,14828.32
002630,*ST华西,2026-06-05,1.8900,1.9400,1.8300,1.8500,544982,10082.17
002631,德尔未来,2026-06-05,7.0500,7.4500,6.8100,7.4500,449268,33470.47
002632,道明光学,2026-06-05,10.2200,10.7700,10.0200,10.4900,212505,22291.77
002633,申科股份,2026-06-05,16.7000,17.6400,16.5300,17.2200,28662,4935.60
002634,*ST棒杰,2026-06-05,4.8700,5.0300,4.6800,4.7800,99533,4757.68
002635,安洁科技,2026-06-05,17.0800,18.0800,16.6100,17.6500,409176,72219.56
002637,赞宇科技,2026-06-05,12.8500,13.4800,12.8200,13.0900,346311,45332.11
002639,雪人集团,2026-06-05,15.4400,15.7900,15.0400,15.1000,440659,66539.51
002641,公元股份,2026-06-05,4.1300,4.2800,4.1200,4.2200,165591,6987.94
002642,荣联科技,2026-06-05,7.5400,7.7500,7.3600,7.6100,188982,14381.53
002643,万润股份,2026-06-05,14.2500,14.8000,13.5800,14.4100,304157,43829.02
002645,华宏科技,2026-06-05,30.5900,33.0000,30.5900,31.1700,1351988,421414.66
002646,天佑德酒,2026-06-05,7.2200,7.4000,7.2200,7.2700,48897,3554.81
002647,仁东控股,2026-06-05,12.7000,12.8000,12.0000,12.1100,359627,43550.83
002648,卫星化学,2026-06-05,23.0700,24.6700,22.6800,23.9700,599556,143713.57
002649,博彦科技,2026-06-05,9.3000,9.4700,9.1500,9.3100,98469,9167.46
002650,ST加加,2026-06-05,7.5400,7.5400,7.3500,7.4400,33546,2495.82
002651,利君股份,2026-06-05,7.9900,8.2500,7.9800,8.1600,66649,5438.56
002652,扬子新材,2026-06-05,5.0500,5.1600,4.8600,5.0300,242925,12219.13
002653,海思科,2026-06-05,49.3400,49.9200,47.5000,47.5800,51125,24325.28
002654,万润科技,2026-06-05,15.4000,15.7100,14.8500,15.0900,599122,90407.51
002656,*ST摩登,2026-06-05,3.3400,3.4300,3.2800,3.4100,101198,3450.85
002658,雪迪龙,2026-06-05,7.7800,7.9400,7.6300,7.8700,92904,7311.54
002660,茂硕电源,2026-06-05,7.4900,7.8400,7.3000,7.6500,90140,6895.71
002661,克明食品,2026-06-05,7.5600,7.7700,7.5500,7.7200,26201,2022.72
002662,峰璟股份,2026-06-05,3.3400,3.4000,3.2800,3.3600,185575,6235.32
002663,普邦股份,2026-06-05,1.8600,1.9100,1.8300,1.8400,406236,7474.74
002666,德联集团,2026-06-05,4.5600,4.6400,4.4700,4.5200,149381,6752.02
002667,*ST威领,2026-06-05,22.5100,23.7700,22.5000,23.2000,225691,52360.31
002668,TCL智家,2026-06-05,9.2500,9.5900,9.2000,9.5500,171622,16389.90
002669,康达新材,2026-06-05,16.5700,17.0500,16.3300,16.6200,587400,97625.88
002671,龙泉股份,2026-06-05,4.2300,4.3600,4.1500,4.2900,156019,6693.22
002672,东江环保,2026-06-05,3.6400,3.7300,3.6300,3.6700,118478,4348.14
002674,兴业科技,2026-06-05,14.7200,15.1000,14.3600,14.7400,59230,8730.50
002675,东诚药业,2026-06-05,12.6300,12.7700,12.5200,12.5500,74789,9386.02
002676,顺威股份,2026-06-05,5.5500,5.6800,5.4500,5.6200,170900,9604.58
002678,珠江钢琴,2026-06-05,5.9700,6.4400,5.7200,6.2500,298725,18670.31
002679,福建金森,2026-06-05,9.0800,9.2700,8.8800,9.1700,35732,3276.62
002681,奋达科技,2026-06-05,4.9000,5.3900,4.4900,5.1700,1499379,77517.89
002682,龙洲股份,2026-06-05,5.0100,5.1800,5.0100,5.1100,166026,8483.93
002683,广东宏大,2026-06-05,31.3200,32.5700,30.4900,31.6800,123143,39011.70
002685,华东重机,2026-06-05,7.2300,7.3200,6.9600,7.2500,357769,25938.25
002686,亿利达,2026-06-05,6.1600,6.2800,6.0500,6.2000,97135,6022.37
002687,乔治白,2026-06-05,4.2800,4.4200,4.2100,4.3800,93252,4084.44
002688,金河生物,2026-06-05,5.1800,5.2500,5.1700,5.1900,71508,3711.27
002689,ST远智,2026-06-05,3.0900,3.1000,3.0100,3.0600,52610,1609.87
002690,美亚光电,2026-06-05,14.9100,15.2200,14.7800,15.0000,45076,6761.40
002691,*ST冀凯,2026-06-05,5.0900,5.2500,5.0200,5.1700,57284,2961.58
002692,远程股份,2026-06-05,4.5100,4.6100,4.3700,4.5100,208261,9392.57
002693,双成药业,2026-06-05,9.3100,9.3300,9.0600,9.2600,103551,9588.82
002694,*ST顾地,2026-06-05,2.4000,2.5100,2.3700,2.5100,53821,1350.91
002696,百洋股份,2026-06-05,5.8400,5.9400,5.6000,5.8000,344274,19967.89
002698,博实股份,2026-06-05,12.1100,12.7900,11.8100,12.4700,148546,18523.69
002701,奥瑞金,2026-06-05,4.8500,4.9000,4.7700,4.8300,237970,11493.95
002702,海欣食品,2026-06-05,5.1100,5.3200,5.0800,5.2300,222495,11636.49
002703,浙江世宝,2026-06-05,17.2200,17.3800,16.2000,16.7600,455677,76371.47
002706,良信股份,2026-06-05,13.0600,13.1000,12.2200,12.6300,582264,73539.94
002707,众信旅游,2026-06-05,5.5100,5.6500,5.5100,5.5300,144530,7992.51
002708,光洋股份,2026-06-05,14.2800,15.8600,14.2300,15.8600,615243,97577.54
002709,天赐材料,2026-06-05,49.1700,50.4400,48.2900,48.6200,838730,407790.53
002713,*ST东易,2026-06-05,11.4400,11.7800,11.1300,11.5400,94925,10954.35
002714,牧原股份,2026-06-05,35.1300,35.6300,34.8500,35.0600,391703,137331.07
002715,登云股份,2026-06-05,15.3600,15.9800,15.1000,15.6200,38850,6068.37
002716,湖南白银,2026-06-05,9.2400,9.3000,9.0300,9.0800,799161,72563.82
002717,*ST岭南,2026-06-05,1.1100,1.1100,1.0800,1.1100,1566126,17384.00
002719,ST麦趣,2026-06-05,7.2900,7.3900,7.1500,7.3500,44511,3271.56
002721,金一文化,2026-06-05,2.5800,2.6200,2.5700,2.5800,216401,5583.15
002722,物产金轮,2026-06-05,13.1300,13.5800,13.0500,13.3100,29118,3875.61
002724,海洋王,2026-06-05,5.4100,5.5600,5.3800,5.4700,69150,3782.51
002725,跃岭股份,2026-06-05,14.3600,14.6300,13.8400,13.8500,127407,17645.87
002726,ST龙大,2026-06-05,1.6600,1.7000,1.6200,1.6700,356025,5945.62
002729,好利科技,2026-06-05,18.1000,18.4600,17.6000,17.9700,53926,9690.50
002730,电光科技,2026-06-05,29.7400,30.2400,28.8500,29.2100,97100,28362.91
002732,燕塘乳业,2026-06-05,13.9100,14.3300,13.8600,14.1700,13384,1896.51
002733,雄韬股份,2026-06-05,33.2000,35.7600,33.0200,33.9600,437205,148474.82
002734,利民股份,2026-06-05,17.2300,17.5800,17.0600,17.3300,215505,37347.02
002735,王子新材,2026-06-05,16.6900,18.8100,16.6500,18.0300,859606,154986.96
002736,国信证券,2026-06-05,10.0000,10.1700,9.9900,10.0100,204402,20460.64
002737,葵花药业,2026-06-05,12.5100,12.8800,12.4800,12.7700,40424,5162.14
002738,中矿资源,2026-06-05,57.7600,58.9800,55.8200,58.3700,298239,174082.10
002741,光华科技,2026-06-05,27.8500,29.1800,27.0100,27.9800,440042,123123.75
002742,三圣股份,2026-06-05,4.1500,4.3100,4.0100,4.1400,149911,6206.32
002743,富煌钢构,2026-06-05,4.6400,4.7400,4.5400,4.6600,56695,2641.99
002745,木林森,2026-06-05,10.1700,10.4700,9.6000,10.0600,727923,73229.05
002747,埃斯顿,2026-06-05,29.4700,32.0000,28.1100,31.0200,960223,297861.17
002748,世龙实业,2026-06-05,10.6800,10.9000,10.4500,10.7300,34086,3657.43
002752,昇兴股份,2026-06-05,6.4600,6.4800,6.3100,6.3500,112149,7121.46
002753,永东股份,2026-06-05,6.4700,6.6700,6.4300,6.5500,58811,3852.12
002755,奥赛康,2026-06-05,13.1500,13.2900,12.9200,12.9200,103151,13327.11
002756,永兴材料,2026-06-05,59.9200,60.6000,58.2700,58.9500,145071,85519.35
002757,南兴股份,2026-06-05,22.6000,22.8500,21.9500,22.3700,105682,23641.06
002759,天际股份,2026-06-05,26.8300,27.2600,25.9600,26.7500,299446,80101.81
002760,凤形股份,2026-06-05,18.7100,19.1600,18.3000,18.7900,50153,9423.75
002761,浙江建投,2026-06-05,7.4900,7.5600,7.4100,7.4700,80365,6003.27
002762,*ST金比,2026-06-05,8.9900,8.9900,8.6500,8.7000,21032,1829.78
002766,索菱股份,2026-06-05,4.6500,4.6500,4.4000,4.4600,470726,20994.38
002767,先锋电子,2026-06-05,17.6000,18.8800,17.2100,18.5400,48702,9029.35
002768,国恩股份,2026-06-05,64.1000,66.2000,62.6900,64.4700,41661,26858.85
002769,普路通,2026-06-05,7.8800,8.6000,7.8100,8.0100,177893,14249.23
002771,真视通,2026-06-05,16.1900,17.0200,16.0900,16.2900,156752,25534.90
002773,康弘药业,2026-06-05,21.8400,21.9300,21.1500,21.3300,95441,20357.57
002774,快意电梯,2026-06-05,11.5200,12.3700,11.1500,11.9200,77384,9224.17
002775,文科股份,2026-06-05,3.8500,4.2000,3.7400,4.0000,392982,15719.28
002777,久远银海,2026-06-05,13.5000,13.9100,13.4800,13.6900,55525,7601.37
002782,可立克,2026-06-05,25.0500,26.7000,23.4100,26.0100,296566,77136.82
002783,凯龙股份,2026-06-05,8.3900,8.5500,8.2800,8.4300,123511,10411.98
002785,万里石,2026-06-05,42.2500,42.4000,39.7300,40.9000,96467,39455.00
002786,银宝山新,2026-06-05,8.0000,8.8300,7.6800,8.8300,393418,34738.81
002787,华源控股,2026-06-05,29.7400,29.9900,27.5700,27.8200,410478,114194.98
002788,鹭燕医药,2026-06-05,11.8500,12.0100,11.5800,11.6400,123457,14370.39
002789,*ST建艺,2026-06-05,13.1400,13.5900,12.8100,13.3700,45137,6034.82
002790,瑞尔特,2026-06-05,6.1000,6.3200,6.0800,6.2300,52803,3289.63
002791,坚朗五金,2026-06-05,15.1800,15.6500,15.1600,15.3000,44057,6740.72
002792,通宇通讯,2026-06-05,41.0000,43.2300,40.3400,42.5000,442767,188175.98
002793,罗欣药业,2026-06-05,4.1900,4.3500,4.1600,4.1900,159453,6681.08
002795,永和智控,2026-06-05,7.7300,7.8000,7.4700,7.5500,191398,14450.55
002796,世嘉科技,2026-06-05,45.4800,47.2000,43.6000,44.0000,150187,66082.28
002798,帝欧水华,2026-06-05,6.2100,6.3200,6.0500,6.2400,131410,8199.98
002799,环球印务,2026-06-05,7.1100,7.3300,7.0000,7.2500,48169,3492.25
002800,天顺股份,2026-06-05,16.2000,16.4000,15.7600,16.3500,22877,3740.39
002801,微光股份,2026-06-05,30.4900,32.2600,29.5000,31.4100,38845,12201.21
002802,洪汇新材,2026-06-05,12.3400,12.7300,12.0600,12.5200,43335,5425.54
002803,吉宏股份,2026-06-05,21.3900,21.5900,20.8500,20.9300,78163,16359.52
002805,丰元股份,2026-06-05,20.4800,21.0000,19.8200,20.8200,123646,25743.10
002806,华锋股份,2026-06-05,20.7400,21.2500,19.5100,19.7800,503606,99613.27
002809,红墙股份,2026-06-05,8.6200,8.9400,8.5000,8.8300,83200,7346.56
002810,山东赫达,2026-06-05,21.7300,22.3900,21.3500,21.9000,100596,22030.52
002811,郑中设计,2026-06-05,11.4400,11.5800,11.1800,11.3400,37156,4213.49
002812,恩捷股份,2026-06-05,64.0500,65.6600,62.6300,63.3100,259548,164319.84
002813,路畅科技,2026-06-05,22.0300,22.7900,21.5600,22.3200,20319,4535.20
002815,崇达技术,2026-06-05,17.6400,18.4900,17.1200,17.7700,1404159,249519.05
002816,*ST和科,2026-06-05,24.8800,25.4200,24.0800,25.0500,32048,8028.02
002817,黄山胶囊,2026-06-05,6.6800,6.8500,6.5500,6.7400,55606,3747.84
002819,东方中科,2026-06-05,22.8700,23.4400,22.4400,23.0000,19225,4421.75
002821,凯莱英,2026-06-05,119.6000,122.0000,115.3100,116.2700,59090,68703.94
002822,ST中装,2026-06-05,2.9400,2.9600,2.9300,2.9400,57106,1678.92
002823,凯中精密,2026-06-05,20.3000,21.3500,19.6000,20.0000,332921,66584.20
002825,纳尔股份,2026-06-05,10.0800,10.2000,9.8000,10.1100,50179,5073.10
002826,易明医药,2026-06-05,16.3700,16.6800,16.2200,16.4100,37327,6125.36
002828,贝肯能源,2026-06-05,9.1100,9.3800,8.9700,9.3100,96792,9011.34
002829,星网宇达,2026-06-05,23.0200,23.4800,22.4400,22.8800,87087,19925.51
002831,裕同科技,2026-06-05,28.4200,28.7700,26.5000,26.8800,178064,47863.60
002832,比音勒芬,2026-06-05,19.2800,20.9900,19.2800,19.9800,152097,30388.98
002833,弘亚数控,2026-06-05,18.0600,18.8800,17.9700,18.5100,79768,14765.06
002835,同为股份,2026-06-05,13.2000,13.5200,12.9200,13.2800,26554,3526.37
002837,英维克,2026-06-05,68.6000,68.6000,65.5800,65.9000,468850,308972.15
002838,道恩股份,2026-06-05,32.3300,32.9900,31.2600,32.5000,55973,18191.23
002840,华统股份,2026-06-05,8.1900,8.3000,7.9200,8.0200,242890,19479.78
002843,泰嘉股份,2026-06-05,22.5200,23.3200,21.9700,22.9100,139136,31876.06
002845,同兴达,2026-06-05,15.3800,16.2100,15.0000,15.7200,203979,32065.50
002846,英联股份,2026-06-05,11.7000,12.0800,11.5000,11.9000,75861,9027.46
002848,高斯贝尔,2026-06-05,16.3200,16.3200,15.6000,15.7600,79603,12545.43
002849,威星智能,2026-06-05,16.2400,17.0600,15.7300,16.6700,107132,17858.90
002850,科达利,2026-06-05,171.0900,177.7000,164.3100,172.1500,69896,120325.96
002851,麦格米特,2026-06-05,155.0100,158.7300,145.5100,146.5000,417947,612292.36
002853,皮阿诺,2026-06-05,24.4200,24.6600,23.8500,24.0000,17112,4106.88
002855,捷荣技术,2026-06-05,11.2600,11.8800,10.9600,11.5900,66660,7725.89
002856,*ST美芝,2026-06-05,25.0000,25.7000,24.9900,25.7000,70797,18194.83
002859,洁美科技,2026-06-05,92.5000,94.9300,86.1900,86.5600,341303,295431.88
002860,星帅尔,2026-06-05,13.0700,13.4700,12.7500,13.1700,128699,16949.66
002862,实丰文化,2026-06-05,15.9200,16.2500,15.4800,16.0000,40086,6413.76
002864,盘龙药业,2026-06-05,27.9000,28.2900,27.7400,27.9300,12021,3357.47
002865,钧达股份,2026-06-05,75.7800,76.1200,70.0300,72.8600,188538,137368.79
002866,传艺科技,2026-06-05,18.8000,19.4800,18.4300,19.1100,136636,26111.14
002867,周大生,2026-06-05,12.1400,12.5200,12.1000,12.2700,81432,9991.71
002868,绿康生化,2026-06-05,27.0000,27.6000,26.4100,27.2800,25236,6884.38
002869,金溢科技,2026-06-05,19.1600,19.2600,18.5500,18.7400,39135,7333.90
002870,香山股份,2026-06-05,39.5400,40.2500,38.5000,39.3800,31940,12577.97
002871,伟隆股份,2026-06-05,20.6400,21.2300,20.0100,20.8500,52514,10949.17
002872,ST天圣,2026-06-05,5.2300,5.3000,5.2000,5.2400,26737,1401.02
002873,新天药业,2026-06-05,8.3000,8.4700,8.1500,8.3600,61934,5177.68
002875,安奈儿,2026-06-05,19.4700,19.5600,18.4700,18.6100,116950,21764.40
002876,三利谱,2026-06-05,32.1000,33.5600,31.5800,32.7800,138674,45457.34
002877,智能自控,2026-06-05,7.8600,8.6400,7.7100,8.6400,170649,14744.07
002879,长缆科技,2026-06-05,15.4000,15.6400,14.9500,15.3200,39875,6108.85
002880,卫光生物,2026-06-05,23.8900,24.0800,23.5000,23.6600,8745,2069.07
002881,美格智能,2026-06-05,42.7900,45.1600,41.9800,44.0500,123828,54546.23
002882,金龙羽,2026-06-05,21.0000,21.5900,20.4100,21.2000,54889,11636.47
002883,*ST中设,2026-06-05,9.4000,9.5500,9.3700,9.4000,17703,1664.08
002884,凌霄泵业,2026-06-05,16.3300,16.5700,16.2900,16.4000,11442,1876.49
002885,京泉华,2026-06-05,42.3700,43.4800,41.2000,41.8200,184409,77119.84
002886,沃特股份,2026-06-05,28.0000,29.2200,27.0200,28.4200,172603,49053.77
002887,绿茵生态,2026-06-05,12.7800,12.9100,12.1700,12.4700,55105,6871.59
002888,惠威科技,2026-06-05,18.8400,20.6700,18.5000,20.0200,91720,18362.34
002889,东方嘉盛,2026-06-05,11.4000,11.7000,11.2200,11.5700,23372,2704.14
002890,弘宇股份,2026-06-05,14.9900,15.3400,14.5200,14.9700,19634,2939.21
002892,科力尔,2026-06-05,9.8800,10.8800,9.4200,10.8800,320899,34913.81
002893,京能热力,2026-06-05,11.7800,12.0200,10.8100,10.9000,245900,26803.10
002895,川恒股份,2026-06-05,32.0100,32.7700,31.4200,31.7500,112682,35776.54
002897,意华股份,2026-06-05,93.0100,98.2700,90.8800,91.4500,222019,203036.38
002900,哈三联,2026-06-05,10.0200,10.2000,9.8900,10.0100,35162,3519.72
002901,大博医疗,2026-06-05,39.9100,40.8000,39.8400,40.4900,13808,5590.86
002902,铭普光磁,2026-06-05,32.5500,36.0000,32.2200,34.0800,355405,121122.02
002903,宇环数控,2026-06-05,45.0200,47.9100,45.0200,47.9100,50718,24298.99
002905,金逸影视,2026-06-05,7.8200,7.9900,7.7300,7.8700,48755,3837.02
002906,华阳集团,2026-06-05,28.8900,29.0800,27.7500,28.3400,91310,25877.25
002907,华森制药,2026-06-05,12.0000,12.2000,11.9800,12.0400,15008,1806.96
002908,德生科技,2026-06-05,7.3300,7.5600,7.2300,7.4200,52209,3873.91
002909,集泰股份,2026-06-05,5.6600,5.8800,5.5800,5.8100,82322,4782.91
002910,庄园牧场,2026-06-05,9.3400,9.7000,9.1100,9.5400,52454,5004.11
002911,佛燃能源,2026-06-05,10.9800,11.1600,10.9800,11.0400,36832,4066.25
002912,中新赛克,2026-06-05,20.4200,21.0800,20.3500,20.6400,24764,5111.29
002913,奥士康,2026-06-05,53.0400,53.7100,51.1600,52.0000,77597,40350.44
002915,中欣氟材,2026-06-05,19.4300,20.6000,18.8100,20.2900,158727,32205.71
002916,深南电路,2026-06-05,382.0100,392.8600,370.4900,373.0000,131901,491990.73
002917,金奥博,2026-06-05,12.8800,13.6600,12.8100,13.4200,123687,16598.80
002918,蒙娜丽莎,2026-06-05,12.3500,12.7900,11.8300,12.3000,170016,20911.97
002920,德赛西威,2026-06-05,97.6900,97.6900,93.6700,94.4200,140563,132719.58
002921,联诚精密,2026-06-05,25.4800,26.1200,24.7400,25.5500,39338,10050.86
002922,伊戈尔,2026-06-05,38.9000,38.9000,36.3600,37.5200,243529,91372.08
002923,润都股份,2026-06-05,10.2300,10.4900,10.0400,10.1900,70959,7230.72
002925,盈趣科技,2026-06-05,22.6100,22.9700,22.2000,22.5100,226464,50977.05
002927,泰永长征,2026-06-05,21.1100,22.1800,19.9600,21.2800,177777,37830.95
002929,润建股份,2026-06-05,67.0000,69.0000,64.7700,66.9300,223419,149534.34
002930,宏川智慧,2026-06-05,9.8200,10.1400,9.6400,9.9100,163254,16178.47
002932,*ST明德,2026-06-05,15.4000,15.7900,15.3100,15.7800,19577,3089.25
002933,新兴装备,2026-06-05,29.0300,29.7400,28.5900,29.2700,22144,6481.55
002935,天奥电子,2026-06-05,18.8000,19.4500,18.5700,19.1000,67408,12874.93
002936,郑州银行,2026-06-05,1.7600,1.7900,1.7600,1.7700,529034,9363.90
002937,兴瑞科技,2026-06-05,34.6600,35.0600,33.8600,34.6600,87633,30373.60
002938,鹏鼎控股,2026-06-05,107.0000,112.9400,105.1000,106.1500,459265,487509.80
002940,昂利康,2026-06-05,35.7200,36.2000,31.6900,31.7500,286689,91023.76
002941,新疆交建,2026-06-05,11.7000,12.0300,11.6600,11.7300,85474,10026.10
002943,宇晶股份,2026-06-05,76.0600,77.2700,73.0000,73.6000,100263,73793.57
002945,华林证券,2026-06-05,13.9900,14.1800,13.9000,13.9100,73639,10243.18
002946,新乳业,2026-06-05,16.9500,17.3500,16.7000,16.8700,42967,7248.53
002947,恒铭达,2026-06-05,87.4400,90.9300,86.3300,88.1300,112483,99131.27
002948,青岛银行,2026-06-05,5.4300,5.5600,5.4000,5.4400,342064,18608.28
002949,华阳国际,2026-06-05,11.8500,12.1300,11.6200,11.9200,27817,3315.79
002951,金时科技,2026-06-05,23.2500,24.2800,22.3100,22.3100,157037,35034.95
002953,日丰股份,2026-06-05,10.0500,10.3300,9.9100,10.1500,55159,5598.64
002955,鸿合科技,2026-06-05,25.2000,27.8700,25.2000,27.2500,131518,35838.66
002957,科瑞技术,2026-06-05,64.6200,65.2900,59.0500,60.2000,380820,229253.64
002958,青农商行,2026-06-05,2.8800,2.9300,2.8700,2.9200,371228,10839.86
002959,小熊电器,2026-06-05,35.7900,36.3700,35.7400,35.8100,6325,2264.98
002960,青鸟智控,2026-06-05,8.0500,8.8400,7.9700,8.8400,354332,31322.95
002961,瑞达期货,2026-06-05,19.9300,20.4200,19.6500,19.7400,85791,16935.14
002962,五方光电,2026-06-05,19.8000,22.3900,19.7000,21.6500,558260,120863.29
002963,豪尔赛,2026-06-05,16.0700,17.1800,16.0600,16.1300,30108,4856.42
002965,祥鑫科技,2026-06-05,36.6700,38.4600,36.0700,37.8200,179733,67975.02
002967,广电计量,2026-06-05,19.7300,19.7300,18.6600,19.0400,155011,29514.09
002969,嘉美包装,2026-06-05,20.0000,20.0100,16.7900,16.7900,1114960,187201.78
002970,锐明技术,2026-06-05,63.8000,65.8000,61.9200,62.5200,48661,30422.86
002971,和远气体,2026-06-05,38.6100,40.6900,38.5000,39.3000,277237,108954.14
002972,科安达,2026-06-05,12.7900,13.2900,12.5400,12.7300,92106,11725.09
002973,侨银股份,2026-06-05,12.6700,13.6400,12.5100,13.3300,95850,12776.81
002975,博杰股份,2026-06-05,140.0100,143.0800,131.7700,132.3200,171587,227043.92
002976,瑞玛精密,2026-06-05,32.4100,32.7000,31.0500,31.5900,39020,12326.42
002977,*ST天箭,2026-06-05,26.3300,26.6600,25.6000,25.9900,15676,4074.19
002978,安宁股份,2026-06-05,26.8400,27.1300,26.5900,26.8200,25653,6880.13
002979,雷赛智能,2026-06-05,53.0000,57.2700,51.0500,55.6900,225777,125735.21
002980,华盛昌,2026-06-05,129.6800,132.5600,124.2800,125.0900,126321,158014.94
002981,朝阳科技,2026-06-05,28.8000,29.5600,27.9000,27.9900,105881,29636.09
002982,湘佳股份,2026-06-05,12.3600,12.6600,12.0100,12.2500,72456,8875.86
002983,芯瑞达,2026-06-05,22.3100,24.8400,21.6200,24.8400,76442,18988.19
002984,森麒麟,2026-06-05,14.4500,14.7800,14.3300,14.6100,117616,17183.70
002985,北摩高科,2026-06-05,29.2800,29.5800,28.6800,29.1600,42745,12464.44
002986,宇新股份,2026-06-05,11.3500,11.9400,11.2200,11.7100,71158,8332.60
002988,豪美新材,2026-06-05,27.1800,27.6400,26.0900,26.5700,40264,10698.14
002989,中天精装,2026-06-05,29.9200,30.4000,28.0300,29.1000,70517,20520.45
002990,盛视科技,2026-06-05,47.1200,47.5900,45.7100,46.7700,63447,29674.16
002992,宝明科技,2026-06-05,41.4400,42.5800,40.4600,41.9500,17661,7408.79
002993,奥海科技,2026-06-05,64.0200,68.1800,62.7500,65.3700,129762,84825.42
002996,顺博合金,2026-06-05,6.5100,6.6200,6.3400,6.5100,83952,5465.28
002997,瑞鹄模具,2026-06-05,29.7900,30.2300,28.9100,29.7100,45641,13559.94
002998,优彩资源,2026-06-05,7.9400,8.1000,7.7700,7.9300,62550,4960.22
003000,劲仔食品,2026-06-05,10.7600,10.8800,10.5600,10.6300,52474,5577.99
003001,中岩大地,2026-06-05,17.2100,17.7300,16.5100,16.9800,79783,13547.15
003002,壶化股份,2026-06-05,22.2200,23.0500,21.8800,22.3500,30343,6781.66
003004,声迅股份,2026-06-05,61.2800,64.3500,59.1000,62.2900,65545,40827.98
003005,竞业达,2026-06-05,14.5900,15.2800,14.5700,15.0700,34144,5145.50
003007,直真科技,2026-06-05,40.5100,40.7900,39.0100,40.4000,27603,11151.61
003008,开普检测,2026-06-05,18.9100,19.6100,18.6300,19.3300,18991,3670.96
003009,中天火箭,2026-06-05,50.7900,55.4000,50.3900,55.4000,64313,35629.40
003010,若羽臣,2026-06-05,24.3600,24.9000,23.9000,24.1100,61790,14897.57
003012,东鹏控股,2026-06-05,4.8500,4.9700,4.8400,4.9100,80586,3956.77
003013,地铁设计,2026-06-05,15.3400,16.0900,15.3100,15.5200,60138,9333.42
003016,欣贺股份,2026-06-05,7.0400,7.2700,6.9900,7.1900,39695,2854.07
003019,宸展光电,2026-06-05,38.3000,39.8900,35.5000,37.7400,149110,56274.11
003020,立方制药,2026-06-05,15.7500,16.2500,15.7500,15.9200,20737,3301.33
003021,兆威机电,2026-06-05,97.8000,106.5100,94.5500,105.0700,115546,121404.18
003022,联泓新科,2026-06-05,23.9000,25.1400,22.3100,24.3800,441074,107533.84
003025,思进智能,2026-06-05,13.9200,15.1500,13.5700,14.8600,129611,19260.19
003027,同兴科技,2026-06-05,21.2100,21.2900,20.5200,20.8900,27087,5658.47
003028,振邦智能,2026-06-05,25.8700,26.9500,24.9100,26.4000,21688,5725.63
003029,吉大正元,2026-06-05,18.2000,18.6000,17.8800,18.3700,24018,4412.11
003031,中瓷电子,2026-06-05,144.0000,150.1700,141.5200,142.5900,108013,154015.74
003032,*ST传智,2026-06-05,6.6200,6.6900,6.5000,6.5800,57291,3769.75
003033,征和工业,2026-06-05,66.1000,66.1000,60.5700,60.5700,41736,25279.50
003035,南网能源,2026-06-05,6.9200,7.0400,6.7100,6.7200,529168,35560.09
003036,泰坦股份,2026-06-05,78.0000,82.3500,77.1300,82.3500,164088,135126.47
003037,三和管桩,2026-06-05,6.7700,6.9000,6.7100,6.8400,61135,4181.63
003038,鑫铂股份,2026-06-05,12.0800,12.8400,11.7600,12.5300,82437,10329.36
003039,顺控发展,2026-06-05,12.4700,12.5900,12.2500,12.3800,32305,3999.36
003040,楚天龙,2026-06-05,12.7000,12.9700,12.5800,12.7700,68001,8683.73
003041,真爱美家,2026-06-05,48.5500,49.4900,46.4800,49.0500,44959,22052.39
003043,华亚智能,2026-06-05,67.4100,71.4600,66.2200,68.9400,99917,68882.78
003816,中国广核,2026-06-05,4.5000,4.5400,4.3200,4.3300,1471720,63725.48
300001,特锐德,2026-06-05,40.9800,41.0000,38.5200,39.8600,495517,197513.08
300002,神州泰岳,2026-06-05,7.7000,7.9400,7.6000,7.7700,432574,33611.00
300003,乐普医疗,2026-06-05,12.2600,12.3800,12.1400,12.1600,189244,23012.07
300004,南风股份,2026-06-05,13.5900,13.9300,13.1800,13.4900,197389,26627.78
300006,莱美药业,2026-06-05,5.1700,5.3000,5.0300,5.0600,207720,10510.63
300007,汉威科技,2026-06-05,41.1400,44.4300,38.6200,42.8200,274355,117478.81
300008,天海防务,2026-06-05,6.4500,6.6000,6.3900,6.5300,486632,31777.07
300009,安科生物,2026-06-05,7.9800,8.0600,7.9500,7.9900,86927,6945.47
300010,ST豆神,2026-06-05,2.7300,2.7800,2.6700,2.7500,331873,9126.51
300011,鼎汉技术,2026-06-05,6.1500,6.3700,6.0700,6.2600,74829,4684.30
300012,华测检测,2026-06-05,14.1700,14.5500,13.9900,14.3400,224747,32228.72
300013,新宁物流,2026-06-05,4.5200,4.5900,4.2800,4.4400,231066,10259.33
300014,亿纬锂能,2026-06-05,59.4200,60.1900,58.0000,58.2300,598811,348687.65
300015,爱尔眼科,2026-06-05,8.6000,8.6900,8.5100,8.5400,644200,55014.68
300016,北陆药业,2026-06-05,7.9900,8.0900,7.8800,7.9400,113321,8997.69
300017,网宿科技,2026-06-05,15.2900,15.5600,14.9600,15.0500,1101681,165802.99
300018,中元股份,2026-06-05,12.4000,12.6200,11.9100,12.3800,178878,22145.10
300019,硅宝科技,2026-06-05,16.8600,17.4900,16.5600,17.2400,81309,14017.67
300020,ST银江,2026-06-05,3.4900,3.6800,3.4500,3.6400,153893,5601.71
300021,大禹节水,2026-06-05,3.9100,4.0000,3.8900,3.9600,102295,4050.88
300022,吉峰科技,2026-06-05,8.3800,8.3800,8.0800,8.1100,119682,9706.21
300024,机器人,2026-06-05,14.9100,16.1500,14.2400,15.5700,730532,113743.83
300025,华星创业,2026-06-05,4.8100,5.0300,4.7200,4.9300,143444,7071.79
300026,红日药业,2026-06-05,3.1500,3.1800,3.1400,3.1600,160500,5071.80
300027,ST华谊,2026-06-05,1.9000,1.9300,1.8700,1.9200,548123,10523.96
300030,阳普医疗,2026-06-05,6.6400,6.8400,6.5600,6.7500,65737,4437.25
300031,宝通科技,2026-06-05,23.9000,26.0000,23.4000,25.5300,337752,86228.09
300033,同花顺,2026-06-05,221.0000,221.9900,211.0000,211.4000,183654,388244.56
300034,钢研高纳,2026-06-05,17.6900,18.1400,17.4500,17.8700,132440,23667.03
300035,中科电气,2026-06-05,16.2100,16.3900,15.7000,16.1600,176602,28538.88
300036,超图软件,2026-06-05,12.4400,12.6000,12.2200,12.4900,118416,14790.16
300037,新宙邦,2026-06-05,79.1300,79.8000,75.3000,75.9800,355545,270143.09
300039,上海凯宝,2026-06-05,5.1000,5.1700,5.0900,5.1000,51719,2637.67
300040,九洲集团,2026-06-05,7.7200,8.0500,7.5500,7.6900,659639,50726.24
300041,回天新材,2026-06-05,13.7500,13.9300,13.0100,13.6200,451992,61561.31
300042,朗科科技,2026-06-05,66.4300,70.2000,65.1300,68.3300,339144,231737.10
300044,*ST赛为,2026-06-05,5.9000,6.1500,5.8700,6.0300,182113,10981.41
300045,华力创通,2026-06-05,18.8200,19.3800,18.7000,19.0600,295933,56404.83
300046,台基股份,2026-06-05,30.1500,30.7700,28.9200,29.6900,91088,27044.03
300047,天源迪科,2026-06-05,10.3100,10.6900,10.2100,10.4800,200518,21014.29
300048,合康新能,2026-06-05,5.8800,5.9800,5.7000,5.8000,183936,10668.29
300050,世纪鼎利,2026-06-05,7.0800,7.4800,6.9400,7.1700,285834,20494.30
300051,琏升科技,2026-06-05,10.8900,11.0000,10.3200,10.5700,190905,20178.66
300053,航宇微,2026-06-05,15.9900,16.7800,15.5800,16.4800,383165,63145.59
300054,鼎龙股份,2026-06-05,71.7100,72.9500,69.2100,69.7500,369895,258001.76
300055,万邦达,2026-06-05,8.2800,8.7900,8.0600,8.5400,242908,20744.34
300056,中创环保,2026-06-05,10.0500,10.1800,9.6600,9.9100,192002,19027.40
300057,万顺新材,2026-06-05,8.5300,9.1300,8.2300,8.6400,941624,81356.31
300058,蓝色光标,2026-06-05,16.1600,16.3500,15.3800,15.4900,2771441,429296.21
300059,东方财富,2026-06-05,18.7600,18.9500,18.5000,18.5200,2553013,472818.01
300062,中能电气,2026-06-05,6.6000,6.7600,6.4400,6.6300,182981,12131.64
300065,海兰信,2026-06-05,19.9100,20.3500,19.4100,19.9000,345732,68800.67
300066,三川智慧,2026-06-05,5.9000,6.2500,5.7000,6.1400,660935,40581.41
300067,安诺其,2026-06-05,5.5200,5.6100,5.3200,5.5000,453344,24933.92
300068,ST南都,2026-06-05,4.4500,4.5700,4.3600,4.4700,426629,19070.32
300069,金利华电,2026-06-05,50.4400,52.9800,44.4000,45.3300,239015,108345.50
300070,碧水源,2026-06-05,3.4400,3.5200,3.4300,3.4800,299778,10432.27
300072,海新能科,2026-06-05,3.8400,3.8800,3.7600,3.8200,294505,11250.09
300073,当升科技,2026-06-05,52.6800,53.1000,51.0300,51.4000,149582,76885.15
300074,华平股份,2026-06-05,4.0200,4.1800,3.9400,4.1000,201906,8278.15
300075,数字政通,2026-06-05,12.2200,12.4800,12.0600,12.3300,86243,10633.76
300076,*ST宁视,2026-06-05,4.5800,4.7300,4.4600,4.6800,105131,4920.13
300077,国民技术,2026-06-05,23.8100,24.5000,23.0000,23.5200,458695,107885.06
300078,思创智联,2026-06-05,3.2400,3.3900,3.2300,3.3300,291144,9695.10
300079,数码视讯,2026-06-05,4.9800,5.1300,4.9100,5.0300,261304,13143.59
300080,易成新能,2026-06-05,4.0700,4.1500,3.9600,4.0800,251374,10256.06
300081,ST恒信,2026-06-05,4.3000,4.3300,4.2000,4.2600,82397,3510.11
300082,奥克股份,2026-06-05,9.1700,9.4400,8.9800,9.2100,165709,15261.80
300083,创世纪,2026-06-05,9.6100,10.6300,9.2500,10.3500,1238788,128214.56
300084,海默科技,2026-06-05,11.7400,12.2500,11.7300,11.9300,239416,28562.33
300085,银之杰,2026-06-05,32.4900,32.5000,29.6000,29.8300,797301,237834.89
300086,康芝药业,2026-06-05,6.4000,6.5400,6.3200,6.4200,130581,8383.30
300087,荃银高科,2026-06-05,7.0600,7.1900,7.0000,7.1400,114765,8194.22
300088,长信科技,2026-06-05,8.2300,8.8000,8.1000,8.3600,3952396,330420.31
300091,*ST金灵,2026-06-05,2.9500,3.0100,2.9400,2.9800,74899,2231.99
300092,科新机电,2026-06-05,13.3600,13.7400,13.1600,13.4500,37690,5069.31
300093,*ST金刚,2026-06-05,23.0000,23.3800,22.3800,22.6300,32793,7421.06
300094,国联水产,2026-06-05,2.8500,2.9300,2.8400,2.9000,321185,9314.37
300095,华伍股份,2026-06-05,9.2000,9.4300,8.8500,9.2200,140993,12999.55
300096,ST易联众,2026-06-05,8.7900,8.7900,8.5600,8.6000,29570,2543.02
300098,高新兴,2026-06-05,5.1600,5.3700,5.1000,5.2600,497078,26146.30
300099,尤洛卡,2026-06-05,7.2200,7.5500,7.0400,7.3800,199439,14718.60
300100,双林股份,2026-06-05,30.3000,32.8800,29.2200,31.8700,243311,77543.22
300101,振芯科技,2026-06-05,16.7500,17.2600,16.4900,16.9700,133556,22664.45
300102,乾照光电,2026-06-05,25.5100,26.1100,24.6400,24.7500,643042,159152.90
300103,达刚控股,2026-06-05,8.3200,8.5800,8.1000,8.4500,122417,10344.24
300105,龙源技术,2026-06-05,5.9000,6.0800,5.7700,5.9800,68337,4086.55
300107,建新股份,2026-06-05,6.0700,6.2400,5.9400,6.1300,83687,5130.01
300109,新开源,2026-06-05,16.8800,16.9500,16.5100,16.5500,51349,8498.26
300111,向日葵,2026-06-05,3.2700,3.3300,3.2000,3.2500,259774,8442.66
300112,万讯自控,2026-06-05,6.8300,7.2600,6.6800,7.1000,94903,6738.11
300115,长盈精密,2026-06-05,32.7800,35.0000,31.2600,33.6600,822530,276863.60
300118,东方日升,2026-06-05,14.3900,14.5800,13.7200,13.9800,637953,89185.83
300119,瑞普生物,2026-06-05,15.9000,16.0200,15.7100,15.8100,22587,3571.00
300120,经纬辉开,2026-06-05,8.0800,8.2900,7.7900,7.9800,364683,29101.70
300121,阳谷华泰,2026-06-05,12.3000,13.8500,12.2600,13.2100,385668,50946.74
300122,智飞生物,2026-06-05,12.5800,12.7500,12.4400,12.4400,169059,21030.94
300123,ST亚光,2026-06-05,4.7400,4.8400,4.5100,4.5400,422550,19183.77
300124,汇川技术,2026-06-05,74.4800,77.6300,72.1400,75.0800,531795,399271.69
300125,*ST聆达,2026-06-05,9.7500,9.8700,9.2300,9.6200,81823,7871.37
300127,银河磁体,2026-06-05,27.6100,29.9600,27.2200,28.9700,104820,30366.35
300128,锦富技术,2026-06-05,7.4500,7.7600,7.1000,7.4300,641003,47626.52
300129,泰胜风能,2026-06-05,10.1300,10.4800,9.9600,9.9600,225590,22468.76
300130,新国都,2026-06-05,24.7800,25.2500,24.2600,24.2800,221517,53784.33
300131,英唐智控,2026-06-05,16.9100,17.4400,16.4600,16.8400,748261,126007.15
300132,青松股份,2026-06-05,6.5200,6.7800,6.4100,6.5100,163964,10674.06
300134,大富科技,2026-06-05,10.0200,11.0600,9.9100,10.6900,260408,27837.62
300135,宝利国际,2026-06-05,3.4500,3.5500,3.4300,3.4800,161217,5610.35
300136,信维通信,2026-06-05,100.0000,108.9800,97.0000,106.3300,1290149,1371815.43
300137,先河环保,2026-06-05,18.9800,19.4000,18.0100,18.7100,277591,51937.28
300139,晓程科技,2026-06-05,42.8200,42.9900,41.9000,42.2400,129457,54682.64
300140,节能环境,2026-06-05,5.8800,5.9400,5.7500,5.8400,160770,9388.97
300141,和顺电气,2026-06-05,11.0000,11.2100,10.6900,11.0200,68549,7554.10
300142,沃森生物,2026-06-05,11.9900,12.2300,11.8000,11.8300,483308,57175.34
300143,盈康生命,2026-06-05,7.5600,7.7100,7.5000,7.5100,55435,4163.17
300144,宋城演艺,2026-06-05,6.5100,6.6500,6.4900,6.5800,243813,16042.90
300145,南方泵业,2026-06-05,4.4000,4.5200,4.3200,4.4400,564163,25048.84
300146,汤臣倍健,2026-06-05,9.5600,9.7200,9.5600,9.6300,105355,10145.69
300147,*ST香雪,2026-06-05,9.6700,9.8600,9.5800,9.6700,63303,6121.40
300148,天舟文化,2026-06-05,3.5700,3.6700,3.5600,3.6100,233799,8440.14
300149,睿智医药,2026-06-05,8.2300,8.3800,8.0800,8.1200,87948,7141.38
300150,世纪瑞尔,2026-06-05,4.2200,4.3600,4.1500,4.2900,105610,4530.67
300151,昌红科技,2026-06-05,24.7400,25.5000,23.8000,24.2900,255717,62113.66
300152,*ST动力,2026-06-05,1.7800,1.9400,1.7700,1.8800,330335,6210.30
300153,科泰电源,2026-06-05,26.0200,26.3600,25.1300,25.7900,87818,22648.26
300154,瑞凌股份,2026-06-05,9.7000,9.8900,9.5400,9.6700,109035,10543.68
300155,安居宝,2026-06-05,4.5700,4.7900,4.5600,4.7200,119304,5631.15
300157,新锦动力,2026-06-05,4.4400,4.5100,4.3400,4.4200,251797,11129.43
300158,振东制药,2026-06-05,5.3000,5.4500,5.1900,5.2100,148973,7761.49
300159,*ST新研,2026-06-05,4.1800,4.2700,4.1300,4.2100,352427,14837.18
300160,秀强股份,2026-06-05,4.6900,5.1100,4.6600,5.0300,220966,11114.59
300161,华中数控,2026-06-05,30.6100,32.5000,30.1800,31.8800,86990,27732.41
300162,雷曼光电,2026-06-05,8.6800,10.5200,8.3100,10.5200,879685,92542.86
300163,先锋新材,2026-06-05,6.2500,6.5700,6.2000,6.4100,384438,24642.48
300164,通源石油,2026-06-05,9.5900,9.6700,9.2900,9.5100,720366,68506.81
300165,天瑞仪器,2026-06-05,5.9000,6.1200,5.7500,6.0300,174528,10524.04
300166,东方国信,2026-06-05,16.7200,17.0800,16.5000,16.5600,757785,125489.20
300167,ST迪威迅,2026-06-05,5.0100,5.1100,4.9700,4.9700,53817,2674.70
300169,天晟新材,2026-06-05,5.5000,5.6700,5.3500,5.5500,107789,5982.29
300171,东富龙,2026-06-05,11.1700,11.4700,11.0400,11.3300,81437,9226.81
300172,中电环保,2026-06-05,4.6200,4.7500,4.6100,4.7400,120272,5700.89
300173,ST福能,2026-06-05,3.8600,3.9600,3.8200,3.9000,90181,3517.06
300174,元力股份,2026-06-05,26.8400,27.4900,25.5100,25.9300,637510,165306.34
300175,朗源股份,2026-06-05,5.6700,5.8600,5.5000,5.5300,146100,8079.33
300176,鸿特科技,2026-06-05,5.7600,5.8400,5.5400,5.7600,128591,7406.84
300177,中海达,2026-06-05,7.0900,7.3000,6.9600,7.2000,113305,8157.96
300179,四方达,2026-06-05,51.5000,54.2100,46.9100,47.5000,843986,400893.35
300180,华峰超纤,2026-06-05,4.7800,4.9200,4.7600,4.8400,293216,14191.65
300181,佐力药业,2026-06-05,13.5500,13.7100,13.4500,13.4900,69091,9320.38
300182,捷成股份,2026-06-05,6.0000,6.2200,5.9200,6.2200,2805928,174528.72
300183,东软载波,2026-06-05,11.5100,12.0400,11.3400,11.7500,82919,9742.98
300184,力源信息,2026-06-05,17.6100,17.8100,16.8800,17.0000,1683565,286206.05
300185,通裕重工,2026-06-05,2.7000,2.7300,2.6600,2.6900,759022,20417.69
300187,永清环保,2026-06-05,5.4500,5.5400,5.2100,5.4700,184921,10115.18
300188,国投智能,2026-06-05,10.6000,10.8100,10.4500,10.6500,90163,9602.36
300189,神农种业,2026-06-05,5.1600,5.2900,5.0200,5.0600,778137,39373.73
300190,维尔利,2026-06-05,3.9600,4.0600,3.8800,3.9900,224271,8948.41
300191,潜能恒信,2026-06-05,31.1600,31.3900,30.6000,31.2400,77172,24108.53
300194,福安药业,2026-06-05,3.7200,3.7800,3.7200,3.7300,66315,2473.55
300195,长荣股份,2026-06-05,5.7100,5.9500,5.6100,5.8700,128557,7546.30
300196,长海股份,2026-06-05,24.1200,25.0000,23.1600,24.0700,374303,90094.73
300197,节能铁汉,2026-06-05,2.7000,2.7800,2.4900,2.5200,4310708,108629.84
300198,*ST纳川,2026-06-05,2.4500,2.4900,2.3700,2.4200,273475,6618.10
300199,翰宇药业,2026-06-05,23.4000,23.4900,21.3600,21.4700,573552,123141.61
300200,高盟新材,2026-06-05,9.2400,9.6300,8.9100,9.4800,179660,17031.77
300201,海伦哲,2026-06-05,18.7400,18.8800,17.8800,18.5200,490584,90856.16
300203,聚光科技,2026-06-05,12.4900,13.3700,12.3300,12.9000,170580,22004.82
300204,舒泰神,2026-06-05,25.5900,26.4900,23.9500,24.8200,419562,104135.29
300205,*ST天喻,2026-06-05,5.7100,5.9000,5.7000,5.8900,26505,1561.14
300207,欣旺达,2026-06-05,21.2300,21.4300,20.5200,20.7700,539448,112043.35
300209,行云科技,2026-06-05,25.5600,26.4300,24.6100,25.5100,483870,123435.24
300210,森远股份,2026-06-05,10.6000,10.8100,10.2600,10.5000,190195,19970.48
300211,*ST亿通,2026-06-05,7.9400,8.0600,7.7900,7.9700,51030,4067.09
300212,*ST易录,2026-06-05,10.5900,10.9800,10.0500,10.8000,421516,45523.73
300213,佳讯飞鸿,2026-06-05,7.2200,7.4800,7.1000,7.3700,114508,8439.24
300214,日科化学,2026-06-05,7.4100,7.9500,7.2000,7.6200,148707,11331.47
300215,电科院,2026-06-05,7.3000,7.3600,7.0500,7.1800,224824,16142.36
300217,东方电热,2026-06-05,5.2000,5.3200,5.0100,5.2000,631919,32859.79
300218,安利股份,2026-06-05,13.0100,13.6800,12.8600,13.4600,56735,7636.53
300219,鸿利智汇,2026-06-05,8.5400,9.2600,8.4500,8.8700,779183,69113.53
300220,金运激光,2026-06-05,12.0100,12.4300,11.7300,12.2000,41897,5111.43
300221,银禧科技,2026-06-05,14.3300,15.0000,13.6200,14.7800,564831,83482.02
300222,科大智能,2026-06-05,15.0700,15.3000,14.3600,14.7900,611279,90408.16
300223,北京君正,2026-06-05,145.0000,146.8400,138.6000,139.3600,363045,505939.51
300224,正海磁材,2026-06-05,12.1000,12.8800,11.9800,12.5300,326097,40859.95
300225,*ST金泰,2026-06-05,7.5200,7.9700,7.0900,7.6800,331158,25432.93
300226,上海钢联,2026-06-05,20.7900,21.4100,20.7800,21.1400,49340,10430.48
300227,光韵达,2026-06-05,10.8200,11.2700,10.5500,10.8100,248412,26853.34
300228,富瑞特装,2026-06-05,7.8500,8.0500,7.6800,7.9700,224249,17872.65
300229,拓尔思,2026-06-05,15.8500,16.2800,15.6100,15.9700,177614,28364.96
300230,永利股份,2026-06-05,4.7200,4.8400,4.6400,4.7700,117388,5599.41
300231,银信科技,2026-06-05,9.0000,9.1400,8.8000,8.9300,96060,8578.16
300232,洲明科技,2026-06-05,5.7800,6.0800,5.7200,5.9300,318266,18873.17
300233,金城医药,2026-06-05,12.5800,12.8900,12.5000,12.6600,60139,7613.60
300234,开尔新材,2026-06-05,8.6800,8.9200,8.2600,8.8300,278259,24570.27
300236,上海新阳,2026-06-05,92.0100,97.6600,89.5600,93.4500,145741,136194.96
300237,ST美晨,2026-06-05,2.2400,2.2500,2.2100,2.2400,176390,3951.14
300238,冠昊生物,2026-06-05,11.3600,11.5600,11.2600,11.4500,41371,4736.98
300239,东宝生物,2026-06-05,4.9800,5.0100,4.8400,4.9700,131496,6535.35
300240,飞力达,2026-06-05,5.7600,5.9100,5.6800,5.8300,81430,4747.37
300241,瑞丰光电,2026-06-05,8.0200,8.6000,7.8500,7.9200,1257783,99616.41
300243,瑞丰高材,2026-06-05,17.8600,18.5800,17.1700,17.8200,308678,55006.42
300244,迪安诊断,2026-06-05,17.2000,17.3300,16.7800,16.8200,173659,29209.44
300245,ST天玑,2026-06-05,6.4100,6.6100,6.2500,6.4500,102907,6637.50
300246,宝莱特,2026-06-05,17.0100,17.0100,16.0800,16.5600,91890,15216.98
300247,融捷健康,2026-06-05,4.1300,4.2900,4.0800,4.1700,193057,8050.48
300248,新开普,2026-06-05,8.3400,8.7300,8.2700,8.5400,81175,6932.34
300249,依米康,2026-06-05,15.6100,16.3900,15.4600,15.8800,312552,49633.26
300250,初灵信息,2026-06-05,15.9700,16.6400,15.7400,16.3000,64780,10559.14
300251,光线传媒,2026-06-05,12.1100,12.2300,11.9500,12.0400,356254,42892.98
300252,金信诺,2026-06-05,16.4000,17.8800,16.4000,17.0800,993242,169645.73
300253,卫宁健康,2026-06-05,7.5000,7.6300,7.4200,7.5000,441524,33114.30
300254,仟源医药,2026-06-05,10.0800,10.4900,9.5900,9.6900,215096,20842.80
300255,常山药业,2026-06-05,39.9500,40.2500,37.5300,37.5300,181515,68122.58
300257,开山股份,2026-06-05,28.7400,29.3000,28.0300,28.6700,65212,18696.28
300258,精锻科技,2026-06-05,12.3600,13.4200,11.8200,13.0200,334576,43561.80
300259,新天科技,2026-06-05,5.3100,6.2200,5.0700,6.1200,1109893,67925.45
300260,新莱应材,2026-06-05,63.0000,68.5000,60.7200,64.2900,465623,299349.03
300261,雅本化学,2026-06-05,4.9100,5.0100,4.8500,4.9800,99434,4951.81
300263,隆华科技,2026-06-05,11.6300,12.2100,11.2000,11.8400,565871,66999.13
300264,佳创视讯,2026-06-05,7.5100,8.0300,7.4600,7.7900,222636,17343.34
300265,通光线缆,2026-06-05,23.1900,24.8500,22.7000,24.0600,804246,193501.59
300266,兴源环境,2026-06-05,2.1900,2.2000,2.1000,2.1300,308866,6578.85
300267,尔康制药,2026-06-05,3.4900,3.5600,3.4400,3.4900,425226,14840.39
300269,联建光电,2026-06-05,5.2100,5.5000,5.1200,5.3500,288735,15447.32
300270,中威电子,2026-06-05,12.4400,12.8300,12.2500,12.3800,95061,11768.55
300272,开能健康,2026-06-05,5.8800,6.0000,5.8300,5.9200,115709,6849.97
300274,阳光电源,2026-06-05,165.9900,166.2500,152.8500,153.7500,840044,1291567.65
300275,梅安森,2026-06-05,9.2700,9.5500,9.0700,9.4300,89346,8425.33
300276,三丰智能,2026-06-05,7.5500,9.0900,7.0900,8.5500,1619789,138491.96
300277,汽轮科技,2026-06-05,15.4900,16.0600,15.0100,15.0700,285413,43011.74
300279,和晶科技,2026-06-05,7.5700,7.7400,7.2200,7.7300,329397,25462.39
300281,金明精机,2026-06-05,7.8000,8.0400,7.6300,7.7200,213210,16459.81
300283,温州宏丰,2026-06-05,17.5100,18.3500,16.5800,17.5100,708803,124111.41
300284,苏交科,2026-06-05,5.8000,5.9300,5.7600,5.8400,85022,4965.28
300285,国瓷材料,2026-06-05,62.1100,67.6000,60.4000,65.1800,1406309,916632.21
300286,安科瑞,2026-06-05,32.1800,33.8500,31.2500,32.7500,136953,44852.11
300287,飞利信,2026-06-05,3.8500,3.9400,3.7300,3.8600,302387,11672.14
300288,朗玛信息,2026-06-05,9.8100,10.1000,9.6600,9.9800,54990,5488.00
300289,利德曼,2026-06-05,5.7000,5.7700,5.6200,5.7300,59618,3416.11
300290,荣科科技,2026-06-05,10.2800,10.5000,10.0000,10.2800,196755,20226.41
300292,吴通控股,2026-06-05,5.8200,6.4900,5.7900,6.1500,2165108,133154.14
300293,蓝英装备,2026-06-05,17.4600,18.3000,16.9500,18.0100,102543,18467.99
300294,博雅生物,2026-06-05,16.3800,17.2400,16.3100,16.5900,108600,18016.74
300295,*ST三六,2026-06-05,11.7000,11.9400,11.6300,11.6900,17835,2084.91
300296,利亚德,2026-06-05,6.7100,7.0700,6.6600,6.8800,1992150,137059.92
300298,三诺生物,2026-06-05,14.9200,15.1300,14.8400,14.9600,37301,5580.23
300299,富春股份,2026-06-05,5.2500,5.7500,5.2200,5.4500,300887,16398.34
300300,海峡创新,2026-06-05,9.2700,9.4300,9.0600,9.2400,374924,34642.98
300301,ST长方,2026-06-05,3.3400,3.3400,3.2100,3.2700,100444,3284.52
300302,同有科技,2026-06-05,54.1200,57.9800,52.6300,53.0100,753139,399238.98
300303,聚飞光电,2026-06-05,8.9000,9.2500,8.5500,8.8900,1054638,93757.32
300304,云意电气,2026-06-05,15.2500,15.2600,14.7300,14.8800,437187,65053.43
300305,裕兴股份,2026-06-05,7.6400,8.1600,7.5000,7.5500,549029,41451.69
300306,远方信息,2026-06-05,10.6500,10.9500,10.3500,10.8000,31859,3440.77
300307,慈星股份,2026-06-05,6.7500,7.7900,6.7500,7.6500,666688,51001.63
300308,中际旭创,2026-06-05,1273.2000,1301.5100,1160.0000,1179.9900,474741,5601896.33
300310,宜通世纪,2026-06-05,4.8600,5.0700,4.7800,4.9800,346831,17272.18
300311,ST任子行,2026-06-05,5.1000,5.2500,5.1000,5.2100,77491,4037.28
300313,*ST天山,2026-06-05,8.6600,8.9600,8.6200,8.6700,22800,1976.76
300314,戴维医疗,2026-06-05,9.9200,10.1600,9.8100,10.0600,25707,2586.12
300316,晶盛机电,2026-06-05,48.4800,50.2200,46.2300,48.8900,379022,185303.86
300317,珈伟新能,2026-06-05,5.5100,5.7500,5.1500,5.4000,977511,52785.59
300318,博晖创新,2026-06-05,4.7500,4.9100,4.7500,4.8300,60211,2908.19
300319,麦捷科技,2026-06-05,19.4500,23.3600,19.4400,22.2800,2692560,599902.37
300320,海达股份,2026-06-05,8.8500,9.0800,8.7600,8.8100,114936,10125.86
300322,硕贝德,2026-06-05,31.5900,36.8800,30.5500,33.7500,956643,322867.01
300323,华灿光电,2026-06-05,17.5100,18.8800,17.0600,17.6600,1762212,311206.64
300324,旋极信息,2026-06-05,4.1900,4.2900,4.1100,4.2000,404675,16996.35
300326,ST凯利,2026-06-05,6.2400,6.3200,6.0500,6.2600,86397,5408.45
300327,中颖电子,2026-06-05,27.1000,28.0900,25.6100,27.4700,288075,79134.20
300328,宜安科技,2026-06-05,19.6100,23.5200,19.2300,22.1200,1305927,288871.05
300331,苏大维格,2026-06-05,57.3800,62.6900,56.9000,59.0600,209617,123799.80
300332,天壕能源,2026-06-05,4.8300,4.8700,4.6900,4.7900,211364,10124.34
300334,津膜科技,2026-06-05,7.4900,9.0100,7.4900,9.0100,350623,31591.13
300335,迪森股份,2026-06-05,5.7800,5.9400,5.6100,5.6500,192522,10877.49
300337,银邦股份,2026-06-05,12.3900,12.6500,11.9100,12.4300,312509,38844.87
300338,*ST开元,2026-06-05,3.2400,3.3400,3.1800,3.3300,84889,2826.80
300339,润和软件,2026-06-05,41.2000,42.6300,40.8800,41.4600,313420,129943.93
300340,科恒股份,2026-06-05,9.3700,9.8100,9.2300,9.6300,85159,8200.81
300341,麦克奥迪,2026-06-05,13.8200,15.0500,13.3400,14.8600,126550,18805.33
300342,天银机电,2026-06-05,49.7500,51.9000,48.0900,50.5000,462848,233738.24
300343,ST联创,2026-06-05,6.4500,6.5700,6.3900,6.5100,140766,9163.87
300345,华民股份,2026-06-05,5.9000,6.2700,5.8500,6.1500,260447,16017.49
300346,南大光电,2026-06-05,51.6900,60.6100,50.6500,57.0300,1143687,652244.70
300347,泰格医药,2026-06-05,39.8600,40.6900,38.7300,38.9200,185586,72230.07
300348,长亮科技,2026-06-05,9.9300,10.1000,9.8700,9.9400,140113,13927.23
300349,金卡智能,2026-06-05,12.0300,12.3600,11.7900,12.0400,107994,13002.48
300350,华鹏飞,2026-06-05,4.4200,4.6100,4.3900,4.5400,154674,7022.20
300351,永贵电器,2026-06-05,17.2400,17.5000,16.7000,17.1000,138156,23624.68
300352,ST信源,2026-06-05,3.1100,3.1500,3.0600,3.1000,226268,7014.31
300353,东土科技,2026-06-05,18.4500,21.9400,17.8500,21.9400,711508,156104.86
300354,东华测试,2026-06-05,31.8500,33.8000,30.8600,33.0900,35807,11848.54
300355,蒙草生态,2026-06-05,3.1000,3.1400,3.0600,3.1200,200857,6266.74
300357,我武生物,2026-06-05,22.2600,22.7400,22.1500,22.2400,53270,11847.25
300358,楚天科技,2026-06-05,8.1000,8.4600,7.9800,8.2400,197457,16270.46
300359,全通教育,2026-06-05,3.9900,4.1300,3.9400,4.0800,100337,4093.75
300360,炬华科技,2026-06-05,13.4400,13.7500,13.1500,13.5500,69176,9373.35
300363,博腾股份,2026-06-05,14.0800,14.1900,13.8400,13.8800,87679,12169.85
300365,恒华科技,2026-06-05,5.1600,5.2400,5.0100,5.1300,158713,8141.98
300366,ST创意,2026-06-05,5.2500,5.4100,5.2400,5.3500,57942,3099.90
300368,汇金股份,2026-06-05,9.6000,9.7200,9.3200,9.3800,159550,14965.79
300370,安控科技,2026-06-05,2.5000,2.5400,2.4400,2.4600,279863,6884.63
300371,汇中股份,2026-06-05,11.1000,11.5700,10.8300,11.3600,32111,3647.81
300373,扬杰科技,2026-06-05,104.1900,108.6600,101.3100,102.8700,226643,233147.65
300374,中铁装配,2026-06-05,11.9800,12.3700,11.8600,12.1000,44370,5368.77
300376,易事特,2026-06-05,4.9800,5.0300,4.8200,4.9500,268120,13271.94
300377,赢时胜,2026-06-05,13.3300,14.0500,13.2700,13.3300,290425,38713.65
300378,鼎捷数智,2026-06-05,36.4500,36.9800,35.0000,35.8800,122866,44084.32
300381,溢多利,2026-06-05,6.2500,6.2600,6.0000,6.1500,85522,5259.60
300382,斯莱克,2026-06-05,16.9000,17.0800,15.7700,16.1200,360002,58032.32
300383,光环新网,2026-06-05,13.3000,13.4300,12.9600,13.0300,633906,82597.95
300384,三联虹普,2026-06-05,12.2800,12.7100,12.2200,12.5100,32820,4105.78
300385,ST雪浪,2026-06-05,14.5900,15.3300,14.3100,15.0600,111446,16783.77
300386,飞天诚信,2026-06-05,10.6200,10.8700,10.5100,10.6500,53296,5676.02
300389,艾比森,2026-06-05,13.6000,14.1800,13.3600,13.8500,66374,9192.80
300390,天华新能,2026-06-05,79.5700,83.6000,77.3100,80.5000,474212,381740.66
300393,中来股份,2026-06-05,9.2800,9.5900,8.9000,8.9600,427197,38276.85
300394,天孚通信,2026-06-05,483.0000,501.8700,449.0000,457.0000,471206,2153411.42
300395,菲利华,2026-06-05,120.0100,125.0000,117.1100,119.2300,369619,440696.73
300396,ST迪瑞,2026-06-05,7.6000,7.7100,7.5300,7.5900,23055,1749.87
300397,天和防务,2026-06-05,12.9100,13.7900,12.4500,13.3300,266883,35575.50
300399,天利科技,2026-06-05,19.0000,19.6400,18.6000,19.1300,52823,10105.04
300400,劲拓股份,2026-06-05,28.0100,31.2000,27.3900,29.7500,198772,59134.67
300401,花园生物,2026-06-05,11.3700,11.5700,11.2600,11.3200,73582,8329.48
300402,宝色股份,2026-06-05,16.0100,17.3600,15.9100,17.1900,89220,15336.92
300403,汉宇集团,2026-06-05,10.4600,11.4400,10.0700,11.1100,253945,28213.29
300404,博济医药,2026-06-05,9.1300,9.2800,8.9200,9.0900,101412,9218.35
300405,科隆股份,2026-06-05,6.0800,6.4600,5.9000,6.2900,102053,6419.13
300406,九强生物,2026-06-05,11.7200,12.0500,11.6800,11.9500,42596,5090.22
300407,凯发电气,2026-06-05,11.7800,12.4600,11.6100,12.1600,76411,9291.58
300408,三环集团,2026-06-05,136.0000,142.9000,130.0000,134.8300,782509,1055056.88
300409,道氏技术,2026-06-05,21.7900,22.1100,21.0000,21.4700,203512,43694.03
300410,正业科技,2026-06-05,11.8000,12.4000,11.2700,12.0100,653091,78436.23
300411,金盾股份,2026-06-05,9.4800,9.5000,8.7500,8.8200,174961,15431.56
300412,迦南科技,2026-06-05,4.4300,4.5500,4.3300,4.5000,99444,4474.98
300413,芒果超媒,2026-06-05,16.6500,16.9000,16.5800,16.6600,127915,21310.64
300414,中光防雷,2026-06-05,11.9200,12.8200,11.6800,12.4200,104851,13022.49
300415,伊之密,2026-06-05,21.2500,22.0900,20.8200,21.6600,89684,19425.55
300416,苏试试验,2026-06-05,18.0500,18.6000,16.7000,17.9500,334126,59975.62
300417,南华仪器,2026-06-05,12.0500,12.9800,11.9000,12.6500,44662,5649.74
300418,昆仑万维,2026-06-05,40.5100,41.5700,39.6200,40.5000,480562,194627.61
300419,ST浩丰,2026-06-05,7.1900,7.2800,7.1200,7.1200,56463,4020.17
300420,五洋自控,2026-06-05,6.4900,6.6900,6.0000,6.0700,2839594,172363.36
300421,力星股份,2026-06-05,21.7000,23.1400,20.6300,22.2600,167195,37217.61
300422,博世科,2026-06-05,5.2100,5.3200,4.9700,5.2400,172486,9038.27
300423,昇辉科技,2026-06-05,6.2900,6.4500,6.1400,6.3300,91174,5771.31
300424,航新科技,2026-06-05,18.6600,20.3400,18.3200,19.9300,238951,47622.93
300425,中建环能,2026-06-05,4.2300,4.3600,4.2000,4.3000,59741,2568.86
300427,红相股份,2026-06-05,7.5000,7.8300,7.3100,7.6100,541744,41226.72
300428,立中集团,2026-06-05,19.9200,20.2900,19.1200,19.7100,83575,16472.63
300429,强力新材,2026-06-05,13.5000,14.2700,12.8400,13.8800,362166,50268.64
300430,*ST益通,2026-06-05,5.4200,5.6000,5.3000,5.4000,142091,7672.91
300432,富临精工,2026-06-05,23.0000,23.4100,22.3100,22.8400,371526,84856.54
300433,蓝思科技,2026-06-05,43.1100,47.7900,41.9900,45.6100,2301436,1049684.96
300434,金石亚药,2026-06-05,9.4300,9.6300,9.3500,9.4400,87018,8214.50
300435,中泰股份,2026-06-05,18.2000,18.5000,17.7500,18.0800,97809,17683.87
300436,广生堂,2026-06-05,97.6100,97.6400,87.8000,88.8100,106369,94466.31
300437,清水源,2026-06-05,12.0000,12.3400,11.7500,12.1400,84403,10246.52
300438,鹏辉能源,2026-06-05,77.2400,78.6100,74.9900,75.6500,200539,151707.75
300439,美康生物,2026-06-05,8.8100,9.0000,8.7900,8.9100,26316,2344.76
300440,运达科技,2026-06-05,18.1500,18.9000,17.9700,18.8500,166065,31303.25
300441,鲍斯股份,2026-06-05,6.1100,6.3500,6.1100,6.2600,62163,3891.40
300442,润泽科技,2026-06-05,81.0000,81.0000,77.9400,78.1700,334809,261720.20
300443,金雷股份,2026-06-05,23.6500,23.7600,22.8800,23.1700,76888,17814.95
300444,双杰电气,2026-06-05,13.6900,13.8600,13.2200,13.5000,337488,45560.88
300445,康斯特,2026-06-05,23.2200,25.8500,22.7000,24.5400,122400,30036.96
300446,航天智造,2026-06-05,15.9500,16.4300,15.6700,16.0900,105916,17041.88
300447,全信股份,2026-06-05,16.1300,16.7600,16.0400,16.5300,76988,12726.12
300448,浩云科技,2026-06-05,7.5500,7.5500,7.0400,7.3500,289667,21290.52
300449,汉邦高科,2026-06-05,7.9400,8.3000,7.9000,8.0100,301120,24119.71
300450,先导智能,2026-06-05,47.0100,48.5500,45.1100,46.9800,620742,291624.59
300451,创业慧康,2026-06-05,3.7000,3.7800,3.6500,3.7100,261371,9696.86
300452,山河药辅,2026-06-05,12.2100,12.6200,12.2100,12.5000,24773,3096.63
300454,深信服,2026-06-05,110.1100,111.2600,107.0000,107.9000,103091,111235.19
300455,航天智装,2026-06-05,22.1500,23.1800,22.0300,22.6700,127846,28982.69
300456,赛微电子,2026-06-05,44.3800,45.2700,42.8200,43.0500,413028,177808.55
300457,赢合科技,2026-06-05,24.7500,25.5000,23.8100,24.8300,189603,47078.42
300458,全志科技,2026-06-05,32.6500,33.2900,31.3100,32.4800,335011,108811.57
300460,ST惠伦,2026-06-05,9.4000,9.4600,9.1400,9.2100,61562,5669.86
300462,ST华铭,2026-06-05,12.1700,12.2000,11.9500,12.0400,18559,2234.50
300463,迈克生物,2026-06-05,9.0700,9.1700,8.9600,9.0900,56005,5090.85
300465,高伟达,2026-06-05,13.6400,14.7100,13.6400,14.2900,290927,41573.47
300466,赛摩智能,2026-06-05,7.9100,8.3500,7.7700,8.2000,98776,8099.63
300468,四方精创,2026-06-05,23.4900,23.6800,23.1000,23.2400,179055,41612.38
300469,信息发展,2026-06-05,53.3300,57.8000,52.0000,56.0900,132544,74343.93
300470,中密控股,2026-06-05,30.8800,31.4000,30.5500,31.1500,24335,7580.35
300471,厚普股份,2026-06-05,9.6400,9.8100,9.4000,9.6900,64883,6287.16
300472,*ST新元,2026-06-05,8.2800,8.3300,8.0300,8.1500,32687,2663.99
300473,德尔股份,2026-06-05,34.5000,35.4700,33.1900,34.4900,61040,21052.70
300474,景嘉微,2026-06-05,57.3800,57.8500,55.8000,56.3700,96779,54554.32
300475,香农芯创,2026-06-05,179.4200,179.7100,170.9500,171.9000,311709,535827.77
300476,胜宏科技,2026-06-05,359.8400,360.0000,336.5000,338.9000,553281,1875069.31
300477,ST合纵,2026-06-05,2.4200,2.5100,2.4200,2.4500,317665,7782.79
300478,杭州高新,2026-06-05,42.8800,43.9900,39.8300,40.4000,98022,39600.89
300479,神思电子,2026-06-05,14.3600,14.9300,14.2200,14.6500,35102,5142.44
300480,光力科技,2026-06-05,35.0000,35.9300,33.8800,34.3600,180364,61973.07
300481,濮阳惠成,2026-06-05,13.7000,14.2300,13.0800,13.9600,119715,16712.21
300482,万孚生物,2026-06-05,16.3500,18.8000,16.3500,18.4900,265638,49116.47
300484,蓝海华腾,2026-06-05,14.4800,15.5700,14.0700,15.1500,64448,9763.87
300485,赛升药业,2026-06-05,8.8800,9.1100,8.8200,8.9300,67548,6032.04
300486,东杰智能,2026-06-05,27.7900,28.8800,26.9000,28.1500,367811,103538.80
300487,蓝晓科技,2026-06-05,54.9900,54.9900,52.4000,53.7600,54539,29320.17
300488,恒锋工具,2026-06-05,31.8000,35.0400,30.6200,34.5500,112044,38711.20
300489,光智科技,2026-06-05,127.5100,129.0000,124.2000,125.3500,85283,106902.24
300490,华自科技,2026-06-05,15.0100,15.1800,14.4500,14.7600,156882,23155.78
300491,通合科技,2026-06-05,31.8200,32.8900,29.5100,32.1800,161811,52070.78
300493,润欣科技,2026-06-05,14.8000,15.4900,13.8000,15.1200,284028,42945.03
300494,盛天网络,2026-06-05,8.9500,9.4900,8.9500,9.4100,172442,16226.79
300496,中科创达,2026-06-05,61.8600,65.5500,59.9300,63.1700,234522,148147.55
300497,富祥股份,2026-06-05,16.0800,16.3000,15.3600,15.8500,266028,42165.44
300498,温氏股份,2026-06-05,12.9200,13.0300,12.7500,12.8900,354869,45742.61
300499,高澜股份,2026-06-05,37.5500,37.9300,35.9800,36.7300,253918,93264.08
300500,启迪设计,2026-06-05,10.5000,10.8500,10.2000,10.6700,39907,4258.08
300501,海顺新材,2026-06-05,12.6400,13.0900,12.0200,12.7900,78944,10096.94
300502,新易盛,2026-06-05,790.0000,818.3800,730.0000,748.0000,441765,3304402.20
300503,昊志机电,2026-06-05,75.0100,83.9700,70.0000,81.7700,406443,332348.44
300504,天邑股份,2026-06-05,19.8700,20.6900,19.3300,19.5600,221813,43386.62
300505,川金诺,2026-06-05,19.4300,19.7600,19.0200,19.4800,114271,22259.99
300506,ST名家汇,2026-06-05,4.5600,4.7900,4.5400,4.6200,63576,2937.21
300508,维宏股份,2026-06-05,43.6300,46.6600,43.0100,44.8500,48999,21976.05
300509,新美星,2026-06-05,9.7100,9.9000,9.4700,9.7600,49625,4843.40
300510,金冠股份,2026-06-05,3.5900,3.7000,3.5100,3.6300,164779,5981.48
300511,雪榕生物,2026-06-05,5.9900,6.1600,5.8900,5.9200,167361,9907.77
300512,中亚股份,2026-06-05,7.6400,7.9800,7.4700,7.8200,42688,3338.20
300513,恒实科技,2026-06-05,7.7900,8.0900,7.6100,7.9400,78958,6269.27
300514,友讯达,2026-06-05,10.5200,11.0500,10.2800,10.8400,37528,4068.04
300515,三德科技,2026-06-05,15.1600,15.8000,14.8800,15.5500,27862,4332.54
300516,久之洋,2026-06-05,41.8000,44.5800,40.8500,40.9800,225024,92214.84
300517,海波重科,2026-06-05,11.1400,11.3600,10.8100,11.1000,47459,5267.95
300518,新迅达,2026-06-05,29.0000,29.2900,27.8500,28.4900,78618,22398.27
300520,科大国创,2026-06-05,33.0100,33.0300,30.9200,32.2200,167874,54089.00
300522,世名科技,2026-06-05,11.4700,11.9100,11.0100,11.6100,66588,7730.87
300523,辰安科技,2026-06-05,21.0800,21.2600,20.3900,20.7500,37230,7725.23
300525,博思软件,2026-06-05,8.5900,8.9700,8.5900,8.7500,129478,11329.33
300527,ST应急,2026-06-05,7.6600,7.7200,7.5900,7.6700,65938,5057.44
300529,健帆生物,2026-06-05,17.2500,17.5000,17.0800,17.2200,52372,9018.46
300530,领湃科技,2026-06-05,19.4600,20.0300,18.9300,19.6000,26433,5180.87
300531,优博讯,2026-06-05,15.6600,15.9500,15.2200,15.8200,106462,16842.29
300532,今天国际,2026-06-05,6.7900,7.0500,6.7800,6.9200,80000,5536.00
300533,冰川网络,2026-06-05,15.5100,17.4800,15.5100,16.3000,136940,22321.22
300534,陇神戎发,2026-06-05,7.6400,7.8100,7.5700,7.7200,42996,3319.29
300535,达威股份,2026-06-05,15.3800,15.9700,14.9000,15.8800,32420,5148.30
300537,广信材料,2026-06-05,25.0100,29.0000,23.9800,26.9400,292117,78696.32
300538,同益股份,2026-06-05,17.1800,18.0900,16.4000,17.6600,135356,23903.87
300539,横河精密,2026-06-05,23.4300,24.3200,21.8100,23.7600,121440,28854.14
300540,蜀道装备,2026-06-05,26.7000,27.0900,26.2800,26.6200,96007,25557.06
300542,新晨科技,2026-06-05,12.5900,12.8500,12.3500,12.6400,49318,6233.80
300543,朗科智能,2026-06-05,8.5100,8.9600,8.3000,8.7700,82522,7237.18
300545,联得装备,2026-06-05,34.0000,37.3600,32.9000,36.1200,197486,71331.94
300546,雄帝科技,2026-06-05,16.8000,17.1400,16.5100,16.8800,32530,5491.06
300547,川环科技,2026-06-05,34.9000,34.9100,33.9000,34.1200,85500,29172.60
300548,长芯博创,2026-06-05,228.5100,237.9800,217.0000,219.0000,193495,423754.05
300551,古鳌科技,2026-06-05,11.2400,11.4400,10.9700,11.1600,89102,9943.78
300553,集智股份,2026-06-05,68.6100,70.9700,63.9800,67.3100,88442,59530.31
300554,三超新材,2026-06-05,28.8300,30.3000,28.5700,29.5900,93185,27573.44
300555,ST路通,2026-06-05,13.0100,13.0800,12.6900,12.8000,11646,1490.69
300556,丝路视觉,2026-06-05,18.0400,18.8000,17.6300,18.4800,66602,12308.05
300557,理工光科,2026-06-05,29.0000,31.5000,28.6600,29.8700,131309,39222.00
300558,贝达药业,2026-06-05,49.3100,52.4800,48.7100,48.8800,194261,94954.78
300560,中富通,2026-06-05,17.8200,18.6900,17.2400,18.2000,201346,36644.97
300561,汇金科技,2026-06-05,15.6900,15.9900,14.5600,14.6800,325194,47738.48
300563,神宇股份,2026-06-05,29.9900,32.3200,29.9000,31.3900,103538,32500.58
300564,筑博设计,2026-06-05,13.5000,13.8300,13.3000,13.4800,46406,6255.53
300565,科信技术,2026-06-05,12.8500,13.3000,12.4000,12.8300,178230,22866.91
300566,激智科技,2026-06-05,26.5000,27.9900,26.0000,26.9600,317470,85589.91
300567,精测电子,2026-06-05,196.5000,198.3400,187.6000,189.2300,96286,182202.00
300568,星源材质,2026-06-05,15.4500,15.8900,15.0700,15.5000,579604,89838.62
300569,天能重工,2026-06-05,5.1600,5.2500,5.0500,5.1600,202900,10469.64
300570,太辰光,2026-06-05,172.0000,180.5000,167.0000,168.3800,264737,445764.16
300571,平治信息,2026-06-05,45.8100,48.6000,44.6000,45.1200,190540,85971.65
300572,安车检测,2026-06-05,27.6100,27.6100,26.5000,26.9200,43465,11700.78
300573,兴齐眼药,2026-06-05,37.2800,37.8100,36.7000,36.9500,68096,25161.47
300575,中旗股份,2026-06-05,5.7600,5.8700,5.6000,5.7400,116904,6710.29
300576,容大感光,2026-06-05,40.8000,44.2600,38.8800,41.7700,350016,146201.68
300578,会畅科技,2026-06-05,18.5200,18.7900,18.0800,18.4000,56921,10473.46
300579,数字认证,2026-06-05,22.5100,22.8200,22.1700,22.5200,27018,6084.45
300580,贝斯特,2026-06-05,22.5900,24.1000,21.7800,23.4500,175342,41117.70
300581,晨曦航空,2026-06-05,10.5800,10.8900,10.4200,10.7200,79948,8570.43
300582,英飞特,2026-06-05,14.3000,15.1300,13.7800,14.8000,122231,18090.19
300583,赛托生物,2026-06-05,12.2900,12.7200,12.1200,12.6000,25308,3188.81
300584,海辰药业,2026-06-05,32.8400,33.4300,32.1000,32.2000,25995,8370.39
300585,奥联电子,2026-06-05,18.4600,19.3700,18.0200,19.0500,104794,19963.26
300586,美联新材,2026-06-05,11.6000,12.4700,10.9000,12.0300,607836,73122.67
300587,天铁科技,2026-06-05,4.7900,4.8400,4.5900,4.7300,262052,12395.06
300588,熙菱信息,2026-06-05,18.6400,19.4000,17.7000,19.1000,55264,10555.42
300589,江龙船艇,2026-06-05,13.4000,13.5800,13.1200,13.3500,101779,13587.50
300590,移为通信,2026-06-05,14.2500,14.8400,14.0300,14.4800,163489,23673.21
300591,万里马,2026-06-05,7.4500,7.6600,7.2200,7.4700,130762,9767.92
300592,华凯易佰,2026-06-05,11.3200,11.5300,11.1800,11.4000,60524,6899.74
300593,新雷能,2026-06-05,36.0200,36.3100,33.6100,33.8300,314075,106251.57
300594,ST朗进,2026-06-05,16.2100,16.7500,15.9200,16.4800,25702,4235.69
300595,欧普康视,2026-06-05,11.5000,11.6400,11.4600,11.5500,61346,7085.46
300596,利安隆,2026-06-05,42.4600,42.8300,40.5200,41.0500,71015,29151.66
300597,吉大通信,2026-06-05,8.2200,8.5500,8.0900,8.3200,60591,5041.17
300598,诚迈科技,2026-06-05,32.3200,33.2000,31.9800,32.9500,48485,15975.81
300599,雄塑科技,2026-06-05,13.0900,13.3400,12.6300,12.9200,160348,20716.96
300600,国瑞科技,2026-06-05,10.8100,12.1300,10.7100,11.7700,155958,18356.26
300601,康泰生物,2026-06-05,11.9600,12.0800,11.8500,11.9200,95116,11337.83
300602,飞荣达,2026-06-05,42.1000,42.2900,40.3000,40.7900,302235,123281.66
300603,立昂技术,2026-06-05,8.8800,9.1100,8.7200,8.9500,173810,15555.99
300604,长川科技,2026-06-05,218.3600,218.5100,205.6000,206.7300,305963,632517.31
300605,恒锋信息,2026-06-05,10.4600,11.0500,10.3000,10.8000,72120,7788.96
300606,金太阳,2026-06-05,33.5700,36.8200,32.6600,35.0900,114953,40337.01
300607,拓斯达,2026-06-05,30.8500,33.8200,29.1100,32.5900,355548,115873.09
300608,思特奇,2026-06-05,11.6600,11.8400,11.3100,11.5700,192492,22271.32
300610,晨化股份,2026-06-05,10.5500,10.9200,10.4200,10.8100,40202,4345.84
300611,美力科技,2026-06-05,26.0200,27.4500,25.4300,26.8000,62438,16733.38
300613,富瀚微,2026-06-05,58.7900,61.3600,57.2800,59.8900,110603,66240.14
300614,百川畅银,2026-06-05,11.3200,11.7800,10.9500,11.6800,36724,4289.36
300615,欣天科技,2026-06-05,11.4300,11.7800,11.1500,11.5500,58438,6749.59
300616,尚品宅配,2026-06-05,13.5300,14.7100,13.3800,14.1800,102271,14502.03
300617,安靠智电,2026-06-05,60.1000,66.9900,59.1200,63.0300,161048,101508.55
300618,寒锐钴业,2026-06-05,36.9100,37.4500,36.0100,36.1200,72028,26016.51
300619,金银河,2026-06-05,40.5000,40.6500,38.5600,39.5000,57469,22700.26
300620,光库科技,2026-06-05,324.0000,359.7300,318.0000,320.3000,232549,744854.45
300621,维业股份,2026-06-05,7.2600,7.6600,7.0800,7.5300,78114,5881.98
300622,博士眼镜,2026-06-05,15.9100,16.4000,15.5700,16.2600,75774,12320.85
300623,捷捷微电,2026-06-05,31.8500,34.1600,30.8800,33.2700,461962,153694.76
300624,万兴科技,2026-06-05,56.4000,57.9800,54.9700,56.7300,77669,44061.62
300626,华瑞股份,2026-06-05,33.5800,40.3000,33.0100,40.3000,129345,52126.04
300627,华测导航,2026-06-05,29.0000,30.2000,28.6900,29.9500,147730,44245.14
300628,亿联网络,2026-06-05,38.5200,40.8800,38.3400,39.4000,197049,77637.31
300629,新劲刚,2026-06-05,21.9400,22.4900,21.3800,22.0600,77555,17108.63
300631,久吾高科,2026-06-05,23.6200,24.7500,23.1800,24.2300,31090,7533.11
300632,光莆股份,2026-06-05,27.3200,28.8800,27.3000,27.5800,332471,91695.50
300634,彩讯股份,2026-06-05,24.3000,24.6300,23.4000,23.8500,184942,44108.67
300635,中达安,2026-06-05,14.0900,14.4300,13.5500,13.8500,54524,7551.57
300638,广和通,2026-06-05,22.4100,23.1800,21.7300,22.7300,155407,35324.01
300639,凯普生物,2026-06-05,5.4200,5.5100,5.3800,5.4300,97846,5313.04
300640,德艺文创,2026-06-05,6.4800,6.6900,6.2300,6.5500,135069,8847.02
300641,正丹股份,2026-06-05,15.1300,15.1900,14.6200,14.8300,71360,10582.69
300642,透景生命,2026-06-05,13.1500,13.5800,13.1200,13.4100,37694,5054.77
300643,万通智控,2026-06-05,17.7800,18.0600,17.2700,17.6900,41926,7416.71
300644,南京聚隆,2026-06-05,24.4600,25.6400,23.6000,25.1400,40126,10087.68
300645,正元智慧,2026-06-05,13.5500,14.2000,13.3100,13.9500,41727,5820.92
300647,超频三,2026-06-05,6.6500,6.7400,6.5100,6.6000,199651,13176.97
300648,星云股份,2026-06-05,48.1500,48.4100,46.0200,47.2000,31756,14988.83
300649,杭州园林,2026-06-05,27.1300,28.1200,26.9000,27.9000,84252,23506.31
300650,太龙股份,2026-06-05,13.4400,14.0900,13.1100,13.6600,84804,11584.23
300651,金陵体育,2026-06-05,24.3400,24.7700,22.0300,23.2300,131083,30450.58
300652,雷迪克,2026-06-05,41.6900,44.0800,40.4000,43.0200,35608,15318.56
300653,正海生物,2026-06-05,15.1500,15.3900,14.9600,15.1500,17262,2615.19
300655,晶瑞电材,2026-06-05,14.1000,15.1400,13.3000,14.4800,728588,105499.54
300656,民德电子,2026-06-05,31.0000,31.8400,30.2000,30.7800,42649,13127.36
300657,弘信电子,2026-06-05,43.3000,45.0000,42.1200,43.0600,765357,329562.72
300658,延江股份,2026-06-05,12.2200,12.8300,12.0100,12.3700,209104,25866.16
300659,中孚信息,2026-06-05,10.8200,11.1200,10.6100,10.9800,48226,5295.21
300660,江苏雷利,2026-06-05,32.2500,35.0000,30.9200,33.8400,164717,55740.23
300661,圣邦股份,2026-06-05,112.1600,112.5000,106.5000,107.7400,166599,179493.76
300662,科锐国际,2026-06-05,20.8600,20.8800,20.3000,20.4400,48607,9935.27
300663,科蓝软件,2026-06-05,7.6100,7.8800,7.4500,7.6700,231025,17719.62
300664,鹏鹞环保,2026-06-05,4.8800,5.3400,4.8700,5.1500,215122,11078.78
300665,飞鹿股份,2026-06-05,9.9300,10.4300,9.7200,10.3200,205933,21252.29
300666,江丰电子,2026-06-05,205.5500,215.9600,198.2000,201.1900,150400,302589.76
300667,必创科技,2026-06-05,19.5000,19.9600,19.2600,19.7000,142126,27998.82
300668,杰恩股份,2026-06-05,58.4000,60.8500,55.6700,57.8500,59672,34520.25
300669,沪宁股份,2026-06-05,28.4000,28.4000,27.1800,27.4000,17280,4734.72
300670,大烨智能,2026-06-05,6.6800,6.9100,6.4700,6.8000,101549,6905.33
300671,富满微,2026-06-05,43.4900,44.4400,42.1400,43.0700,78826,33950.36
300672,国科微,2026-06-05,310.0000,315.2900,297.0000,299.0000,95927,286821.73
300673,佩蒂股份,2026-06-05,13.8600,14.4000,13.6000,14.1200,54619,7712.20
300674,宇信科技,2026-06-05,16.2800,16.6100,16.1400,16.3300,70510,11514.28
300675,建科院,2026-06-05,13.9200,14.4000,13.5700,14.1900,37367,5302.38
300676,华大基因,2026-06-05,35.1400,35.9900,34.8600,34.9200,59552,20795.56
300677,英科医疗,2026-06-05,46.6100,46.8500,44.8600,46.5300,120406,56024.91
300678,中科信息,2026-06-05,23.4600,24.1700,23.0100,23.7600,65696,15609.37
300679,电连技术,2026-06-05,57.0000,62.5000,56.4800,59.1300,286866,169623.87
300680,隆盛科技,2026-06-05,34.0800,36.4900,32.8800,35.5600,120908,42994.88
300681,英搏尔,2026-06-05,32.5400,33.5000,32.0600,32.4700,152700,49581.69
300682,朗新科技,2026-06-05,13.2600,13.4000,12.8000,12.8500,248520,31934.82
300683,海特生物,2026-06-05,26.4200,27.5500,25.4700,25.8700,47878,12386.04
300684,中石科技,2026-06-05,55.1800,59.2500,53.5300,56.7000,203460,115361.82
300685,艾德生物,2026-06-05,21.4100,21.5200,19.3800,19.9000,276742,55071.66
300686,智动力,2026-06-05,19.7200,19.7200,17.4000,17.7400,324141,57502.61
300687,赛意信息,2026-06-05,25.7300,26.7300,24.3700,26.1100,300687,78509.38
300688,创业黑马,2026-06-05,23.8900,26.8500,23.8800,26.0800,129585,33795.77
300689,澄天伟业,2026-06-05,50.7000,52.9000,50.4200,51.4300,17846,9178.20
300690,双一科技,2026-06-05,24.5800,25.0700,23.5600,24.5900,47573,11698.20
300691,联合光电,2026-06-05,15.4900,16.5900,15.2300,16.0400,93483,14994.67
300692,中赋科技,2026-06-05,7.8200,8.0600,7.7300,7.8800,85032,6700.52
300693,盛弘股份,2026-06-05,49.4100,49.8000,47.3100,47.7300,139240,66459.25
300694,蠡湖股份,2026-06-05,10.1900,10.5800,10.1000,10.4700,45515,4765.42
300695,兆丰股份,2026-06-05,60.0000,63.5000,60.0000,62.6900,13302,8339.02
300696,爱乐达,2026-06-05,30.2100,31.1000,29.9200,30.2300,66746,20177.32
300697,电工合金,2026-06-05,16.3800,16.9800,15.8600,16.5800,137764,22841.27
300698,万马科技,2026-06-05,35.0000,35.7100,34.6100,34.9000,35531,12400.32
300699,光威复材,2026-06-05,29.3200,29.7800,28.5300,29.3100,179736,52680.62
300700,岱勒新材,2026-06-05,19.9500,21.1000,19.7500,20.6100,171774,35402.62
300701,森霸传感,2026-06-05,10.4700,10.8700,10.1000,10.6400,68426,7280.53
300702,天宇股份,2026-06-05,18.2600,19.7900,18.0100,19.1800,58445,11209.75
300703,创源股份,2026-06-05,16.1300,16.4000,15.6100,15.9200,59547,9479.88
300705,九典制药,2026-06-05,11.2200,11.4500,11.2000,11.2900,33638,3797.73
300706,阿石创,2026-06-05,51.8500,53.6500,50.1100,51.5200,159542,82196.04
300707,威唐工业,2026-06-05,12.3600,12.9300,12.1300,12.7600,58366,7447.50
300710,万隆光电,2026-06-05,38.8000,39.9600,38.0100,39.2000,70657,27697.54
300711,广哈通信,2026-06-05,18.4200,19.4700,18.1500,18.9800,54609,10364.79
300712,永福股份,2026-06-05,22.0100,22.6800,21.3900,22.2800,29720,6621.62
300713,英可瑞,2026-06-05,14.6700,15.1100,14.1000,14.7000,43832,6443.30
300715,凯伦股份,2026-06-05,26.6500,27.2200,25.3100,25.5000,266145,67866.98
300716,*ST泉为,2026-06-05,16.4400,17.3300,15.6000,16.7900,113025,18976.90
300717,华信新材,2026-06-05,17.5500,18.4400,17.2500,18.1800,24739,4497.55
300718,长盛轴承,2026-06-05,73.0000,79.9900,70.1500,76.5000,185999,142289.24
300719,安达维尔,2026-06-05,12.3000,12.7800,12.1100,12.6000,56112,7070.11
300720,海川智能,2026-06-05,76.1000,79.5000,74.1100,78.5300,123453,96947.64
300721,怡达股份,2026-06-05,31.0000,31.1500,28.8000,30.5400,205117,62642.73
300722,新余国科,2026-06-05,22.9200,23.7800,22.8100,23.5800,30830,7269.71
300723,一品红,2026-06-05,39.8600,40.5000,37.3700,37.5800,140826,52922.41
300724,捷佳伟创,2026-06-05,76.3800,76.3800,73.0100,74.5100,127696,95146.29
300725,药石科技,2026-06-05,34.3000,34.4400,33.1100,33.2400,52013,17289.12
300726,宏达电子,2026-06-05,79.9800,80.0000,73.6700,75.0100,358823,269153.13
300729,乐歌股份,2026-06-05,10.7800,10.9000,10.4700,10.8800,42222,4593.75
300730,科创信息,2026-06-05,14.5300,14.7600,14.0200,14.1000,98576,13899.22
300731,科创新源,2026-06-05,61.0900,61.1000,58.0700,58.4200,67566,39472.06
300732,设研院,2026-06-05,6.6500,6.8100,6.5700,6.7200,68835,4625.71
300733,西菱动力,2026-06-05,12.2100,13.0500,11.9600,12.6700,89121,11291.63
300735,光弘科技,2026-06-05,21.2500,22.3300,20.4600,21.6300,265076,57335.94
300737,科顺股份,2026-06-05,8.4700,8.9800,8.0700,8.8900,1043564,92772.84
300738,奥飞数据,2026-06-05,20.7900,21.1000,20.1700,20.4900,489548,100308.39
300739,明阳电路,2026-06-05,29.3000,30.4900,28.2900,29.4600,244240,71953.10
300740,水羊股份,2026-06-05,23.5600,24.7400,22.9900,23.0500,171502,39531.21
300741,华宝股份,2026-06-05,14.0900,14.4000,13.9500,14.2300,15134,2153.57
300743,天地数码,2026-06-05,16.9900,17.6200,16.7000,17.3500,28548,4953.08
300745,欣锐科技,2026-06-05,48.2100,48.9300,43.6300,45.0300,102383,46103.06
300746,汉嘉数智,2026-06-05,10.5700,10.9900,10.3500,10.8000,45450,4908.60
300747,锐科激光,2026-06-05,46.2000,48.9800,44.6200,46.3300,669016,309955.11
300748,金力永磁,2026-06-05,30.8700,32.2400,30.3400,31.1200,415814,129401.32
300749,顶固集创,2026-06-05,23.0600,23.1700,21.9100,22.0800,53862,11892.73
300750,宁德时代,2026-06-05,407.8900,412.6500,402.7000,403.0000,287389,1158177.67
300751,迈为股份,2026-06-05,226.9000,235.8900,218.0000,229.5100,117201,268988.02
300752,隆利科技,2026-06-05,13.9500,15.6400,13.5300,15.3800,323403,49739.38
300753,爱朋医疗,2026-06-05,21.7600,22.1600,21.2700,21.7300,28883,6276.28
300755,华致酒行,2026-06-05,14.8100,15.6500,14.7700,14.9200,95001,14174.15
300757,罗博特科,2026-06-05,677.0000,704.0100,641.8000,648.9800,86603,562036.15
300758,七彩化学,2026-06-05,11.4700,12.0000,11.0000,11.8100,189114,22334.36
300759,康龙化成,2026-06-05,23.4200,23.8000,23.0000,23.0700,279418,64461.73
300760,迈瑞医疗,2026-06-05,143.6400,145.4700,142.9300,144.3900,77960,112566.44
300761,立华股份,2026-06-05,17.8900,18.4300,17.5000,18.1100,105772,19155.31
300762,上海瀚讯,2026-06-05,36.4500,38.3100,35.5000,36.9400,535865,197948.53
300763,锦浪科技,2026-06-05,105.4700,106.9000,96.4500,97.3500,198201,192948.67
300765,新诺威,2026-06-05,25.5400,26.2900,24.7500,24.9000,92975,23150.78
300767,震安科技,2026-06-05,19.3000,19.6500,18.6300,19.0300,100973,19215.16
300768,迪普科技,2026-06-05,15.3800,15.7500,15.1800,15.4400,59320,9159.01
300769,德方纳米,2026-06-05,62.2000,64.3900,59.7700,63.0800,226075,142608.11
300771,智莱科技,2026-06-05,11.6900,11.9700,11.3500,11.8700,52434,6223.92
300772,运达股份,2026-06-05,13.6500,13.9700,13.1200,13.4200,205195,27537.17
300774,倍杰特,2026-06-05,13.3300,13.5100,12.8600,13.1600,105737,13914.99
300775,三角防务,2026-06-05,24.1100,24.4500,23.4100,23.9600,158397,37951.92
300776,帝尔激光,2026-06-05,159.3500,184.8800,156.6000,170.1600,278012,473065.22
300777,中简科技,2026-06-05,31.7100,32.1500,31.0000,31.4600,111671,35131.70
300778,新城市,2026-06-05,11.1000,11.3700,10.7500,11.2000,46072,5160.06
300779,惠城环保,2026-06-05,82.1800,83.2300,79.8300,80.3500,71765,57663.18
300780,德恩精工,2026-06-05,26.4800,26.6600,24.8000,25.7200,60408,15536.94
300782,卓胜微,2026-06-05,104.0500,108.5600,102.7500,104.7700,221236,231788.96
300783,三只松鼠,2026-06-05,17.6100,18.5000,17.3700,18.1200,96382,17464.42
300784,利安科技,2026-06-05,43.1300,45.2800,42.7300,44.4100,10339,4591.55
300786,国林科技,2026-06-05,17.4300,18.1700,16.7000,17.7400,103965,18443.39
300787,海能实业,2026-06-05,9.3800,9.7000,9.1400,9.4800,51933,4923.25
300789,唐源电气,2026-06-05,20.5300,21.3400,20.1500,20.8100,20898,4348.87
300791,仙乐健康,2026-06-05,17.0900,17.4500,16.7500,16.9300,23458,3971.44
300792,壹网壹创,2026-06-05,33.3600,33.5600,31.8000,32.5200,66937,21767.91
300793,佳禾智能,2026-06-05,12.9900,13.5900,12.7000,13.3000,85831,11415.52
300795,米奥会展,2026-06-05,9.4500,9.7200,9.3300,9.6100,56386,5418.69
300797,钢研纳克,2026-06-05,13.7500,14.2800,13.5000,13.9900,32919,4605.37
300800,力合科技,2026-06-05,10.4500,11.0400,10.3100,10.8400,45752,4959.52
300801,泰和科技,2026-06-05,25.3500,25.9400,24.4600,25.5700,51636,13203.33
300802,矩子科技,2026-06-05,23.7200,24.6800,23.3300,24.3500,254115,61877.00
300803,指南针,2026-06-05,87.8700,87.9800,83.8800,83.9800,182600,153347.48
300804,广康生化,2026-06-05,38.0700,39.5000,37.1200,39.4100,13206,5204.48
300806,斯迪克,2026-06-05,83.2800,84.4300,81.0000,83.0800,195623,162523.59
300807,天迈科技,2026-06-05,41.9900,42.2600,41.1500,41.6300,21290,8863.03
300808,久量股份,2026-06-05,23.7800,26.0900,23.2500,24.4800,38225,9357.48
300809,华辰装备,2026-06-05,37.2100,39.4900,36.0200,37.7900,150900,57025.11
300810,中科海讯,2026-06-05,26.2700,27.0200,25.7100,26.5300,27295,7241.36
300811,铂科新材,2026-06-05,86.0700,101.9900,84.0700,93.0000,378700,352191.00
300812,易天股份,2026-06-05,26.0000,28.7400,24.3300,27.8000,195528,54356.78
300813,泰林生物,2026-06-05,20.8800,21.2000,20.3700,20.8000,18638,3876.70
300814,中富电路,2026-06-05,154.5100,166.6000,147.0000,157.7900,114985,181434.83
300815,玉禾田,2026-06-05,19.4500,20.0500,19.1500,19.7000,50741,9995.98
300816,艾可蓝,2026-06-05,88.7900,88.9800,85.5000,86.9900,19330,16815.17
300817,双飞集团,2026-06-05,18.3600,19.6400,17.9500,19.3000,51212,9883.92
300818,耐普矿机,2026-06-05,23.3100,23.8500,22.5100,23.2500,50901,11834.48
300819,聚杰微纤,2026-06-05,64.4800,65.4800,62.5000,63.9200,35880,22934.50
300820,英杰电气,2026-06-05,67.0000,69.9600,65.1100,66.0700,63447,41919.43
300821,东岳硅材,2026-06-05,16.6300,17.1600,16.4900,16.7500,718695,120381.41
300822,贝仕达克,2026-06-05,13.9700,14.2900,13.3800,14.0000,35248,4934.72
300823,建科智能,2026-06-05,16.1900,17.0400,15.8200,16.7600,38697,6485.62
300824,北鼎股份,2026-06-05,8.2000,8.4300,8.0800,8.2800,37725,3123.63
300825,阿尔特,2026-06-05,14.3200,14.6200,12.9800,13.9900,448407,62732.14
300826,测绘股份,2026-06-05,19.1900,19.4000,18.2800,18.3300,84329,15457.51
300827,上能电气,2026-06-05,31.1000,31.1900,29.7600,29.9200,171630,51351.70
300828,锐新科技,2026-06-05,19.5100,19.9000,18.9100,19.7300,44996,8877.71
300830,金现代,2026-06-05,8.9500,9.2500,8.7600,9.0600,117574,10652.20
300831,派瑞股份,2026-06-05,20.3600,21.8700,19.9600,20.9200,208556,43629.92
300832,新产业,2026-06-05,43.9500,44.8100,43.3700,44.4800,42493,18900.89
300833,浩洋股份,2026-06-05,33.7100,35.0400,33.2600,34.3300,10750,3690.48
300834,星辉环材,2026-06-05,48.4200,49.9900,47.6000,48.6700,38889,18927.28
300835,龙磁科技,2026-06-05,183.7700,218.0000,181.1100,211.0000,100341,211719.51
300836,佰奥智能,2026-06-05,68.6000,71.3000,66.1000,69.6100,22247,15486.14
300837,浙矿股份,2026-06-05,28.1800,28.6900,27.3300,28.1000,21120,5934.72
300838,浙江力诺,2026-06-05,16.4800,16.7500,15.5900,16.1900,47439,7680.37
300839,博汇股份,2026-06-05,15.5000,15.6900,14.9000,15.3200,61360,9400.35
300840,酷特智能,2026-06-05,21.9000,23.3000,21.5100,22.4300,94753,21253.10
300841,康华生物,2026-06-05,45.5200,46.4900,45.5100,45.9600,17557,8069.20
300842,帝科股份,2026-06-05,82.0700,86.1600,78.1900,82.0300,87592,71851.72
300843,胜蓝股份,2026-06-05,89.4900,93.0900,87.8600,89.1200,60561,53971.96
300844,山水比德,2026-06-05,25.5800,26.4500,25.0500,25.9400,20134,5222.76
300845,捷安高科,2026-06-05,14.0100,14.7500,13.5400,14.4800,79624,11529.56
300846,首都在线,2026-06-05,23.8900,23.8900,22.9100,22.9800,312417,71793.43
300847,中船汉光,2026-06-05,14.8000,15.0400,14.6500,14.9400,50271,7510.49
300848,美瑞新材,2026-06-05,14.0500,14.5000,13.7100,14.3000,58515,8367.65
300850,新强联,2026-06-05,31.3300,31.5200,30.0200,30.3800,118762,36079.90
300851,交大思诺,2026-06-05,25.7900,26.6800,25.0200,26.0800,23352,6090.20
300852,四会富仕,2026-06-05,50.0600,52.7200,48.0800,50.7500,108767,55199.25
300853,申昊科技,2026-06-05,37.4500,39.4000,36.7600,38.8300,75038,29137.26
300854,中兰环保,2026-06-05,29.5800,30.4200,28.6000,29.5500,63555,18780.50
300855,图南股份,2026-06-05,33.4500,34.6900,32.3500,33.7800,97468,32924.69
300856,科思股份,2026-06-05,11.5900,11.8000,11.3300,11.6100,55161,6404.19
300857,协创数据,2026-06-05,238.0000,239.9100,226.7100,228.4700,222129,507498.13
300858,科拓生物,2026-06-05,15.4000,16.0800,15.4000,15.5800,69948,10897.90
300861,美畅股份,2026-06-05,18.4000,19.1800,17.6500,18.4500,189691,34997.99
300862,蓝盾光电,2026-06-05,22.5000,23.3300,21.8900,22.6700,55822,12654.85
300863,卡倍亿,2026-06-05,72.7500,72.7500,67.7000,68.1000,160858,109544.30
300864,南大环境,2026-06-05,21.5500,22.9100,21.5500,22.4800,24090,5415.43
300865,大宏立,2026-06-05,25.5100,26.5800,25.0300,26.1600,22360,5849.38
300866,安克创新,2026-06-05,116.4400,118.4400,111.8000,112.1900,57731,64768.41
300867,圣元环保,2026-06-05,21.8000,22.3800,20.9300,21.8500,115151,25160.49
300868,杰美特,2026-06-05,128.5200,129.9000,120.4200,121.4300,53469,64927.41
300869,康泰医学,2026-06-05,11.1800,11.3700,11.1100,11.2300,30165,3387.53
300870,欧陆通,2026-06-05,275.6100,278.4900,265.3500,267.4200,35154,94008.83
300871,回盛生物,2026-06-05,20.4000,20.4700,19.9100,20.4000,44346,9046.58
300872,天阳科技,2026-06-05,19.1600,19.5000,18.8500,19.0900,156288,29835.38
300873,海晨股份,2026-06-05,20.8900,22.6600,20.5600,22.3600,56195,12565.20
300875,捷强装备,2026-06-05,32.9500,33.2300,32.0800,32.9500,25309,8339.32
300876,蒙泰高新,2026-06-05,17.8800,18.6100,17.4200,17.7700,41735,7416.31
300877,金春股份,2026-06-05,29.1800,29.4800,27.8000,28.3600,31073,8812.30
300878,维康药业,2026-06-05,28.9200,29.7000,28.4400,28.7900,21408,6163.36
300879,大叶股份,2026-06-05,18.7400,19.2500,18.2100,18.8500,37664,7099.66
300880,迦南智能,2026-06-05,21.3300,21.8300,20.5500,21.4400,55055,11803.79
300881,盛德鑫泰,2026-06-05,49.4500,51.4700,48.4600,50.2200,18962,9522.72
300882,万胜智能,2026-06-05,16.0000,16.3300,15.4500,16.0600,38496,6182.46
300884,狄耐克,2026-06-05,10.6900,11.0800,10.5200,10.8800,46842,5096.41
300885,海昌新材,2026-06-05,26.0100,27.6700,24.7900,27.2500,145903,39758.57
300887,谱尼测试,2026-06-05,8.3200,8.6000,8.2000,8.3800,102827,8616.90
300888,稳健医疗,2026-06-05,28.2400,28.6400,28.1000,28.3100,23569,6672.38
300889,爱克股份,2026-06-05,24.0700,25.0900,23.7500,24.5200,73068,17916.27
300890,翔丰华,2026-06-05,34.3900,35.0300,33.0300,34.5700,75945,26254.19
300891,惠云钛业,2026-06-05,6.8300,7.0700,6.7100,6.9800,63733,4448.56
300893,松原安全,2026-06-05,20.8900,20.9700,20.1100,20.7900,26535,5516.63
300894,火星人,2026-06-05,8.7300,9.0600,8.6000,8.9100,42640,3799.22
300895,铜牛信息,2026-06-05,58.0200,58.6700,56.5600,57.0500,51217,29219.30
300896,爱美客,2026-06-05,99.0300,102.0000,98.6000,98.8800,30526,30184.11
300897,山科智能,2026-06-05,22.2400,22.2400,19.7500,19.9800,187649,37492.27
300899,上海凯鑫,2026-06-05,31.4400,32.6500,30.0000,31.8400,14291,4550.25
300900,广联航空,2026-06-05,35.5000,36.8400,34.6500,35.7100,244711,87386.30
300902,国安达,2026-06-05,14.9000,15.3700,14.5600,15.0600,27972,4212.58
300903,科翔股份,2026-06-05,73.0000,78.9700,71.4400,72.1000,281715,203116.52
300904,威力传动,2026-06-05,48.9200,50.2400,47.0300,49.1400,13509,6638.32
300905,宝丽迪,2026-06-05,60.6900,64.6300,60.3500,61.7800,100621,62163.65
300906,日月明,2026-06-05,29.5700,30.0200,28.6000,29.4800,16721,4929.35
300909,汇创达,2026-06-05,45.0000,46.9900,43.9000,46.0600,43308,19947.66
300911,亿田智能,2026-06-05,23.5800,25.0100,23.5400,24.0800,90285,21740.63
300912,凯龙高科,2026-06-05,26.2900,27.8700,25.5300,27.3800,65695,17987.29
300913,兆龙互连,2026-06-05,62.0200,66.4400,60.7000,61.0000,309310,188679.10
300916,朗特智能,2026-06-05,28.2100,28.9600,26.6600,27.9300,70420,19668.31
300917,特发服务,2026-06-05,28.3300,29.5000,28.1000,28.3900,95245,27040.06
300918,南山智尚,2026-06-05,13.3600,13.7800,12.9000,13.4500,147177,19795.31
300919,中伟新材,2026-06-05,49.2500,49.8400,47.8000,48.5800,142260,69109.91
300921,南凌科技,2026-06-05,18.2300,18.6200,17.4900,18.2900,83877,15341.10
300922,天秦装备,2026-06-05,24.7400,26.0000,24.2300,24.4300,95893,23426.66
300923,研奥股份,2026-06-05,22.3000,23.7000,22.0400,23.1600,19123,4428.89
300925,法本信息,2026-06-05,17.0800,19.3300,16.9100,18.0400,340719,61465.71
300926,博俊科技,2026-06-05,19.9300,20.4000,19.5400,19.9600,37970,7578.81
300928,华安鑫创,2026-06-05,32.1000,33.0400,31.3800,32.1600,14675,4719.48
300929,华骐环保,2026-06-05,11.5900,12.1500,11.3000,11.9100,35352,4210.42
300930,屹通新材,2026-06-05,36.1400,39.8800,35.6800,39.8600,109442,43623.58
300931,通用电梯,2026-06-05,15.0000,15.3000,14.7700,15.0000,40190,6028.50
300932,三友联众,2026-06-05,9.6300,9.7700,9.3400,9.5400,94690,9033.43
300933,中辰股份,2026-06-05,7.0000,7.1900,6.7100,7.0400,166007,11686.89
300935,盈建科,2026-06-05,34.3700,37.2100,33.3100,35.9000,26090,9366.31
300936,中英科技,2026-06-05,110.0000,111.0100,106.5000,107.1000,32973,35314.08
300938,信测标准,2026-06-05,51.8000,54.1000,51.1000,53.3200,110639,58992.71
300939,秋田微,2026-06-05,62.7200,64.5000,61.0000,62.1900,72813,45282.40
300941,创识科技,2026-06-05,15.6300,16.1500,15.5300,15.8400,39455,6249.67
300942,易瑞生物,2026-06-05,6.4600,6.5500,6.3100,6.4600,58497,3778.91
300943,春晖智控,2026-06-05,38.8700,41.5000,38.0100,38.4100,116066,44580.95
300945,曼卡龙,2026-06-05,12.3700,12.5700,12.2200,12.3600,56456,6977.96
300946,恒而达,2026-06-05,46.8800,49.1300,45.0000,48.6000,27310,13272.66
300948,冠中生态,2026-06-05,29.7500,32.2000,29.7400,30.6900,142507,43735.40
300949,奥雅股份,2026-06-05,23.7100,24.4300,23.0300,24.1500,15279,3689.88
300950,德固特,2026-06-05,17.9600,18.5000,17.5000,18.1600,22063,4006.64
300951,博硕科技,2026-06-05,41.8800,43.8800,41.5800,42.7700,45805,19590.80
300952,恒辉安防,2026-06-05,22.7000,23.9300,21.1800,22.7400,113678,25850.38
300953,震裕科技,2026-06-05,144.5100,151.2500,139.1300,145.4400,100217,145755.60
300955,嘉亨家化,2026-06-05,40.1800,42.9900,38.7300,41.3900,33408,13827.57
300956,英力股份,2026-06-05,15.3400,15.5000,14.8000,14.8500,285042,42328.74
300957,贝泰妮,2026-06-05,34.3900,35.3700,34.2100,34.4300,60372,20786.08
300958,建工修复,2026-06-05,12.3200,12.7100,12.0600,12.4800,30104,3756.98
300960,通业科技,2026-06-05,17.8200,18.4900,17.3100,18.2000,17609,3204.84
300961,深水海纳,2026-06-05,11.6200,11.9600,11.3300,11.8100,46451,5485.86
300962,中金辐照,2026-06-05,13.1400,13.4900,13.0500,13.3100,24798,3300.61
300963,中洲特材,2026-06-05,14.2800,14.8000,14.0500,14.5300,98701,14341.26
300964,本川智能,2026-06-05,106.4000,115.3200,103.1600,113.8300,93261,106159.00
300965,恒宇信通,2026-06-05,49.4800,50.7100,48.6900,50.0100,16435,8219.14
300966,共同药业,2026-06-05,26.1900,26.9900,25.5500,26.4700,27218,7204.60
300967,晓鸣股份,2026-06-05,18.5000,18.9300,17.4700,17.7500,174702,31009.61
300968,格林精密,2026-06-05,11.1300,11.7500,10.8000,11.4000,108216,12336.62
300971,博亚精工,2026-06-05,21.0200,21.8300,20.6200,21.5100,34968,7521.62
300972,万辰集团,2026-06-05,188.9900,192.8000,183.5000,185.0000,21318,39438.30
300973,立高食品,2026-06-05,26.0800,26.4700,25.7600,26.1800,23549,6165.13
300975,商络电子,2026-06-05,42.1400,45.2500,41.9000,44.8000,1072828,480626.94
300976,达瑞电子,2026-06-05,61.5600,68.7900,60.8500,66.8700,101802,68075.00
300977,深圳瑞捷,2026-06-05,18.1900,18.5200,17.5100,17.9400,22544,4044.39
300979,华利集团,2026-06-05,33.5300,34.3000,33.5300,33.8500,13997,4737.98
300980,祥源新材,2026-06-05,27.3900,28.4900,26.3300,27.7500,59037,16382.77
300981,中红医疗,2026-06-05,11.7000,11.8500,11.4500,11.6300,47029,5469.47
300982,苏文电能,2026-06-05,21.0900,21.4300,20.3800,20.5800,63068,12979.39
300983,尤安设计,2026-06-05,35.8000,37.3400,35.1600,35.2600,19617,6916.95
300985,致远新能,2026-06-05,24.4800,26.8000,24.4500,25.7200,77525,19939.43
300986,志特新材,2026-06-05,18.8500,19.4200,18.2300,18.9700,149963,28447.98
300988,津荣天宇,2026-06-05,17.1100,17.9800,16.6800,17.5500,62943,11046.50
300989,蕾奥规划,2026-06-05,13.6000,14.1800,13.3300,13.9200,50958,7093.35
300990,同飞股份,2026-06-05,81.5100,82.4900,80.3600,81.5300,45645,37214.37
300991,创益通,2026-06-05,40.3000,40.3000,38.4000,38.6000,30797,11887.64
300992,泰福泵业,2026-06-05,26.3600,27.0800,25.6400,26.5600,16454,4370.18
300995,奇德新材,2026-06-05,32.7500,33.7500,31.3100,32.9800,17479,5764.57
300996,普联软件,2026-06-05,11.4400,11.8100,11.3500,11.5300,74073,8540.62
300997,欢乐家,2026-06-05,17.2500,19.0000,17.2500,17.5700,122699,21558.21
300998,宁波方正,2026-06-05,26.3600,27.5800,25.9400,26.2000,28199,7388.14
300999,金龙鱼,2026-06-05,25.5000,26.0500,25.5000,25.7100,92212,23707.71
301000,肇民科技,2026-06-05,30.4100,33.0000,29.2000,32.3100,110906,35833.73
301004,嘉益股份,2026-06-05,35.7400,38.4900,35.7200,38.0400,17779,6763.13
301005,超捷股份,2026-06-05,103.9900,106.6600,99.5800,104.1600,127861,133180.02
301006,迈拓股份,2026-06-05,14.6100,15.2800,14.2400,14.9700,23654,3541.00
301007,德迈仕,2026-06-05,34.1000,35.5500,32.5300,34.5800,51056,17655.16
301008,宏昌科技,2026-06-05,24.7300,25.7000,23.9000,25.2300,49235,12421.99
301009,可靠股份,2026-06-05,9.0900,9.4100,9.0900,9.3000,39954,3715.72
301010,晶雪节能,2026-06-05,18.9800,19.7600,18.6600,19.4300,21744,4224.86
301011,华立科技,2026-06-05,16.0900,16.6200,15.9400,16.4500,33217,5464.20
301012,扬电科技,2026-06-05,31.6900,31.7600,30.3500,30.6000,99030,30303.18
301013,利和兴,2026-06-05,57.0000,59.3600,54.7000,56.2300,572834,322104.56
301015,百洋医药,2026-06-05,20.7700,21.3900,20.7100,21.0800,45402,9570.74
301016,雷尔伟,2026-06-05,15.2300,15.6400,15.0500,15.4700,38890,6016.28
301017,漱玉平民,2026-06-05,14.0600,14.5500,13.8200,14.0500,82884,11645.20
301018,申菱环境,2026-06-05,101.6100,102.9900,96.4300,97.4700,127465,124240.14
301019,宁波色母,2026-06-05,20.3500,21.1400,20.0600,20.7900,14944,3106.86
301020,密封科技,2026-06-05,24.2000,24.8800,23.5000,24.4000,52345,12772.18
301021,英诺激光,2026-06-05,99.0000,101.0000,94.0800,94.8100,91774,87010.93
301024,霍普股份,2026-06-05,45.5700,47.1500,43.6100,45.8800,11663,5350.98
301026,浩通科技,2026-06-05,22.8300,23.5800,22.0000,22.8800,91761,20994.92
301027,华蓝集团,2026-06-05,19.3300,19.9800,19.0000,19.5300,47160,9210.35
301028,鼎熔岩,2026-06-05,18.1800,18.6600,17.5000,18.3300,85242,15624.86
301029,怡合达,2026-06-05,28.5500,29.7100,26.4000,29.0000,277332,80426.28
301030,*ST仕净,2026-06-05,12.7300,13.5500,12.5000,13.4800,97952,13203.93
301031,中熔电气,2026-06-05,112.4700,119.6600,109.3000,114.9300,57167,65702.03
301032,新柴股份,2026-06-05,10.8600,11.3000,10.7100,11.1400,40797,4544.79
301036,双乐股份,2026-06-05,23.3200,24.2800,22.6200,23.9000,16098,3847.42
301038,深水规院,2026-06-05,19.2700,20.0800,19.2200,19.6400,50348,9888.35
301039,中集车辆,2026-06-05,7.8500,7.9900,7.8200,7.8800,131018,10324.22
301040,中环海陆,2026-06-05,31.0000,31.6000,29.9200,30.6700,42860,13145.16
301041,金百泽,2026-06-05,31.8800,33.8000,31.2900,32.7500,81440,26671.60
301043,绿岛风,2026-06-05,45.1300,46.0100,43.6000,44.6500,8977,4008.23
301046,能辉科技,2026-06-05,25.7300,28.2000,24.8100,27.4100,57825,15849.83
301047,义翘神州,2026-06-05,61.2900,61.9700,60.6900,61.1600,7266,4443.89
301048,金鹰重工,2026-06-05,9.3500,9.5800,9.3200,9.4800,35237,3340.47
301049,超越科技,2026-06-05,20.4900,21.5800,20.0000,21.0100,17305,3635.78
301050,雷电微力,2026-06-05,35.6000,36.9900,34.9500,36.3900,64886,23612.02
301053,远信工业,2026-06-05,42.1000,43.2400,38.1800,42.1500,51273,21611.57
301055,张小泉,2026-06-05,34.1100,36.0000,33.5000,34.6000,38943,13474.28
301056,森赫股份,2026-06-05,12.7800,13.2200,12.5500,13.0200,25215,3282.99
301057,汇隆新材,2026-06-05,31.0200,31.3000,29.7400,30.4800,25171,7672.12
301058,中粮科工,2026-06-05,8.5700,8.8000,8.5400,8.7200,44694,3897.32
301059,金三江,2026-06-05,14.0200,14.1800,13.7300,14.0900,42127,5935.69
301060,兰卫医学,2026-06-05,8.7700,8.9300,8.6900,8.8400,77588,6858.78
301061,匠心家居,2026-06-05,40.1800,42.0900,40.1800,41.4000,22994,9519.52
301062,上海艾录,2026-06-05,6.5400,6.6600,6.3300,6.5500,75462,4942.76
301063,海锅股份,2026-06-05,19.4800,20.0000,18.9900,19.7800,21889,4329.64
301066,万事利,2026-06-05,14.0000,14.6000,13.7000,14.2300,53446,7605.37
301067,显盈科技,2026-06-05,35.2800,37.3000,35.0000,36.0500,51091,18418.31
301069,凯盛新材,2026-06-05,18.3900,19.4700,17.8600,18.9000,148331,28034.56
301070,开勒股份,2026-06-05,101.9800,102.2500,96.8800,97.0200,31765,30818.40
301071,力量钻石,2026-06-05,77.7000,79.9900,73.2100,73.8200,249462,184152.85
301075,多瑞医药,2026-06-05,72.7700,74.8500,71.6000,72.6700,10070,7317.87
301076,新瀚新材,2026-06-05,27.7200,31.1900,26.2900,29.5300,105589,31180.43
301077,星华新材,2026-06-05,26.7600,26.9400,26.0300,26.5900,19003,5052.90
301079,邵阳液压,2026-06-05,35.2000,36.7800,34.7000,36.1800,63776,23074.16
301080,百普赛斯,2026-06-05,37.8500,38.9900,37.6100,38.1000,26748,10190.99
301081,严牌股份,2026-06-05,18.6300,18.8000,17.1200,18.1900,115763,21057.29
301082,久盛电气,2026-06-05,10.1400,10.4800,10.0200,10.2900,60891,6265.68
301083,百胜智能,2026-06-05,14.6700,15.2100,14.2500,14.9200,25765,3844.14
301085,亚康股份,2026-06-05,66.1700,67.3600,63.0100,66.0000,35609,23501.94
301086,鸿富瀚,2026-06-05,153.0200,158.0000,147.0000,149.5500,32116,48029.48
301087,可孚医疗,2026-06-05,46.2900,47.3600,46.0200,46.7700,16857,7884.02
301090,华润材料,2026-06-05,6.9400,7.1500,6.9100,7.0200,85772,6021.19
301091,深城交,2026-06-05,17.8900,18.2300,17.4000,17.8200,58277,10384.96
301092,争光股份,2026-06-05,47.7000,48.3500,44.0000,47.0700,42664,20081.94
301093,华兰股份,2026-06-05,125.8800,128.4900,122.0700,123.0000,29059,35742.57
301095,广立微,2026-06-05,99.0000,104.8000,95.7000,98.6100,109363,107842.85
301096,百诚医药,2026-06-05,58.5700,59.5500,57.2300,58.7300,30366,17833.95
301098,金埔园林,2026-06-05,8.9000,8.9000,8.4300,8.5000,135956,11556.26
301099,雅创电子,2026-06-05,77.0200,82.8800,74.2300,79.8400,181351,144790.64
301100,风光股份,2026-06-05,15.8000,16.2800,15.4700,16.0600,17775,2854.67
301103,何氏眼科,2026-06-05,16.4900,16.8100,16.2500,16.6100,17403,2890.64
301106,骏成科技,2026-06-05,23.4700,24.3100,21.5200,23.3800,73730,17238.07
301107,瑜欣电子,2026-06-05,24.4800,26.5600,24.4800,25.5100,120798,30815.57
301109,军信股份,2026-06-05,13.8500,14.1600,13.8300,13.9500,49991,6973.74
301110,青木科技,2026-06-05,41.0300,41.8400,39.5600,41.1900,37688,15523.69
301111,粤万年青,2026-06-05,28.8500,30.0800,28.1000,28.8800,87619,25304.37
301112,信邦智能,2026-06-05,30.5500,33.2500,30.1300,32.2600,29454,9501.86
301113,雅艺科技,2026-06-05,17.5500,18.8700,17.0700,18.5800,21941,4076.64
301115,联检科技,2026-06-05,35.0000,35.0000,33.4100,34.0900,98426,33553.42
301117,佳缘科技,2026-06-05,26.0100,27.0500,25.6700,26.5700,53653,14255.60
301118,恒光股份,2026-06-05,28.5900,29.5100,27.6000,28.9200,35872,10374.18
301119,正强股份,2026-06-05,33.6800,34.8000,32.7700,34.0900,14078,4799.19
301120,新特电气,2026-06-05,21.8600,22.5000,21.6000,21.8800,177676,38875.51
301121,紫建电子,2026-06-05,36.9000,38.9000,36.6600,38.3900,17705,6796.95
301123,奕东电子,2026-06-05,109.9200,120.1500,108.0000,109.6000,272287,298426.55
301126,达嘉维康,2026-06-05,9.8400,10.2500,9.8200,10.0600,42579,4283.45
301127,武汉天源,2026-06-05,13.8000,13.8800,13.3900,13.4900,127030,17136.35
301128,强瑞技术,2026-06-05,137.1800,158.0000,135.5800,145.9800,138584,202304.92
301130,西点药业,2026-06-05,27.3000,27.8500,26.6000,27.5500,10854,2990.28
301131,聚赛龙,2026-06-05,36.1100,37.9900,35.5700,37.1800,12484,4641.55
301132,满坤科技,2026-06-05,38.8000,41.0800,37.5100,39.8100,77127,30704.26
301135,瑞德智能,2026-06-05,17.7700,18.4800,17.2200,18.2000,20865,3797.43
301136,招标股份,2026-06-05,13.2300,13.4300,12.9400,13.2200,54245,7171.19
301137,哈焊华通,2026-06-05,38.4000,39.2700,37.0000,38.6900,48730,18853.64
301139,*ST元道,2026-06-05,5.6100,6.0600,5.3900,5.4100,230094,12448.09
301141,中科磁业,2026-06-05,47.5000,50.6400,47.1800,49.1000,33025,16215.28
301148,嘉戎技术,2026-06-05,55.9700,58.9700,53.6400,58.1000,29823,17327.16
301149,隆华新材,2026-06-05,11.3200,11.7000,11.0500,11.4600,81529,9343.22
301150,中一科技,2026-06-05,58.6900,59.6600,56.7100,57.6500,89289,51475.11
301151,冠龙节能,2026-06-05,15.1800,18.2200,15.1700,18.2200,96356,17556.06
301152,天力锂能,2026-06-05,25.2700,25.8100,24.3300,25.3000,43114,10907.84
301155,海力风电,2026-06-05,56.3800,56.5000,50.7200,51.1300,87297,44634.96
301156,美农生物,2026-06-05,12.7900,13.1000,12.4800,12.9900,28341,3681.50
301157,华塑科技,2026-06-05,69.1800,71.2400,68.7000,70.0800,14539,10188.93
301158,德石股份,2026-06-05,15.3300,15.5500,14.9400,15.3600,49131,7546.52
301159,三维天地,2026-06-05,33.3700,34.4900,32.9700,33.9700,17733,6023.90
301160,翔楼新材,2026-06-05,43.0400,45.5000,40.6100,44.3500,83989,37249.12
301162,国能日新,2026-06-05,42.6400,42.8600,41.1500,41.5500,32497,13502.50
301163,宏德股份,2026-06-05,25.3100,26.3900,24.7000,25.8900,14927,3864.60
301165,锐捷网络,2026-06-05,63.9000,67.0900,63.3100,63.7600,114471,72986.71
301166,优宁维,2026-06-05,27.0600,27.9500,26.7700,27.5200,9691,2666.96
301168,通灵股份,2026-06-05,42.2600,42.7600,41.7000,42.4800,21126,8974.32
301169,零点有数,2026-06-05,78.5500,79.6400,75.0000,78.5600,13071,10268.58
301170,锡南科技,2026-06-05,24.9500,25.5500,24.1800,25.4100,12505,3177.52
301171,易点天下,2026-06-05,43.9000,44.4000,39.4000,39.8300,854435,340321.46
301172,君逸数码,2026-06-05,31.4000,32.0500,30.7200,31.0900,39808,12376.31
301175,中科环保,2026-06-05,5.5700,5.6800,5.5200,5.6000,148113,8294.33
301176,逸豪新材,2026-06-05,41.2900,43.5700,40.0800,41.5400,79715,33113.61
301177,迪阿股份,2026-06-05,23.9500,24.3800,23.7600,23.8800,12613,3011.98
301179,泽宇智能,2026-06-05,22.0000,22.2500,21.2000,21.6200,65591,14180.77
301180,万祥科技,2026-06-05,14.6400,15.1700,14.1600,14.8000,51605,7637.54
301181,标榜股份,2026-06-05,30.6900,31.0500,29.7100,30.5800,18897,5778.70
301182,凯旺科技,2026-06-05,85.0600,86.5000,83.5500,85.4000,29014,24777.96
301186,超达装备,2026-06-05,61.9100,63.2700,60.3000,61.7500,12073,7455.08
301187,欧圣电气,2026-06-05,16.9600,17.7800,16.4000,17.3500,28244,4900.33
301189,奥尼电子,2026-06-05,99.7600,104.4800,97.6000,102.0000,59201,60385.02
301191,菲菱科思,2026-06-05,138.5000,140.8100,133.6700,135.8800,45328,61591.69
301193,家联科技,2026-06-05,21.2200,24.2500,20.3700,24.2500,173550,42085.88
301195,北路智控,2026-06-05,27.3000,28.0800,26.8200,27.6100,15194,4195.06
301196,唯科科技,2026-06-05,136.0100,153.0000,132.6000,150.0000,98623,147934.50
301197,工大科雅,2026-06-05,30.6600,31.2500,29.8000,30.4600,19717,6005.80
301199,迈赫股份,2026-06-05,19.1800,20.4800,18.5500,20.1200,37916,7628.70
301200,大族数控,2026-06-05,291.0000,294.5000,276.1200,277.2000,52396,145241.71
301201,诚达药业,2026-06-05,35.8800,36.3200,34.7700,35.1800,55386,19484.79
301203,国泰环保,2026-06-05,43.9400,45.6600,43.5300,43.8000,7426,3252.59
301205,联特科技,2026-06-05,331.0000,374.9000,328.0200,337.7400,150892,509622.64
301207,华兰疫苗,2026-06-05,17.2000,17.4200,16.8900,17.1400,42462,7277.99
301210,金杨精密,2026-06-05,26.4200,28.5000,25.3200,27.4500,53107,14577.87
301211,亨迪药业,2026-06-05,9.6500,9.9100,9.6500,9.8000,25397,2488.91
301212,联盛化学,2026-06-05,26.7900,27.9400,25.7700,27.1700,17364,4717.80
301213,观想科技,2026-06-05,45.6600,47.3000,44.7300,46.8900,17133,8033.66
301215,中汽股份,2026-06-05,5.6000,5.6900,5.5400,5.6100,91566,5136.85
301216,万凯新材,2026-06-05,24.4000,24.8300,23.6000,24.7400,94799,23453.27
301217,铜冠铜箔,2026-06-05,107.0100,116.6600,107.0000,111.2600,310968,345983.00
301218,华是科技,2026-06-05,43.3500,43.9900,42.1000,42.3700,95588,40500.64
301219,腾远钴业,2026-06-05,57.6000,58.3200,56.1600,56.5800,76885,43501.53
301221,光庭信息,2026-06-05,30.3700,31.6500,29.3000,30.8500,29662,9150.73
301222,浙江恒威,2026-06-05,33.0000,34.1400,30.5000,33.9300,64820,21993.43
301223,中荣股份,2026-06-05,16.7900,17.1000,16.5100,16.9700,12653,2147.21
301225,恒勃股份,2026-06-05,93.9300,99.0900,92.0000,95.0000,29829,28337.55
301226,祥明智能,2026-06-05,34.5400,36.2000,33.4900,35.6400,48793,17389.83
301227,森鹰窗业,2026-06-05,22.4900,22.8900,22.1100,22.6900,13473,3057.02
301228,实朴检测,2026-06-05,75.0000,77.9900,73.8700,75.1300,51085,38380.16
301230,泓博医药,2026-06-05,35.0000,35.0900,33.1100,33.1800,52441,17399.92
301232,飞沃科技,2026-06-05,128.0000,135.0000,123.5500,129.9900,72746,94562.53
301233,盛帮股份,2026-06-05,55.3500,55.8100,52.6300,55.0400,11688,6433.08
301235,华康洁净,2026-06-05,71.3300,73.3600,67.5600,69.4000,57889,40174.97
301236,软通动力,2026-06-05,41.2400,43.8600,41.2400,41.8000,551868,230680.82
301238,瑞泰新材,2026-06-05,23.6300,23.9000,22.8200,23.0200,225045,51805.36
301246,宏源药业,2026-06-05,29.6100,30.0500,28.6000,28.8000,132830,38255.04
301248,杰创智能,2026-06-05,73.8100,73.8200,71.0000,71.8200,42612,30603.94
301251,威尔高,2026-06-05,47.5000,49.7600,45.9100,47.6400,73372,34954.42
301256,华融化学,2026-06-05,11.6800,11.9200,11.1900,11.7100,83868,9820.94
301257,普蕊斯,2026-06-05,41.1100,44.1300,41.1100,41.5600,28181,11712.02
301258,富士莱,2026-06-05,25.6000,25.9500,24.7500,25.6200,9477,2428.01
301259,艾布鲁,2026-06-05,23.3300,24.1000,22.8000,23.4000,36007,8425.64
301260,格力博,2026-06-05,15.2300,16.5400,14.9000,16.1100,71780,11563.76
301261,恒工精密,2026-06-05,82.3900,92.9900,77.5800,88.6100,62875,55713.54
301263,泰恩康,2026-06-05,19.1600,20.0000,18.7000,19.6300,126474,24826.85
301265,华新科技,2026-06-05,26.6700,27.1200,26.0600,26.5500,61935,16443.74
301266,宇邦新材,2026-06-05,26.0000,26.5300,25.2800,25.8800,63042,16315.27
301267,华厦眼科,2026-06-05,16.7100,16.8800,16.5300,16.6800,38268,6383.10
301268,铭利达,2026-06-05,16.5100,17.6400,16.0900,17.3700,83398,14486.23
301269,华大九天,2026-06-05,102.9900,103.8100,98.1000,98.7300,208231,205586.47
301273,瑞晨环保,2026-06-05,47.8000,48.9400,45.9000,47.8800,22175,10617.39
301275,汉朔科技,2026-06-05,42.6000,43.6700,41.8100,42.9600,56036,24073.07
301277,新天地,2026-06-05,9.3900,9.5700,9.3100,9.4400,21688,2047.35
301278,快可电子,2026-06-05,33.8200,35.3700,33.2100,34.7400,22162,7699.08
301280,珠城科技,2026-06-05,42.1900,43.5800,41.5200,41.8500,29827,12482.60
301281,科源制药,2026-06-05,46.1000,46.8900,42.9200,43.5000,63795,27750.83
301282,金禄电子,2026-06-05,30.6700,32.0100,30.0000,31.3000,245412,76813.96
301285,鸿日达,2026-06-05,113.2100,116.8700,110.6300,111.6700,33515,37426.20
301286,侨源股份,2026-06-05,61.2500,63.2000,59.9000,62.0300,51106,31701.05
301287,康力源,2026-06-05,35.1100,37.5000,34.8800,36.6100,12741,4664.48
301288,清研环境,2026-06-05,18.1500,19.1300,18.0600,19.0500,34506,6573.39
301289,国缆检测,2026-06-05,47.7000,53.6500,46.5100,51.5000,32532,16753.98
301291,明阳电气,2026-06-05,52.1800,52.5000,49.2800,49.9900,104577,52278.04
301292,海科新源,2026-06-05,67.0000,67.7900,64.9700,65.3300,104191,68067.98
301301,川宁生物,2026-06-05,8.6800,8.6900,8.5100,8.5700,74924,6420.99
301302,华如科技,2026-06-05,25.2900,26.0500,24.0100,25.1000,80967,20322.72
301303,真兰仪表,2026-06-05,15.9600,17.7700,15.9600,16.8800,360698,60885.82
301305,朗坤科技,2026-06-05,31.5000,32.1800,29.9300,30.7000,138881,42636.47
301306,西测测试,2026-06-05,134.0600,139.8800,130.3400,134.9000,58980,79564.02
301307,美利信,2026-06-05,59.0100,62.3300,58.1500,59.5300,72550,43189.02
301308,江波龙,2026-06-05,540.0100,545.1000,520.0000,520.0100,213782,1111687.78
301309,万得凯,2026-06-05,31.7500,32.2900,30.8400,31.7800,10271,3264.12
301310,鑫宏业,2026-06-05,33.3900,33.9000,32.2300,33.3300,57778,19257.41
301312,智立方,2026-06-05,88.1400,89.9300,85.8800,86.5200,71338,61721.64
301313,凡拓数创,2026-06-05,48.3800,51.0100,44.3600,49.1700,191577,94198.41
301314,科瑞思,2026-06-05,47.3100,52.6500,45.8200,51.9000,32109,16664.57
301316,慧博云通,2026-06-05,41.0000,41.8800,39.2300,41.1100,186789,76788.96
301317,鑫磊股份,2026-06-05,66.7800,67.3900,63.2000,63.9800,30051,19226.63
301318,维海德,2026-06-05,21.5200,22.3600,21.2100,21.8200,12236,2669.90
301319,唯特偶,2026-06-05,125.1200,132.7900,118.3100,119.7700,177362,212426.47
301320,豪江智能,2026-06-05,15.2700,16.5800,15.2700,15.9200,76790,12224.97
301322,绿通科技,2026-06-05,47.0000,48.8900,45.8000,47.9400,60100,28811.94
301323,新莱福,2026-06-05,81.1800,85.7800,79.0000,83.2400,29140,24256.14
301325,曼恩斯特,2026-06-05,43.5000,44.8400,40.6800,43.5000,48031,20893.49
301326,捷邦科技,2026-06-05,146.1200,155.9900,145.0000,147.9700,27321,40426.88
301327,华宝新能,2026-06-05,54.6200,54.8500,53.1300,53.3800,20195,10780.09
301328,维峰电子,2026-06-05,56.1000,58.4000,55.1000,57.7000,38195,22038.52
301329,信音电子,2026-06-05,31.6100,31.6500,29.1300,29.6100,190623,56443.47
301330,熵基科技,2026-06-05,26.4400,27.0500,25.8100,26.5200,28259,7494.29
301331,恩威医药,2026-06-05,23.9100,24.4500,23.5200,23.9100,19377,4633.04
301332,德尔玛,2026-06-05,8.2400,8.4300,8.1600,8.3500,22365,1867.48
301333,诺思格,2026-06-05,46.5900,48.5000,46.1200,46.4900,14315,6655.04
301337,亚华电子,2026-06-05,24.2900,24.7800,23.4300,24.4200,17098,4175.33
301338,凯格精机,2026-06-05,246.1800,269.9500,237.0000,258.0300,60870,157062.86
301339,通行宝,2026-06-05,11.3600,11.5800,11.1700,11.4100,38218,4360.67
301349,信德新材,2026-06-05,57.8600,58.9200,56.7200,57.2600,58557,33529.74
301353,普莱得,2026-06-05,19.3000,20.0300,18.9400,19.7700,14408,2848.46
301357,北方长龙,2026-06-05,91.2000,91.8800,89.7100,91.0300,11305,10290.94
301358,湖南裕能,2026-06-05,74.3500,75.0900,71.1100,72.3200,293148,212004.63
301360,荣旗科技,2026-06-05,80.0000,84.4500,78.0800,80.0900,46953,37604.66
301361,众智科技,2026-06-05,35.2000,36.1100,34.5000,35.5200,26314,9346.73
301363,美好医疗,2026-06-05,27.6000,27.8800,25.7000,26.0800,153525,40039.32
301365,矩阵股份,2026-06-05,30.3400,30.9900,29.3500,30.9600,25906,8020.50
301366,一博科技,2026-06-05,50.3000,51.7000,48.0600,48.4100,204163,98835.31
301369,联动科技,2026-06-05,186.6800,192.5000,182.5500,183.0400,20458,37446.32
301372,科净源,2026-06-05,35.2000,36.0300,34.1600,35.3500,14515,5131.05
301373,凌玮科技,2026-06-05,143.0000,147.5100,130.0100,132.6200,87212,115660.55
301376,致欧科技,2026-06-05,18.0500,18.3700,17.3700,17.5300,33255,5829.60
301377,鼎泰高科,2026-06-05,408.5000,425.8000,390.3200,395.9100,56730,224599.74
301380,挖金客,2026-06-05,30.9500,31.7700,30.5100,31.2300,16894,5276.00
301381,赛维时代,2026-06-05,17.5600,17.8000,17.2800,17.4100,36027,6272.30
301382,蜂助手,2026-06-05,40.0000,40.5800,38.7300,39.4900,80456,31772.07
301383,天键股份,2026-06-05,28.8200,29.8900,28.7500,28.8100,26432,7615.06
301386,未来电器,2026-06-05,22.3000,22.5500,21.5100,22.3000,17573,3918.78
301387,光大同创,2026-06-05,91.8800,100.8500,88.0000,97.0600,50951,49453.04
301388,欣灵电气,2026-06-05,26.7000,28.0700,26.4100,27.5500,17977,4952.66
301390,经纬股份,2026-06-05,31.4700,32.7100,30.5800,32.3500,10040,3247.94
301392,汇成真空,2026-06-05,171.5900,178.8400,161.0000,168.2000,68263,114818.37
301393,昊帆生物,2026-06-05,54.6200,55.0000,53.2000,53.9800,9873,5329.45
301396,宏景科技,2026-06-05,169.9200,177.3000,162.9500,164.4000,123469,202983.04
301397,溯联股份,2026-06-05,30.8200,31.5200,30.2300,30.8500,25025,7720.21
301398,星源卓镁,2026-06-05,38.3400,40.6500,37.0300,39.6800,20227,8026.07
301408,华人健康,2026-06-05,16.9800,17.0800,16.1200,16.2700,131369,21373.74
301413,安培龙,2026-06-05,87.5000,95.0000,83.2600,90.2500,78018,70411.25
301418,协昌科技,2026-06-05,41.6600,47.5000,40.0300,47.4500,109177,51804.49
301419,阿莱德,2026-06-05,46.0300,49.6700,45.8000,47.0800,131384,61855.59
301421,波长光电,2026-06-05,93.0000,98.4000,90.8700,95.8100,69557,66642.56
301428,世纪恒通,2026-06-05,36.4300,36.6000,35.5300,35.5700,67347,23955.33
301429,森泰股份,2026-06-05,19.0800,19.8000,18.7300,19.5500,12304,2405.43
301439,泓淋电力,2026-06-05,21.0900,21.7700,19.9500,20.1500,326435,65776.65
301446,福事特,2026-06-05,43.6800,46.8800,43.3100,46.2600,22000,10177.20
301449,天溯计量,2026-06-05,61.9500,62.7400,60.6700,62.1200,7442,4622.97
301456,盘古智能,2026-06-05,26.6100,27.0000,25.9900,26.7400,25208,6740.62
301458,钧崴电子,2026-06-05,55.3900,65.8200,55.1900,63.5200,312054,198216.70
301468,博盈特焊,2026-06-05,51.9700,54.0000,51.9300,52.3700,182388,95516.60
301469,恒达新材,2026-06-05,30.9300,32.2400,30.3200,31.8300,13420,4271.59
301479,弘景光电,2026-06-05,67.2100,69.7500,65.7900,67.8000,30881,20937.32
301486,致尚科技,2026-06-05,235.6000,238.7500,222.4300,225.6800,102180,230599.82
301487,盟固利,2026-06-05,23.2500,24.1000,21.8000,23.4400,221345,51883.27
301489,思泉新材,2026-06-05,150.0000,155.3900,146.4700,152.2100,79231,120597.51
301491,汉桑科技,2026-06-05,42.9900,43.8300,42.1400,42.8700,7825,3354.58
301498,乖宝宠物,2026-06-05,41.8900,42.7800,41.1300,41.9000,47915,20076.39
301499,维科精密,2026-06-05,32.9100,35.8700,32.4700,34.1900,56033,19157.68
301500,飞南资源,2026-06-05,25.9100,26.2800,25.5400,25.6800,93561,24026.46
301502,华阳智能,2026-06-05,79.9700,83.9700,77.7000,81.6800,11107,9072.20
301503,智迪科技,2026-06-05,31.0400,31.8300,30.1000,31.3000,10706,3350.98
301505,苏州规划,2026-06-05,19.1500,19.7300,19.0600,19.4800,23650,4607.02
301507,民生健康,2026-06-05,12.4400,12.8000,12.4400,12.6200,26875,3391.63
301508,中机认检,2026-06-05,25.1200,25.7600,24.7600,25.4300,13944,3545.96
301509,金凯生科,2026-06-05,28.0000,28.3500,27.2000,27.4400,20236,5552.76
301510,固高科技,2026-06-05,33.7100,36.0400,32.7000,35.0000,169348,59271.80
301511,德福科技,2026-06-05,117.7300,125.0000,115.1000,119.5000,340890,407363.55
301512,智信精密,2026-06-05,52.6600,56.9900,50.5100,55.5000,21851,12127.31
301513,尚水智能,2026-06-05,66.0000,69.4200,63.0000,68.6100,31176,21389.85
301516,中远通,2026-06-05,16.7800,17.2200,16.1600,16.9200,67656,11447.40
301517,陕西华达,2026-06-05,54.9900,56.8800,53.4000,55.6500,59642,33190.77
301518,长华化学,2026-06-05,29.7900,31.5000,29.7300,30.8800,26474,8175.17
301519,舜禹股份,2026-06-05,12.6000,13.6200,12.5700,13.3000,56268,7483.64
301520,万邦医药,2026-06-05,35.6000,36.6500,35.5200,36.1800,4954,1792.36
301522,上大股份,2026-06-05,27.0100,27.9900,26.4600,27.5300,90163,24821.87
301526,国际复材,2026-06-05,23.0000,23.7000,21.4600,21.7500,1844223,401118.50
301528,多浦乐,2026-06-05,80.0000,92.0000,78.4300,91.7500,47548,43625.29
301529,福赛科技,2026-06-05,112.1800,120.6600,108.8800,116.0000,37398,43381.68
301531,春光集团,2026-06-05,77.7500,82.6600,74.7500,80.2000,117840,94507.68
301533,威马农机,2026-06-05,27.0300,27.7700,26.6500,27.3700,8472,2318.79
301536,星宸科技,2026-06-05,78.2900,79.9800,75.9000,78.3500,70360,55127.06
301538,骏鼎达,2026-06-05,90.6000,94.0000,86.3100,90.9000,17602,16000.22
301548,崇德科技,2026-06-05,77.2300,80.7700,76.8500,79.1800,17257,13664.09
301550,斯菱智驱,2026-06-05,113.3200,122.0000,108.6700,116.6800,118779,138591.34
301552,科力装备,2026-06-05,25.5700,26.3700,25.1000,26.1200,10101,2638.38
301555,惠柏新材,2026-06-05,38.0000,39.4800,36.1500,38.6500,32924,12725.13
301556,托普云农,2026-06-05,67.5800,68.7500,65.8100,67.5900,14590,9861.38
301557,常友科技,2026-06-05,82.0000,83.2700,78.2300,82.0100,13979,11464.18
301558,三态股份,2026-06-05,6.7200,6.9000,6.6700,6.8100,76520,5211.01
301559,中集环科,2026-06-05,13.7800,14.1800,13.7300,13.9500,18495,2580.05
301563,云汉芯城,2026-06-05,221.5100,232.9900,216.2800,218.0100,58240,126969.02
301565,中仑新材,2026-06-05,25.2500,26.2000,24.4000,25.8000,172631,44538.80
301566,达利凯普,2026-06-05,37.4400,38.7500,35.9300,37.2800,380503,141851.52
301568,思泰克,2026-06-05,84.7300,90.2400,82.8000,87.3500,80028,69904.46
301571,国科天成,2026-06-05,58.1800,59.0200,56.8000,57.9000,30490,17653.71
301575,艾芬达,2026-06-05,43.0000,43.0000,41.5100,41.9900,6304,2647.05
301577,美信科技,2026-06-05,97.6500,109.4600,96.5000,104.8900,52850,55434.37
301578,辰奕智能,2026-06-05,23.2300,24.2500,22.9000,23.8300,17403,4147.13
301581,黄山谷捷,2026-06-05,48.3200,49.9500,46.0900,49.0600,19175,9407.26
301584,建发致新,2026-06-05,22.5500,22.6900,22.1000,22.2600,18593,4138.80
301586,佳力奇,2026-06-05,35.8800,37.0500,35.2800,36.6000,10301,3770.17
301587,中瑞股份,2026-06-05,24.7500,25.5500,24.3100,25.0000,45121,11280.25
301589,诺瓦星云,2026-06-05,151.9800,153.2500,149.0000,150.4900,7560,11377.04
301590,优优绿能,2026-06-05,174.0000,174.0000,167.0100,169.3500,5362,9080.55
301591,肯特股份,2026-06-05,48.5500,50.0000,47.5000,47.7000,97031,46283.79
301592,六九一二,2026-06-05,102.6200,103.8000,100.3700,101.7200,6192,6298.50
301596,瑞迪智驱,2026-06-05,75.3500,83.8000,72.1100,80.7500,36384,29380.08
301598,博科测试,2026-06-05,54.3000,56.1200,52.6800,54.8000,7723,4232.20
301599,理奇智能,2026-06-05,51.7000,52.8700,49.3800,51.4500,76208,39209.02
301600,慧翰股份,2026-06-05,101.0000,102.2100,98.5100,99.3000,9187,9122.69
301601,惠通科技,2026-06-05,17.9800,18.5900,17.7500,18.3500,23705,4349.87
301602,超研股份,2026-06-05,15.6400,15.8100,15.2700,15.7000,17771,2790.05
301603,乔锋智能,2026-06-05,129.6600,142.5100,128.5000,138.6500,44057,61085.03
301608,博实结,2026-06-05,53.7700,55.1300,52.2800,54.0000,18214,9835.56
301609,山大电力,2026-06-05,48.5400,49.5600,46.5800,46.5800,33071,15404.47
301611,珂玛科技,2026-06-05,107.4900,112.8800,106.2000,108.0100,187212,202207.68
301613,新铝时代,2026-06-05,42.2000,42.6600,41.3800,41.5000,10000,4150.00
301617,博苑新材,2026-06-05,52.0000,54.5800,52.0000,52.3000,29322,15335.41
301618,长联科技,2026-06-05,39.9600,41.5600,39.2900,40.9200,31232,12780.13
301622,英思特,2026-06-05,54.6000,57.5800,53.2200,55.8400,22662,12654.46
301628,强达电路,2026-06-05,118.7300,119.8900,114.0000,115.5600,36818,42546.88
301629,矽电股份,2026-06-05,352.2100,376.6100,340.2200,352.6500,18983,66943.55
301630,同宇新材,2026-06-05,243.6700,245.4500,228.0000,239.0100,13687,32713.30
301631,壹连科技,2026-06-05,82.4900,83.9800,80.0000,81.6000,22419,18293.90
301632,广东建科,2026-06-05,17.3100,17.7900,17.1900,17.2900,38104,6588.18
301633,港迪技术,2026-06-05,50.9200,52.1800,49.7200,51.2700,4987,2556.83
301636,泽润新能,2026-06-05,49.5000,50.0000,47.8700,49.3300,13903,6858.35
301638,南网数字,2026-06-05,25.9000,26.1600,25.3000,25.4200,178853,45464.43
301656,联合动力,2026-06-05,17.6700,18.1600,17.3700,17.7400,68208,12100.10
301658,首航新能,2026-06-05,32.8000,32.8400,31.1300,32.1000,58265,18703.07
301662,宏工科技,2026-06-05,96.0000,97.7700,91.7600,95.2000,22370,21296.24
301666,大普微,2026-06-05,815.0000,856.7400,790.0000,807.0000,55035,444132.45
301667,纳百川,2026-06-05,85.8100,86.0000,82.5600,83.7300,25243,21135.96
301668,昊创瑞通,2026-06-05,36.6300,37.5100,35.5800,36.6500,13132,4812.88
301678,新恒汇,2026-06-05,51.8900,54.4000,51.3200,53.1500,25225,13407.09
301680,固德电材,2026-06-05,127.0100,130.5600,121.3100,130.0300,38656,50264.40
301682,宏明电子,2026-06-05,187.0000,190.7400,173.8500,175.2000,69517,121793.78
301683,慧谷新材,2026-06-05,142.0000,146.0000,135.3000,140.9500,29985,42263.86
301687,新广益,2026-06-05,53.6000,54.4300,51.3500,53.2700,20864,11114.25
301696,三瑞智能,2026-06-05,128.0000,137.5500,120.6500,131.1200,82959,108775.84
302132,中航成飞,2026-06-05,58.8700,59.4400,58.2900,58.3100,53121,30974.86
600000,浦发银行,2026-06-05,9.1800,9.3500,9.1800,9.3400,745725,69650.72
600004,白云机场,2026-06-05,8.0400,8.1300,8.0300,8.0900,58311,4717.36
600006,东风股份,2026-06-05,6.0000,6.0900,5.9000,5.9700,142597,8513.04
600007,中国国贸,2026-06-05,21.0600,21.3200,20.9500,21.2800,27801,5916.05
600008,首创环保,2026-06-05,3.1900,3.2200,3.1400,3.1400,1050382,32981.99
600009,上海机场,2026-06-05,23.4600,23.9400,23.4600,23.6400,145962,34505.42
600010,包钢股份,2026-06-05,2.4000,2.4500,2.4000,2.4200,5647125,136660.43
600011,华能国际,2026-06-05,8.6100,8.9000,8.2800,8.3900,3446444,289156.65
600012,皖通高速,2026-06-05,16.4900,16.6600,15.7800,15.8800,77883,12367.82
600015,华夏银行,2026-06-05,6.7200,6.8600,6.7200,6.8300,826267,56434.04
600016,民生银行,2026-06-05,3.5000,3.5900,3.5000,3.5700,2310820,82496.27
600017,日照港,2026-06-05,2.7500,2.8200,2.7500,2.8000,363955,10190.74
600018,上港集团,2026-06-05,5.0000,5.0900,5.0000,5.0400,462384,23304.15
600019,宝钢股份,2026-06-05,5.7200,5.8100,5.7100,5.7400,1072927,61586.01
600020,中原高速,2026-06-05,3.9800,4.0700,3.9700,4.0100,165350,6630.54
600021,上海电力,2026-06-05,19.6100,20.3900,19.3100,19.4000,1057444,205144.14
600022,山东钢铁,2026-06-05,1.3100,1.3400,1.3100,1.3200,709807,9369.45
600023,浙能电力,2026-06-05,6.2200,6.3400,5.9700,5.9900,962073,57628.17
600025,华能水电,2026-06-05,10.0100,10.1200,9.6700,9.7300,363690,35387.04
600026,中远海能,2026-06-05,17.9900,18.0000,17.2900,17.5900,590650,103895.34
600027,华电国际,2026-06-05,5.4500,5.6000,5.1800,5.2000,2526844,131395.89
600028,中国石化,2026-06-05,4.8200,4.9600,4.8100,4.8900,3796464,185647.09
600029,南方航空,2026-06-05,5.2600,5.3000,5.1800,5.2200,893564,46644.04
600030,中信证券,2026-06-05,25.6600,26.0400,25.5900,25.6700,1580962,405832.95
600031,三一重工,2026-06-05,18.3000,18.9200,18.2000,18.6500,1364928,254559.07
600032,浙江新能,2026-06-05,10.9300,11.2200,10.2300,10.2900,660218,67936.43
600033,福建高速,2026-06-05,3.5300,3.5900,3.5300,3.5400,213572,7560.45
600035,楚天高速,2026-06-05,3.8300,3.8700,3.8200,3.8300,114667,4391.75
600036,招商银行,2026-06-05,38.1800,38.7000,38.1100,38.5800,778709,300425.93
600037,歌华有线,2026-06-05,6.9000,6.9200,6.7500,6.8400,146430,10015.81
600038,中直股份,2026-06-05,26.7600,27.3400,26.5600,26.9600,69077,18623.16
600039,四川路桥,2026-06-05,8.3700,8.4400,8.2600,8.4000,165772,13924.85
600048,保利发展,2026-06-05,5.4000,5.5100,5.3500,5.3600,1101334,59031.50
600050,中国联通,2026-06-05,4.3100,4.3700,4.2900,4.3400,1315818,57106.50
600051,宁波联合,2026-06-05,6.4500,6.6400,6.3800,6.5500,57956,3796.12
600052,东望时代,2026-06-05,3.9400,4.0300,3.8400,3.9000,159071,6203.77
600053,*ST九鼎,2026-06-05,8.9900,9.0700,8.5800,8.7400,64919,5673.92
600054,黄山旅游,2026-06-05,10.7800,10.9900,10.7800,10.8800,44695,4862.82
600055,万东医疗,2026-06-05,12.3200,12.5300,12.1200,12.3100,49120,6046.67
600056,中国医药,2026-06-05,9.4800,9.5800,9.4800,9.5100,81011,7704.15
600057,厦门象屿,2026-06-05,6.0500,6.1000,5.9500,5.9800,153378,9172.00
600058,五矿发展,2026-06-05,9.7000,9.9100,9.5800,9.7300,92028,8954.32
600059,古越龙山,2026-06-05,8.0500,8.1500,8.0100,8.0300,56528,4539.20
600060,海信视像,2026-06-05,25.1300,26.3500,24.7000,25.4500,158497,40337.49
600061,国投资本,2026-06-05,6.3300,6.4000,6.3000,6.3300,252229,15966.10
600062,华润双鹤,2026-06-05,16.7200,16.9400,16.7000,16.8700,43398,7321.24
600063,皖维高新,2026-06-05,7.3800,8.2200,7.3700,8.2200,3071825,252504.02
600064,南京高科,2026-06-05,7.3800,7.4300,7.2700,7.3200,160813,11771.51
600066,宇通客车,2026-06-05,30.0100,31.1900,29.5400,30.5700,285359,87234.25
600067,XD冠城新,2026-06-05,3.0200,3.0600,2.9600,3.0100,234556,7060.14
600071,凤凰光学,2026-06-05,18.0900,18.6600,17.8600,18.1800,58720,10675.30
600072,中船科技,2026-06-05,10.5400,10.5900,10.1900,10.3500,261379,27052.73
600073,光明肉业,2026-06-05,5.0900,5.1900,5.0700,5.1100,71083,3632.34
600075,新疆天业,2026-06-05,4.8300,4.9900,4.7500,4.9100,202293,9932.59
600076,康欣新材,2026-06-05,3.5500,3.7200,3.4500,3.5900,349586,12550.14
600078,澄星股份,2026-06-05,13.9100,14.3100,13.6800,13.9400,474953,66208.45
600079,ST人福,2026-06-05,17.6100,17.6200,17.3800,17.4200,68126,11867.55
600080,ST金花,2026-06-05,5.5300,5.5700,5.3300,5.4000,55306,2986.52
600081,东风科技,2026-06-05,10.5800,10.7200,10.1700,10.5900,52870,5598.93
600082,ST海泰,2026-06-05,3.2500,3.3100,3.1800,3.2000,129354,4139.33
600084,*ST尼雅,2026-06-05,4.8200,4.8200,4.7200,4.7400,31934,1513.67
600085,同仁堂,2026-06-05,24.8400,25.3800,24.8400,25.0300,50356,12604.11
600088,中视传媒,2026-06-05,14.0300,14.2800,13.6500,14.2400,99826,14215.22
600089,特变电工,2026-06-05,25.6200,25.8500,25.2100,25.7100,1162301,298827.59
600094,大名城,2026-06-05,4.0900,4.1900,4.0800,4.1200,185775,7653.93
600095,湘财股份,2026-06-05,7.9800,7.9800,7.8100,7.8300,207100,16215.93
600096,云天化,2026-06-05,30.0500,30.4900,29.6000,29.7700,351043,104505.50
600097,开创国际,2026-06-05,8.7400,9.0200,8.7100,8.9400,30579,2733.76
600098,广州发展,2026-06-05,8.0300,8.2400,7.6800,7.7100,532243,41035.94
600099,林海股份,2026-06-05,9.3100,9.6300,9.1500,9.5200,39653,3774.97
600100,同方股份,2026-06-05,7.7000,7.7800,7.5700,7.5900,308738,23433.21
600101,明星电力,2026-06-05,10.5000,10.7700,9.9500,9.9500,541112,53840.64
600103,青山纸业,2026-06-05,3.9100,3.9900,3.8300,3.8500,2117920,81539.92
600104,上汽集团,2026-06-05,11.7800,11.9100,11.7500,11.7700,336948,39658.78
600105,永鼎股份,2026-06-05,54.1000,59.7200,54.1000,55.4200,2102307,1165098.54
600106,重庆路桥,2026-06-05,5.2200,5.3500,5.2200,5.2500,158683,8330.86
600107,*ST尔雅,2026-06-05,6.5200,6.5200,6.3000,6.3800,38490,2455.66
600108,亚盛集团,2026-06-05,3.4000,3.4600,3.3600,3.3800,522275,17652.90
600109,国金证券,2026-06-05,8.0500,8.1100,7.9000,7.9000,427226,33750.85
600110,诺德股份,2026-06-05,11.4200,11.9500,10.8700,11.2900,1840852,207832.19
600111,北方稀土,2026-06-05,49.3600,50.8500,49.0800,49.6600,1026534,509776.78
600113,浙江东日,2026-06-05,35.5700,37.7500,35.4100,36.5800,64630,23641.65
600114,东睦股份,2026-06-05,39.2000,42.1600,37.7600,40.3900,487208,196783.31
600115,中国东航,2026-06-05,4.0100,4.0700,3.9200,3.9600,2389433,94621.55
600116,三峡水利,2026-06-05,6.9000,7.0600,6.7500,6.7600,413278,27937.59
600117,西宁特钢,2026-06-05,2.2800,2.3800,2.2800,2.3400,199880,4677.19
600118,中国卫星,2026-06-05,82.4600,85.0000,80.5000,84.9500,765745,650500.38
600119,*ST长投,2026-06-05,5.3500,5.4500,5.3100,5.3500,39620,2119.67
600120,XD浙江东,2026-06-05,4.7000,4.7300,4.6800,4.7100,200917,9463.19
600121,郑州煤电,2026-06-05,5.6400,5.8300,5.2200,5.2200,2332002,121730.50
600123,兰花科创,2026-06-05,7.3200,7.5000,7.2600,7.3500,473323,34789.24
600125,铁龙物流,2026-06-05,5.5600,5.6500,5.5600,5.6000,95878,5369.17
600126,杭钢股份,2026-06-05,7.3800,7.4400,7.1900,7.2400,535037,38736.68
600127,金健米业,2026-06-05,6.0300,6.1200,6.0200,6.0500,96275,5824.64
600128,苏豪弘业,2026-06-05,8.8700,9.1400,8.8200,9.0200,44147,3982.06
600129,太极集团,2026-06-05,13.8000,14.1300,13.7400,13.7600,55300,7609.28
600130,波导股份,2026-06-05,4.7600,4.9200,4.6600,4.7800,462826,22123.08
600131,国网信通,2026-06-05,16.5000,16.5100,16.0100,16.1600,106093,17144.63
600132,重庆啤酒,2026-06-05,51.0500,52.0000,50.5200,50.6100,41918,21214.70
600133,东湖高新,2026-06-05,8.1700,8.1800,7.9000,8.0600,233186,18794.79
600135,乐凯胶片,2026-06-05,8.9900,9.2300,8.7800,9.1100,111660,10172.23
600136,ST明诚,2026-06-05,1.5800,1.6100,1.5800,1.6000,109454,1751.26
600137,浪莎股份,2026-06-05,19.4500,19.9200,19.0500,19.7200,18853,3717.81
600138,中青旅,2026-06-05,7.5600,7.7100,7.5600,7.6500,69118,5287.53
600141,兴发集团,2026-06-05,29.5500,30.3300,28.7600,29.2800,264310,77389.97
600143,金发科技,2026-06-05,16.2800,17.4400,15.8900,16.8900,1000264,168944.59
600148,长春一东,2026-06-05,16.2700,16.9700,16.0000,16.7000,21581,3604.03
600149,廊坊发展,2026-06-05,5.3800,5.4800,5.2000,5.3700,181008,9720.13
600150,中国船舶,2026-06-05,36.8000,37.1800,35.8500,35.9500,891306,320424.51
600151,航天机电,2026-06-05,12.7100,12.8500,12.1100,12.4700,468046,58365.34
600152,维科技术,2026-06-05,12.1000,12.2200,11.4300,11.5300,455363,52503.35
600153,建发股份,2026-06-05,9.7000,9.8600,9.4800,9.5100,210493,20017.88
600155,华创云信,2026-06-05,5.5100,5.5600,5.4600,5.5100,208538,11490.44
600156,华升股份,2026-06-05,9.6600,9.9100,9.3700,9.5600,226711,21673.57
600157,永泰能源,2026-06-05,1.8300,1.8600,1.7900,1.8000,9694717,174504.91
600158,中体产业,2026-06-05,9.7200,9.8300,9.1100,9.3600,805332,75379.08
600159,大龙地产,2026-06-05,2.6600,2.7800,2.6300,2.7200,263636,7170.90
600160,巨化股份,2026-06-05,37.9000,40.2000,37.8900,39.2700,853206,335054.00
600161,天坛生物,2026-06-05,12.9500,13.1000,12.8300,12.9700,94361,12238.62
600162,香江控股,2026-06-05,3.3800,3.5000,3.2400,3.4400,3941839,135599.26
600163,中闽能源,2026-06-05,6.9500,7.1600,6.5400,6.5400,864611,56545.56
600165,ST宁科,2026-06-05,2.9200,2.9300,2.8700,2.8900,40163,1160.71
600166,福田汽车,2026-06-05,3.0700,3.0800,2.9900,3.0200,1644665,49668.88
600167,联美控股,2026-06-05,6.6800,6.7600,6.3100,6.4000,198304,12691.46
600168,武汉控股,2026-06-05,4.5400,4.6200,4.5400,4.5900,47379,2174.70
600169,ST太重,2026-06-05,2.2500,2.3100,2.2400,2.2900,153782,3521.61
600170,上海建工,2026-06-05,2.4800,2.5100,2.4800,2.4900,839975,20915.38
600171,上海贝岭,2026-06-05,27.6700,28.0000,26.8200,27.4900,250347,68820.39
600172,黄河旋风,2026-06-05,14.2700,14.6500,13.2600,13.4300,2298351,308668.54
600173,卧龙新能,2026-06-05,7.0600,7.1200,6.8900,6.9300,110624,7666.24
600176,中国巨石,2026-06-05,38.0000,39.3900,36.8300,36.9600,1448798,535475.74
600177,XD雅戈尔,2026-06-05,7.1900,7.3400,7.1600,7.3300,274426,20115.43
600178,东安动力,2026-06-05,8.7700,9.0600,8.7000,8.9200,46243,4124.88
600179,安通控股,2026-06-05,4.5800,4.7700,4.5600,4.5900,634390,29118.50
600180,*ST瑞茂,2026-06-05,1.5500,1.5700,1.5500,1.5500,532482,8253.47
600182,S佳通,2026-06-05,13.7100,13.9700,13.6900,13.7800,10963,1510.70
600183,XD生益科,2026-06-05,140.0000,145.1600,136.3800,137.3600,726278,997615.46
600184,光电股份,2026-06-05,26.3500,28.3500,25.7300,26.6000,479281,127488.75
600185,珠免集团,2026-06-05,5.2000,5.3900,5.1700,5.1900,209835,10890.44
600186,莲花控股,2026-06-05,9.5100,10.3000,9.1700,10.1300,3332113,337543.05
600187,*ST国中,2026-06-05,1.4800,1.6400,1.4800,1.6100,1224296,19711.17
600188,兖矿能源,2026-06-05,26.3400,27.4000,24.7000,25.0500,929008,232716.50
600189,泉阳泉,2026-06-05,7.7400,7.8700,7.6300,7.7000,69819,5376.06
600191,华资实业,2026-06-05,10.8800,11.2500,10.8100,10.8600,66191,7188.34
600192,长城电工,2026-06-05,7.1300,7.2800,7.0000,7.1700,54123,3880.62
600195,中牧股份,2026-06-05,6.5800,6.6500,6.5200,6.5800,44043,2898.03
600196,复星医药,2026-06-05,22.0900,22.2800,21.9900,22.0200,163752,36058.19
600197,伊力特,2026-06-05,11.3400,11.4500,11.1500,11.2500,59150,6654.38
600198,大唐电信,2026-06-05,8.9400,9.2000,8.7100,8.9700,693088,62169.99
600199,金种子酒,2026-06-05,7.4500,7.6200,7.3200,7.3500,159192,11700.61
600201,生物股份,2026-06-05,11.4000,11.5100,11.1500,11.2900,231440,26129.58
600202,哈空调,2026-06-05,5.2400,5.3900,5.1800,5.3200,106203,5650.00
600203,福日电子,2026-06-05,12.3000,13.1900,11.7500,12.9100,525808,67881.81
600206,有研新材,2026-06-05,28.8000,30.3600,28.5100,29.2200,652190,190569.92
600207,安彩高科,2026-06-05,6.4500,7.1900,6.2300,7.1900,798850,57437.32
600208,衢州发展,2026-06-05,2.8800,2.9200,2.8400,2.8500,1433189,40845.89
600210,紫江企业,2026-06-05,6.5200,6.6000,6.4800,6.5400,132556,8669.16
600211,西藏药业,2026-06-05,37.9000,38.0100,37.5100,37.6200,20091,7558.23
600212,绿能慧充,2026-06-05,6.1800,6.2500,6.0500,6.1300,94989,5822.83
600215,派斯林,2026-06-05,6.3600,6.7800,6.1700,6.6400,166017,11023.53
600216,浙江医药,2026-06-05,12.1600,12.3900,12.1200,12.1700,94283,11474.24
600217,中再资环,2026-06-05,3.3600,3.4100,3.3400,3.3800,91418,3089.93
600218,全柴动力,2026-06-05,8.3500,8.5000,8.1800,8.3500,47577,3972.68
600219,南山铝业,2026-06-05,4.9300,5.0100,4.8700,4.8900,1864923,91194.73
600221,海航控股,2026-06-05,1.4900,1.5100,1.4800,1.4900,4247454,63287.06
600222,太龙药业,2026-06-05,8.6300,9.0500,8.5600,8.7000,438601,38158.29
600223,福瑞达,2026-06-05,5.7500,5.8700,5.7500,5.7800,57215,3307.03
600226,亨通股份,2026-06-05,6.8800,7.1500,6.5000,6.9400,2852551,197967.04
600227,赤天化,2026-06-05,2.9600,3.0200,2.9200,2.9400,579953,17050.62
600228,*ST返利,2026-06-05,6.0700,6.3300,6.0700,6.3300,114772,7265.07
600229,城市传媒,2026-06-05,5.3400,5.5700,5.3400,5.5100,61997,3416.03
600230,沧州大化,2026-06-05,14.8100,15.0500,14.6000,14.8100,93276,13814.18
600231,凌钢股份,2026-06-05,1.9700,2.0000,1.9600,1.9700,89873,1770.50
600232,金鹰股份,2026-06-05,7.3000,7.5400,7.0900,7.3800,69872,5156.55
600233,圆通速递,2026-06-05,17.4600,17.5800,17.0900,17.2800,229785,39706.85
600234,科新发展,2026-06-05,25.3900,25.3900,23.4500,23.7200,33512,7949.05
600235,民丰特纸,2026-06-05,5.7800,5.9300,5.7000,5.8400,65376,3817.96
600236,桂冠电力,2026-06-05,11.3000,11.7300,10.7400,10.7700,297825,32075.75
600237,铜峰电子,2026-06-05,11.8500,12.6000,11.4500,12.0700,1266093,152817.43
600238,*ST椰岛,2026-06-05,5.1600,5.2200,5.1000,5.1300,32683,1676.64
600239,ST云城,2026-06-05,1.4800,1.5200,1.4800,1.5200,178748,2716.97
600241,时代万恒,2026-06-05,7.5400,7.7800,7.4100,7.6800,45373,3484.65
600243,*ST海华,2026-06-05,3.7900,3.9900,3.7200,3.9900,126567,5050.02
600246,万通发展,2026-06-05,18.3000,18.7700,17.2000,17.3900,3084360,536370.20
600248,陕建股份,2026-06-05,3.1200,3.1700,3.1100,3.1400,125227,3932.13
600249,两面针,2026-06-05,5.2500,5.3300,5.2400,5.2800,72746,3840.99
600250,南京商旅,2026-06-05,9.0900,9.2200,8.9700,9.1500,74127,6782.62
600251,冠农股份,2026-06-05,9.9300,10.1600,9.7600,9.9000,101329,10031.57
600252,中恒集团,2026-06-05,2.2400,2.3000,2.2400,2.2600,382597,8646.69
600255,鑫科材料,2026-06-05,4.5000,4.7700,4.4600,4.4900,5878020,263923.10
600256,广汇能源,2026-06-05,6.6400,6.9400,6.6000,6.7400,1554689,104786.04
600257,大湖股份,2026-06-05,5.2800,5.3500,5.1700,5.2600,108506,5707.42
600258,首旅酒店,2026-06-05,13.0200,13.3500,12.9800,13.0600,138240,18054.14
600259,中稀有色,2026-06-05,92.4900,97.9000,92.4000,93.9200,166142,156040.57
600261,阳光照明,2026-06-05,3.3900,3.4600,3.3700,3.4200,157289,5379.28
600262,北方股份,2026-06-05,21.8500,22.4700,21.6200,22.0800,27314,6030.93
600265,*ST景谷,2026-06-05,28.0600,28.2800,26.4100,26.4100,48875,12907.89
600266,城建发展,2026-06-05,4.5800,4.7000,4.5800,4.6100,339362,15644.59
600267,海正药业,2026-06-05,9.7500,9.8500,9.6900,9.7500,92486,9017.39
600268,国电南自,2026-06-05,12.7300,12.9100,12.5000,12.5700,154477,19417.76
600269,赣粤高速,2026-06-05,4.3400,4.4000,4.3300,4.3300,105217,4555.90
600271,航天信息,2026-06-05,7.2200,7.3900,7.1800,7.3000,133491,9744.84
600272,开开实业,2026-06-05,10.8900,11.2100,10.8900,11.1200,24650,2741.08
600273,嘉化能源,2026-06-05,7.1200,7.3000,7.0500,7.2300,160514,11605.16
600276,恒瑞医药,2026-06-05,47.4800,48.7200,47.0000,47.0800,930264,437968.29
600278,东方创业,2026-06-05,6.4500,6.5200,6.4000,6.4300,38967,2505.58
600279,重庆港,2026-06-05,5.7100,5.9500,5.5100,5.8300,448821,26166.26
600280,中央商场,2026-06-05,3.4900,3.9400,3.3300,3.4000,1965060,66812.04
600281,华阳新材,2026-06-05,4.9700,5.1000,4.8700,5.0000,117022,5851.10
600282,南钢股份,2026-06-05,5.0400,5.1100,4.9400,4.9600,308435,15298.38
600283,钱江水利,2026-06-05,8.4600,8.5200,8.4200,8.4500,22786,1925.42
600284,浦东建设,2026-06-05,5.6600,5.8000,5.6200,5.7100,122186,6976.82
600285,羚锐制药,2026-06-05,21.5000,21.9300,21.4300,21.7600,52813,11492.11
600287,苏豪时尚,2026-06-05,4.9500,5.1000,4.9200,5.0300,43140,2169.94
600288,大恒科技,2026-06-05,13.1900,13.7500,13.1900,13.5100,122418,16538.67
600289,ST信通,2026-06-05,6.1000,6.1200,6.0000,6.0200,23605,1421.02
600292,电投水电,2026-06-05,13.8800,14.0100,13.6100,13.6800,137588,18822.04
600293,三峡新材,2026-06-05,3.7100,3.9600,3.7100,3.9600,2104227,83327.39
600295,鄂尔多斯,2026-06-05,13.4700,13.5100,13.2600,13.3100,67588,8995.96
600298,安琪酵母,2026-06-05,34.7100,35.5500,34.6800,35.1500,74979,26355.12
600299,安迪苏,2026-06-05,10.4700,10.8100,10.3700,10.4600,143002,14958.01
600300,维维股份,2026-06-05,3.1400,3.1900,3.1400,3.1600,170780,5396.65
600301,华锡有色,2026-06-05,61.8900,63.4000,58.8800,60.0500,193916,116446.56
600302,ST标准,2026-06-05,9.9900,10.4800,9.7300,9.9700,68234,6802.93
600303,曙光股份,2026-06-05,3.1300,3.4700,3.0700,3.4700,796495,27638.38
600305,恒顺醋业,2026-06-05,6.8900,7.0300,6.8400,6.9400,73132,5075.36
600307,酒钢宏兴,2026-06-05,1.5900,1.6200,1.5800,1.6000,424359,6789.74
600308,华泰股份,2026-06-05,3.3900,3.4600,3.3800,3.4400,62247,2141.30
600309,万华化学,2026-06-05,72.1800,74.6800,71.5100,72.4600,370629,268557.77
600310,广西能源,2026-06-05,6.1900,6.4600,5.6600,5.6600,2357522,133435.75
600312,平高电气,2026-06-05,19.6200,19.6800,19.0500,19.2500,196543,37834.53
600313,农发种业,2026-06-05,6.2000,6.3400,6.1200,6.1500,296754,18250.37
600315,上海家化,2026-06-05,17.7400,18.2500,17.7400,17.9500,47518,8529.48
600316,洪都航空,2026-06-05,28.0500,28.8600,27.7100,28.2400,110486,31201.25
600318,新力金融,2026-06-05,6.5900,6.6400,6.5000,6.5600,107061,7023.20
600319,亚星化学,2026-06-05,7.6000,7.6000,7.1500,7.3200,34619,2534.11
600320,振华重工,2026-06-05,4.6400,4.6600,4.5400,4.5600,403766,18411.73
600322,津投城开,2026-06-05,2.6800,2.7900,2.6300,2.6300,344940,9071.92
600323,瀚蓝环境,2026-06-05,30.6700,30.8700,29.8100,29.9100,69184,20692.93
600325,华发股份,2026-06-05,2.7200,2.8000,2.7000,2.7300,455420,12432.97
600326,西藏天路,2026-06-05,7.5700,7.6900,7.5300,7.5700,178722,13529.26
600327,大东方,2026-06-05,3.5800,3.8100,3.5800,3.6400,189309,6890.85
600328,中盐化工,2026-06-05,6.6400,6.8500,6.6200,6.7300,244700,16468.31
600329,达仁堂,2026-06-05,39.8800,40.2000,39.1000,39.2000,30178,11829.78
600330,天通股份,2026-06-05,29.4700,32.1600,29.1500,29.4200,1879502,552949.49
600331,宏达股份,2026-06-05,14.4100,14.6100,13.8000,13.9100,467575,65039.68
600332,白云山,2026-06-05,21.3100,21.5800,21.3100,21.4800,59184,12712.72
600333,长春燃气,2026-06-05,5.7100,5.7800,5.5600,5.6400,146621,8269.42
600335,国机汽车,2026-06-05,5.4000,5.4900,5.3800,5.4300,73302,3980.30
600336,澳柯玛,2026-06-05,7.7300,7.8400,7.4900,7.7000,145612,11212.12
600337,ST美克,2026-06-05,3.2500,3.2800,3.1600,3.2400,226583,7341.29
600338,西藏珠峰,2026-06-05,17.2000,17.7000,16.6100,17.0000,525483,89332.11
600339,中油工程,2026-06-05,3.4700,3.5300,3.4600,3.4800,625234,21758.14
600340,*ST华幸,2026-06-05,1.2300,1.2700,1.2100,1.2400,826132,10244.04
600343,航天动力,2026-06-05,25.2200,26.4100,24.6800,25.8600,393938,101872.37
600345,长江通信,2026-06-05,53.9900,57.2200,53.4500,55.9900,214629,120170.78
600346,恒力石化,2026-06-05,16.7900,17.5800,16.5200,16.9600,562980,95481.41
600348,华阳股份,2026-06-05,9.7800,9.9500,9.7300,9.7700,487626,47641.06
600350,山东高速,2026-06-05,11.3900,11.5500,11.1200,11.2600,96154,10826.94
600351,亚宝药业,2026-06-05,6.2000,6.2900,6.1900,6.2200,82613,5138.53
600352,浙江龙盛,2026-06-05,11.0200,11.1300,10.8500,10.9300,336670,36798.03
600353,旭光电子,2026-06-05,25.7100,27.4000,25.5000,26.3000,888752,233741.78
600354,敦煌种业,2026-06-05,5.3900,5.4700,5.3300,5.4200,125922,6824.97
600356,恒丰纸业,2026-06-05,8.7500,8.9300,8.6600,8.8000,38442,3382.90
600358,国旅联合,2026-06-05,5.9800,6.0400,5.8900,5.9200,105741,6259.87
600359,新农开发,2026-06-05,6.5300,6.6300,6.4400,6.5400,74326,4860.92
600360,华微电子,2026-06-05,13.3900,13.5900,12.8800,13.0000,1010346,131344.98
600361,创新新材,2026-06-05,4.2600,4.4600,4.1100,4.2900,916772,39329.52
600362,江西铜业,2026-06-05,45.5000,47.2800,44.0400,44.3600,642375,284957.55
600363,联创光电,2026-06-05,36.2400,37.6300,35.9300,36.2800,241138,87484.87
600365,ST通葡,2026-06-05,2.6700,2.7200,2.6500,2.6800,42872,1148.97
600366,宁波韵升,2026-06-05,12.4500,13.0700,12.2200,12.7300,337276,42935.23
600367,红星发展,2026-06-05,48.6500,51.6800,46.1200,49.5000,712725,352798.88
600368,五洲交通,2026-06-05,3.9600,3.9900,3.9200,3.9400,176418,6950.87
600369,西南证券,2026-06-05,3.9000,3.9600,3.8900,3.9200,291043,11408.89
600370,*ST三房,2026-06-05,1.3700,1.4200,1.3400,1.3700,702804,9628.41
600371,万向德农,2026-06-05,7.2400,7.4000,7.1300,7.3400,51320,3766.89
600372,中航机载,2026-06-05,11.0300,11.3900,10.9900,11.1700,399235,44594.55
600373,中文传媒,2026-06-05,7.3400,7.5400,7.3300,7.5200,80944,6086.99
600375,汉马科技,2026-06-05,4.1300,4.2200,4.0900,4.1700,186614,7781.80
600376,首开股份,2026-06-05,3.8500,4.0500,3.7100,3.8900,1110884,43213.39
600377,宁沪高速,2026-06-05,12.7500,12.9300,12.6000,12.6800,84786,10750.86
600378,昊华科技,2026-06-05,44.6600,47.9200,43.2600,46.6000,743602,346518.53
600379,宝光股份,2026-06-05,12.6300,12.9200,12.2000,12.6900,190799,24212.39
600380,健康元,2026-06-05,9.8500,9.9500,9.8300,9.9100,100047,9914.66
600381,*ST春天,2026-06-05,5.3500,5.5500,5.3000,5.4100,65850,3562.49
600382,广东明珠,2026-06-05,8.9300,9.6800,8.8800,9.6800,757801,73355.14
600383,金地集团,2026-06-05,2.6100,2.6900,2.6100,2.6300,500800,13171.04
600386,北巴传媒,2026-06-05,3.5700,3.6700,3.5300,3.6300,88607,3216.43
600388,龙净环保,2026-06-05,16.7700,16.9900,16.4200,16.7700,123339,20683.95
600389,XD江山股,2026-06-05,24.6100,24.9600,24.1000,24.3000,61711,14995.77
600390,五矿资本,2026-06-05,4.6800,4.7300,4.6600,4.6700,280286,13089.36
600391,航发科技,2026-06-05,34.1900,34.4900,33.4200,33.7900,100326,33900.16
600392,盛和资源,2026-06-05,23.0700,24.5000,23.0100,23.8000,950562,226233.76
600395,盘江股份,2026-06-05,6.0500,6.2500,5.9800,6.1100,650890,39769.38
600396,华电辽能,2026-06-05,22.4500,23.0400,19.8000,20.0100,2901794,580648.98
600397,江钨装备,2026-06-05,13.9300,14.0800,13.4600,13.6200,337026,45902.94
600398,海澜之家,2026-06-05,5.7400,5.8300,5.7100,5.7700,198060,11428.06
600399,抚顺特钢,2026-06-05,4.5200,4.6800,4.4400,4.5900,489239,22456.07
600400,红豆股份,2026-06-05,2.8000,2.8400,2.7000,2.8000,445504,12474.11
600403,大有能源,2026-06-05,7.4000,8.1400,7.3500,8.1400,2130824,173449.07
600405,动力源,2026-06-05,4.4700,4.6600,4.4700,4.5700,114609,5237.63
600406,国电南瑞,2026-06-05,23.5600,23.8200,23.4200,23.4500,678171,159031.10
600408,安泰集团,2026-06-05,3.6700,3.8200,3.5000,3.5900,2828068,101527.64
600409,三友化工,2026-06-05,6.1400,6.7200,6.1000,6.3800,552994,35281.02
600410,华胜天成,2026-06-05,18.0300,18.2900,17.5700,17.9000,541853,96991.69
600415,小商品城,2026-06-05,11.9900,12.1700,11.7000,11.8100,744942,87977.65
600416,湘电股份,2026-06-05,10.6200,10.9900,10.2600,10.7100,287481,30789.22
600418,江淮汽车,2026-06-05,34.0100,34.1200,32.8000,33.1000,648646,214701.83
600419,天润乳业,2026-06-05,8.3300,8.4900,8.1800,8.3000,67549,5606.57
600420,国药现代,2026-06-05,8.9000,9.0100,8.8800,8.9600,34755,3114.05
600421,退市华嵘,2026-06-05,0.3300,0.3600,0.3200,0.3600,195543,703.95
600422,昆药集团,2026-06-05,8.6900,8.8500,8.6400,8.6800,63423,5505.12
600423,*ST柳化,2026-06-05,2.6500,2.6900,2.5900,2.6600,74518,1982.18
600425,青松建化,2026-06-05,3.6200,3.7000,3.6200,3.6500,153040,5585.96
600426,华鲁恒升,2026-06-05,28.4000,28.8000,27.2800,27.5500,544890,150117.20
600428,中远海特,2026-06-05,7.6200,8.1200,7.5700,7.9200,522165,41355.47
600429,三元股份,2026-06-05,4.5700,4.6500,4.5500,4.5600,112469,5128.59
600433,冠豪高新,2026-06-05,3.7300,3.7600,3.6100,3.7400,490034,18327.27
600435,北方导航,2026-06-05,11.7300,11.9700,11.6000,11.8500,193930,22980.71
600436,片仔癀,2026-06-05,121.5500,124.8000,121.2300,121.4900,30729,37332.66
600438,通威股份,2026-06-05,13.8200,13.9200,13.5000,13.6000,459167,62446.71
600439,瑞贝卡,2026-06-05,2.8300,2.8400,2.6300,2.6400,1345791,35528.88
600444,国机通用,2026-06-05,14.5800,14.9600,14.3900,14.7600,27087,3998.04
600446,金证股份,2026-06-05,12.5200,12.8000,12.2000,12.4700,206883,25798.31
600448,华纺股份,2026-06-05,2.9500,3.1400,2.8800,3.0700,322924,9913.77
600449,宁夏建材,2026-06-05,13.1200,13.2600,12.7200,12.8600,72225,9288.14
600452,涪陵电力,2026-06-05,11.3600,11.8400,11.1500,11.6400,563572,65599.78
600455,博通股份,2026-06-05,24.9900,25.6500,24.1200,25.3000,23222,5875.17
600456,宝钛股份,2026-06-05,31.0700,31.5500,30.3200,31.1900,67119,20934.42
600458,时代新材,2026-06-05,14.4000,14.6900,13.5200,14.1400,777062,109876.57
600459,贵研铂业,2026-06-05,24.0000,26.0000,24.0000,24.7500,763768,189032.58
600460,士兰微,2026-06-05,34.7000,35.4400,33.6800,33.9500,939263,318879.79
600461,洪城环境,2026-06-05,9.6500,9.7500,9.6300,9.6400,69213,6672.13
600463,空港股份,2026-06-05,9.2300,9.5000,9.0700,9.3400,58498,5463.71
600467,好当家,2026-06-05,2.2800,2.3200,2.2600,2.2800,296995,6771.49
600468,百利电气,2026-06-05,6.2900,6.4000,6.1600,6.2700,194514,12196.03
600469,风神股份,2026-06-05,5.8300,5.9700,5.8100,5.8800,50987,2998.04
600470,六国化工,2026-06-05,5.4600,5.5300,5.2500,5.4900,208128,11426.23
600475,华光环能,2026-06-05,15.7000,15.8000,15.1300,15.1800,114870,17437.27
600476,*ST湘邮,2026-06-05,11.0100,11.2900,10.9100,11.0800,22339,2475.16
600477,杭萧钢构,2026-06-05,2.6700,2.7300,2.6700,2.6800,327656,8781.18
600478,科力远,2026-06-05,5.6500,5.7900,5.5300,5.6800,332914,18909.52
600479,千金药业,2026-06-05,10.0500,10.1100,10.0400,10.0700,28485,2868.44
600480,凌云股份,2026-06-05,10.4800,10.8400,10.1000,10.5100,301158,31651.71
600481,双良节能,2026-06-05,4.9300,5.0500,4.7100,4.9900,1186404,59201.56
600482,中国动力,2026-06-05,40.3000,41.0400,37.4600,37.5900,671603,252455.57
600483,福能股份,2026-06-05,11.8500,12.0700,11.4600,11.5800,526194,60933.27
600486,扬农化工,2026-06-05,58.7400,60.6600,58.2200,58.9200,73218,43140.05
600487,亨通光电,2026-06-05,96.0000,102.9600,95.0000,96.1200,2509906,2412521.65
600488,津药药业,2026-06-05,5.6700,5.8100,5.1500,5.1700,1114981,57644.52
600489,中金黄金,2026-06-05,22.3600,22.8400,22.0900,22.2000,517597,114906.53
600490,鹏欣资源,2026-06-05,7.2000,7.2300,7.0100,7.0500,351357,24770.67
600491,ST龙元,2026-06-05,1.4200,1.4300,1.3700,1.3900,611218,8495.93
600493,凤竹纺织,2026-06-05,6.3600,6.3900,6.0800,6.3200,64580,4081.46
600495,晋西车轴,2026-06-05,3.9400,4.0100,3.9200,3.9700,84729,3363.74
600496,精工钢构,2026-06-05,4.1500,4.1900,4.1000,4.1400,280516,11613.36
600497,驰宏锌锗,2026-06-05,9.2800,9.3700,8.9000,8.9400,1799223,160850.54
600498,烽火通信,2026-06-05,52.0000,58.0300,52.0000,56.4800,2074326,1171579.32
600499,科达制造,2026-06-05,15.3600,15.5800,15.0400,15.1600,228295,34609.52
600500,中化国际,2026-06-05,5.7000,5.9800,5.5100,5.7000,1035945,59048.87
600501,航天晨光,2026-06-05,18.0700,18.5800,17.8900,18.3000,64981,11891.52
600502,安徽建工,2026-06-05,5.0500,5.1700,4.9600,4.9800,291083,14495.93
600503,华丽家族,2026-06-05,2.8100,2.9900,2.7300,2.7700,932967,25843.19
600505,西昌电力,2026-06-05,14.2600,14.6600,13.5300,13.5600,340506,46172.61
600506,统一股份,2026-06-05,17.3500,17.5200,16.9600,17.1800,57647,9903.75
600507,方大特钢,2026-06-05,4.4900,4.6400,4.4900,4.5400,180657,8201.83
600508,上海能源,2026-06-05,14.4800,14.6200,14.0700,14.1000,149046,21015.49
600509,天富能源,2026-06-05,9.0900,9.2100,8.6200,8.6700,742800,64400.76
600510,黑牡丹,2026-06-05,8.1800,8.3500,7.9400,8.0900,114768,9284.73
600511,国药股份,2026-06-05,26.7600,27.0700,26.6500,26.6800,33629,8972.22
600512,腾达建设,2026-06-05,2.1500,2.1900,2.1400,2.1700,221926,4815.79
600513,联环药业,2026-06-05,17.2500,17.2800,16.5500,16.6800,95810,15981.11
600515,海南机场,2026-06-05,3.0600,3.1200,3.0600,3.0800,953035,29353.48
600516,方大炭素,2026-06-05,5.4400,5.8300,5.4300,5.8300,1299309,75749.71
600517,国网英大,2026-06-05,5.1600,5.1800,5.0600,5.0800,252716,12837.97
600518,康美药业,2026-06-05,1.5000,1.5400,1.5000,1.5100,1198024,18090.16
600519,贵州茅台,2026-06-05,1278.0000,1283.0000,1267.7400,1272.8600,31304,398456.09
600520,三佳科技,2026-06-05,28.5800,30.9100,27.6200,29.6800,160078,47511.15
600521,华海药业,2026-06-05,15.1700,15.2200,14.9100,15.0000,119884,17982.60
600522,中天科技,2026-06-05,45.0800,49.3700,44.9500,46.0700,4065648,1873044.03
600523,贵航股份,2026-06-05,11.5500,11.8000,11.4500,11.6500,35152,4095.21
600525,ST长园,2026-06-05,5.1700,5.2100,5.0000,5.0200,145287,7293.41
600526,菲达环保,2026-06-05,4.6500,4.6900,4.6000,4.6300,75290,3485.93
600527,江南高纤,2026-06-05,2.4000,2.4600,2.3400,2.4100,724975,17471.90
600528,中铁工业,2026-06-05,7.2200,7.3400,7.2000,7.2500,98029,7107.10
600529,山东药玻,2026-06-05,19.3100,20.3000,19.0400,19.7000,258536,50931.59
600530,交大昂立,2026-06-05,6.5600,6.7200,6.3500,6.4500,168733,10883.28
600531,豫光金铅,2026-06-05,12.7700,12.8200,12.4300,12.5000,369230,46153.75
600533,栖霞建设,2026-06-05,2.2000,2.2800,2.1900,2.2500,227220,5112.45
600535,天士力,2026-06-05,14.2000,14.2700,14.0700,14.1900,68188,9675.88
600536,中国软件,2026-06-05,36.3600,36.9800,36.2000,36.5000,95745,34946.93
600537,*ST亿晶,2026-06-05,2.6300,2.7700,2.6000,2.6800,500146,13403.91
600538,国发股份,2026-06-05,6.1200,6.4400,6.1000,6.2100,185744,11534.70
600539,狮头股份,2026-06-05,14.5000,14.9000,13.9200,14.0000,124054,17367.56
600540,新赛股份,2026-06-05,4.8500,4.9200,4.6300,4.6900,302361,14180.73
600543,*ST莫高,2026-06-05,4.4300,4.5200,4.3900,4.4800,21330,955.58
600545,卓郎智能,2026-06-05,7.0800,7.3600,6.7600,6.8300,1570899,107292.40
600546,山煤国际,2026-06-05,14.3400,14.5500,13.9900,14.1100,484716,68393.43
600547,山东黄金,2026-06-05,28.6400,28.8200,27.9500,28.0500,410621,115179.19
600548,深高速,2026-06-05,8.7100,8.8700,8.7100,8.7700,21496,1885.20
600549,厦门钨业,2026-06-05,63.0000,65.9000,61.5200,61.7300,1167967,720986.03
600550,保变电气,2026-06-05,13.2300,13.2500,12.8200,12.8300,357517,45869.43
600551,时代出版,2026-06-05,7.2300,7.4400,7.1900,7.2700,27089,1969.37
600552,凯盛科技,2026-06-05,19.9400,21.7100,19.7000,21.7100,1407316,305528.30
600556,天下秀,2026-06-05,5.0200,5.1500,4.9500,5.0800,516720,26249.38
600557,康缘药业,2026-06-05,12.3000,12.4500,12.2500,12.3200,28094,3461.18
600558,大西洋,2026-06-05,5.6000,5.7400,5.5800,5.6400,199659,11260.77
600559,老白干酒,2026-06-05,12.3300,12.5500,12.2100,12.2400,105533,12917.24
600560,金自天正,2026-06-05,12.4000,13.0900,12.1300,12.8100,39993,5123.10
600561,江西长运,2026-06-05,5.7500,5.9800,5.6100,5.8800,58437,3436.10
600562,国睿科技,2026-06-05,22.0100,22.4000,21.6800,22.1500,75117,16638.42
600563,法拉电子,2026-06-05,168.8800,174.6800,162.2200,169.3600,144056,243973.24
600566,济川药业,2026-06-05,27.7000,28.1500,27.2000,27.9900,39545,11068.65
600567,山鹰国际,2026-06-05,1.3300,1.3500,1.3300,1.3500,406355,5485.79
600568,ST中珠,2026-06-05,2.6800,2.7700,2.6700,2.7400,125334,3434.15
600569,安阳钢铁,2026-06-05,1.8800,1.9300,1.8700,1.9000,161299,3064.68
600570,恒生电子,2026-06-05,23.6000,23.7400,23.1500,23.1500,247056,57193.46
600571,信雅达,2026-06-05,11.1900,11.4300,11.1200,11.2700,78964,8899.24
600572,康恩贝,2026-06-05,4.1600,4.2000,4.1500,4.1600,260990,10857.18
600573,惠泉啤酒,2026-06-05,12.5500,13.3000,12.2600,12.5900,256187,32253.94
600575,淮河能源,2026-06-05,4.1300,4.2200,4.0200,4.0800,1120649,45722.48
600576,祥源文旅,2026-06-05,5.8300,5.9500,5.7700,5.7800,107740,6227.37
600577,精达股份,2026-06-05,11.5800,12.5000,11.3100,12.1200,1090333,132148.36
600578,京能电力,2026-06-05,9.5300,9.8500,8.4600,8.4600,3307408,279806.72
600579,中化装备,2026-06-05,6.4400,6.6900,6.3700,6.6100,51402,3397.67
600580,卧龙电驱,2026-06-05,38.8200,40.9800,37.2000,40.0000,871278,348511.20
600581,*ST八钢,2026-06-05,2.5500,2.6300,2.5500,2.5900,84687,2193.39
600582,天地科技,2026-06-05,5.4200,5.4700,5.4100,5.4500,154455,8417.80
600583,海油工程,2026-06-05,5.7000,5.8500,5.6600,5.6900,409381,23293.78
600584,长电科技,2026-06-05,79.6600,80.4200,75.0800,75.6500,2053712,1553633.13
600585,海螺水泥,2026-06-05,19.3500,19.7500,19.3000,19.3500,229951,44495.52
600586,金晶科技,2026-06-05,4.7500,5.2400,4.6500,5.2400,817847,42855.18
600587,新华医疗,2026-06-05,12.8000,13.1300,12.7300,12.9700,44904,5824.05
600588,用友网络,2026-06-05,10.6500,11.2200,10.5500,10.7100,647364,69332.68
600589,大位科技,2026-06-05,10.6100,11.0500,10.1200,10.5700,1314274,138918.76
600590,泰豪科技,2026-06-05,13.4500,13.8500,13.0500,13.1900,408697,53907.13
600592,龙溪股份,2026-06-05,20.4900,20.8800,19.7000,20.7100,164449,34057.39
600593,大连圣亚,2026-06-05,38.4700,39.8800,36.8800,37.1000,67913,25195.72
600594,益佰制药,2026-06-05,3.4300,3.5100,3.4000,3.4500,156148,5387.11
600595,中孚实业,2026-06-05,7.0900,7.2400,6.9000,6.9500,741616,51542.31
600596,新安股份,2026-06-05,14.3200,15.1100,14.2700,14.4100,920402,132629.93
600597,光明乳业,2026-06-05,6.8500,6.9400,6.8300,6.8800,47307,3254.72
600598,北大荒,2026-06-05,14.2600,14.4700,14.2400,14.3300,160882,23054.39
600599,退市熊猫,2026-06-05,0.4900,0.5100,0.4800,0.5000,64414,322.07
600600,青岛啤酒,2026-06-05,59.9000,59.9900,59.5000,59.7000,46161,27558.12
600601,方正科技,2026-06-05,12.5000,12.9200,12.2000,12.4200,2097238,260476.96
600602,云赛智联,2026-06-05,18.3500,18.5000,17.8100,17.9700,259801,46686.24
600603,广汇物流,2026-06-05,4.7800,5.1700,4.7700,4.9500,324489,16062.21
600604,市北高新,2026-06-05,4.2300,4.2800,4.1800,4.2400,107210,4545.70
600605,汇通能源,2026-06-05,28.7900,30.2800,27.8100,29.9200,52316,15652.95
600606,绿地控股,2026-06-05,1.3900,1.4500,1.3900,1.4100,1580240,22281.38
600609,金杯汽车,2026-06-05,3.5000,3.6600,3.5000,3.5700,257262,9184.25
600610,中毅达,2026-06-05,7.3700,7.6200,7.2700,7.5100,157646,11839.21
600611,大众交通,2026-06-05,4.3500,4.4000,4.2100,4.2900,591708,25384.27
600612,老凤祥,2026-06-05,35.4400,36.3600,35.3100,35.6600,12035,4291.68
600613,神奇制药,2026-06-05,4.9700,5.0900,4.9700,5.0400,58294,2938.02
600615,鑫源智造,2026-06-05,9.8700,10.1200,9.6500,10.0000,27094,2709.40
600616,金枫酒业,2026-06-05,4.3600,4.4400,4.3400,4.4100,66351,2926.08
600617,国新能源,2026-06-05,3.5300,3.6000,3.3800,3.4800,462530,16096.04
600618,氯碱化工,2026-06-05,10.2600,10.4300,10.1100,10.2700,81660,8386.48
600619,海立股份,2026-06-05,14.9300,15.1900,14.5100,14.9600,185479,27747.66
600620,天宸股份,2026-06-05,4.6400,4.7900,4.6100,4.7100,71645,3374.48
600621,华鑫股份,2026-06-05,12.7900,12.8000,12.4500,12.4800,99414,12406.87
600622,光大嘉宝,2026-06-05,2.4600,2.6100,2.4600,2.5100,446528,11207.85
600623,华谊集团,2026-06-05,8.5400,8.6600,8.3100,8.4500,233812,19757.11
600624,ST复华,2026-06-05,4.0000,4.1500,4.0000,4.0200,39197,1575.72
600626,申达股份,2026-06-05,3.5200,3.6000,3.4800,3.5400,127114,4499.84
600628,新世界,2026-06-05,6.1700,6.3300,6.1700,6.2600,66609,4169.72
600629,华建集团,2026-06-05,15.9900,16.5300,15.7700,16.0600,185301,29759.34
600630,龙头股份,2026-06-05,8.2400,8.5000,8.2400,8.4000,138632,11645.09
600633,浙数文化,2026-06-05,11.7100,11.8700,11.6600,11.7600,147160,17306.02
600635,大众公用,2026-06-05,5.0200,5.0900,4.9100,5.0100,414203,20751.57
600636,退市国化,2026-06-05,1.9400,1.9500,1.8700,1.9100,189348,3616.55
600637,东方明珠,2026-06-05,9.2000,9.3800,9.1200,9.1500,463768,42434.77
600638,新黄浦,2026-06-05,5.3800,5.4900,5.3500,5.3600,72646,3893.83
600639,浦东金桥,2026-06-05,9.7300,9.8100,9.6500,9.6700,27934,2701.22
600640,国脉文化,2026-06-05,11.1300,11.3400,10.8800,11.1300,77327,8606.50
600641,先导基电,2026-06-05,26.4600,26.6100,25.5700,25.7000,413809,106348.91
600642,申能股份,2026-06-05,10.1000,10.2400,9.6600,9.7000,468976,45490.67
600643,爱建集团,2026-06-05,4.1600,4.2200,4.1400,4.1600,100629,4186.17
600644,乐山电力,2026-06-05,11.5300,11.9000,11.2200,11.2300,276596,31061.73
600645,中源协和,2026-06-05,19.8800,20.7200,19.7200,19.8300,168559,33425.25
600648,外高桥,2026-06-05,9.2300,9.3100,9.0500,9.1500,23068,2110.72
600649,城投控股,2026-06-05,3.7400,3.8300,3.7400,3.7500,172718,6476.93
600650,锦江在线,2026-06-05,10.6900,10.8400,10.5600,10.7500,32716,3516.97
600651,飞乐音响,2026-06-05,6.3800,6.4200,6.2300,6.2900,182985,11509.76
600653,申华控股,2026-06-05,1.6900,1.7200,1.6900,1.7100,212479,3633.39
600654,中安科,2026-06-05,3.1800,3.2300,3.1100,3.1800,639902,20348.88
600655,豫园股份,2026-06-05,4.5500,4.6400,4.5400,4.5700,110443,5047.25
600657,信达地产,2026-06-05,2.7600,2.8600,2.7400,2.7600,247638,6834.81
600658,电子城,2026-06-05,4.4700,4.6000,4.4200,4.5200,124176,5612.76
600660,福耀玻璃,2026-06-05,53.4200,53.9700,53.2000,53.6000,83960,45002.56
600661,昂立教育,2026-06-05,8.0100,8.2700,7.9700,8.2000,46359,3801.44
600662,外服控股,2026-06-05,4.3600,4.4200,4.3500,4.3800,107545,4710.47
600663,陆家嘴,2026-06-05,7.0500,7.1800,7.0000,7.0200,86150,6047.73
600664,哈药股份,2026-06-05,3.2000,3.2700,3.1700,3.1800,424456,13497.70
600665,天地源,2026-06-05,3.4500,3.6300,3.4500,3.5100,229936,8070.75
600666,奥瑞德,2026-06-05,4.5900,4.6900,4.5200,4.6300,1432384,66319.38
600667,太极实业,2026-06-05,16.3000,17.1800,15.9700,16.1500,4285252,692068.20
600668,尖峰集团,2026-06-05,7.6600,7.8600,7.6300,7.7400,51215,3964.04
600671,天目药业,2026-06-05,16.6500,17.2000,16.6500,16.9400,17523,2968.40
600673,东阳光,2026-06-05,33.1200,34.6800,31.5900,33.1700,764741,253664.59
600674,川投能源,2026-06-05,15.5100,15.7100,15.0600,15.1500,436515,66132.02
600675,中华企业,2026-06-05,2.4000,2.4600,2.3900,2.4000,262722,6305.33
600676,交运股份,2026-06-05,6.3700,6.4100,6.2800,6.3400,83098,5268.41
600678,ST金顶,2026-06-05,6.3900,6.6300,6.2600,6.4000,218405,13977.92
600679,上海凤凰,2026-06-05,10.7300,11.1000,10.4200,10.5700,105923,11196.06
600681,百川能源,2026-06-05,3.7200,3.7500,3.6600,3.6700,167424,6144.46
600682,南京新百,2026-06-05,5.9000,6.0800,5.8000,5.8600,187117,10965.06
600683,京投发展,2026-06-05,15.2300,15.8400,14.6800,15.4800,350270,54221.80
600684,珠江股份,2026-06-05,3.5000,3.6000,3.4800,3.5600,201070,7158.09
600685,中船防务,2026-06-05,27.5600,27.7500,26.9900,27.1500,112358,30505.20
600686,金龙汽车,2026-06-05,12.6500,12.8300,12.4000,12.6500,218319,27617.35
600688,上海石化,2026-06-05,3.6800,3.7200,3.4100,3.4900,7379587,257547.59
600689,上海三毛,2026-06-05,11.2000,11.4100,11.0000,11.3000,31663,3577.92
600690,海尔智家,2026-06-05,20.3600,20.6900,20.2900,20.3100,339541,68960.78
600691,潞化科技,2026-06-05,2.6400,2.7100,2.6400,2.6600,298514,7940.47
600692,亚通股份,2026-06-05,6.5000,6.6600,6.4400,6.6200,48014,3178.53
600693,东百集团,2026-06-05,9.8400,10.8100,9.8000,10.3500,1172835,121388.42
600694,大商股份,2026-06-05,14.4000,14.8300,14.4000,14.6400,45313,6633.82
600696,退市岩石,2026-06-05,0.7200,0.7600,0.6800,0.6800,52697,358.34
600697,欧亚集团,2026-06-05,10.9800,11.4500,10.9400,11.3100,50985,5766.40
600698,湖南天雁,2026-06-05,6.3300,6.4400,6.2700,6.3600,82373,5238.92
600699,均胜电子,2026-06-05,26.5000,27.2400,25.1600,26.4000,565593,149316.55
600702,舍得酒业,2026-06-05,40.6000,42.8600,40.6000,40.8300,84419,34468.28
600703,三安光电,2026-06-05,17.0600,17.6000,16.6800,16.9100,4611966,779883.45
600704,物产中大,2026-06-05,4.7800,4.8800,4.7800,4.8400,418394,20250.27
600706,曲江文旅,2026-06-05,7.9500,8.1700,7.8700,8.0900,57704,4668.25
600707,彩虹股份,2026-06-05,10.8500,12.0500,10.4000,11.7100,3947578,462261.38
600708,光明地产,2026-06-05,3.0800,3.1500,3.0400,3.0800,294385,9067.06
600710,苏美达,2026-06-05,11.3300,11.6800,11.3100,11.4800,95576,10972.12
600711,盛屯矿业,2026-06-05,12.1000,12.3500,11.8600,11.9000,772796,91962.72
600712,南宁百货,2026-06-05,5.6500,5.8400,5.6000,5.7000,72083,4108.73
600713,南京医药,2026-06-05,4.9700,5.0600,4.9700,5.0200,67739,3400.50
600714,金瑞矿业,2026-06-05,29.5000,32.9000,28.5000,32.9000,219025,72059.23
600715,文投控股,2026-06-05,1.8600,1.8900,1.8600,1.8700,124622,2330.43
600716,凤凰股份,2026-06-05,3.6000,3.6600,3.5500,3.6100,66801,2411.52
600717,天津港,2026-06-05,4.4100,4.4900,4.4000,4.4300,183589,8132.99
600718,东软集团,2026-06-05,8.0600,8.3300,8.0000,8.1900,121957,9988.28
600719,大连热电,2026-06-05,9.0000,9.0800,8.4300,8.5300,333525,28449.68
600720,中交设计,2026-06-05,5.9000,5.9600,5.8700,5.9000,68799,4059.14
600721,百花医药,2026-06-05,7.1100,7.2400,6.9700,7.0800,63520,4497.22
600722,金牛化工,2026-06-05,10.2300,10.3600,9.9800,10.1600,208041,21136.97
600724,宁波富达,2026-06-05,6.5300,6.6100,6.3800,6.5500,76102,4984.68
600725,云维股份,2026-06-05,4.0200,4.0700,3.9500,4.0000,169354,6774.16
600726,华电能源,2026-06-05,10.1800,10.6000,9.3500,9.3500,4284526,400603.18
600727,鲁北化工,2026-06-05,8.3000,8.3800,7.6900,8.2800,461320,38197.30
600728,佳都科技,2026-06-05,4.6800,4.8100,4.6600,4.7300,258460,12225.16
600729,重百集团,2026-06-05,19.3300,20.2200,19.3100,19.6500,32549,6395.88
600730,*ST高科,2026-06-05,14.4000,14.4800,13.6300,13.6300,243934,33248.20
600731,湖南海利,2026-06-05,5.5000,5.6100,5.4800,5.5800,61362,3424.00
600732,爱旭股份,2026-06-05,11.6000,11.6200,11.1800,11.2100,305488,34245.20
600733,北汽蓝谷,2026-06-05,5.8800,6.0200,5.7600,5.9100,956696,56540.73
600734,*ST实达,2026-06-05,2.0900,2.1800,2.0600,2.1300,633428,13492.02
600735,ST新华锦,2026-06-05,6.3200,6.5200,6.2300,6.4000,88655,5673.92
600736,苏州高新,2026-06-05,7.0800,7.3400,7.0400,7.2400,625166,45262.02
600737,中粮糖业,2026-06-05,14.4500,15.1000,14.3700,14.4700,384215,55595.91
600738,丽尚国潮,2026-06-05,4.1700,4.3200,4.1600,4.2400,99375,4213.50
600739,辽宁成大,2026-06-05,10.3500,10.4800,10.2800,10.2900,98783,10164.77
600740,山西焦化,2026-06-05,4.1000,4.1900,4.0800,4.1100,524775,21568.25
600741,华域汽车,2026-06-05,16.8300,17.1500,16.8300,16.9300,161581,27355.66
600742,富维股份,2026-06-05,7.9600,8.0200,7.8800,7.9000,43283,3419.36
600743,华远控股,2026-06-05,2.4100,2.5900,2.4100,2.4900,1056556,26308.24
600744,华银电力,2026-06-05,8.7500,9.0500,8.0400,8.0800,2080643,168115.95
600745,*ST闻泰,2026-06-05,19.5400,21.6000,19.5400,21.3900,1137153,243237.03
600746,江苏索普,2026-06-05,6.1800,6.3700,6.1700,6.2900,104817,6592.99
600748,上实发展,2026-06-05,4.3000,4.4000,4.2200,4.2500,205709,8742.63
600749,西藏旅游,2026-06-05,14.8000,15.1700,14.7600,14.9900,67167,10068.33
600750,华润江中,2026-06-05,25.7700,26.5000,25.6000,25.9200,38593,10003.31
600751,海航科技,2026-06-05,3.2300,3.3300,3.2100,3.2700,405996,13276.07
600753,*ST海钦,2026-06-05,12.4800,12.5000,11.9200,11.9700,21902,2621.67
600754,锦江酒店,2026-06-05,20.0000,20.5800,20.0000,20.1100,127702,25680.87
600755,厦门国贸,2026-06-05,5.7600,5.8400,5.7300,5.7300,162894,9333.83
600756,浪潮软件,2026-06-05,13.7400,13.9600,13.4300,13.7500,61018,8389.98
600757,长江传媒,2026-06-05,7.9300,8.0600,7.9000,8.0100,61662,4939.13
600758,辽宁能源,2026-06-05,5.0400,5.1800,4.7500,4.8000,1515747,72755.86
600759,ST洲际,2026-06-05,2.7900,2.9700,2.7300,2.8800,3025376,87130.83
600760,中航沈飞,2026-06-05,41.2400,41.3700,40.4100,40.5000,196690,79659.45
600761,安徽合力,2026-06-05,17.0500,17.3200,16.9000,17.0100,120890,20563.39
600763,通策医疗,2026-06-05,35.0000,35.6900,34.9400,35.0000,57221,20027.35
600764,中国海防,2026-06-05,20.6600,20.7400,20.2500,20.3000,55619,11290.66
600765,中航重机,2026-06-05,13.7900,14.0400,13.7200,13.8000,157737,21767.71
600768,宁波富邦,2026-06-05,15.9600,16.2800,15.5600,16.0600,43153,6930.37
600769,祥龙电业,2026-06-05,15.7900,16.6800,15.1000,16.0200,294089,47113.06
600770,综艺股份,2026-06-05,6.0900,6.1400,5.9000,6.0200,328938,19802.07
600771,广誉远,2026-06-05,14.7400,14.9100,14.5600,14.5700,62032,9038.06
600773,西藏城投,2026-06-05,15.2500,15.7300,14.4900,15.3000,381439,58360.17
600774,汉商集团,2026-06-05,7.0600,7.3600,7.0600,7.2800,46861,3411.48
600775,南京熊猫,2026-06-05,10.6600,11.0300,10.5500,10.8500,172372,18702.36
600776,东方通信,2026-06-05,14.5300,15.9400,14.3800,15.9400,287798,45875.00
600777,*ST新潮,2026-06-05,5.6500,5.7900,5.6200,5.7000,151579,8640.00
600778,友好集团,2026-06-05,5.8100,5.9700,5.7700,5.9400,87981,5226.07
600779,水井坊,2026-06-05,31.4700,32.5000,31.2500,31.4600,91148,28675.16
600780,通宝能源,2026-06-05,7.5000,7.6500,7.0300,7.0800,439153,31092.03
600782,XD新钢股,2026-06-05,2.6700,2.7000,2.6400,2.6700,327295,8738.78
600783,鲁信创投,2026-06-05,24.0100,24.7600,23.4000,23.5900,432352,101991.84
600784,鲁银投资,2026-06-05,7.4200,7.6200,7.2400,7.5800,151712,11499.77
600785,新华百货,2026-06-05,15.2000,15.7500,15.2000,15.3300,57124,8757.11
600787,中储股份,2026-06-05,4.6500,4.7300,4.6400,4.6800,158784,7431.09
600789,鲁抗医药,2026-06-05,7.3800,7.4300,7.3100,7.3300,88627,6496.36
600790,轻纺城,2026-06-05,3.9100,4.0400,3.8900,4.0000,185908,7436.32
600791,京能置业,2026-06-05,15.4000,15.4000,14.5100,14.7400,145511,21448.32
600792,云煤能源,2026-06-05,4.5400,4.7300,4.4800,4.5400,548593,24906.12
600793,宜宾纸业,2026-06-05,13.6700,13.7000,13.1700,13.5000,33737,4554.50
600794,保税科技,2026-06-05,3.1700,3.2800,3.1600,3.2400,113536,3678.57
600795,国电电力,2026-06-05,5.1700,5.2300,5.0500,5.0700,2719603,137883.87
600796,钱江生化,2026-06-05,5.2400,5.3600,5.1700,5.2900,54930,2905.80
600797,浙大网新,2026-06-05,7.5600,7.9300,7.5400,7.6700,347180,26628.71
600798,宁波海运,2026-06-05,3.5500,3.8400,3.5500,3.7000,748495,27694.32
600800,渤海化学,2026-06-05,3.7600,4.0000,3.6800,3.8400,292038,11214.26
600801,华新建材,2026-06-05,19.0000,20.0600,18.9500,19.7100,194210,38278.79
600802,福建水泥,2026-06-05,4.9500,5.0300,4.8400,4.9900,60777,3032.77
600803,新奥股份,2026-06-05,19.2000,19.4100,19.1000,19.2100,74497,14310.87
600805,悦达投资,2026-06-05,4.5800,4.6600,4.5600,4.6200,101345,4682.14
600807,济高发展,2026-06-05,2.7900,2.7900,2.6600,2.7100,342972,9294.54
600808,马钢股份,2026-06-05,2.8600,2.9000,2.8300,2.8400,542854,15417.05
600809,山西汾酒,2026-06-05,123.2200,124.4000,121.0100,122.0300,81294,99203.07
600810,神马股份,2026-06-05,5.7700,5.9000,5.6600,5.8200,133167,7750.32
600812,华北制药,2026-06-05,4.3600,4.4700,4.3600,4.4300,121281,5372.75
600814,杭州解百,2026-06-05,6.9500,7.1800,6.9300,7.0100,65216,4571.64
600815,厦工股份,2026-06-05,3.3200,3.3500,3.2300,3.2800,350338,11491.09
600816,建元信托,2026-06-05,2.9000,2.9100,2.7900,2.8100,811249,22796.10
600817,宇通重工,2026-06-05,9.8600,9.9400,9.7200,9.8100,24543,2407.67
600818,ST中路,2026-06-05,5.7100,5.9600,5.5400,5.8300,105611,6157.12
600819,耀皮玻璃,2026-06-05,6.3900,7.0400,6.3800,7.0400,240639,16940.99
600820,隧道股份,2026-06-05,5.5900,5.6300,5.5000,5.5100,205540,11325.25
600821,金开新能,2026-06-05,8.5000,8.8000,8.0100,8.0500,2427157,195386.14
600822,上海物贸,2026-06-05,8.6300,8.9200,8.6200,8.8000,24882,2189.62
600824,益民集团,2026-06-05,3.7000,3.8200,3.7000,3.7400,75037,2806.38
600825,新华传媒,2026-06-05,4.8900,5.0900,4.8800,4.9500,83291,4122.90
600826,兰生股份,2026-06-05,8.6800,9.0100,8.6800,8.8300,55780,4925.37
600827,百联股份,2026-06-05,8.0700,8.3300,8.0700,8.1600,114325,9328.92
600828,茂业商业,2026-06-05,4.9200,5.4500,4.8400,5.1300,1039803,53341.89
600829,人民同泰,2026-06-05,8.5200,8.7500,8.5200,8.6100,49035,4221.91
600830,香溢融通,2026-06-05,7.8100,7.9600,7.7200,7.8900,73515,5800.33
600831,广电网络,2026-06-05,3.5900,3.6600,3.5200,3.5900,167865,6026.35
600833,第一医药,2026-06-05,10.1900,10.3800,10.1100,10.3200,21728,2242.33
600834,申通地铁,2026-06-05,7.2800,7.4500,7.2600,7.3800,15316,1130.32
600835,上海机电,2026-06-05,21.7800,22.5000,21.1800,21.9900,95310,20958.67
600838,上海九百,2026-06-05,7.9100,8.1900,7.9000,8.0000,94539,7563.12
600839,四川长虹,2026-06-05,7.0200,7.2800,6.9500,7.1200,890004,63368.28
600841,动力新科,2026-06-05,7.3800,7.7200,7.3700,7.4100,255374,18923.21
600843,上工申贝,2026-06-05,7.3900,7.7000,7.3000,7.5300,102899,7748.29
600844,金煤科技,2026-06-05,2.9700,3.0200,2.8900,2.9700,260478,7736.20
600845,宝信软件,2026-06-05,19.3100,19.4900,18.9900,19.3200,141588,27354.80
600846,同济科技,2026-06-05,11.8400,11.8400,11.3300,11.3900,52499,5979.64
600847,万里股份,2026-06-05,14.9800,15.3900,14.5500,15.0000,36072,5410.80
600848,上海临港,2026-06-05,8.6200,8.6500,8.4100,8.5500,126406,10807.71
600850,电科数字,2026-06-05,20.5500,21.1800,19.9100,20.9000,238598,49866.98
600851,海欣股份,2026-06-05,7.4400,7.5700,7.3400,7.4500,65046,4845.93
600853,龙建股份,2026-06-05,3.4900,3.6400,3.4900,3.6300,112094,4069.01
600854,春兰股份,2026-06-05,4.7500,4.8400,4.6900,4.7800,93669,4477.38
600855,航天长峰,2026-06-05,15.1300,15.6400,14.9600,15.3500,142810,21921.34
600857,宁波中百,2026-06-05,15.9000,16.8800,15.0000,15.3900,177095,27254.92
600858,银座股份,2026-06-05,4.9500,5.1300,4.9500,5.0700,103928,5269.15
600859,王府井,2026-06-05,10.5000,11.2000,10.5000,10.6500,224055,23861.86
600860,京城股份,2026-06-05,8.9900,9.2400,8.8100,9.0900,81391,7398.44
600861,北京人力,2026-06-05,14.1100,14.3500,14.0600,14.2500,15404,2195.07
600862,中航高科,2026-06-05,17.7100,18.0600,17.5300,17.8400,147924,26389.64
600863,华能蒙电,2026-06-05,6.8000,7.0800,6.1900,6.2300,4402007,274245.04
600864,哈投股份,2026-06-05,5.3700,5.4300,5.3100,5.3100,216896,11517.18
600865,百大集团,2026-06-05,10.0000,10.9200,9.9100,10.1800,260769,26546.28
600866,星湖科技,2026-06-05,4.8300,4.8700,4.7800,4.8200,219176,10564.28
600867,XD通化东,2026-06-05,8.0400,8.0700,7.9000,7.9000,213020,16828.58
600868,梅雁吉祥,2026-06-05,3.7100,3.7600,3.5300,3.5400,2786630,98646.70
600869,远东股份,2026-06-05,26.5100,29.1500,26.1500,28.5100,1752854,499738.68
600871,石化油服,2026-06-05,2.3000,2.3400,2.2900,2.3100,1089541,25168.40
600872,中炬高新,2026-06-05,18.4000,18.6000,17.8000,17.9700,182309,32760.93
600873,梅花生物,2026-06-05,9.2500,9.2700,9.1400,9.1700,150773,13825.88
600874,创业环保,2026-06-05,5.6500,5.7600,5.6300,5.6900,75397,4290.09
600875,东方电气,2026-06-05,34.3500,34.5200,32.7200,32.8800,568041,186771.88
600876,凯盛新能,2026-06-05,8.4100,9.2800,8.2800,8.9100,118150,10527.17
600877,电科芯片,2026-06-05,13.8300,14.2700,13.4000,14.0200,228155,31987.33
600879,航天电子,2026-06-05,20.0400,21.6800,20.0000,21.5400,2560124,551450.71
600880,博瑞传播,2026-06-05,4.1900,4.3400,4.1500,4.2400,202584,8589.56
600881,亚泰集团,2026-06-05,1.5000,1.6500,1.5000,1.6500,1614867,26645.31
600882,妙可蓝多,2026-06-05,18.1600,18.5700,17.8600,18.0600,82720,14939.23
600883,博闻科技,2026-06-05,8.1300,8.3800,7.9500,8.2500,52744,4351.38
600884,杉杉股份,2026-06-05,13.5800,14.0800,13.4100,13.6900,715077,97894.04
600885,宏发股份,2026-06-05,34.8700,34.8900,33.3000,33.3200,177243,59057.37
600886,国投电力,2026-06-05,14.0700,14.2700,13.7000,13.7400,379753,52178.06
600887,XD伊利股,2026-06-05,25.7200,26.2500,25.5900,25.6700,616359,158219.36
600888,新疆众和,2026-06-05,10.8700,11.7000,10.5800,11.0500,799620,88358.01
600889,*ST京化,2026-06-05,15.6200,16.1900,15.3800,15.8800,37704,5987.40
600892,*ST大晟,2026-06-05,3.7000,3.7300,3.6400,3.6700,49158,1804.10
600893,航发动力,2026-06-05,42.2400,43.3200,42.0000,42.3700,298978,126676.98
600894,广日股份,2026-06-05,8.9100,9.0400,8.8100,8.8600,53269,4719.63
600895,张江高科,2026-06-05,32.5100,33.0800,31.3400,32.1800,329493,106030.85
600897,厦门空港,2026-06-05,14.6900,15.3200,14.6000,15.1400,34994,5298.09
600900,长江电力,2026-06-05,27.7200,28.1000,27.5100,27.6100,1094136,302090.95
600901,江苏金租,2026-06-05,6.5400,6.6400,6.4200,6.4500,262062,16903.00
600903,贵州燃气,2026-06-05,8.6500,8.9100,8.3300,8.6600,448816,38867.47
600905,三峡能源,2026-06-05,4.3100,4.3400,4.1800,4.2100,2436827,102590.42
600906,财达证券,2026-06-05,6.6800,7.0900,6.6700,6.8700,1029170,70703.98
600908,无锡银行,2026-06-05,5.4200,5.5100,5.3900,5.4300,95238,5171.42
600909,华安证券,2026-06-05,7.3900,7.5200,7.2400,7.2800,1658632,120748.41
600916,中国黄金,2026-06-05,7.8100,7.8500,7.7300,7.7600,213605,16575.75
600917,重庆燃气,2026-06-05,5.1300,5.1800,5.1100,5.1400,36751,1889.00
600918,中泰证券,2026-06-05,5.3300,5.3900,5.2900,5.3000,335093,17759.93
600919,江苏银行,2026-06-05,11.2700,11.4700,11.2500,11.3800,856667,97488.70
600925,苏能股份,2026-06-05,4.8500,4.9100,4.8100,4.8300,252449,12193.29
600926,杭州银行,2026-06-05,15.7600,16.0100,15.7200,15.8500,352786,55916.58
600927,永安期货,2026-06-05,13.2000,13.2200,12.8700,12.8900,63909,8237.87
600928,西安银行,2026-06-05,3.4700,3.5400,3.4600,3.5200,211155,7432.66
600929,雪天盐业,2026-06-05,5.1700,5.3400,5.1100,5.2100,161618,8420.30
600930,华电新能,2026-06-05,6.1200,6.1900,6.0500,6.0600,1450182,87881.03
600933,爱柯迪,2026-06-05,15.3700,15.7500,14.9300,15.3900,217088,33409.84
600935,华塑股份,2026-06-05,2.3600,2.4000,2.3500,2.3700,152399,3611.86
600936,北投科技,2026-06-05,6.1500,6.2300,5.7000,5.9800,1476681,88305.52
600938,中国海油,2026-06-05,34.9500,35.7400,34.8100,35.1800,379178,133394.82
600939,重庆建工,2026-06-05,2.9500,3.0500,2.9100,2.9200,227886,6654.27
600941,XD中国移,2026-06-05,98.1100,98.4800,97.0000,97.3300,76090,74058.40
600955,XD维远股,2026-06-05,15.5700,15.8400,15.3000,15.6000,42904,6693.02
600956,新天绿能,2026-06-05,9.3400,9.5000,8.6700,8.7200,392349,34212.83
600958,东方证券,2026-06-05,8.9900,9.0700,8.9600,8.9800,337641,30320.16
600959,江苏有线,2026-06-05,3.3800,3.4500,3.3800,3.4000,381287,12963.76
600960,渤海汽车,2026-06-05,4.3500,4.4400,4.2500,4.3600,162543,7086.87
600961,株冶集团,2026-06-05,25.1400,25.2500,24.3000,24.4200,294048,71806.52
600962,国投中鲁,2026-06-05,24.4000,24.4800,23.5000,24.2000,41851,10127.94
600963,岳阳林纸,2026-06-05,3.8500,3.8700,3.7700,3.8000,237047,9007.79
600965,*ST福成,2026-06-05,3.0500,3.0900,2.9800,3.0100,74853,2253.08
600966,博汇纸业,2026-06-05,5.7900,6.0700,5.7800,5.9500,161310,9597.95
600967,内蒙一机,2026-06-05,11.9200,12.2000,11.8200,12.0400,154772,18634.55
600968,海油发展,2026-06-05,3.9900,4.0400,3.9500,3.9600,362887,14370.33
600969,郴电国际,2026-06-05,10.8000,10.8400,10.3300,10.4300,130142,13573.81
600970,中材国际,2026-06-05,9.0000,9.1900,8.9700,9.0500,263465,23843.58
600971,恒源煤电,2026-06-05,8.3800,8.6200,8.2700,8.3800,292215,24487.62
600973,宝胜股份,2026-06-05,6.9300,7.6200,6.8800,7.6200,932844,71082.71
600975,新五丰,2026-06-05,4.8200,4.8800,4.7500,4.8200,81110,3909.50
600976,健民集团,2026-06-05,28.0000,28.3900,27.6500,28.0700,15920,4468.74
600977,中国电影,2026-06-05,14.5000,14.7400,14.2100,14.2900,326654,46678.86
600979,广安爱众,2026-06-05,5.1900,5.4600,5.1200,5.1800,974201,50463.61
600980,北矿科技,2026-06-05,21.0100,21.8600,20.5200,21.2000,41305,8756.66
600981,苏豪汇鸿,2026-06-05,2.6800,2.7000,2.5500,2.5800,614539,15855.11
600982,宁波能源,2026-06-05,6.7000,6.9500,6.2900,6.3600,819190,52100.48
600983,惠而浦,2026-06-05,8.5800,8.6900,8.5500,8.6100,21179,1823.51
600984,建设机械,2026-06-05,4.2900,4.6200,4.1800,4.3800,655747,28721.72
600985,淮北矿业,2026-06-05,16.5700,17.3000,16.3300,17.0900,528918,90392.09
600986,浙文互联,2026-06-05,8.2800,8.3400,7.9500,8.2100,735730,60403.43
600987,航民股份,2026-06-05,6.5100,6.5900,6.4900,6.5100,30838,2007.55
600988,赤峰黄金,2026-06-05,32.0200,32.1800,31.1500,31.3600,322847,101244.82
600989,宝丰能源,2026-06-05,23.2100,23.9800,23.2100,23.4300,643151,150690.28
600990,四创电子,2026-06-05,18.6400,19.2500,18.3100,18.9700,46503,8821.62
600992,贵绳股份,2026-06-05,12.1000,12.4200,11.8500,12.2800,91444,11229.32
600993,马应龙,2026-06-05,23.3600,24.0200,23.3300,24.0000,44348,10643.52
600995,南网储能,2026-06-05,15.6600,16.4800,15.1300,15.1300,542202,82035.16
600996,贵广网络,2026-06-05,8.5400,9.3800,8.3800,9.3800,566988,53183.47
600997,开滦股份,2026-06-05,5.8400,5.9400,5.7600,5.8700,182906,10736.58
600998,九州通,2026-06-05,4.9700,5.0200,4.9300,4.9700,299604,14890.32
600999,招商证券,2026-06-05,17.1300,17.3400,16.8600,16.8900,565135,95451.30
601000,唐山港,2026-06-05,4.3000,4.4100,4.2800,4.3100,397850,17147.34
601001,晋控煤业,2026-06-05,22.0200,22.6300,21.3500,22.0000,478821,105340.62
601002,晋亿实业,2026-06-05,5.0500,5.2500,4.9700,5.1100,195002,9964.60
601003,XD柳钢股,2026-06-05,3.7500,3.7900,3.7000,3.7700,184694,6962.96
601005,重庆钢铁,2026-06-05,1.2900,1.3100,1.2800,1.2900,620375,8002.84
601006,大秦铁路,2026-06-05,5.1300,5.1700,5.1300,5.1700,772121,39918.66
601007,金陵饭店,2026-06-05,6.5900,6.7600,6.5900,6.7300,62072,4177.45
601008,连云港,2026-06-05,4.6300,4.7500,4.6300,4.7000,138913,6528.91
601009,南京银行,2026-06-05,11.0300,11.2400,11.0300,11.1600,407062,45428.12
601010,ST文峰,2026-06-05,1.7200,1.7600,1.6800,1.7000,455163,7737.77
601011,宝泰隆,2026-06-05,3.1600,3.4200,3.1200,3.2900,1327315,43668.66
601012,隆基绿能,2026-06-05,13.3400,13.4300,13.0300,13.1300,1259114,165321.67
601015,陕西黑猫,2026-06-05,4.1000,4.2700,4.0100,4.0500,1227286,49705.08
601016,节能风电,2026-06-05,4.8500,4.9800,4.6100,4.6300,4727239,218871.17
601018,宁波港,2026-06-05,3.3900,3.4400,3.3900,3.4000,566326,19255.08
601019,山东出版,2026-06-05,6.9500,7.0500,6.9200,6.9800,53390,3726.62
601020,华钰矿业,2026-06-05,24.8100,24.9000,24.0800,24.1000,219101,52803.34
601021,春秋航空,2026-06-05,46.0000,46.5300,45.7000,45.9000,57264,26284.18
601022,宁波远洋,2026-06-05,8.0300,8.2200,8.0200,8.1100,49655,4027.02
601026,道生天合,2026-06-05,16.0600,16.0600,15.3800,15.3900,67065,10321.30
601033,永兴股份,2026-06-05,14.8000,14.8700,14.4200,14.4700,50107,7250.48
601038,一拖股份,2026-06-05,12.5500,12.7600,12.4800,12.5600,41209,5175.85
601058,XD赛轮轮,2026-06-05,12.3000,12.6000,12.1700,12.4200,328864,40844.91
601059,信达证券,2026-06-05,16.3400,16.3600,16.1200,16.1800,71190,11518.54
601061,中信金属,2026-06-05,12.4000,12.5200,12.0700,12.1100,142372,17241.25
601065,江盐集团,2026-06-05,7.7200,7.8200,7.6800,7.7800,26554,2065.90
601066,中信建投,2026-06-05,25.0700,25.1600,24.4600,24.5400,400597,98306.50
601068,中铝国际,2026-06-05,5.3200,5.4000,5.2100,5.2500,168888,8866.62
601069,西部黄金,2026-06-05,26.2700,26.5700,25.9100,26.0600,109705,28589.12
601077,渝农商行,2026-06-05,6.5700,6.6400,6.5300,6.6300,611245,40525.54
601083,锦江航运,2026-06-05,11.0900,11.3100,11.0800,11.1300,52893,5886.99
601086,国芳集团,2026-06-05,7.3000,7.9200,7.2700,7.3700,197658,14567.39
601088,中国神华,2026-06-05,48.7500,49.8000,48.5200,48.5200,358227,173811.74
601089,福元医药,2026-06-05,17.1400,17.3300,16.9900,17.1000,25581,4374.35
601096,宏盛华源,2026-06-05,4.8500,4.8900,4.7500,4.8100,205389,9879.21
601098,中南传媒,2026-06-05,11.1400,11.2900,11.1100,11.1700,68363,7636.15
601099,太平洋,2026-06-05,3.2400,3.2700,3.2200,3.2400,897838,29089.95
601100,恒立液压,2026-06-05,114.3000,120.5000,111.4500,117.2000,124374,145766.33
601101,昊华能源,2026-06-05,13.5000,13.8300,12.8900,13.5300,726653,98316.15
601106,中国一重,2026-06-05,3.6700,3.7400,3.6200,3.7000,611940,22641.78
601107,四川成渝,2026-06-05,6.0900,6.1200,5.9400,5.9600,108929,6492.17
601108,财通证券,2026-06-05,7.6600,7.7800,7.6200,7.6400,373090,28504.08
601111,中国国航,2026-06-05,6.5600,6.5800,6.4200,6.4700,783034,50662.30
601112,振石股份,2026-06-05,16.9800,17.2700,16.6300,17.0000,65827,11190.59
601113,华鼎股份,2026-06-05,3.9500,4.0500,3.8900,4.0000,113714,4548.56
601116,三江购物,2026-06-05,12.1500,13.1600,12.0700,12.1900,268752,32760.87
601117,中国化学,2026-06-05,7.5200,7.6300,7.4300,7.4600,790237,58951.68
601118,海南橡胶,2026-06-05,6.7000,6.9700,6.5500,6.6000,812755,53641.83
601121,宝地矿业,2026-06-05,6.3000,6.4100,6.2700,6.3300,100012,6330.76
601126,四方股份,2026-06-05,73.9600,74.5700,71.1900,72.0500,292031,210408.34
601127,赛力斯,2026-06-05,76.3000,76.8100,74.3500,75.0100,286047,214563.85
601128,常熟银行,2026-06-05,6.9800,7.0800,6.9800,7.0600,314619,22212.10
601133,柏诚股份,2026-06-05,28.0100,28.7700,27.3900,27.6000,207951,57394.48
601136,首创证券,2026-06-05,13.9900,14.1000,13.9000,13.9400,76967,10729.20
601137,博威合金,2026-06-05,23.0100,25.5100,22.3100,24.7800,797279,197565.74
601138,工业富联,2026-06-05,77.5000,78.2100,73.1000,74.0600,2616486,1937769.53
601139,深圳燃气,2026-06-05,6.5100,6.5600,6.4000,6.4300,245394,15778.83
601155,新城控股,2026-06-05,11.8400,12.1300,11.7000,11.7700,165459,19474.52
601156,东航物流,2026-06-05,16.6000,16.7600,16.4500,16.5600,56932,9427.94
601158,重庆水务,2026-06-05,4.2400,4.2700,4.2400,4.2500,74036,3146.53
601162,天风证券,2026-06-05,3.2200,3.2500,3.2000,3.2000,812865,26011.68
601163,三角轮胎,2026-06-05,13.7500,13.9400,13.7400,13.7900,29327,4044.19
601166,兴业银行,2026-06-05,18.3200,18.6600,18.3200,18.6000,1172000,217992.00
601168,西部矿业,2026-06-05,31.2600,31.9800,30.3300,30.5300,424209,129511.01
601169,北京银行,2026-06-05,5.0800,5.1500,5.0700,5.1400,968827,49797.71
601177,杭齿前进,2026-06-05,14.2100,15.6400,13.8200,14.8300,228583,33898.86
601179,中国西电,2026-06-05,15.5000,15.5300,15.0000,15.0300,1587171,238551.80
601186,中国铁建,2026-06-05,6.3100,6.4100,6.3100,6.3600,403604,25669.21
601187,厦门银行,2026-06-05,7.2300,7.3700,7.1600,7.3400,134266,9855.12
601188,龙江交通,2026-06-05,3.1000,3.2600,3.0800,3.1900,228583,7291.80
601198,东兴证券,2026-06-05,12.7900,12.8800,12.5000,12.5400,223920,28079.57
601199,江南水务,2026-06-05,5.5200,5.6000,5.4000,5.5000,112375,6180.63
601200,上海环境,2026-06-05,7.4900,7.5700,7.4400,7.4800,62160,4649.57
601208,东材科技,2026-06-05,59.1600,60.0000,56.0700,56.7600,813662,461834.55
601211,国泰海通,2026-06-05,16.2400,16.4800,16.2200,16.2500,1120908,182147.55
601212,白银有色,2026-06-05,6.1700,6.2100,6.0000,6.0400,937315,56613.83
601216,君正集团,2026-06-05,5.0100,5.1800,5.0000,5.0900,638331,32491.05
601218,吉鑫科技,2026-06-05,5.0700,5.1400,4.9300,5.0800,294657,14968.58
601222,林洋能源,2026-06-05,6.3900,6.4800,6.1800,6.2000,476770,29559.74
601225,陕西煤业,2026-06-05,27.3400,28.0800,27.0100,27.1400,519826,141080.78
601226,华电科工,2026-06-05,7.4500,7.5100,7.3000,7.4300,112272,8341.81
601228,广州港,2026-06-05,3.0600,3.1000,3.0500,3.0600,206216,6310.21
601229,上海银行,2026-06-05,9.2300,9.4100,9.2200,9.3200,419368,39085.10
601231,环旭电子,2026-06-05,45.2500,45.8700,42.4200,42.6600,768625,327895.43
601233,桐昆股份,2026-06-05,20.5200,21.9400,20.3900,21.0100,633822,133166.00
601236,红塔证券,2026-06-05,6.8600,6.9200,6.8000,6.8200,106350,7253.07
601238,广汽集团,2026-06-05,6.1500,6.1800,6.0400,6.1000,200095,12205.80
601279,英利汽车,2026-06-05,3.5100,3.5900,3.4400,3.5500,106789,3791.01
601288,农业银行,2026-06-05,6.3100,6.4000,6.3100,6.3600,2581888,164208.08
601298,青岛港,2026-06-05,9.3900,9.5400,9.3200,9.3800,96516,9053.20
601311,骆驼股份,2026-06-05,8.3700,8.5100,8.2800,8.4000,135615,11391.66
601318,中国平安,2026-06-05,53.3000,54.5800,53.2400,53.4800,937165,501195.84
601319,中国人保,2026-06-05,6.5800,6.7900,6.5600,6.5700,842390,55345.02
601326,秦港股份,2026-06-05,3.4100,3.4800,3.3900,3.4000,217905,7408.77
601328,交通银行,2026-06-05,6.7400,6.8400,6.7300,6.8300,1863119,127251.03
601330,绿色动力,2026-06-05,8.8700,9.0200,8.3300,8.3600,314489,26291.28
601333,广深铁路,2026-06-05,3.0900,3.1300,3.0800,3.0800,535780,16502.02
601336,新华保险,2026-06-05,56.2400,58.7700,56.1500,56.3500,319452,180011.20
601339,百隆东方,2026-06-05,7.1800,7.3000,7.1200,7.1800,80918,5809.91
601360,XD三六零,2026-06-05,9.8800,9.9500,9.6600,9.7900,668084,65405.42
601366,利群股份,2026-06-05,3.6700,3.7900,3.6700,3.7500,112330,4212.38
601368,XD绿城水,2026-06-05,4.4300,4.5000,4.4000,4.4800,49436,2214.73
601369,陕鼓动力,2026-06-05,9.1000,9.1800,8.7800,8.8300,162462,14345.39
601375,中原证券,2026-06-05,3.9700,4.0400,3.9500,3.9600,290658,11510.06
601377,兴业证券,2026-06-05,5.8100,5.8800,5.8000,5.8400,768087,44856.28
601388,怡球资源,2026-06-05,3.3500,3.3900,3.3000,3.3200,361761,12010.47
601390,中国中铁,2026-06-05,4.6500,4.7200,4.6500,4.6900,841559,39469.12
601398,工商银行,2026-06-05,7.2400,7.3500,7.2400,7.3400,2789481,204747.91
601399,国机重装,2026-06-05,3.8100,3.8500,3.7400,3.7600,842211,31667.13
601456,国联民生,2026-06-05,8.6500,8.7900,8.6000,8.7200,236858,20654.02
601500,通用股份,2026-06-05,4.1200,4.1900,4.1100,4.1500,131873,5472.73
601512,中新集团,2026-06-05,8.4800,8.9500,8.4000,8.6900,111656,9702.91
601515,衢州东峰,2026-06-05,3.9000,3.9500,3.8600,3.9100,166633,6515.35
601518,吉林高速,2026-06-05,3.1600,3.2300,3.1200,3.1900,318729,10167.46
601519,大智慧,2026-06-05,9.4800,9.5000,9.1600,9.1700,335666,30780.57
601528,瑞丰银行,2026-06-05,4.7200,4.7700,4.7000,4.7300,99315,4697.60
601555,东吴证券,2026-06-05,7.5500,7.6600,7.4900,7.5100,338046,25387.25
601566,九牧王,2026-06-05,11.0000,11.3900,10.8100,11.1900,178138,19933.64
601567,三星电气,2026-06-05,15.3700,15.6300,15.0700,15.3400,182958,28065.76
601568,北元化工,2026-06-05,3.7400,3.8000,3.7400,3.7600,140348,5277.08
601577,长沙银行,2026-06-05,9.4700,9.6100,9.4200,9.5600,142018,13576.92
601579,会稽山,2026-06-05,15.7300,16.5300,15.7300,15.8100,71123,11244.55
601588,北辰实业,2026-06-05,2.0200,2.1500,2.0000,2.0200,961585,19424.02
601595,上海电影,2026-06-05,19.5000,19.7500,19.2500,19.3300,42494,8214.09
601598,中国外运,2026-06-05,5.9500,6.0900,5.9500,6.0400,155500,9392.20
601599,浙文影业,2026-06-05,3.1400,3.2200,3.1200,3.1800,164804,5240.77
601600,中国铝业,2026-06-05,10.7000,11.0800,10.5100,10.6800,2686671,286936.46
601601,中国太保,2026-06-05,31.1200,31.9500,30.9500,31.0500,497121,154356.07
601606,长城军工,2026-06-05,32.0400,32.2600,31.4100,31.9800,108760,34781.45
601607,上海医药,2026-06-05,16.1100,16.2900,16.1100,16.2600,64541,10494.37
601608,中信重工,2026-06-05,5.3400,5.4700,5.2300,5.3800,481389,25898.73
601609,金田股份,2026-06-05,12.9000,13.0600,12.5800,12.6400,752443,95108.80
601611,中国核建,2026-06-05,11.2500,11.4300,11.0700,11.1000,301898,33510.68
601615,明阳智能,2026-06-05,14.6700,14.7100,13.8100,14.0800,961489,135377.65
601616,广电电气,2026-06-05,4.0300,4.0700,3.9200,4.0000,182050,7282.00
601618,中国中冶,2026-06-05,2.7300,2.8000,2.7300,2.7500,920696,25319.14
601619,嘉泽新能,2026-06-05,5.2500,5.3300,5.0100,5.0500,487210,24604.11
601628,中国人寿,2026-06-05,32.7000,34.1900,32.6600,32.8200,614130,201557.47
601633,长城汽车,2026-06-05,16.6600,16.8700,16.4800,16.7400,215952,36150.36
601636,旗滨集团,2026-06-05,6.4900,7.2200,6.4900,7.0300,2316250,162832.38
601658,邮储银行,2026-06-05,4.9400,4.9800,4.9200,4.9600,1112698,55189.82
601665,齐鲁银行,2026-06-05,5.9900,6.0900,5.9800,6.0100,402883,24213.27
601666,平煤股份,2026-06-05,9.2200,9.8200,9.1100,9.6700,1349899,130535.23
601668,中国建筑,2026-06-05,4.7000,4.7500,4.7000,4.7200,1374071,64856.15
601669,中国电建,2026-06-05,5.2000,5.2900,5.2000,5.2200,1401362,73151.10
601677,明泰铝业,2026-06-05,18.9300,18.9900,17.9800,18.1100,584656,105881.20
601678,滨化股份,2026-06-05,5.3300,5.4800,5.1200,5.3700,1019050,54722.99
601686,友发集团,2026-06-05,5.3000,5.3300,5.2400,5.2600,162671,8556.49
601688,华泰证券,2026-06-05,19.0300,19.4100,18.7500,18.8500,1009036,190203.29
601689,拓普集团,2026-06-05,67.0200,70.3700,64.4100,68.0000,759517,516471.56
601696,中银证券,2026-06-05,10.9900,11.0400,10.8200,10.8300,283545,30707.92
601698,中国卫通,2026-06-05,30.5100,32.0300,30.4300,32.0000,774958,247986.56
601699,潞安环能,2026-06-05,19.0000,19.4500,18.6800,18.8000,525891,98867.51
601700,风范股份,2026-06-05,5.1000,5.2800,5.0000,5.2100,174949,9114.84
601702,华峰铝业,2026-06-05,21.1000,21.1800,20.4800,20.5000,181067,37118.74
601717,中创智领,2026-06-05,18.4000,18.4000,18.0100,18.0800,155210,28061.97
601718,ST际华,2026-06-05,2.0000,2.0500,2.0000,2.0300,231910,4707.77
601727,上海电气,2026-06-05,7.9900,7.9900,7.8000,7.8400,1371375,107515.80
601728,中国电信,2026-06-05,6.0200,6.1900,6.0200,6.1100,1482556,90584.17
601766,中国中车,2026-06-05,5.6400,5.7800,5.6200,5.6600,2647545,149851.05
601777,千里科技,2026-06-05,10.4400,10.4800,10.0200,10.0500,441140,44334.57
601778,晶科科技,2026-06-05,5.6600,5.6900,5.3000,5.3300,2318918,123598.33
601788,光大证券,2026-06-05,13.8700,14.0500,13.8000,13.8300,276362,38220.86
601789,宁波建工,2026-06-05,4.7900,4.8400,4.7100,4.7600,333470,15873.17
601798,蓝科高新,2026-06-05,8.4400,8.5000,8.0000,8.1700,243929,19929.00
601799,星宇股份,2026-06-05,127.8800,129.4900,123.5000,125.7000,28375,35667.38
601800,中国交建,2026-06-05,6.2500,6.3900,6.2500,6.2800,473918,29762.05
601801,皖新传媒,2026-06-05,5.5600,5.6600,5.5500,5.6000,60590,3393.04
601808,中海油服,2026-06-05,12.8800,13.1500,12.8800,12.9500,171691,22233.98
601811,新华文轩,2026-06-05,12.8500,13.1800,12.8500,13.0100,37935,4935.34
601816,京沪高铁,2026-06-05,4.9500,5.0200,4.9300,4.9500,1373251,67975.92
601818,光大银行,2026-06-05,3.0900,3.1300,3.0800,3.1300,1890803,59182.13
601825,沪农商行,2026-06-05,8.6500,8.7700,8.6000,8.6600,124296,10764.03
601827,三峰环境,2026-06-05,8.1600,8.2400,7.9700,8.0000,117662,9412.96
601828,美凯龙,2026-06-05,2.3900,2.4500,2.3700,2.4400,350834,8560.35
601838,成都银行,2026-06-05,18.9000,19.3200,18.8900,19.0400,269265,51268.06
601857,中国石油,2026-06-05,10.6000,10.8000,10.5500,10.6100,1371556,145522.09
601858,中国科传,2026-06-05,23.6000,23.6700,22.7500,22.8700,66962,15314.21
601860,紫金银行,2026-06-05,2.6000,2.6400,2.5900,2.6100,314982,8221.03
601865,福莱特,2026-06-05,11.1200,11.3700,10.9800,11.1300,168178,18718.21
601866,中远海发,2026-06-05,2.4800,2.5300,2.4800,2.5000,700618,17515.45
601868,中国能建,2026-06-05,2.8500,2.9900,2.8500,2.8900,9182706,265380.20
601869,长飞光纤,2026-06-05,455.9500,487.1000,436.0100,441.6700,203175,897363.02
601872,招商轮船,2026-06-05,15.0400,15.2300,14.6700,14.8000,854314,126438.47
601877,XD正泰电,2026-06-05,27.5300,27.6200,26.9600,27.0900,198875,53875.24
601878,浙商证券,2026-06-05,9.1100,9.1800,9.0500,9.1000,212965,19379.82
601880,辽港股份,2026-06-05,1.5800,1.6100,1.5700,1.6000,1246320,19941.12
601881,中国银河,2026-06-05,12.1000,12.2400,12.0100,12.1000,292327,35371.57
601882,海天精工,2026-06-05,19.7600,21.1500,18.9400,20.5100,71999,14766.99
601886,江河集团,2026-06-05,8.4200,8.5600,8.3600,8.4800,50847,4311.83
601888,中国中免,2026-06-05,56.4600,60.2600,56.4600,57.2000,690050,394708.60
601890,亚星锚链,2026-06-05,9.0600,9.0800,8.8700,9.0000,198822,17893.98
601898,中煤能源,2026-06-05,17.1000,17.5400,16.8000,16.8400,474778,79952.62
601899,紫金矿业,2026-06-05,30.3000,30.8500,29.5300,29.6300,2716213,804813.91
601900,南方传媒,2026-06-05,11.7900,11.9500,11.7500,11.7900,34974,4123.43
601901,方正证券,2026-06-05,6.5200,6.5800,6.4500,6.5200,600655,39162.71
601908,京运通,2026-06-05,3.7300,3.7600,3.6500,3.6600,491410,17985.61
601916,浙商银行,2026-06-05,3.0600,3.1000,3.0500,3.0900,1559001,48173.13
601918,新集能源,2026-06-05,11.2300,11.2600,10.5000,10.6600,1040939,110964.10
601919,中远海控,2026-06-05,14.6400,15.2000,14.6200,15.0000,1584075,237611.25
601921,浙版传媒,2026-06-05,7.2800,7.4200,7.2600,7.3500,58178,4276.08
601928,凤凰传媒,2026-06-05,8.8200,8.9900,8.8200,8.9900,50183,4511.45
601929,吉视传媒,2026-06-05,2.5700,2.6200,2.5200,2.5900,775428,20083.59
601933,永辉超市,2026-06-05,3.4400,3.6100,3.4300,3.4600,1274810,44108.43
601939,建设银行,2026-06-05,10.0700,10.3400,10.0500,10.2200,1262759,129053.97
601949,中国出版,2026-06-05,5.0500,5.3400,5.0500,5.2100,128182,6678.28
601952,苏垦农发,2026-06-05,8.7000,8.7800,8.6100,8.6900,77344,6721.19
601956,东贝集团,2026-06-05,5.1100,5.3000,5.0600,5.2300,83765,4380.91
601958,金钼股份,2026-06-05,23.0700,23.3800,21.8100,21.9600,715670,157161.13
601963,重庆银行,2026-06-05,11.9000,12.0500,11.8500,12.0100,97808,11746.74
601965,中国汽研,2026-06-05,15.8200,15.8200,15.3400,15.4000,71004,10934.62
601966,玲珑轮胎,2026-06-05,12.0200,12.1800,12.0100,12.1100,61601,7459.88
601968,宝钢包装,2026-06-05,4.4400,4.5000,4.3900,4.4200,85152,3763.72
601969,海南矿业,2026-06-05,9.3900,9.4600,9.1900,9.2300,175964,16241.48
601975,招商南油,2026-06-05,4.4000,4.4500,4.2400,4.2800,2316047,99126.81
601985,中国核电,2026-06-05,9.2800,9.3200,8.9700,8.9900,1481453,133182.62
601988,中国银行,2026-06-05,5.9100,6.0500,5.9000,6.0500,3643592,220437.32
601990,南京证券,2026-06-05,6.5100,6.5800,6.5000,6.5200,152997,9975.40
601991,大唐发电,2026-06-05,8.7200,9.0000,7.9300,7.9300,8005705,634852.41
601992,金隅集团,2026-06-05,1.5700,1.6100,1.5600,1.6000,703208,11251.33
601995,中金公司,2026-06-05,33.0400,33.2800,32.2800,32.3000,175416,56659.37
601996,丰林集团,2026-06-05,2.6700,2.7000,2.5900,2.6100,299404,7814.44
601997,贵阳银行,2026-06-05,5.8900,5.9700,5.8800,5.9500,425831,25336.94
601998,中信银行,2026-06-05,7.3200,7.4900,7.3200,7.3700,690555,50893.90
601999,出版传媒,2026-06-05,5.9100,6.0000,5.8200,5.9200,46983,2781.39
603000,人民网,2026-06-05,17.8000,18.2900,17.4100,17.4500,312069,54456.04
603001,奥康国际,2026-06-05,10.8300,10.9900,10.2500,10.6000,195957,20771.44
603002,宏昌电子,2026-06-05,17.2500,17.6000,16.6800,16.7500,601084,100681.57
603004,鼎龙科技,2026-06-05,18.8600,19.1800,18.2100,18.9900,29018,5510.52
603005,晶方科技,2026-06-05,44.5800,48.5000,44.0000,45.8000,1359897,622832.83
603006,联明股份,2026-06-05,13.1700,14.3500,12.7000,13.9700,94160,13154.15
603007,顺景科技,2026-06-05,6.0600,6.1500,5.9100,5.9200,410132,24279.81
603008,ST喜临门,2026-06-05,8.9600,9.2600,8.8800,8.9700,109132,9789.14
603009,北特科技,2026-06-05,49.8500,52.4000,47.7000,50.3000,134980,67894.94
603010,万盛股份,2026-06-05,14.1300,14.5000,13.5200,13.9900,138124,19323.55
603011,合锻智能,2026-06-05,31.9400,34.1000,31.4000,32.7000,724397,236877.82
603012,创力集团,2026-06-05,8.7800,9.0500,8.5700,8.9000,173527,15443.90
603013,亚普股份,2026-06-05,19.1000,19.1000,18.0700,18.4500,45731,8437.37
603014,威高血净,2026-06-05,32.1000,32.2400,30.9700,31.2000,17542,5473.10
603015,弘讯科技,2026-06-05,12.3500,13.4700,12.1500,12.8900,195129,25152.13
603016,新宏泰,2026-06-05,41.5500,41.6200,39.5000,40.5500,36001,14598.41
603017,中衡设计,2026-06-05,11.6000,11.8800,11.2300,11.7000,87888,10282.90
603018,华设集团,2026-06-05,6.9400,7.0500,6.9200,6.9700,32822,2287.69
603019,中科曙光,2026-06-05,83.6700,84.8200,82.1400,82.3700,386422,318295.80
603020,爱普股份,2026-06-05,9.7000,10.6700,9.7000,10.6700,114500,12217.15
603021,*ST华鹏,2026-06-05,7.4000,7.7400,7.4000,7.6200,52450,3996.69
603022,新通联,2026-06-05,9.5600,9.9400,9.3600,9.7300,42683,4153.06
603023,威帝股份,2026-06-05,4.2500,4.3200,4.1100,4.2100,97398,4100.46
603025,大豪科技,2026-06-05,15.0200,15.6600,14.4700,15.2500,113904,17370.36
603026,石大胜华,2026-06-05,84.0000,85.6600,82.0800,83.7800,92510,77504.88
603027,千禾味业,2026-06-05,7.6400,7.8200,7.6200,7.7500,103039,7985.52
603028,赛福天,2026-06-05,7.7500,8.1200,7.5600,7.9000,45040,3558.16
603029,天鹅股份,2026-06-05,16.1500,16.7400,15.8800,16.3800,30059,4923.66
603030,全筑股份,2026-06-05,2.4800,2.5400,2.4500,2.4900,270438,6733.91
603031,安孚科技,2026-06-05,60.0600,61.3600,57.0700,57.5200,203483,117043.42
603032,德新科技,2026-06-05,23.9700,26.4400,23.3300,25.2500,236175,59634.19
603033,三维股份,2026-06-05,10.1000,10.3700,9.8200,10.0000,101692,10169.20
603035,常熟汽饰,2026-06-05,12.1300,12.3100,11.9900,12.1800,32107,3910.63
603036,如通股份,2026-06-05,13.5200,13.6800,13.0900,13.4000,60489,8105.53
603037,凯众股份,2026-06-05,12.8500,13.1800,12.5400,13.0000,60259,7833.67
603038,华立股份,2026-06-05,15.4000,16.1700,15.3600,15.9600,57366,9155.61
603039,泛微网络,2026-06-05,37.2000,41.2100,37.0100,39.9400,220209,87951.47
603040,新坐标,2026-06-05,87.8700,93.1500,87.0200,90.5500,33838,30640.31
603041,美思德,2026-06-05,11.9900,12.3700,11.6900,12.2200,36311,4437.20
603042,华脉科技,2026-06-05,20.0600,21.0000,20.0600,20.3500,179444,36516.85
603043,广州酒家,2026-06-05,14.5300,14.8300,14.4200,14.5200,40133,5827.31
603045,福达合金,2026-06-05,75.6600,85.2600,73.2000,83.4100,228468,190565.16
603048,浙江黎明,2026-06-05,19.0900,20.7900,18.7200,20.7900,38648,8034.92
603049,中策橡胶,2026-06-05,46.2700,47.1300,45.7300,46.6000,20254,9438.36
603050,科林电气,2026-06-05,20.4900,21.0000,19.8000,19.9500,94694,18891.45
603051,鹿山新材,2026-06-05,20.9500,21.9600,20.0100,21.3600,62866,13428.18
603052,可川科技,2026-06-05,92.6000,94.5700,88.4600,88.7000,68128,60429.54
603053,成都燃气,2026-06-05,9.3200,9.4400,9.2600,9.2900,24763,2300.48
603055,台华新材,2026-06-05,8.0800,8.3000,8.0000,8.1200,49285,4001.94
603057,紫燕食品,2026-06-05,24.8400,25.5000,24.5800,24.9200,32388,8071.09
603058,永吉股份,2026-06-05,9.4500,10.2400,9.2500,10.1800,118056,12018.10
603059,倍加洁,2026-06-05,26.4300,26.7000,25.8600,26.5000,10497,2781.71
603060,国检集团,2026-06-05,7.1300,7.2900,7.0700,7.2200,224965,16242.47
603061,金海通,2026-06-05,310.0200,313.9500,295.0600,296.1300,28074,83135.54
603062,麦加芯彩,2026-06-05,42.9800,43.6600,42.1000,42.6000,6250,2662.50
603063,禾望电气,2026-06-05,55.0000,55.9500,53.2000,54.4300,241937,131686.31
603065,宿迁联盛,2026-06-05,8.7900,9.5500,8.5000,9.5500,347262,33163.52
603066,音飞储存,2026-06-05,10.6100,11.0400,10.4200,10.8300,47027,5093.02
603067,振华股份,2026-06-05,37.5000,38.1900,35.7600,36.2800,408815,148318.08
603068,博通集成,2026-06-05,33.2500,34.1600,31.7700,33.4000,40932,13671.29
603069,海汽集团,2026-06-05,15.2000,15.6000,15.0300,15.2000,42688,6488.58
603070,万控智造,2026-06-05,15.2500,16.7300,14.5100,16.7300,91241,15264.62
603071,物产环能,2026-06-05,14.2900,14.4700,13.9400,14.0200,53632,7519.21
603072,天和磁材,2026-06-05,35.4500,37.6500,35.2000,36.8500,48853,18002.33
603073,彩蝶实业,2026-06-05,17.0400,18.0000,16.8400,17.7600,17742,3150.98
603075,热威股份,2026-06-05,24.0800,24.7500,23.5200,24.5000,44664,10942.68
603076,乐惠国际,2026-06-05,24.0600,24.7600,23.3100,24.3600,32246,7855.13
603077,和邦生物,2026-06-05,2.3900,2.4400,2.3600,2.3900,1597992,38192.01
603078,江化微,2026-06-05,37.0000,41.5600,36.0000,41.5600,586327,243677.50
603079,圣达生物,2026-06-05,13.3200,13.5500,13.1500,13.4000,18675,2502.45
603080,新疆火炬,2026-06-05,20.1800,20.7300,20.0600,20.4500,25100,5132.95
603081,大丰实业,2026-06-05,10.1300,10.3600,9.9200,10.2100,34889,3562.17
603082,北自科技,2026-06-05,36.8600,39.0000,35.5600,37.5900,79608,29924.65
603083,剑桥科技,2026-06-05,206.8500,214.3000,190.0000,192.0200,340017,652900.64
603085,天成自控,2026-06-05,12.3700,12.6100,11.9700,12.5000,108072,13509.00
603086,先达股份,2026-06-05,5.9800,6.0900,5.8800,6.0400,62187,3756.09
603087,甘李药业,2026-06-05,54.4400,55.2000,54.3600,54.5800,59228,32326.64
603088,宁波精达,2026-06-05,10.2400,10.8400,9.9800,10.5000,165297,17356.19
603089,正裕工业,2026-06-05,10.1500,10.4400,9.9200,10.2100,29494,3011.34
603090,宏盛股份,2026-06-05,62.8000,65.6900,60.8000,63.5000,73641,46762.04
603091,众鑫股份,2026-06-05,69.0100,69.0100,67.0000,67.8600,5327,3614.90
603092,德力佳,2026-06-05,60.4500,61.6800,58.8800,60.6400,17309,10496.18
603093,南华期货,2026-06-05,19.2400,19.5300,18.7400,18.8400,117988,22228.94
603095,越剑智能,2026-06-05,19.3500,19.3500,18.4100,18.7800,60770,11412.61
603096,XD新经典,2026-06-05,15.1900,15.5900,15.0000,15.4600,19612,3032.02
603097,江苏华辰,2026-06-05,26.9600,26.9600,25.2000,26.0100,24922,6482.21
603098,森特股份,2026-06-05,12.6000,12.6100,12.1000,12.2300,66014,8073.51
603099,长白山,2026-06-05,38.2300,38.9400,37.3100,37.3900,83360,31168.30
603100,川仪股份,2026-06-05,18.6500,19.0500,18.3200,18.6200,40400,7522.48
603101,汇嘉时代,2026-06-05,7.1400,7.3700,7.0900,7.2400,89876,6507.02
603102,百合股份,2026-06-05,34.8300,35.5700,34.5600,35.4600,5331,1890.37
603103,横店影视,2026-06-05,21.9100,23.9900,21.8000,23.3000,250673,58406.81
603105,芯能科技,2026-06-05,8.6100,8.7200,8.3400,8.4900,100866,8563.52
603106,恒银科技,2026-06-05,7.4400,7.6100,7.3800,7.4900,51737,3875.10
603107,上海汽配,2026-06-05,13.0900,13.3900,13.0800,13.2800,20829,2766.09
603108,润达医疗,2026-06-05,11.9800,11.9800,11.5200,11.6800,189841,22173.43
603109,神驰机电,2026-06-05,21.5000,22.0000,20.6900,21.4500,49071,10525.73
603110,东方材料,2026-06-05,20.8100,21.3900,19.7700,20.6700,103587,21411.43
603111,康尼机电,2026-06-05,6.2100,6.3800,6.1900,6.3100,55520,3503.31
603112,华翔股份,2026-06-05,20.5100,21.4300,20.3100,21.1000,219070,46223.77
603113,金能科技,2026-06-05,5.0000,5.1300,5.0000,5.0700,78289,3969.25
603115,海星股份,2026-06-05,108.3700,108.4000,101.1200,103.6900,93978,97445.79
603116,红蜻蜓,2026-06-05,7.3400,7.5700,7.2700,7.3300,122958,9012.82
603117,万林物流,2026-06-05,4.2100,4.2500,4.0900,4.1600,101113,4206.30
603118,共进股份,2026-06-05,12.9900,13.7100,12.9100,13.4100,509377,68307.46
603119,浙江荣泰,2026-06-05,74.6000,76.7300,71.3200,73.7000,313226,230847.56
603120,肯特催化,2026-06-05,55.0000,55.0000,51.8000,52.1800,44274,23102.17
603121,华培动力,2026-06-05,16.1000,16.5800,15.3700,15.9500,88748,14155.31
603122,合富中国,2026-06-05,12.3500,12.5800,12.2000,12.4400,107761,13405.47
603123,翠微股份,2026-06-05,9.6600,9.7500,9.5000,9.5500,125494,11984.68
603124,江南新材,2026-06-05,154.0000,168.0000,150.2200,168.0000,40573,68162.64
603125,常青科技,2026-06-05,24.0400,24.8600,23.5200,24.3000,51828,12594.20
603126,中材节能,2026-06-05,7.9200,8.1300,7.6600,7.6800,152130,11683.58
603127,昭衍新药,2026-06-05,34.0700,34.3500,32.3600,32.6000,216344,70528.14
603128,华贸物流,2026-06-05,5.3600,5.4200,5.3100,5.3700,79125,4249.01
603129,春风动力,2026-06-05,228.0200,233.8800,225.2800,228.7000,13561,31014.01
603130,云中马,2026-06-05,44.6500,46.1600,43.1900,45.0300,20767,9351.38
603131,上海沪工,2026-06-05,18.9800,19.7800,18.6200,19.3500,148740,28781.19
603132,金徽股份,2026-06-05,17.0100,17.1600,16.5200,16.8400,50576,8517.00
603135,中重科技,2026-06-05,13.5500,14.0300,12.5800,14.0300,353778,49635.05
603136,天目湖,2026-06-05,9.0600,9.3300,9.0600,9.2200,33335,3073.49
603137,恒尚节能,2026-06-05,11.8200,12.2300,11.7200,12.1500,21474,2609.09
603138,海量数据,2026-06-05,17.8000,18.1000,17.4600,17.6300,112562,19844.68
603139,康惠股份,2026-06-05,38.4900,39.3500,37.4400,38.0700,34985,13318.79
603150,万朗磁塑,2026-06-05,66.6400,70.2900,65.1200,67.5900,23359,15788.35
603151,邦基科技,2026-06-05,12.5400,12.9600,12.3600,12.7300,25266,3216.36
603153,上海建科,2026-06-05,14.0700,14.3100,14.0600,14.1900,9492,1346.91
603155,新亚强,2026-06-05,19.5500,20.2300,19.2700,19.8400,76959,15268.67
603156,养元饮品,2026-06-05,40.7500,41.2500,39.6000,40.4900,75240,30464.68
603158,腾龙股份,2026-06-05,15.9500,17.1000,15.6100,16.3000,574122,93581.89
603159,上海亚虹,2026-06-05,25.6300,27.0800,24.8900,27.0800,52952,14339.40
603160,汇顶科技,2026-06-05,55.2700,56.7000,53.4100,55.3200,73424,40618.16
603161,科华控股,2026-06-05,14.6900,15.2800,14.5600,14.8900,68671,10225.11
603162,海通发展,2026-06-05,10.9300,11.0500,10.7200,10.8400,121839,13207.35
603163,圣晖集成,2026-06-05,100.2900,104.6100,98.0100,101.0200,28523,28813.93
603165,荣晟环保,2026-06-05,16.5900,17.0500,16.0100,16.6900,97455,16265.24
603166,福达股份,2026-06-05,12.2300,13.4500,11.7500,13.4500,154853,20827.73
603167,渤海轮渡,2026-06-05,9.0500,9.1600,9.0200,9.1200,37197,3392.37
603168,莎普爱思,2026-06-05,5.5300,5.6900,5.4600,5.6100,62432,3502.44
603169,兰石重装,2026-06-05,7.7100,7.8700,7.5600,7.7100,151036,11644.88
603170,宝立食品,2026-06-05,12.0300,12.3300,12.0300,12.1700,15165,1845.58
603171,税友股份,2026-06-05,48.9100,49.1100,46.6600,47.4100,60133,28509.06
603172,万丰股份,2026-06-05,19.1100,19.3500,18.4500,19.1000,20612,3936.89
603173,福斯达,2026-06-05,35.1200,35.4700,34.4100,34.5600,13655,4719.17
603175,超颖电子,2026-06-05,83.9800,86.1000,81.5100,82.0000,31156,25547.92
603176,汇通集团,2026-06-05,4.9200,5.0800,4.8600,5.0100,40010,2004.50
603177,德创环保,2026-06-05,9.8000,10.0900,9.5700,9.9300,35267,3502.01
603178,圣龙股份,2026-06-05,17.0500,17.7100,16.4500,17.3700,92634,16090.53
603179,新泉股份,2026-06-05,53.1500,54.4800,50.5400,52.2100,297855,155510.10
603180,金牌家居,2026-06-05,16.0800,16.4100,15.8800,16.1800,13170,2130.91
603181,XD皇马科,2026-06-05,13.0900,13.6900,12.7600,13.5000,75256,10159.56
603182,嘉华股份,2026-06-05,12.6500,12.9500,12.4600,12.8200,20039,2569.00
603183,建研院,2026-06-05,3.9200,4.0500,3.8800,3.9900,102604,4093.90
603185,弘元绿能,2026-06-05,17.6000,17.8300,17.2100,17.4800,106809,18670.21
603186,华正新材,2026-06-05,120.6000,129.5000,118.1200,123.6600,149494,184864.28
603187,海容冷链,2026-06-05,12.7500,13.0500,12.7400,12.8300,36960,4741.97
603188,亚邦股份,2026-06-05,4.4000,4.5100,4.3100,4.4400,106852,4744.23
603189,*ST网达,2026-06-05,12.6200,12.7300,12.2000,12.4600,44974,5603.76
603190,亚通精工,2026-06-05,25.7000,26.5500,25.3000,26.2800,20712,5443.11
603191,望变电气,2026-06-05,18.3500,18.7700,17.3300,17.9000,173465,31050.23
603192,汇得科技,2026-06-05,19.4900,20.0800,19.1000,19.8700,10697,2125.49
603193,润本股份,2026-06-05,22.4400,23.8800,22.4200,22.5100,40674,9155.72
603194,中力股份,2026-06-05,35.5500,36.0900,34.8200,35.3800,18630,6591.29
603195,公牛集团,2026-06-05,38.9000,40.3200,38.8000,40.0200,64720,25900.94
603196,璞源材料,2026-06-05,24.7500,24.7500,23.6100,23.7000,23897,5663.59
603197,保隆科技,2026-06-05,30.1000,30.8500,29.2500,30.3500,35356,10730.55
603198,迎驾贡酒,2026-06-05,35.2600,36.3500,35.0100,35.1300,58817,20662.41
603199,九华旅游,2026-06-05,32.3200,33.1000,32.3200,32.8300,14260,4681.56
603200,上海洗霸,2026-06-05,47.4900,48.5800,46.2500,48.0400,48150,23131.26
603201,常润股份,2026-06-05,17.8700,18.1800,17.4100,18.1300,36253,6572.67
603202,天有为,2026-06-05,64.4900,65.3500,63.9000,64.5600,6760,4364.26
603203,快克智能,2026-06-05,67.2000,69.7700,64.5000,66.5200,111861,74409.94
603205,健尔康,2026-06-05,22.9500,23.4400,22.7400,23.2400,6373,1481.09
603206,嘉环科技,2026-06-05,15.0300,15.7300,14.5700,15.4500,99426,15361.32
603207,小方制药,2026-06-05,22.5200,22.9700,22.4500,22.7700,8629,1964.82
603208,江山欧派,2026-06-05,12.1900,12.7200,11.8900,12.5300,35130,4401.79
603209,兴通股份,2026-06-05,13.1500,13.4500,13.1100,13.2800,21915,2910.31
603210,泰鸿万立,2026-06-05,15.6700,16.0900,14.6600,15.1200,178107,26929.78
603211,晋拓股份,2026-06-05,28.0000,28.1500,26.2800,27.5200,62254,17132.30
603212,赛伍技术,2026-06-05,15.8200,15.9900,15.4600,15.8700,304542,48330.82
603213,镇洋发展,2026-06-05,13.8300,14.3000,13.8100,14.2000,50374,7153.11
603214,爱婴室,2026-06-05,13.8300,14.2800,13.7300,14.1200,35915,5071.20
603215,比依股份,2026-06-05,15.6500,15.9200,15.3000,15.6500,17172,2687.42
603216,梦天家居,2026-06-05,23.2600,23.9600,22.8800,23.5700,30519,7193.33
603217,元利科技,2026-06-05,24.5300,24.8000,23.7000,24.4200,23360,5704.51
603218,日月股份,2026-06-05,11.1000,11.3400,11.0300,11.1400,79468,8852.74
603219,富佳股份,2026-06-05,16.2900,16.4300,15.4200,15.8300,60941,9646.96
603220,中贝通信,2026-06-05,22.9000,23.4400,22.0800,22.7700,280846,63948.63
603221,爱丽家居,2026-06-05,12.6900,12.8500,12.3000,12.5000,23303,2912.88
603222,济民健康,2026-06-05,8.7000,8.8400,8.5400,8.6300,97533,8417.10
603223,恒通股份,2026-06-05,9.6000,9.6900,9.3800,9.4900,83046,7881.07
603225,新凤鸣,2026-06-05,19.4800,21.1200,19.2300,20.3300,281245,57177.11
603226,菲林格尔,2026-06-05,52.2000,52.3600,50.5000,51.3000,35604,18264.85
603227,雪峰科技,2026-06-05,8.3000,8.4500,8.1000,8.3800,100497,8421.65
603228,景旺电子,2026-06-05,73.0000,74.7600,70.9100,71.3300,336382,239941.28
603229,奥翔药业,2026-06-05,9.3300,9.5000,9.2100,9.2400,76365,7056.13
603230,内蒙新华,2026-06-05,9.7000,9.9700,9.6900,9.9000,18177,1799.52
603231,索宝蛋白,2026-06-05,15.6200,15.9000,15.5100,15.7300,13382,2104.99
603232,格尔软件,2026-06-05,20.0000,20.0000,18.5300,18.6800,215762,40304.34
603233,大参林,2026-06-05,16.1900,16.3900,15.8800,15.9300,62868,10014.87
603235,天新药业,2026-06-05,23.4500,23.5500,23.2600,23.3500,2776,648.20
603236,移远通信,2026-06-05,57.2800,59.0300,55.5800,57.3300,198078,113558.12
603237,五芳斋,2026-06-05,15.8600,16.1100,15.8100,15.9200,19234,3062.05
603238,诺邦股份,2026-06-05,12.6000,13.0400,12.4900,12.8400,22205,2851.12
603239,浙江仙通,2026-06-05,18.8000,19.3500,18.0300,18.9000,50243,9495.93
603248,锡华科技,2026-06-05,26.3300,26.4900,25.2400,25.7100,49786,12799.98
603255,鼎际得,2026-06-05,29.8900,30.3900,29.3700,29.7200,11303,3359.25
603256,宏和科技,2026-06-05,192.0000,210.4900,190.1000,196.0600,173625,340409.18
603257,中国瑞林,2026-06-05,63.9100,65.0000,62.4000,63.8800,20895,13347.73
603258,电魂网络,2026-06-05,13.8700,14.2100,13.7800,14.0000,31031,4344.34
603259,药明康德,2026-06-05,98.3800,100.2400,96.0300,96.5600,424532,409928.10
603260,合盛硅业,2026-06-05,38.3100,38.7500,37.2800,37.3400,106423,39738.35
603261,*ST立航,2026-06-05,33.0000,34.1800,33.0000,33.8300,3241,1096.43
603262,技源集团,2026-06-05,27.3000,28.3000,27.0200,28.1600,31599,8898.28
603266,天龙股份,2026-06-05,18.7600,19.1000,18.0300,18.7100,39470,7384.84
603267,鸿远电子,2026-06-05,79.5000,79.5000,73.1200,74.8000,259588,194171.82
603268,松发股份,2026-06-05,138.8900,143.9900,138.0000,142.0900,87383,124162.50
603269,海鸥股份,2026-06-05,21.6200,22.4000,21.2400,21.9700,213846,46981.97
603270,金帝股份,2026-06-05,26.7900,29.7700,25.9500,29.7700,75951,22610.61
603271,永杰新材,2026-06-05,44.3500,45.7500,43.4500,44.8100,18234,8170.66
603272,*ST联翔,2026-06-05,41.5000,43.6000,39.4400,43.6000,57885,25237.86
603273,天元智能,2026-06-05,14.4600,15.0500,14.1100,14.8100,21239,3145.50
603275,众辰科技,2026-06-05,41.3400,42.8500,40.1400,41.7200,24270,10125.44
603276,恒兴新材,2026-06-05,15.7200,16.6800,15.6000,16.4000,35538,5828.23
603277,XD银都股,2026-06-05,11.2900,11.5000,11.1500,11.4400,13259,1516.83
603278,大业股份,2026-06-05,12.2500,13.2000,11.9100,12.8500,469554,60337.69
603279,景津装备,2026-06-05,14.0100,14.3200,13.8000,14.0200,87003,12197.82
603280,南方路机,2026-06-05,28.4200,29.0000,27.9400,28.7500,10886,3129.73
603281,江瀚新材,2026-06-05,33.7700,34.7200,32.8800,33.8300,29740,10061.04
603282,亚光股份,2026-06-05,15.4400,15.9200,15.0700,15.6900,14599,2290.58
603283,赛腾股份,2026-06-05,48.0600,49.9900,46.5800,49.0500,216425,106156.46
603284,林平发展,2026-06-05,40.5300,41.2600,40.0100,40.6900,8849,3600.66
603285,键邦股份,2026-06-05,43.1800,43.9200,41.6600,42.8000,32558,13934.82
603286,日盈电子,2026-06-05,59.9900,62.0100,57.6600,60.9600,76953,46910.55
603288,海天味业,2026-06-05,33.8400,34.3500,33.8400,34.0300,138276,47055.32
603289,泰瑞机器,2026-06-05,9.8200,10.0200,9.3300,9.7500,110416,10765.56
603290,斯达半导,2026-06-05,118.9500,118.9500,112.4700,113.1800,115266,130458.06
603291,联合水务,2026-06-05,10.5000,10.5400,10.1200,10.2000,36516,3724.63
603293,埃泰克,2026-06-05,43.0800,44.2300,42.4500,43.6300,24615,10739.52
603296,华勤技术,2026-06-05,113.0000,113.0200,106.8400,107.5400,277794,298739.67
603297,永新光学,2026-06-05,124.0000,126.7300,120.0500,123.8300,14904,18455.62
603298,杭叉集团,2026-06-05,24.7800,25.1800,24.3400,24.7800,65237,16165.73
603299,苏盐井神,2026-06-05,10.1400,10.2300,10.0300,10.0400,46172,4635.67
603300,海南华铁,2026-06-05,5.2200,5.3600,5.1400,5.2600,495311,26053.36
603301,振德医疗,2026-06-05,83.0500,83.0500,80.0000,80.1600,22338,17906.14
603303,得邦照明,2026-06-05,27.5900,28.5000,26.5500,27.4500,68044,18678.08
603305,旭升集团,2026-06-05,14.6200,15.2900,14.0800,14.9100,433786,64677.49
603306,华懋科技,2026-06-05,101.9900,104.1100,98.2000,98.9500,140374,138900.07
603307,扬州金泉,2026-06-05,37.5100,39.2600,36.9000,39.1000,7369,2881.28
603308,应流股份,2026-06-05,66.7000,67.5000,64.0100,64.3400,161004,103589.97
603309,维力医疗,2026-06-05,11.5400,11.6500,11.5100,11.5700,38639,4470.53
603310,巍华新材,2026-06-05,16.0400,16.2400,15.8500,16.0200,24866,3983.53
603311,金海高科,2026-06-05,38.1400,41.1900,37.1400,40.9200,197259,80718.38
603312,西典新能,2026-06-05,36.5900,38.3700,35.4300,36.8500,17725,6531.66
603313,梦百合,2026-06-05,5.4900,5.5000,5.3400,5.4300,83544,4536.44
603315,福鞍股份,2026-06-05,16.1000,16.8300,15.9100,16.6000,149192,24765.87
603316,诚邦股份,2026-06-05,19.7200,20.5900,19.1700,19.8000,251394,49776.01
603317,天味食品,2026-06-05,13.6200,13.8400,13.4800,13.6900,102954,14094.40
603318,水发燃气,2026-06-05,9.0900,9.2900,8.7100,8.8800,440563,39121.99
603319,美湖股份,2026-06-05,43.7200,44.4900,42.2000,43.1600,342320,147745.31
603320,迪贝电气,2026-06-05,21.3800,21.9500,20.7000,21.5100,21824,4694.34
603321,梅轮电梯,2026-06-05,6.4200,6.6800,6.3500,6.5900,45464,2996.08
603322,超讯通信,2026-06-05,30.8300,31.4600,29.5000,30.5300,61490,18772.90
603323,苏农银行,2026-06-05,4.7100,4.7700,4.7000,4.7200,240967,11373.64
603324,盛剑科技,2026-06-05,31.4500,31.4800,29.7100,30.1800,82255,24824.56
603325,博隆技术,2026-06-05,57.6000,59.2300,56.6900,58.5000,7970,4662.45
603326,我乐家居,2026-06-05,7.1700,7.3700,7.1000,7.3000,26706,1949.54
603327,福蓉科技,2026-06-05,10.1700,10.9800,9.6500,10.6600,500611,53365.13
603328,依顿电子,2026-06-05,12.9400,13.5400,12.5200,13.3100,833071,110881.75
603329,上海雅仕,2026-06-05,9.9800,10.2800,9.8700,10.1800,36919,3758.35
603330,天洋新材,2026-06-05,10.1500,10.3500,8.5400,8.6100,1465456,126175.76
603331,百达精工,2026-06-05,12.3700,13.0000,12.0200,12.7400,95519,12169.12
603332,苏州龙杰,2026-06-05,11.7900,12.1200,11.5900,11.9600,44932,5373.87
603333,尚纬股份,2026-06-05,8.6100,9.0800,8.3000,8.7900,273149,24009.80
603334,丰倍生物,2026-06-05,42.7600,43.1900,40.9000,41.6600,13274,5529.95
603335,迪生力,2026-06-05,6.9200,7.2300,6.7600,6.9000,156689,10811.54
603336,宏辉果蔬,2026-06-05,9.1000,9.2500,8.9400,9.0100,138279,12458.94
603337,杰克科技,2026-06-05,39.3000,41.4100,38.4000,39.7200,42164,16747.54
603338,浙江鼎力,2026-06-05,52.1800,53.4300,51.4100,52.4000,55655,29163.22
603339,四方科技,2026-06-05,13.6300,13.6500,13.0000,13.2900,66724,8867.62
603341,龙旗科技,2026-06-05,38.2500,39.2800,37.6500,38.7000,135664,52501.97
603344,星德胜,2026-06-05,30.9000,32.1200,29.5500,31.0800,73569,22865.25
603345,安井食品,2026-06-05,86.8200,88.0500,86.0400,86.6800,52385,45407.32
603348,文灿股份,2026-06-05,15.7500,16.1100,15.4300,15.9000,22390,3560.01
603350,安乃达,2026-06-05,29.7700,31.1400,29.2400,30.6700,10163,3116.99
603351,XD威尔药,2026-06-05,25.5000,25.9900,25.3300,25.4700,9078,2312.17
603352,至信股份,2026-06-05,31.0000,31.0200,30.3000,30.3500,29170,8853.10
603353,和顺石油,2026-06-05,44.3300,44.6500,42.5000,43.5000,64211,27931.79
603355,莱克电气,2026-06-05,25.3300,26.4000,24.7000,25.5800,26767,6847.00
603356,华菱精工,2026-06-05,17.9700,18.6500,17.7000,17.7500,52182,9262.31
603357,设计总院,2026-06-05,6.8600,6.9700,6.8400,6.9100,25455,1758.94
603358,华达科技,2026-06-05,37.8000,38.8500,35.5000,38.4600,127206,48923.43
603359,*ST东珠,2026-06-05,2.7700,2.9400,2.7700,2.8600,149527,4276.47
603360,百傲化学,2026-06-05,18.2000,20.2200,17.6100,20.2200,262578,53093.27
603363,傲农生物,2026-06-05,3.0400,3.0700,2.9600,2.9700,313734,9317.90
603365,水星家纺,2026-06-05,18.0500,18.5600,18.0500,18.4100,12237,2252.83
603366,日出东方,2026-06-05,7.1400,7.3000,7.0000,7.1700,111706,8009.32
603367,辰欣药业,2026-06-05,13.4100,13.6000,13.3700,13.4600,39529,5320.60
603368,柳药集团,2026-06-05,15.9300,16.4600,15.9300,16.3400,48211,7877.68
603369,今世缘,2026-06-05,27.0100,27.4900,25.8500,25.9300,177893,46127.65
603370,华新精科,2026-06-05,43.6400,43.6500,42.5800,42.6000,11559,4924.13
603373,安邦护卫,2026-06-05,49.2100,50.5600,48.0100,49.8600,28338,14129.33
603375,盛景微,2026-06-05,47.5000,48.8100,45.7900,47.1900,28265,13338.25
603376,大明电子,2026-06-05,28.6800,28.8800,27.7000,27.8400,18692,5203.85
603377,ST东时,2026-06-05,3.6700,3.7000,3.5800,3.6200,65479,2370.34
603378,*ST亚士,2026-06-05,5.7300,5.8500,5.6000,5.6200,144948,8146.08
603379,三美股份,2026-06-05,58.1800,61.7000,57.7700,60.2400,121932,73451.84
603380,易德龙,2026-06-05,35.1500,36.2600,33.6500,35.5400,36039,12808.26
603381,永臻股份,2026-06-05,18.3600,18.7100,17.9200,18.4500,43196,7969.66
603382,XD海阳科,2026-06-05,20.8800,21.5200,20.6300,21.3400,14505,3095.37
603383,顶点软件,2026-06-05,29.9600,30.4900,29.1300,30.0100,48324,14502.03
603385,惠达卫浴,2026-06-05,5.5700,5.8000,5.5000,5.7400,41768,2397.48
603386,骏亚科技,2026-06-05,16.8900,18.2500,16.8100,17.7200,273626,48486.53
603387,基蛋生物,2026-06-05,8.4600,8.5900,8.4000,8.4900,67505,5731.17
603389,*ST亚振,2026-06-05,63.1000,63.1000,60.0000,60.2100,9166,5518.85
603390,通达电气,2026-06-05,12.2000,12.4800,11.8100,12.2200,77507,9471.36
603391,力聚热能,2026-06-05,55.6300,56.8600,53.2600,56.0200,10189,5707.88
603392,万泰生物,2026-06-05,33.8200,34.1300,33.3000,33.5900,21270,7144.59
603393,新天然气,2026-06-05,27.1400,27.3300,26.6700,26.7500,64852,17347.91
603395,红四方,2026-06-05,23.0600,23.2600,22.7600,22.9300,21074,4832.27
603396,金辰股份,2026-06-05,29.8700,31.3400,29.0900,30.5900,46788,14312.45
603398,*ST沐邦,2026-06-05,13.7400,14.0400,13.4300,13.8800,65563,9100.14
603399,永杉锂业,2026-06-05,16.3700,17.9600,16.1000,17.2800,950296,164211.15
603400,华之杰,2026-06-05,68.7700,69.8000,67.5000,68.1800,9411,6416.42
603402,陕西旅游,2026-06-05,92.7600,96.6000,92.7600,95.0700,10766,10235.24
603406,天富龙,2026-06-05,29.5000,29.7400,29.0300,29.3000,11686,3424.00
603407,长裕集团,2026-06-05,57.0800,57.3900,55.1000,56.2600,32997,18564.11
603408,建霖家居,2026-06-05,10.1000,10.2600,10.0600,10.1700,22706,2309.20
603409,汇通控股,2026-06-05,40.8100,41.0200,39.1800,40.5000,20238,8196.39
603416,信捷电气,2026-06-05,57.1800,60.9500,55.9600,59.4200,46792,27803.81
603418,友升股份,2026-06-05,50.8900,51.4100,50.1500,50.3600,8908,4486.07
603421,鼎信通讯,2026-06-05,6.9800,7.1900,6.9800,7.0800,80182,5676.89
603429,*ST集友,2026-06-05,9.4500,9.4500,9.1500,9.1700,26172,2399.97
603435,嘉德利,2026-06-05,85.0000,89.1500,81.2000,83.1100,140797,117016.39
603439,三力制药,2026-06-05,15.8500,17.2300,15.7700,17.0000,295159,50177.03
603444,吉比特,2026-06-05,329.7800,345.0000,328.3000,334.9700,16403,54945.13
603456,九洲药业,2026-06-05,12.4500,12.5500,12.3200,12.3500,89837,11094.87
603458,勘设股份,2026-06-05,14.3900,14.6200,13.7600,13.8300,203650,28164.80
603459,红板科技,2026-06-05,104.4900,106.2500,98.4500,98.4800,191709,188795.02
603466,风语筑,2026-06-05,11.0100,11.7300,11.0100,11.5600,702642,81225.42
603477,巨星农牧,2026-06-05,14.8800,15.0600,14.4100,14.5200,106879,15518.83
603486,科沃斯,2026-06-05,56.7200,59.7800,55.4100,58.9200,91089,53669.64
603488,展鹏科技,2026-06-05,11.6200,12.3900,11.5000,12.0900,185190,22389.47
603489,八方股份,2026-06-05,33.1500,34.3900,32.3700,33.8200,33083,11188.67
603496,恒为科技,2026-06-05,22.5500,23.1400,22.0100,22.7200,119630,27179.94
603499,翔港科技,2026-06-05,17.8600,18.2900,17.5500,17.9800,32791,5895.82
603500,祥和实业,2026-06-05,12.2300,12.2300,12.2300,12.2300,53812,6581.21
603501,豪威集团,2026-06-05,97.5000,97.8300,95.3500,95.3900,244431,233162.73
603505,金石资源,2026-06-05,17.9900,18.8800,17.6300,18.3300,232781,42668.76
603506,南都物业,2026-06-05,10.8500,11.2000,10.7400,11.0700,33082,3662.18
603507,振江股份,2026-06-05,37.2200,37.3700,36.1000,36.4900,51463,18778.85
603508,思维列控,2026-06-05,22.2400,22.5200,22.0000,22.3100,27639,6166.26
603511,XD爱慕股,2026-06-05,12.8800,13.1600,12.8300,13.0500,15523,2025.75
603515,欧普照明,2026-06-05,18.5100,18.9600,18.3800,18.8100,14566,2739.86
603516,淳中科技,2026-06-05,133.0000,139.0300,130.0000,135.0200,180413,243593.63
603517,ST绝味,2026-06-05,12.6700,12.9700,12.3300,12.3900,117101,14508.81
603518,锦泓集团,2026-06-05,8.4500,8.6500,8.4000,8.5300,60896,5194.43
603519,立霸股份,2026-06-05,12.4900,12.6400,12.3700,12.5500,23358,2931.43
603520,司太立,2026-06-05,9.7400,10.0000,9.5800,9.8200,230662,22651.01
603527,众源新材,2026-06-05,13.3500,13.9900,12.6900,13.4800,244810,33000.39
603528,多伦科技,2026-06-05,6.7200,7.0800,6.6100,6.9000,153303,10577.91
603529,爱玛科技,2026-06-05,20.7400,22.0200,20.7400,21.5600,95468,20582.90
603530,神马电力,2026-06-05,55.7200,55.8700,53.4400,53.7600,28306,15217.31
603533,掌阅科技,2026-06-05,24.4100,24.6300,23.0500,23.7700,261582,62178.04
603535,嘉诚国际,2026-06-05,6.8200,6.9800,6.7300,6.8900,35058,2415.50
603536,惠发食品,2026-06-05,8.9300,9.3200,8.8900,9.2000,56455,5193.86
603538,美诺华,2026-06-05,44.0200,44.6000,39.4400,39.6600,282001,111841.60
603551,奥普科技,2026-06-05,10.7200,10.8700,10.6300,10.7600,18378,1977.47
603556,海兴电力,2026-06-05,24.7900,24.9400,24.1600,24.4400,40999,10020.16
603557,*ST起步,2026-06-05,4.9200,4.9800,4.8000,4.8000,33717,1618.42
603558,健盛集团,2026-06-05,11.9300,12.0500,11.6800,11.7600,32139,3779.55
603559,ST通脉,2026-06-05,8.5100,8.5100,8.5100,8.5100,19009,1617.67
603565,中谷物流,2026-06-05,9.8500,10.0200,9.7500,9.7900,154055,15081.98
603566,普莱柯,2026-06-05,10.3400,10.5100,10.2900,10.4300,20330,2120.42
603567,珍宝岛,2026-06-05,6.7100,7.0900,6.7100,7.0000,186181,13032.67
603568,伟明环保,2026-06-05,14.4500,15.3000,14.1800,14.9900,150393,22543.91
603569,长久物流,2026-06-05,5.8800,6.0600,5.8500,6.0000,52979,3178.74
603577,汇金通,2026-06-05,9.9300,10.0700,9.6200,9.8300,51300,5042.79
603578,三星新材,2026-06-05,14.0900,15.5100,13.4000,15.5100,90765,14077.65
603579,荣泰健康,2026-06-05,18.7400,19.1800,18.4200,18.8400,25871,4874.10
603580,*ST艾艾,2026-06-05,24.1000,24.1000,22.3000,22.4800,8372,1882.03
603583,XD捷昌驱,2026-06-05,24.6500,26.9500,23.8000,26.1100,120827,31547.93
603585,苏利股份,2026-06-05,15.4500,15.6900,15.1100,15.5500,34383,5346.56
603586,金麒麟,2026-06-05,17.2900,17.7500,17.1800,17.6000,30799,5420.62
603587,地素时尚,2026-06-05,12.2600,12.5300,12.1500,12.4200,20412,2535.17
603588,高能环境,2026-06-05,13.7100,14.3700,13.4500,13.5600,710281,96314.10
603589,口子窖,2026-06-05,20.6800,21.1000,20.2800,20.3000,70312,14273.34
603590,康辰药业,2026-06-05,31.2500,31.9200,30.3300,30.4400,36827,11210.14
603595,ST东尼,2026-06-05,24.5800,24.9100,23.6400,23.6400,34489,8153.20
603596,伯特利,2026-06-05,31.3500,31.8600,29.9400,30.8200,235173,72480.32
603598,引力传媒,2026-06-05,22.1000,22.2600,20.4200,21.0400,242373,50995.28
603599,广信股份,2026-06-05,11.0900,11.3600,11.0200,11.1600,123924,13829.92
603600,永艺股份,2026-06-05,10.2200,10.3300,10.0200,10.2600,50501,5181.40
603601,再升科技,2026-06-05,15.8800,16.6000,14.8500,16.4900,2786850,459551.56
603602,纵横通信,2026-06-05,13.3100,13.4600,12.9400,13.2400,51897,6871.16
603605,珀莱雅,2026-06-05,67.7300,67.9500,65.1500,65.7800,71307,46905.74
603606,东方电缆,2026-06-05,41.0500,41.2300,40.1600,40.2100,129750,52172.48
603607,京华激光,2026-06-05,21.5700,22.6000,20.8500,21.9800,43131,9480.19
603608,天创时尚,2026-06-05,19.3000,21.0000,19.0100,20.6900,396914,82121.51
603609,禾丰股份,2026-06-05,6.1100,6.2800,6.1100,6.1900,18687,1156.73
603610,麒盛科技,2026-06-05,19.0000,19.9700,18.5600,18.8200,197435,37157.27
603611,诺力股份,2026-06-05,17.9500,18.7400,17.9400,18.4100,35962,6620.60
603612,索通发展,2026-06-05,20.5600,20.8600,20.1300,20.3400,104953,21347.44
603613,国联股份,2026-06-05,23.1900,23.4800,22.9200,22.9500,69111,15860.97
603615,茶花股份,2026-06-05,19.1700,19.5400,18.8100,19.1800,38567,7397.15
603616,韩建河山,2026-06-05,5.8100,6.0900,5.7900,6.0300,245219,14786.71
603617,XD君禾股,2026-06-05,7.2200,7.4500,7.2100,7.2900,77065,5618.04
603618,杭电股份,2026-06-05,42.5000,46.4400,41.3000,41.7100,935276,390103.62
603619,中曼石油,2026-06-05,25.4600,25.9000,25.1300,25.3900,116978,29700.71
603626,科森科技,2026-06-05,22.9400,23.9200,22.0900,23.0300,326986,75304.88
603628,清源股份,2026-06-05,10.4600,10.7400,10.2800,10.5600,40650,4292.64
603629,利通电子,2026-06-05,200.4300,202.5800,180.3800,180.3800,337418,608634.59
603630,拉芳家化,2026-06-05,13.5500,13.9700,13.5100,13.5900,39910,5423.77
603633,徕木股份,2026-06-05,8.5000,8.8700,8.0500,8.7200,420454,36663.59
603636,南威软件,2026-06-05,8.9100,9.1300,8.7600,8.9700,141511,12693.54
603637,镇海股份,2026-06-05,17.0000,18.6800,17.0000,17.9600,229021,41132.17
603638,艾迪精密,2026-06-05,21.8800,23.9900,21.3000,23.1600,191046,44246.25
603639,海利尔,2026-06-05,10.8900,11.0300,10.8100,10.9700,10130,1111.26
603648,畅联股份,2026-06-05,8.8600,9.0400,8.8500,8.9400,22057,1971.90
603650,彤程新材,2026-06-05,53.0000,56.7500,51.2600,54.8200,218532,119799.24
603655,朗博科技,2026-06-05,36.7200,37.0600,35.9400,36.4000,10670,3883.88
603656,泰禾智能,2026-06-05,19.5600,19.8700,19.0700,19.2100,65222,12529.15
603657,春光科技,2026-06-05,25.8300,26.3900,24.8700,25.6800,21678,5566.91
603658,安图生物,2026-06-05,30.7900,31.1700,30.4400,31.1000,20907,6502.08
603659,璞泰来,2026-06-05,28.2700,28.4400,27.5100,27.6100,473287,130674.54
603660,苏州科达,2026-06-05,11.9100,12.0300,11.6000,11.6400,167352,19479.77
603661,恒林股份,2026-06-05,35.7200,36.4400,34.3000,34.6800,76440,26509.39
603662,柯力传感,2026-06-05,62.7100,67.2700,60.1000,66.2400,149212,98838.03
603663,三祥新材,2026-06-05,65.0000,67.3300,63.2800,65.2700,227766,148662.87
603665,康隆达,2026-06-05,26.9100,27.6600,25.6000,26.7400,33791,9035.71
603666,亿嘉和,2026-06-05,28.0600,30.4900,26.7700,28.8200,95996,27666.05
603667,五洲新春,2026-06-05,71.2000,78.0800,67.3000,74.3400,484291,360021.93
603668,天马科技,2026-06-05,11.0400,11.2700,10.7500,11.0600,70740,7823.84
603669,灵康药业,2026-06-05,4.1100,4.1700,4.0100,4.0700,103629,4217.70
603676,卫信康,2026-06-05,8.8800,9.1200,8.6700,8.9800,19740,1772.65
603677,奇精机械,2026-06-05,15.9000,16.4700,15.2900,15.9600,43410,6928.24
603678,XD火炬电,2026-06-05,63.8200,64.9400,61.1000,62.9800,455991,287183.13
603679,华体科技,2026-06-05,16.3200,16.7000,15.5500,16.5000,55432,9146.28
603680,今创集团,2026-06-05,11.7500,11.9400,11.6400,11.6900,39999,4675.88
603681,永冠新材,2026-06-05,25.0800,25.4800,23.9400,23.9400,142556,34127.91
603682,锦和商管,2026-06-05,8.5600,8.7500,8.3800,8.6100,96204,8283.16
603683,晶华新材,2026-06-05,31.3100,34.4500,30.7600,33.8600,325134,110090.37
603685,晨丰科技,2026-06-05,33.7200,33.9900,32.6800,33.4100,31009,10360.11
603686,福龙马,2026-06-05,15.1500,15.4000,14.6800,15.1000,119511,18046.16
603687,大胜达,2026-06-05,18.8000,19.5600,18.4400,18.7000,575907,107694.61
603688,石英股份,2026-06-05,65.6700,71.9100,63.3000,69.4900,381441,265063.35
603689,皖天然气,2026-06-05,7.9500,8.0200,7.8700,7.9100,36485,2885.96
603690,至纯科技,2026-06-05,26.2100,27.1000,25.3300,26.0400,196338,51126.42
603693,江苏新能,2026-06-05,16.3100,16.8300,14.9300,15.3100,275976,42251.93
603696,XD安记食,2026-06-05,12.8400,13.2400,12.8100,13.0800,49099,6422.15
603697,有友食品,2026-06-05,10.5200,11.0000,10.4600,10.6800,68867,7355.00
603698,航天工程,2026-06-05,33.4700,34.0800,32.2000,33.1700,211731,70231.17
603699,纽威股份,2026-06-05,56.7800,58.9100,56.0200,57.8100,63065,36457.88
603700,宁水集团,2026-06-05,11.1100,11.9200,10.9600,11.7000,65578,7672.63
603701,德宏股份,2026-06-05,24.2200,24.2200,22.5100,22.9500,121017,27773.40
603703,盛洋科技,2026-06-05,12.5000,13.7000,12.4100,13.0200,204561,26633.84
603706,东方环宇,2026-06-05,22.0900,22.8500,22.0100,22.3900,21335,4776.91
603707,健友股份,2026-06-05,8.0000,8.1000,7.9600,8.0400,60544,4867.74
603708,家家悦,2026-06-05,9.5900,10.1400,9.5000,9.7300,50871,4949.75
603709,中源家居,2026-06-05,15.7100,16.4400,15.4100,16.0500,21539,3457.01
603711,香飘飘,2026-06-05,13.5800,13.8000,13.3100,13.4100,39787,5335.44
603712,七一二,2026-06-05,14.0000,14.4800,13.9400,14.2600,105366,15025.19
603713,密尔克卫,2026-06-05,53.0000,53.5900,51.8200,52.5100,31539,16561.13
603716,塞力医疗,2026-06-05,16.3600,16.6000,15.8100,16.2400,87821,14262.13
603717,天域生物,2026-06-05,6.5700,6.9600,6.3800,6.7600,139657,9440.81
603718,*ST海利,2026-06-05,3.3900,3.4500,3.3400,3.3700,106607,3592.66
603719,良品铺子,2026-06-05,9.7200,9.8500,9.4900,9.6400,49341,4756.47
603721,中广天择,2026-06-05,20.4400,20.9600,19.6700,20.3200,56863,11554.56
603722,阿科力,2026-06-05,34.4500,35.6300,33.6000,35.3300,17422,6155.19
603725,天安新材,2026-06-05,11.5600,12.8400,11.1200,12.8400,280842,36060.11
603726,朗迪集团,2026-06-05,25.8900,26.3000,24.9000,25.7200,47871,12312.42
603727,博迈科,2026-06-05,14.5000,14.6800,14.2600,14.4500,34430,4975.14
603728,鸣志电器,2026-06-05,63.0000,67.8800,59.8800,65.8200,191316,125924.19
603729,ST龙韵,2026-06-05,12.7400,13.0100,12.5600,12.9700,12784,1658.08
603730,岱美股份,2026-06-05,12.4500,12.5400,12.0800,12.4800,242695,30288.34
603733,仙鹤股份,2026-06-05,26.0300,26.7900,25.7900,26.1900,156311,40937.85
603737,三棵树,2026-06-05,29.6000,30.2000,29.2700,29.3300,67125,19687.76
603738,泰晶科技,2026-06-05,44.6000,46.1500,43.9800,44.4900,351381,156329.41
603739,蔚蓝生物,2026-06-05,12.6200,12.8100,12.4200,12.6700,20417,2586.83
603755,日辰股份,2026-06-05,24.0300,25.0500,24.0300,24.9500,10805,2695.85
603757,大元泵业,2026-06-05,56.2200,57.0000,53.8800,54.3800,116092,63130.83
603758,秦安股份,2026-06-05,10.6000,11.0000,10.3600,10.8000,43399,4687.09
603759,海天股份,2026-06-05,7.9200,8.0000,7.8000,7.8800,28843,2272.83
603766,隆鑫通用,2026-06-05,12.6000,12.7100,12.2800,12.6200,184167,23241.88
603767,中马传动,2026-06-05,16.9000,18.0700,16.0900,17.6300,167417,29515.62
603768,常青股份,2026-06-05,11.1500,11.3400,10.9000,11.2000,40555,4542.16
603773,沃格光电,2026-06-05,122.3000,134.6400,122.3000,132.4000,357753,473664.97
603776,永安行,2026-06-05,20.1500,21.2100,20.1000,20.3400,46312,9419.86
603777,来伊份,2026-06-05,17.1500,17.3100,16.7700,17.0400,58517,9971.30
603778,国晟科技,2026-06-05,18.0800,18.4600,17.2000,17.2300,462954,79766.97
603779,威龙股份,2026-06-05,8.9500,9.0400,8.5500,8.6600,283420,24544.17
603786,科博达,2026-06-05,48.0500,48.7000,46.5000,47.3800,39037,18495.73
603787,新日股份,2026-06-05,10.0300,10.2700,9.8600,10.1900,35147,3581.48
603788,宁波高发,2026-06-05,14.9300,15.4500,14.6400,15.2400,27869,4247.24
603789,ST星农,2026-06-05,5.7600,5.9400,5.6900,5.7100,41805,2387.07
603790,XD雅运股,2026-06-05,24.6900,27.2100,24.0000,27.2100,57436,15628.34
603797,联泰环保,2026-06-05,4.2100,4.3200,4.1600,4.2700,54408,2323.22
603798,康普顿,2026-06-05,15.4200,16.1200,15.3800,16.0300,74598,11958.06
603799,华友钴业,2026-06-05,51.2500,51.6700,49.6200,49.9600,596856,298189.26
603800,洪田股份,2026-06-05,76.0000,80.4900,72.6000,76.5500,141042,107967.65
603801,志邦家居,2026-06-05,6.9500,7.0700,6.9300,7.0100,33031,2315.47
603803,瑞斯康达,2026-06-05,12.8000,14.0000,12.7900,13.1000,292232,38282.39
603806,福斯特,2026-06-05,17.7500,17.8900,16.8500,17.2400,491595,84750.98
603808,歌力思,2026-06-05,9.0600,9.2000,8.9300,9.0900,55898,5081.13
603809,豪能股份,2026-06-05,10.0000,10.4100,9.6800,10.2200,199252,20363.55
603810,丰山集团,2026-06-05,12.6700,13.1800,12.4700,12.9200,28713,3709.72
603811,诚意药业,2026-06-05,10.7000,10.8200,10.6500,10.7600,28841,3103.29
603813,*ST原尚,2026-06-05,33.7800,36.5000,33.4900,35.2500,9603,3385.06
603815,交建股份,2026-06-05,5.9800,6.0900,5.8800,5.9200,104024,6158.22
603816,顾家家居,2026-06-05,28.5100,28.8600,27.4900,27.6700,65542,18135.47
603817,海峡环保,2026-06-05,6.0400,6.2000,6.0100,6.1300,69608,4266.97
603818,曲美家居,2026-06-05,3.0900,3.1500,3.0000,3.1100,181265,5637.34
603819,神力股份,2026-06-05,12.5000,12.8000,12.0300,12.4200,60109,7465.54
603822,ST嘉澳,2026-06-05,81.9900,82.2000,77.8500,78.5000,8585,6739.23
603823,XD百合花,2026-06-05,26.6700,29.6200,26.5100,29.6200,203670,60327.05
603825,ST华扬,2026-06-05,8.0600,8.2500,8.0000,8.1400,13409,1091.49
603826,坤彩科技,2026-06-05,29.3900,30.1000,28.4500,29.7500,72351,21524.42
603828,*ST利达,2026-06-05,5.3600,5.4700,5.1900,5.2400,34179,1790.98
603829,洛凯股份,2026-06-05,20.4200,21.0500,19.5600,20.5300,72878,14961.85
603833,欧派家居,2026-06-05,36.1000,36.7100,36.0000,36.2000,38730,14020.26
603836,海程邦达,2026-06-05,12.3100,12.7100,12.2100,12.5800,14660,1844.23
603838,*ST四通,2026-06-05,8.8000,8.8900,8.5100,8.6200,10826,933.20
603839,安正时尚,2026-06-05,6.6200,6.8900,6.5700,6.7800,48451,3284.98
603843,*ST正平,2026-06-05,7.6200,8.0300,7.6200,8.0300,182617,14664.15
603848,好太太,2026-06-05,14.2700,14.7400,14.2700,14.6200,14317,2093.15
603855,华荣股份,2026-06-05,17.8600,18.4100,17.8000,18.1500,26115,4739.87
603856,东宏股份,2026-06-05,12.0400,12.2900,12.0100,12.1000,50574,6119.45
603858,步长制药,2026-06-05,14.8900,15.1400,14.8900,15.0500,46121,6941.21
603859,能科科技,2026-06-05,44.2000,45.3400,44.0000,45.3400,242374,109892.37
603860,中公高科,2026-06-05,27.2000,27.9800,26.8000,27.5000,13701,3767.78
603861,白云电器,2026-06-05,17.0000,18.8000,16.7100,17.9900,485547,87349.91
603863,松炀资源,2026-06-05,15.8800,16.1100,15.3800,15.8500,45123,7152.00
603866,桃李面包,2026-06-05,4.5900,4.7000,4.5700,4.5900,82180,3772.06
603867,新化股份,2026-06-05,37.0100,38.0500,36.2600,37.3300,79579,29706.84
603868,飞科电器,2026-06-05,34.2600,34.6400,33.5000,33.7100,22650,7635.32
603869,ST智知,2026-06-05,9.5600,9.7800,9.5300,9.7400,12849,1251.49
603871,嘉友国际,2026-06-05,12.4500,12.7400,12.2000,12.2500,145142,17779.90
603876,鼎胜新材,2026-06-05,25.1300,25.7700,24.6600,25.0600,301484,75551.89
603877,XD太平鸟,2026-06-05,13.0600,13.6300,12.6700,12.7800,50953,6511.79
603878,武进不锈,2026-06-05,6.5700,6.5700,6.3600,6.4600,99659,6437.97
603879,永悦科技,2026-06-05,4.9000,5.0500,4.7800,4.9900,89552,4468.64
603880,南卫股份,2026-06-05,7.9000,8.0800,7.7000,7.9500,49395,3926.90
603881,数据港,2026-06-05,36.9900,37.0000,35.9700,36.2300,269808,97751.44
603882,金域医学,2026-06-05,24.1700,24.4000,23.9800,24.0200,32773,7872.07
603883,老百姓,2026-06-05,11.9000,12.0300,11.8000,11.8700,61605,7312.51
603885,吉祥航空,2026-06-05,11.0900,11.3000,10.8300,10.9000,203998,22235.78
603886,元祖股份,2026-06-05,12.0500,12.6000,11.4300,12.1900,278928,34001.32
603887,城地香江,2026-06-05,11.8800,11.9500,11.5600,11.6700,115464,13474.65
603888,新华网,2026-06-05,19.2500,19.2500,19.2500,19.2500,100272,19302.36
603889,新澳股份,2026-06-05,5.9900,6.0300,5.8500,5.8800,100554,5912.58
603890,春秋电子,2026-06-05,28.3600,32.3000,27.6800,31.2400,1420949,443904.47
603893,瑞芯微,2026-06-05,171.0100,178.9000,167.0000,173.2300,121775,210950.83
603895,天永智能,2026-06-05,33.5000,34.0000,32.0100,33.0800,30675,10147.29
603896,寿仙谷,2026-06-05,15.7800,16.0000,15.5200,16.0000,29945,4791.20
603897,长城科技,2026-06-05,42.9700,43.5000,41.0800,42.1600,56946,24008.43
603898,好莱客,2026-06-05,12.4000,12.9600,12.2500,12.5200,32682,4091.79
603899,晨光股份,2026-06-05,21.8400,22.1800,21.7600,22.1700,48306,10709.44
603900,莱绅通灵,2026-06-05,6.4500,6.6300,6.4400,6.5300,45103,2945.23
603901,永创智能,2026-06-05,11.0200,11.4100,10.7300,11.2200,98600,11062.92
603903,中持股份,2026-06-05,12.2600,12.7800,12.1700,12.3600,151045,18669.16
603906,龙蟠科技,2026-06-05,24.0000,24.4800,23.0900,23.9900,252906,60672.15
603908,牧高笛,2026-06-05,19.5800,20.5000,19.4100,20.2500,16220,3284.55
603909,建发合诚,2026-06-05,9.8600,10.1500,9.7700,10.0200,20177,2021.74
603912,佳力图,2026-06-05,8.8700,9.0500,8.6000,8.9700,151401,13580.67
603915,国茂股份,2026-06-05,16.0000,16.9900,15.2800,16.4300,176077,28929.45
603916,苏博特,2026-06-05,13.9600,14.0600,13.0000,13.3800,139092,18610.51
603917,合力科技,2026-06-05,12.0000,12.4300,11.8000,12.1800,51719,6299.37
603918,金桥信息,2026-06-05,11.0000,11.2400,10.8400,11.0700,67050,7422.44
603919,金徽酒,2026-06-05,20.3000,20.6300,19.0100,19.0600,133979,25536.40
603920,世运电路,2026-06-05,63.5800,65.0000,60.8000,61.2500,492400,301595.00
603922,ST金鸿顺,2026-06-05,15.1700,15.6800,14.7400,15.3000,20750,3174.75
603926,铁流股份,2026-06-05,20.7400,21.8000,20.3300,21.2700,71092,15121.27
603927,XD中科软,2026-06-05,14.7600,15.0200,14.6200,14.8000,66386,9825.13
603928,兴业股份,2026-06-05,14.6200,15.2200,14.3000,14.9400,49869,7450.43
603929,亚翔集成,2026-06-05,159.0000,171.3500,153.0000,170.0900,125325,213165.29
603931,格林达,2026-06-05,59.4000,60.5800,57.3000,57.7800,88807,51312.68
603933,睿能科技,2026-06-05,23.1500,24.5200,23.0000,23.9000,83097,19860.18
603936,博敏电子,2026-06-05,21.3000,22.5500,20.6200,21.4400,535418,114793.62
603937,丽岛新材,2026-06-05,14.4600,14.6700,14.0300,14.3700,68200,9800.34
603938,三孚股份,2026-06-05,46.8000,52.8200,46.8000,52.8200,473840,250282.29
603939,益丰药房,2026-06-05,19.7800,20.3400,19.7000,19.9000,116641,23211.56
603948,建业股份,2026-06-05,24.1600,24.5500,23.3800,24.1900,14310,3461.59
603949,雪龙集团,2026-06-05,15.2100,15.8400,14.8800,15.5600,34369,5347.82
603950,长源东谷,2026-06-05,69.0000,70.0400,64.6200,64.6200,71049,45911.86
603955,大千生态,2026-06-05,23.0100,24.5500,22.6300,23.0600,29040,6696.62
603956,威派格,2026-06-05,5.1500,5.3000,5.0100,5.2200,152868,7979.71
603958,哈森股份,2026-06-05,20.4900,20.8000,19.9500,20.0200,47492,9507.90
603959,ST百利,2026-06-05,4.1100,4.1400,3.9200,4.0500,98448,3987.14
603960,克来机电,2026-06-05,21.1400,22.3000,20.6100,21.6600,103698,22460.99
603966,法兰泰克,2026-06-05,9.0100,9.2000,8.8500,9.0500,84891,7682.64
603967,中创物流,2026-06-05,12.1200,12.7000,12.0900,12.5000,33055,4131.88
603968,醋化股份,2026-06-05,11.0400,11.1400,10.5200,10.8300,79021,8557.97
603969,银龙股份,2026-06-05,8.2500,8.4800,8.0800,8.1200,118903,9654.92
603970,中农立华,2026-06-05,11.1600,11.4300,11.1600,11.3300,16783,1901.51
603976,正川股份,2026-06-05,21.3600,22.6600,20.7400,22.3600,53351,11929.28
603977,国泰集团,2026-06-05,15.0000,15.1200,14.4700,14.7500,163406,24102.39
603978,深圳新星,2026-06-05,27.8900,27.8900,26.4000,26.7500,85453,22858.68
603979,金诚信,2026-06-05,72.0000,74.8200,70.0500,71.5500,54589,39058.43
603980,吉华集团,2026-06-05,5.7000,5.8300,5.6300,5.7600,145067,8355.86
603982,泉峰汽车,2026-06-05,6.5900,6.8300,6.4900,6.7100,70328,4719.01
603983,丸美生物,2026-06-05,22.7500,23.6600,22.7500,22.9600,20617,4733.66
603985,恒润股份,2026-06-05,24.0000,24.3500,23.2900,23.4000,196094,45886.00
603986,兆易创新,2026-06-05,507.0000,519.8000,484.9000,488.0000,547135,2670018.80
603987,康德莱,2026-06-05,7.2200,7.3300,7.1800,7.2500,26825,1944.81
603988,中电电机,2026-06-05,20.4900,21.0500,19.6900,20.2100,63649,12863.46
603989,艾华集团,2026-06-05,34.2000,37.2900,34.0200,35.5000,412821,146551.46
603990,麦迪科技,2026-06-05,22.7800,23.2300,22.0300,22.6600,293585,66526.36
603991,领先股份,2026-06-05,109.0000,110.2000,105.6700,106.5800,21227,22623.74
603992,松霖科技,2026-06-05,30.2700,32.7800,29.7000,32.7800,69511,22785.71
603993,洛阳钼业,2026-06-05,18.6000,19.1300,18.0700,18.1900,2197914,399800.56
603995,XD甬金股,2026-06-05,18.5900,19.4600,17.8900,18.9000,99068,18723.85
603997,继峰股份,2026-06-05,15.0700,15.3500,14.6500,14.6800,271340,39832.71
603998,方盛制药,2026-06-05,9.6400,9.7900,9.6400,9.6800,38297,3707.15
603999,读者传媒,2026-06-05,5.6500,5.7300,5.5600,5.6800,81258,4615.45
605001,威奥股份,2026-06-05,6.2100,6.3900,6.1500,6.3100,45141,2848.40
605003,众望布艺,2026-06-05,23.8600,24.2800,23.2700,23.8600,10134,2417.97
605005,合兴股份,2026-06-05,16.3200,16.4200,16.1300,16.2500,15947,2591.39
605006,山东玻纤,2026-06-05,17.9000,19.7100,17.5400,18.3900,758911,139563.73
605007,五洲特纸,2026-06-05,13.3000,13.5500,13.1800,13.3300,39861,5313.47
605008,长鸿高科,2026-06-05,10.9100,10.9900,10.7000,10.8500,12767,1385.22
605009,豪悦护理,2026-06-05,24.3000,24.8000,24.1600,24.4600,10269,2511.80
605011,杭州热电,2026-06-05,21.6000,22.0400,20.6100,20.7600,86559,17969.65
605016,百龙创园,2026-06-05,23.5000,23.9700,23.3800,23.8600,36288,8658.32
605018,长华集团,2026-06-05,16.5000,17.7500,16.3700,17.6200,308998,54445.45
605020,永和股份,2026-06-05,33.5500,35.4000,32.5800,34.4600,290012,99938.14
605028,世茂能源,2026-06-05,22.2800,22.5000,21.6600,21.9300,14249,3124.81
605033,美邦股份,2026-06-05,19.3400,19.6800,19.0500,19.4800,13117,2555.19
605050,福然德,2026-06-05,10.6500,10.9000,10.6100,10.7300,23840,2558.03
605055,迎丰股份,2026-06-05,11.7100,11.8800,11.3300,11.5600,71840,8304.70
605056,咸亨国际,2026-06-05,19.2800,19.8500,18.5500,19.3500,76086,14722.64
605058,澳弘电子,2026-06-05,37.7100,38.5600,34.9500,37.2000,62599,23286.83
605060,联德股份,2026-06-05,52.1700,52.4300,49.5800,49.8000,76660,38176.68
605066,天正电气,2026-06-05,6.8800,6.9500,6.6600,6.8200,145282,9908.23
605068,明新旭腾,2026-06-05,22.3400,22.8600,21.7500,22.3100,24957,5567.91
605069,正和生态,2026-06-05,11.1800,11.3100,10.6500,11.0800,64005,7091.75
605077,华康股份,2026-06-05,14.0000,14.1900,13.4000,13.6100,147971,20138.85
605080,浙江自然,2026-06-05,21.9000,22.1500,21.2600,21.8300,22348,4878.57
605086,龙高股份,2026-06-05,29.7000,29.7300,28.6200,29.0100,19009,5514.51
605088,冠盛股份,2026-06-05,33.6800,33.9900,33.0000,33.1500,34289,11366.80
605089,味知香,2026-06-05,21.5700,21.9900,21.3700,21.8100,10500,2290.05
605090,九丰能源,2026-06-05,36.7700,37.9900,36.7400,37.5600,164182,61666.76
605098,行动教育,2026-06-05,57.0100,57.6000,54.3300,54.3500,17511,9517.23
605099,共创草坪,2026-06-05,39.9000,40.8000,38.5400,38.8900,35828,13933.51
605100,华丰股份,2026-06-05,34.1500,34.9400,33.6800,34.1900,33481,11447.15
605108,同庆楼,2026-06-05,13.0400,13.2600,12.9900,13.1200,24446,3207.32
605111,新洁能,2026-06-05,62.6000,63.6800,59.8800,60.0800,274956,165193.56
605116,奥锐特,2026-06-05,18.9900,19.1400,18.7600,18.9300,27720,5247.40
605117,德业股份,2026-06-05,112.2800,112.6000,103.6000,104.9100,247859,260028.88
605118,力鼎光电,2026-06-05,35.0500,35.7000,34.0500,34.6400,25503,8834.24
605122,四方新材,2026-06-05,12.7300,13.1300,12.5500,12.9100,28121,3630.42
605123,派克新材,2026-06-05,101.9900,105.5000,99.4000,103.9800,54288,56448.66
605128,上海沿浦,2026-06-05,22.2100,23.1400,22.0100,22.5200,59307,13355.94
605133,嵘泰股份,2026-06-05,36.5000,36.7100,35.3000,35.7700,92803,33195.63
605136,丽人丽妆,2026-06-05,8.9100,9.1500,8.8100,8.9600,93713,8396.68
605138,盛泰集团,2026-06-05,6.6400,6.8200,6.5600,6.7400,41833,2819.54
605151,西上海,2026-06-05,20.5200,21.3000,20.3400,20.8700,19523,4074.45
605155,西大门,2026-06-05,13.7900,14.4800,13.7900,14.1200,40327,5694.17
605158,华达新材,2026-06-05,6.6000,6.7800,6.4800,6.6700,46110,3075.54
605162,新中港,2026-06-05,13.1600,13.5000,12.0000,12.3000,735844,90508.81
605166,聚合顺,2026-06-05,10.2700,10.6500,10.0100,10.4000,108008,11232.83
605167,利柏特,2026-06-05,14.9100,14.9100,14.4000,14.6200,50446,7375.21
605168,三人行,2026-06-05,48.3500,49.0000,46.5500,47.2000,44047,20790.18
605169,洪通燃气,2026-06-05,11.0700,11.2000,10.7800,11.1200,24632,2739.08
605177,东亚药业,2026-06-05,23.5300,24.2000,22.5100,22.7100,52054,11821.46
605178,时空科技,2026-06-05,64.5000,67.4100,62.4000,65.9000,42444,27970.60
605179,一鸣食品,2026-06-05,14.3000,14.6500,14.2900,14.5000,29164,4228.78
605180,华生科技,2026-06-05,13.1800,13.9700,13.0600,13.7500,30784,4232.80
605183,确成股份,2026-06-05,15.2100,15.3900,15.0400,15.2400,16158,2462.48
605186,健麾信息,2026-06-05,28.2700,28.8900,27.4500,28.8900,71636,20695.64
605188,国光连锁,2026-06-05,13.5000,14.3900,13.5000,13.5800,91813,12468.21
605189,富春染织,2026-06-05,13.8100,14.2300,13.4800,14.0100,77925,10917.29
605196,华通线缆,2026-06-05,39.6700,40.3800,38.8900,39.1500,128678,50377.44
605198,安德利,2026-06-05,54.8800,54.8800,53.2500,54.1200,20344,11010.17
605199,ST葫芦娃,2026-06-05,6.5000,6.6500,6.5000,6.5700,12201,801.61
605208,永茂泰,2026-06-05,14.3700,14.9000,14.1200,14.6800,163532,24006.50
605218,伟时电子,2026-06-05,16.3600,17.5000,15.6300,16.8800,86582,14615.04
605222,起帆电缆,2026-06-05,28.1000,29.2100,27.8200,28.0500,79548,22313.21
605228,神通科技,2026-06-05,12.5300,12.7400,12.3400,12.4900,45506,5683.70
605255,XD天普股,2026-06-05,81.0000,81.2200,76.5000,78.3300,14345,11236.44
605258,协和电子,2026-06-05,34.4400,35.4800,32.5100,33.8900,47942,16247.54
605259,绿田机械,2026-06-05,18.9100,19.4300,18.7600,19.2200,12843,2468.42
605266,健之佳,2026-06-05,17.9400,18.3400,17.8300,18.2000,17540,3192.28
605268,王力安防,2026-06-05,10.2300,10.4700,10.1700,10.3700,33334,3456.74
605277,新亚电子,2026-06-05,22.7500,23.5500,22.4100,22.6800,202470,45920.20
605286,同力天启,2026-06-05,32.6000,32.7500,30.6600,32.0100,32558,10421.82
605287,德才股份,2026-06-05,44.9600,44.9600,42.4000,44.1000,41835,18449.24
605288,凯迪股份,2026-06-05,98.5800,104.0900,96.3900,99.6500,18601,18535.90
605289,罗曼股份,2026-06-05,113.0000,114.8800,108.0000,109.2500,43774,47823.10
605296,神农集团,2026-06-05,25.5700,25.8100,25.2500,25.4000,16850,4279.90
605298,必得科技,2026-06-05,54.3300,55.8700,53.1000,54.0000,18296,9879.84
605299,舒华体育,2026-06-05,16.6300,16.9300,15.7800,16.3600,204407,33440.99
605300,佳禾食品,2026-06-05,9.3500,9.6700,9.2800,9.5700,48198,4612.55
605303,园林股份,2026-06-05,29.0200,29.3800,28.1600,28.6500,75543,21643.07
605305,中际联合,2026-06-05,39.1000,39.3700,38.3100,38.7200,32442,12561.54
605318,法狮龙,2026-06-05,93.0400,99.8800,91.3000,98.2800,38244,37586.20
605319,无锡振华,2026-06-05,27.8600,28.4000,27.3000,27.6800,83319,23062.70
605333,沪光股份,2026-06-05,19.8900,20.3000,19.3300,19.8000,25432,5035.54
605336,*ST帅电,2026-06-05,16.3400,16.7800,16.1400,16.5800,14278,2367.29
605337,李子园,2026-06-05,9.4200,9.5900,9.3400,9.4800,25597,2426.60
605338,巴比食品,2026-06-05,20.1500,20.7300,20.0000,20.4200,22110,4514.86
605339,南侨食品,2026-06-05,13.5900,13.6000,13.2600,13.4900,12345,1665.34
605358,立昂微,2026-06-05,64.8900,68.3700,63.1300,66.7700,1023489,683383.61
605365,立达信,2026-06-05,17.3000,17.3000,16.8400,16.9500,50041,8481.95
605366,宏柏新材,2026-06-05,11.1900,11.5500,10.8100,10.8400,303366,32884.87
605368,蓝天燃气,2026-06-05,7.0400,7.1400,7.0100,7.0800,26854,1901.26
605369,拱东医疗,2026-06-05,17.3000,17.3700,16.7800,17.3600,17659,3065.60
605376,博迁新材,2026-06-05,183.5500,187.5500,175.0800,178.4100,160278,285951.98
605377,华旺科技,2026-06-05,8.4900,8.5600,8.3600,8.3900,30122,2527.24
605378,野马电池,2026-06-05,16.1700,16.4600,15.7700,16.2300,22639,3674.31
605388,均瑶健康,2026-06-05,5.6300,5.7500,5.5800,5.6800,81824,4647.60
605389,长龄液压,2026-06-05,82.7500,85.3000,81.2000,84.9600,16576,14082.97
605398,新炬网络,2026-06-05,25.3900,26.2000,24.4500,24.4500,88491,21636.05
605399,晨光新材,2026-06-05,12.8000,13.2700,12.2600,12.9800,62582,8123.14
605488,福莱新材,2026-06-05,34.0000,36.0000,32.8300,34.9800,111010,38831.30
605499,东鹏饮料,2026-06-05,139.8000,142.9600,134.2800,134.3900,82079,110305.97
605500,森林包装,2026-06-05,7.2200,7.3800,7.2000,7.2700,99890,7262.00
605507,国邦医药,2026-06-05,15.8400,16.0500,15.7000,15.9000,40899,6502.94
605555,德昌股份,2026-06-05,16.5700,16.6000,15.9500,16.2500,109249,17752.96
605566,福莱蒽特,2026-06-05,39.6600,43.0700,39.1100,43.0100,111564,47983.68
605567,春雪食品,2026-06-05,9.1600,9.4200,8.9500,9.3000,50697,4714.82
605577,龙版传媒,2026-06-05,10.0300,10.2500,9.9500,10.1400,32618,3307.47
605580,恒盛能源,2026-06-05,28.4200,28.4900,25.6600,26.1600,227270,59453.83
605588,冠石科技,2026-06-05,52.2600,54.2000,50.6200,52.7100,22367,11789.65
605589,圣泉集团,2026-06-05,53.4500,54.2000,50.0500,52.7000,518331,273160.44
605598,上海港湾,2026-06-05,41.9700,42.5400,39.4100,41.4500,90381,37462.92
605599,菜百股份,2026-06-05,15.5600,15.7800,15.4900,15.5300,42604,6616.40
688001,华兴源创,2026-06-05,73.6900,73.8800,68.9700,69.4000,13308263,9235934.52
688002,睿创微纳,2026-06-05,122.9300,125.3600,118.8100,120.8000,9572909,11564074.07
688003,XD天准科,2026-06-05,105.6300,110.0100,102.8800,105.0000,7222884,7584028.20
688004,博汇科技,2026-06-05,20.6600,20.7900,19.7000,20.4100,1681200,343132.92
688005,容百科技,2026-06-05,32.8000,33.4800,31.8200,32.4600,27708041,8994030.11
688006,杭可科技,2026-06-05,33.3100,33.3500,30.2000,31.6600,28101196,8896838.65
688007,光峰科技,2026-06-05,13.6500,14.1800,13.1800,13.7900,6903019,951926.32
688008,澜起科技,2026-06-05,249.9800,254.5600,237.6100,239.3900,69240758,165755450.58
688009,中国通号,2026-06-05,4.9600,5.1100,4.9400,5.0200,46390194,2328787.74
688010,福光股份,2026-06-05,35.3300,38.2000,34.7300,36.6500,6092170,2232780.31
688011,新光光电,2026-06-05,57.5800,59.3800,57.0500,58.2000,1581218,920268.88
688012,中微公司,2026-06-05,281.7400,287.6500,274.5400,276.0000,21973317,60646354.92
688013,天臣医疗,2026-06-05,28.2000,28.7000,27.6100,28.3700,931674,264315.91
688015,交控科技,2026-06-05,17.2500,17.8500,16.9300,17.5600,1486831,261087.52
688016,XD心脉医,2026-06-05,99.2600,99.2900,98.1100,98.6000,1098200,1082825.20
688017,绿的谐波,2026-06-05,322.7800,393.0000,314.9000,393.0000,22393759,88007472.87
688018,DR乐鑫科,2026-06-05,118.5000,123.6900,117.0700,120.2500,5939534,7142289.64
688019,安集科技,2026-06-05,278.6000,288.2800,271.5000,273.0000,5642556,15404177.88
688020,方邦股份,2026-06-05,142.4300,145.7700,137.2800,137.6800,2920302,4020671.79
688021,奥福科技,2026-06-05,22.9600,23.8000,22.1000,23.3100,2070766,482695.55
688022,ST瀚川,2026-06-05,8.6800,9.1000,8.6800,8.9400,3203959,286433.93
688023,安恒信息,2026-06-05,39.5200,40.3400,38.6100,40.0000,1963861,785544.40
688025,杰普特,2026-06-05,392.0000,404.6600,370.0000,374.0000,4268581,15964492.94
688026,洁特生物,2026-06-05,13.1900,13.6500,12.9500,13.4100,1431041,191902.60
688027,国盾量子,2026-06-05,550.0500,555.6500,539.0000,542.2000,2108382,11431647.20
688028,沃尔德,2026-06-05,131.0000,131.5500,113.8000,117.3200,8865425,10400916.61
688029,南微医学,2026-06-05,73.4800,75.0600,72.4000,73.4000,1438070,1055543.38
688030,山石网科,2026-06-05,17.1500,17.2800,16.2600,16.4000,5861343,961260.25
688031,星环科技,2026-06-05,148.6300,150.0000,133.7900,134.4400,18966743,25498889.29
688032,禾迈股份,2026-06-05,92.4000,93.5900,89.8200,92.5000,1358108,1256249.90
688033,*ST天宜,2026-06-05,7.3500,7.3800,7.1300,7.2300,6887752,497984.47
688035,德邦科技,2026-06-05,76.1500,79.9900,74.5100,77.5500,6515924,5053099.06
688036,传音控股,2026-06-05,59.7400,61.6500,58.2200,60.6000,12310093,7459916.36
688037,芯源微,2026-06-05,257.2800,258.0000,243.7000,247.1900,6234707,15411572.23
688038,中科通达,2026-06-05,18.5200,18.5400,17.7100,18.0300,2339550,421820.87
688039,当虹科技,2026-06-05,42.0000,43.1000,40.9100,42.1000,2670486,1124274.61
688041,海光信息,2026-06-05,280.0000,283.6200,272.9200,274.0600,33220727,91044724.42
688045,必易微,2026-06-05,66.0000,71.3700,64.6400,68.4500,2979015,2039135.77
688046,药康生物,2026-06-05,17.3900,17.8000,17.3400,17.6300,4023700,709378.31
688047,龙芯中科,2026-06-05,138.1500,140.8800,135.5800,136.0800,7287281,9916531.98
688048,长光华芯,2026-06-05,380.0000,412.0000,368.5300,368.6100,15266532,56273963.61
688049,炬芯科技,2026-06-05,42.6000,43.7200,41.6000,42.4100,5764570,2444754.14
688050,爱博医疗,2026-06-05,41.4100,42.3100,41.1000,41.4300,1806737,748531.14
688051,佳华科技,2026-06-05,30.7400,31.3800,29.8800,30.7500,2000231,615071.03
688052,纳芯微,2026-06-05,242.1500,247.7700,230.0000,234.4900,4121271,9663968.37
688053,ST思科瑞,2026-06-05,37.5700,39.4000,37.0000,38.6200,1080478,417280.60
688055,龙腾光电,2026-06-05,5.1800,5.5000,5.0600,5.2000,57964724,3014165.65
688056,莱伯泰科,2026-06-05,40.6700,48.1600,40.6700,48.1600,6627700,3191900.32
688057,金达莱,2026-06-05,14.2000,14.6200,13.6300,13.9900,5316006,743709.24
688058,宝兰德,2026-06-05,24.0000,24.8200,23.3700,24.3000,1207956,293533.31
688059,华锐精密,2026-06-05,156.1000,169.6000,153.7500,165.4800,6105924,10104083.04
688060,云涌科技,2026-06-05,38.0000,38.9800,37.0200,38.0000,334341,127049.58
688061,灿瑞科技,2026-06-05,36.5100,37.1200,35.3500,36.2500,1142986,414332.43
688062,迈威生物,2026-06-05,27.2700,27.4700,26.4000,26.6000,8286228,2204136.65
688063,派能科技,2026-06-05,59.5500,60.4000,57.0000,58.8200,9816173,5773872.96
688065,凯赛生物,2026-06-05,43.9600,45.7000,43.4100,44.7100,8824022,3945220.24
688066,*ST航图,2026-06-05,13.8000,13.8900,13.0700,13.2800,8174699,1085600.03
688067,爱威科技,2026-06-05,23.1900,23.9500,22.5100,23.5500,1184183,278875.10
688068,热景生物,2026-06-05,86.4900,86.4900,81.0000,81.5000,1919203,1564150.45
688069,德林海,2026-06-05,50.0000,52.7700,49.0000,50.5800,3876934,1960953.22
688070,纵横股份,2026-06-05,40.8500,42.0000,39.0600,40.6200,2110491,857281.44
688071,华依科技,2026-06-05,34.1400,35.1600,32.2500,33.9700,3049752,1036000.75
688072,拓荆科技,2026-06-05,601.9800,616.4400,579.0000,582.3000,8828060,51405793.38
688073,毕得医药,2026-06-05,48.4500,49.9000,47.6600,47.8900,977277,468017.96
688075,安旭生物,2026-06-05,32.6600,33.1000,32.1500,32.9000,281401,92580.93
688076,ST诺泰,2026-06-05,29.2900,29.2900,28.6800,28.9200,1630751,471613.19
688077,大地熊,2026-06-05,26.9800,29.1900,26.4100,28.2000,4081562,1151000.48
688078,龙软科技,2026-06-05,22.6100,23.6900,22.0200,23.3200,892492,208129.13
688079,美迪凯,2026-06-05,31.9800,33.7000,30.6200,31.1000,49345588,15346477.87
688080,映翰通,2026-06-05,40.2800,41.8700,39.7100,40.8000,1694856,691501.25
688081,兴图新科,2026-06-05,51.5400,52.3600,50.5600,51.4300,1169980,601720.71
688082,盛美上海,2026-06-05,259.6800,266.0000,248.6000,251.0000,7861303,19731870.53
688083,中望软件,2026-06-05,53.8200,56.8000,53.5500,55.5900,3912353,2174877.03
688084,晶品特装,2026-06-05,50.3000,52.1500,48.6600,50.7200,2011877,1020424.01
688085,三友医疗,2026-06-05,14.0000,14.5000,13.7100,14.1500,4430024,626848.40
688087,英科再生,2026-06-05,37.8300,37.8300,36.2200,37.0000,1880953,695952.61
688088,虹软科技,2026-06-05,37.2000,38.3000,36.2300,37.4100,7001085,2619105.90
688089,嘉必优,2026-06-05,12.5900,12.8600,12.2000,12.6600,2548386,322625.67
688090,瑞松科技,2026-06-05,106.7900,111.6600,106.0000,109.9900,7526105,8277962.89
688091,上海谊众,2026-06-05,43.1200,43.9900,41.8800,42.5800,3999551,1703008.82
688092,爱科科技,2026-06-05,26.7300,27.4500,26.1600,27.2500,1054418,287328.91
688093,世华科技,2026-06-05,28.6000,30.7600,27.2700,29.4000,5990518,1761212.29
688095,福昕软件,2026-06-05,71.6800,73.2000,70.0100,71.1700,2532812,1802602.30
688096,京源环保,2026-06-05,12.5500,13.2000,12.3800,12.8800,9307131,1198758.47
688097,博众精工,2026-06-05,71.5000,72.1900,67.8900,69.0200,14905328,10287657.39
688098,申联生物,2026-06-05,7.5400,7.6400,7.3700,7.5300,1893713,142596.59
688099,晶晨股份,2026-06-05,97.9700,98.8700,95.0000,95.8800,13425013,12871902.46
688100,威胜信息,2026-06-05,34.1900,34.6600,32.9200,33.7100,3281879,1106321.41
688101,三达膜,2026-06-05,17.2300,18.0400,16.7600,17.6800,5628120,995051.62
688102,斯瑞新材,2026-06-05,36.9900,38.3900,35.8800,37.5900,25437224,9561852.50
688103,国力电子,2026-06-05,61.9500,63.8600,59.8100,62.0000,2261364,1402045.68
688105,诺唯赞,2026-06-05,13.4600,13.5900,13.2200,13.4000,2524508,338284.07
688106,金宏气体,2026-06-05,27.5500,28.2000,26.9000,27.0300,32530355,8792954.96
688107,安路科技,2026-06-05,43.5000,44.3900,41.9800,42.2700,11266275,4762254.44
688108,赛诺医疗,2026-06-05,20.4800,20.6500,19.4300,19.5000,17311160,3375676.20
688109,品茗科技,2026-06-05,86.1000,90.2100,85.1500,86.7600,1973491,1712200.79
688110,东芯股份,2026-06-05,128.5500,131.1200,125.3000,126.0000,16503032,20793820.32
688111,金山办公,2026-06-05,237.7300,241.6600,233.8000,234.2500,6734850,15776386.13
688112,鼎阳科技,2026-06-05,70.8900,76.1000,68.5100,71.1600,5165149,3675520.03
688113,联测科技,2026-06-05,38.8000,41.2900,38.1800,40.2200,1203029,483858.26
688114,华大智造,2026-06-05,49.7000,54.1800,49.4000,49.6000,8368800,4150924.80
688115,思林杰,2026-06-05,56.3300,59.9000,53.8100,56.2000,3009135,1691133.87
688116,天奈科技,2026-06-05,38.6000,40.1000,36.8900,39.2800,14220321,5585742.09
688117,DR圣诺生,2026-06-05,23.3900,23.7800,22.8700,23.0400,1717407,395690.57
688118,普元信息,2026-06-05,23.0100,23.3600,22.1700,23.0800,3123661,720940.96
688119,中钢洛耐,2026-06-05,4.4700,4.5800,4.3600,4.5200,11758872,531501.01
688120,华海清科,2026-06-05,251.0000,257.9600,245.0000,248.0000,8161504,20240529.92
688122,西部超导,2026-06-05,63.5000,63.6800,60.6800,60.6900,17316610,10509450.61
688123,聚辰股份,2026-06-05,132.0000,134.8600,128.6000,129.5800,9441064,12233730.73
688125,安达智能,2026-06-05,180.1000,194.4400,168.0000,188.1700,648860,1220959.86
688126,沪硅产业,2026-06-05,28.3600,29.6500,27.7100,28.4900,175719913,50062603.21
688127,蓝特光学,2026-06-05,84.0000,87.3400,82.9800,83.7600,11116357,9311060.62
688128,中国电研,2026-06-05,27.5300,27.9600,27.0100,27.2900,7188059,1961621.30
688129,东来技术,2026-06-05,25.8400,26.1500,24.8800,25.5300,1234076,315059.60
688130,晶华微,2026-06-05,24.8100,24.9400,23.4100,24.3500,2093065,509661.33
688131,皓元医药,2026-06-05,77.0200,77.8600,73.9000,75.0000,4970947,3728210.25
688132,邦彦技术,2026-06-05,14.1700,14.4500,13.6400,14.2300,1729479,246104.86
688133,泰坦科技,2026-06-05,20.0800,20.8100,19.2300,20.3700,5997139,1221617.21
688135,利扬芯片,2026-06-05,35.7000,36.5300,34.6300,35.5100,10080839,3579705.93
688136,科兴制药,2026-06-05,19.7700,20.1000,19.3700,19.6500,2940928,577892.35
688137,近岸蛋白,2026-06-05,39.1900,40.1500,38.3700,39.3000,798136,313667.45
688138,清溢光电,2026-06-05,31.0000,33.1900,30.2100,31.9500,9093115,2905250.24
688139,海尔生物,2026-06-05,29.5600,30.4200,29.2000,29.8200,3018433,900096.72
688141,杰华特,2026-06-05,96.1600,98.0000,91.6200,92.3900,13891250,12834125.88
688143,长盈通,2026-06-05,176.0000,186.9600,171.0100,176.8000,7116936,12582742.85
688146,中船特气,2026-06-05,229.0000,243.0300,219.1400,231.1100,25462585,58846580.19
688147,微导纳米,2026-06-05,87.0800,89.2900,83.2100,84.5000,10330864,8729580.08
688148,芳源股份,2026-06-05,8.0000,8.4100,7.7500,8.1700,19772965,1615451.24
688150,莱特光电,2026-06-05,51.8400,54.2800,49.5800,49.8300,17471063,8705830.69
688151,华强科技,2026-06-05,16.9900,17.1000,16.6200,16.8400,1039657,175078.24
688152,麒麟信安,2026-06-05,31.3700,32.0000,30.5100,31.2600,1477019,461716.14
688153,唯捷创芯,2026-06-05,28.6200,29.9500,28.0600,29.2100,6868688,2006343.76
688155,先惠技术,2026-06-05,80.9900,83.1100,77.6100,80.5300,3054319,2459643.09
688156,路德科技,2026-06-05,25.3700,25.3700,24.1100,24.7200,3322692,821369.46
688157,松井股份,2026-06-05,27.8000,28.6500,26.9000,28.0400,2121981,595003.47
688158,优刻得,2026-06-05,38.4800,38.4900,36.8000,37.2800,25487178,9501619.96
688159,有方科技,2026-06-05,45.0800,46.8000,43.7000,45.3700,4419118,2004953.84
688160,步科股份,2026-06-05,109.0000,126.0000,104.5100,122.0000,5989472,7307155.84
688161,威高骨科,2026-06-05,23.9300,24.3000,23.7800,24.1100,832089,200616.66
688162,巨一科技,2026-06-05,27.4500,28.9100,26.6000,28.1800,2376332,669650.36
688163,赛伦生物,2026-06-05,36.4900,37.1200,35.5500,36.5200,1347595,492141.69
688165,埃夫特,2026-06-05,18.9200,21.0700,17.7200,20.4200,27714700,5659341.74
688166,博瑞医药,2026-06-05,48.3000,48.8000,45.8600,47.3000,9483209,4485557.86
688167,炬光科技,2026-06-05,443.9900,472.5000,440.5200,445.8500,4710513,21001822.21
688168,安博通,2026-06-05,57.3200,58.7600,55.2000,55.7300,1905972,1062198.20
688169,石头科技,2026-06-05,104.2100,110.9800,102.6800,108.6800,8735901,9494177.21
688170,德龙激光,2026-06-05,73.0000,83.2200,72.0100,80.1500,11361536,9106271.10
688171,纬德信息,2026-06-05,50.3500,51.4200,48.5000,49.6700,1579913,784742.79
688172,燕东微,2026-06-05,68.5500,72.7400,67.7600,68.4900,18880378,12931170.89
688173,希荻微,2026-06-05,15.7500,16.2400,15.2500,15.6900,11966645,1877566.60
688175,高凌信息,2026-06-05,34.5400,36.8000,33.6300,35.6300,2418941,861868.68
688176,亚虹医药,2026-06-05,10.3500,10.5300,10.2000,10.4000,7389984,768558.34
688177,百奥泰,2026-06-05,17.6100,17.6900,17.2000,17.4300,3191491,556276.88
688178,万德斯,2026-06-05,37.7000,41.6000,37.7000,39.0400,4103903,1602163.73
688179,阿拉丁,2026-06-05,21.7000,23.1500,21.0000,22.0500,14995675,3306546.34
688180,君实生物,2026-06-05,31.4800,31.6000,30.0600,30.1200,14331073,4316519.19
688181,XD八亿时,2026-06-05,38.9100,41.4900,37.1900,40.2000,10796994,4340391.59
688182,灿勤科技,2026-06-05,34.8200,36.6600,34.2300,35.1500,10925771,3840408.51
688183,XD生益电,2026-06-05,124.3800,125.3800,116.4500,117.8500,28647063,33760563.75
688184,ST帕瓦,2026-06-05,12.3800,12.4000,11.9800,12.1400,1184900,143846.86
688185,康希诺,2026-06-05,52.9800,53.6000,51.9700,52.1600,1471823,767702.88
688186,广大特材,2026-06-05,19.1000,19.4200,18.2800,18.8000,7139608,1342246.30
688187,时代电气,2026-06-05,57.5400,57.6300,53.5900,55.4000,18405760,10196791.04
688188,柏楚电子,2026-06-05,153.0100,161.5000,149.5900,157.1300,3985482,6262387.87
688189,南新制药,2026-06-05,7.6300,7.9100,7.5000,7.7400,8535750,660667.05
688190,云路股份,2026-06-05,107.0100,109.3500,101.0000,104.8000,3012922,3157542.26
688191,智洋创新,2026-06-05,51.2700,52.1300,49.0100,51.1000,5106248,2609292.73
688192,迪哲医药,2026-06-05,41.2000,41.8000,39.3800,39.4900,5966467,2356157.82
688193,仁度生物,2026-06-05,47.7800,48.7300,47.0200,48.3500,569102,275160.82
688195,腾景科技,2026-06-05,231.0000,252.0000,231.0000,241.8000,12084211,29219622.20
688196,卓越新能,2026-06-05,41.7000,41.7800,39.9700,41.0000,1241735,509111.35
688197,首药控股,2026-06-05,33.5800,33.8200,32.9400,33.1700,1060078,351627.87
688198,佰仁医疗,2026-06-05,81.0000,81.4700,79.7600,80.1900,348482,279447.72
688199,久日新材,2026-06-05,26.4000,28.2500,25.5500,27.4800,8503965,2336889.58
688200,华峰测控,2026-06-05,433.0000,443.0000,420.0000,427.9200,3351659,14342419.19
688201,ST信安,2026-06-05,8.0700,8.1100,7.9500,7.9500,3067635,243876.98
688202,美迪西,2026-06-05,56.1800,56.9200,53.9600,54.7500,3579823,1959953.09
688203,海正生材,2026-06-05,11.2800,11.8700,10.9800,11.5600,4073058,470845.50
688205,德科立,2026-06-05,229.5000,242.9000,225.0000,226.7000,9780483,22172354.96
688206,概伦电子,2026-06-05,38.6100,40.4500,37.8700,38.7700,10601736,4110293.05
688207,格灵深瞳,2026-06-05,14.4800,14.8500,13.9500,14.5300,10491450,1524407.69
688208,道通科技,2026-06-05,30.0300,30.2000,28.7100,29.1000,13740862,3998590.84
688209,英集芯,2026-06-05,21.4200,21.8700,20.6000,21.2200,9838194,2087664.77
688210,统联精密,2026-06-05,46.4500,47.9800,44.8300,45.2000,5420018,2449848.14
688211,中科微至,2026-06-05,32.3300,33.4400,31.5000,33.0300,1306562,431557.43
688212,澳华内镜,2026-06-05,29.1000,30.4800,28.6600,29.8000,3028639,902534.42
688213,思特威,2026-06-05,99.0000,99.0700,94.7500,95.3500,10307828,9828514.00
688215,瑞晟智能,2026-06-05,67.8500,68.4600,65.6000,67.4400,758327,511415.73
688216,气派科技,2026-06-05,32.6000,32.7500,30.9400,31.5500,3547136,1119121.41
688217,睿昂基因,2026-06-05,23.8900,24.7300,23.2000,24.1300,903896,218110.10
688218,江苏北人,2026-06-05,40.0000,45.0000,40.0000,43.7200,6117223,2674449.90
688219,会通股份,2026-06-05,10.8900,11.4100,10.5000,11.1800,8808646,984806.62
688220,翱捷科技,2026-06-05,101.5000,104.5600,99.7000,100.2000,9040784,9058865.57
688221,前沿生物,2026-06-05,19.3000,19.3900,18.6000,18.8000,8974926,1687286.09
688222,成都先导,2026-06-05,26.9700,27.9100,26.8000,26.9100,13487005,3629353.05
688223,晶科能源,2026-06-05,5.5900,5.6000,5.2600,5.3800,132906243,7150355.87
688225,亚信安全,2026-06-05,14.0300,14.2900,13.6800,14.0100,4219484,591149.71
688226,威腾电气,2026-06-05,48.0300,50.2700,47.1700,47.5000,8455947,4016574.83
688227,品高股份,2026-06-05,85.4900,85.5500,82.5900,84.2200,4220548,3554545.53
688228,开普云,2026-06-05,87.0000,88.8000,85.5100,86.5000,1466914,1268880.61
688229,博睿数据,2026-06-05,94.0000,96.0000,91.0000,92.0000,1917650,1764238.00
688230,芯导科技,2026-06-05,64.1800,64.6500,62.2000,63.3400,1232909,780924.56
688231,隆达股份,2026-06-05,44.7500,44.7700,43.3300,43.6800,4762709,2080351.29
688232,新点软件,2026-06-05,19.2700,19.6400,18.9600,19.2600,2206055,424886.19
688233,神工股份,2026-06-05,86.7300,92.2500,84.7000,87.3000,7814969,6822467.94
688234,天岳先进,2026-06-05,137.6200,138.9700,129.9400,130.9300,16464618,21557124.35
688235,百济神州,2026-06-05,226.9900,228.8800,219.6900,220.1800,3287048,7237422.29
688236,春立医疗,2026-06-05,15.5100,15.7900,15.3400,15.5900,1155265,180105.81
688237,超卓航科,2026-06-05,46.7800,47.6700,46.0800,47.2400,1042792,492614.94
688238,和元生物,2026-06-05,5.8900,5.9900,5.7500,5.8000,7817856,453435.65
688239,航宇科技,2026-06-05,58.0000,58.2700,56.1900,57.0000,5129052,2923559.64
688244,永信至诚,2026-06-05,16.2900,16.6800,15.7700,16.5500,1814681,300329.71
688246,嘉和美康,2026-06-05,20.2100,23.7700,20.1400,22.9400,9515756,2182914.43
688247,宣泰医药,2026-06-05,8.0000,8.1700,7.9500,8.0600,1438519,115944.63
688248,南网科技,2026-06-05,51.0000,52.0000,49.9000,50.4100,4658510,2348354.89
688249,晶合集成,2026-06-05,41.6000,41.6600,39.9800,40.4400,37882158,15319544.70
688251,井松智能,2026-06-05,24.8500,25.3300,23.8900,24.8500,2336232,580553.65
688252,天德钰,2026-06-05,20.5700,21.0000,19.7000,20.4500,7661232,1566721.94
688253,英诺特,2026-06-05,57.3900,57.9500,55.8300,57.6000,1650328,950588.93
688255,凯尔达,2026-06-05,30.2400,32.6800,28.9200,31.7000,4585851,1453714.77
688256,寒武纪,2026-06-05,1342.0000,1407.7700,1287.3400,1299.2000,11635451,151167779.39
688257,新锐股份,2026-06-05,111.0000,111.5200,103.5000,104.4300,14007457,14627987.35
688258,卓易信息,2026-06-05,132.3300,133.1700,126.4000,126.4000,5001339,6321692.50
688259,创耀科技,2026-06-05,35.7200,37.5600,34.7900,36.8800,3292990,1214454.71
688260,昀冢科技,2026-06-05,95.4900,96.0000,88.8300,88.8400,6712217,5963133.58
688261,东微半导,2026-06-05,87.0000,87.0000,80.2000,80.6000,8761527,7061790.76
688262,国芯科技,2026-06-05,36.3900,37.0300,34.8000,35.7700,13327286,4767170.20
688265,南模生物,2026-06-05,33.2500,33.8500,32.5300,33.3200,502277,167358.70
688266,泽璟制药,2026-06-05,90.7200,92.4500,88.9600,90.6700,3333075,3022099.10
688267,中触媒,2026-06-05,31.7100,31.7100,30.3300,30.6400,2485654,761604.39
688268,华特气体,2026-06-05,195.1800,208.0000,194.0600,196.7000,13911471,27363863.46
688269,凯立新材,2026-06-05,34.9200,35.1900,33.5400,34.4900,1604780,553488.62
688270,ST臻镭,2026-06-05,109.9500,116.5800,106.5800,114.0000,10047274,11453892.36
688271,联影医疗,2026-06-05,112.0000,113.3000,110.2900,112.9800,6063053,6850037.28
688272,富吉瑞,2026-06-05,33.9600,35.4000,32.6700,34.6400,1484510,514234.26
688273,麦澜德,2026-06-05,42.6900,44.8700,41.5600,42.5400,4077433,1734540.00
688275,万润新能,2026-06-05,128.7400,129.6500,122.3000,123.5000,4290973,5299351.66
688276,百克生物,2026-06-05,14.7800,15.0400,14.7100,14.9200,2129528,317725.58
688277,天智航,2026-06-05,16.8300,17.1900,16.4600,16.6600,7635232,1272029.65
688278,特宝生物,2026-06-05,54.0900,55.0900,53.0500,54.9900,2619026,1440202.40
688279,XD峰岹科,2026-06-05,206.6300,222.8800,204.1300,212.0000,1795704,3806892.48
688280,精进电动,2026-06-05,5.6300,5.7600,5.4400,5.6700,16242313,920939.15
688281,华秦科技,2026-06-05,50.0000,51.3600,48.9100,49.8700,4331684,2160210.81
688282,理工导航,2026-06-05,72.6600,76.2500,71.6100,75.0000,1477883,1108412.25
688283,坤恒顺维,2026-06-05,37.0000,38.1900,35.6700,37.4200,1986804,743462.06
688285,高铁电气,2026-06-05,7.7500,7.9600,7.5800,7.9000,3347917,264485.44
688286,敏芯股份,2026-06-05,60.5000,67.4400,57.0000,64.0000,3506060,2243878.40
688287,退市观典,2026-06-05,0.3400,0.3600,0.3400,0.3500,13574922,47512.23
688288,鸿泉技术,2026-06-05,20.5800,21.2200,20.2100,20.9600,1619146,339373.00
688289,圣湘生物,2026-06-05,15.4500,15.5900,15.3300,15.4000,3215535,495192.39
688290,景业智能,2026-06-05,58.3400,61.6500,56.3600,59.8000,1681230,1005375.54
688291,金橙子,2026-06-05,48.0000,50.4800,47.4100,49.1600,2518597,1238142.29
688292,浩瀚深度,2026-06-05,21.5600,22.3200,20.7100,21.7400,3765660,818654.48
688293,奥浦迈,2026-06-05,38.6000,39.1600,37.2100,37.4500,1848202,692151.65
688295,中复神鹰,2026-06-05,49.0100,52.4000,47.9800,50.2200,14389393,7226353.16
688296,和达科技,2026-06-05,14.2600,14.6500,13.6000,14.3800,2056544,295731.03
688297,中无人机,2026-06-05,44.0000,44.7800,43.4000,44.0400,6833899,3009649.12
688298,东方生物,2026-06-05,20.2700,20.3800,19.8400,20.2600,1248698,252986.21
688299,长阳科技,2026-06-05,15.8500,16.6100,15.1500,16.0400,12451070,1997151.63
688300,联瑞新材,2026-06-05,161.7300,163.6900,153.6000,157.2100,11252006,17689278.63
688301,奕瑞科技,2026-06-05,182.0000,183.0000,170.9100,173.2500,10666119,18479051.17
688302,海创药业,2026-06-05,38.2500,39.1200,37.5100,37.7100,889351,335374.26
688303,大全能源,2026-06-05,22.1900,22.3800,20.3100,20.4100,53662008,10952415.83
688305,科德数控,2026-06-05,61.1200,64.6700,58.0100,63.0000,5621930,3541815.90
688306,均普智能,2026-06-05,8.9000,9.6000,8.2900,9.2500,27164898,2512753.07
688307,中润光学,2026-06-05,68.6100,71.5800,67.1200,67.6300,5692083,3849555.73
688308,欧科亿,2026-06-05,155.0000,163.7800,148.2300,151.8300,10632838,16143837.94
688309,恒誉环保,2026-06-05,64.3600,65.7200,62.5000,63.4400,1222828,775762.08
688310,迈得医疗,2026-06-05,17.4800,19.3000,17.2200,18.8600,8338976,1572730.87
688311,盟升电子,2026-06-05,28.3900,29.4800,28.2100,28.8400,5603689,1616103.91
688312,燕麦科技,2026-06-05,83.2000,85.5000,80.7200,81.3000,5647482,4591402.87
688313,仕佳光子,2026-06-05,162.0000,174.5900,154.0000,156.7900,34206743,53632752.35
688314,康拓医疗,2026-06-05,42.4900,44.5000,39.8800,41.2900,3591184,1482799.87
688315,诺禾致源,2026-06-05,13.3600,13.6800,13.2800,13.4900,2204313,297361.82
688316,青云科技,2026-06-05,60.1900,62.4900,59.0100,60.9500,2499181,1523250.82
688317,之江生物,2026-06-05,18.1200,18.5800,18.0600,18.1800,3220661,585516.17
688318,DR财富趋,2026-06-05,84.0000,85.2400,81.2200,82.7000,4627644,3827061.59
688319,欧林生物,2026-06-05,31.4500,36.3900,30.7100,34.2900,17807578,6106218.50
688320,禾川科技,2026-06-05,37.2600,39.8300,35.6200,38.5500,7323755,2823307.55
688321,微芯生物,2026-06-05,25.8700,26.0500,25.4200,25.5500,7122320,1819752.76
688322,奥比中光,2026-06-05,117.0000,133.2800,110.2000,126.0600,35817018,45150932.89
688323,瑞华泰,2026-06-05,30.1900,30.7600,28.8200,29.7100,11373633,3379106.36
688325,XD赛微微,2026-06-05,117.8100,127.9800,115.1000,124.7400,2984500,3722865.30
688326,经纬恒润,2026-06-05,79.8800,81.5000,76.7800,78.9300,1967590,1553018.79
688327,云从科技,2026-06-05,12.8400,13.0700,12.2800,12.5800,32332945,4067484.48
688328,深科达,2026-06-05,70.1100,72.4400,68.2000,69.1200,6013373,4156443.42
688329,艾隆科技,2026-06-05,22.4100,23.1500,21.5300,22.8300,1571632,358803.59
688330,宏力达,2026-06-05,36.0600,36.6900,35.4000,35.7100,1446994,516721.56
688331,荣昌生物,2026-06-05,108.9900,110.0000,101.1500,101.5000,10523460,10681311.90
688332,中科蓝讯,2026-06-05,89.0000,90.1300,86.4500,87.6000,3558062,3116862.31
688333,铂力特,2026-06-05,100.0200,101.5000,96.0000,98.4000,14263843,14035621.51
688334,西高院,2026-06-05,18.6900,18.9400,18.3900,18.6200,1450571,270096.32
688335,复洁科技,2026-06-05,29.9300,29.9300,28.7200,28.9000,2696509,779291.10
688336,三生国健,2026-06-05,57.7400,58.9900,55.0000,55.1900,6985164,3855112.01
688337,普源精电,2026-06-05,65.3300,70.1800,64.8000,65.9800,7358920,4855415.42
688338,赛科希德,2026-06-05,24.5700,24.8700,23.9200,24.5500,820391,201405.99
688339,亿华通,2026-06-05,21.1900,21.6600,20.5700,21.1400,3655644,772803.14
688343,云天励飞,2026-06-05,63.9000,65.9900,62.2600,63.7600,9722273,6198921.26
688345,博力威,2026-06-05,50.7900,50.9900,47.0800,49.5900,2231792,1106745.65
688347,华虹公司,2026-06-05,234.0100,247.5000,224.0000,227.0000,31240208,70915272.16
688348,昱能科技,2026-06-05,38.8900,39.4500,37.2500,38.6800,2645020,1023093.74
688349,三一重能,2026-06-05,18.8100,18.9700,18.2500,18.5500,7030048,1304073.90
688350,富淼科技,2026-06-05,34.2400,34.4800,32.6300,33.2400,2661389,884645.70
688351,微电生理,2026-06-05,23.5000,23.9900,23.1800,23.4000,5186273,1213587.88
688352,XD颀中科,2026-06-05,21.0600,21.2000,19.4400,19.6600,53259352,10470788.60
688353,华盛锂电,2026-06-05,81.9000,84.8000,79.5600,82.7300,4649049,3846158.24
688355,明志科技,2026-06-05,18.6800,19.2700,18.2100,18.7300,1655352,310047.43
688356,键凯科技,2026-06-05,73.0100,73.1500,71.1500,71.8900,748192,537875.23
688357,建龙微纳,2026-06-05,28.8800,29.2500,28.0800,28.7200,996660,286240.75
688358,祥生医疗,2026-06-05,30.9900,31.8800,30.8800,31.5900,1509928,476986.26
688359,三孚新科,2026-06-05,136.2200,141.3200,133.8000,135.1000,4418699,5969662.35
688360,德马科技,2026-06-05,22.0000,23.2000,21.3300,22.4900,13210015,2970932.37
688361,中科飞测,2026-06-05,207.0000,211.2000,198.0000,199.9800,8771804,17541853.64
688362,甬矽电子,2026-06-05,60.0400,61.4000,57.4200,57.6000,33465003,19275841.73
688363,华熙生物,2026-06-05,34.8700,35.6600,34.7100,34.8300,3076180,1071433.49
688365,光云科技,2026-06-05,19.5100,19.9700,18.8600,19.2400,15729029,3026265.18
688366,昊海生科,2026-06-05,32.3400,33.0800,32.3400,32.8800,516382,169786.40
688367,工大高科,2026-06-05,33.2300,39.8800,33.2300,37.3900,9293003,3474653.82
688368,晶丰明源,2026-06-05,212.3300,227.0000,205.0500,213.3400,3502619,7472487.37
688369,致远互联,2026-06-05,20.6400,22.6200,20.5100,21.9700,6740336,1480851.82
688370,丛麟科技,2026-06-05,21.9800,22.2400,21.5100,21.9000,621690,136150.11
688371,菲沃泰,2026-06-05,38.8100,40.5000,37.8800,38.3800,12581303,4828704.09
688372,伟测科技,2026-06-05,150.0000,153.2700,144.4000,145.7700,5896252,8594966.54
688373,盟科药业,2026-06-05,4.5800,4.6500,4.4800,4.5900,10753613,493590.84
688375,国博电子,2026-06-05,91.0200,98.2900,89.7900,93.9000,10395066,9760966.97
688376,美埃科技,2026-06-05,70.0000,70.8000,68.6900,69.3400,1424295,987606.15
688377,迪威尔,2026-06-05,28.5000,29.7300,27.6000,29.0200,5013741,1454987.64
688378,奥来德,2026-06-05,50.5400,55.5500,50.0200,51.7500,25985740,13447620.45
688379,华光新材,2026-06-05,74.0000,77.9200,72.2700,74.7900,5844993,4371470.26
688380,中微半导,2026-06-05,44.6000,44.9900,43.4000,43.5200,7893808,3435385.24
688381,帝奥微,2026-06-05,41.3000,41.3500,38.1100,38.3300,14907664,5714107.61
688382,益方生物,2026-06-05,18.0000,18.3900,17.2200,17.5900,14704618,2586542.31
688383,新益昌,2026-06-05,140.5900,145.0000,136.0100,139.7000,1994473,2786278.78
688385,复旦微电,2026-06-05,56.6400,57.4800,54.9100,55.6300,16799747,9345699.26
688386,XD泛亚微,2026-06-05,76.1000,78.7900,74.5000,75.9100,1642601,1246898.42
688387,信科移动,2026-06-05,16.3000,18.1700,15.9700,16.9800,112562407,19113096.71
688388,嘉元科技,2026-06-05,46.0200,47.3100,44.4800,45.0400,31039312,13980106.12
688389,普门科技,2026-06-05,11.1500,11.3300,11.0400,11.2300,1568593,176152.99
688390,固德威,2026-06-05,133.0800,135.0000,115.0100,116.8300,20938091,24461971.72
688391,钜泉科技,2026-06-05,30.2400,31.6900,28.6700,30.6600,2777048,851442.92
688392,骄成超声,2026-06-05,163.0000,166.0000,157.1100,161.0100,2834776,4564272.84
688393,安必平,2026-06-05,20.1000,20.9600,19.8100,20.6000,1720959,354517.55
688395,正弦电气,2026-06-05,25.6600,26.3400,24.9000,25.8300,1754766,453256.06
688396,华润微,2026-06-05,71.0100,71.1000,65.9900,66.5800,46108825,30699255.69
688398,赛特新材,2026-06-05,28.3200,28.8400,27.7200,28.0600,1616563,453607.58
688399,硕世生物,2026-06-05,49.3800,50.3800,47.3800,48.2800,1333509,643818.15
688400,凌云光,2026-06-05,55.3600,59.2300,53.6000,57.4000,29371521,16859253.05
688401,路维光电,2026-06-05,71.1400,77.6800,69.6300,73.0200,7977805,5825393.21
688403,汇成股份,2026-06-05,19.8000,23.5000,19.0200,22.5000,136336371,30675683.48
688408,中信博,2026-06-05,31.9100,32.8100,30.6200,31.8000,6491375,2064257.25
688409,富创精密,2026-06-05,143.8600,153.0800,140.3200,145.3000,6950746,10099433.94
688410,山外山,2026-06-05,14.8000,15.0500,14.3800,14.7500,6918467,1020473.88
688411,海博思创,2026-06-05,278.0600,278.4600,258.9700,260.0100,7170977,18645257.30
688416,恒烁股份,2026-06-05,114.6800,119.0000,112.0000,113.2000,3718610,4209466.52
688418,震有科技,2026-06-05,45.6300,47.8000,44.5300,46.5600,6174686,2874933.80
688419,耐科装备,2026-06-05,47.1000,48.2700,45.6800,46.8000,2870567,1343425.36
688420,美腾科技,2026-06-05,23.4700,24.3300,23.1100,23.8600,1251480,298603.13
688425,铁建重工,2026-06-05,4.2900,4.4000,4.2700,4.3400,17978593,780270.94
688426,康为世纪,2026-06-05,17.2600,17.7300,16.9300,17.4700,1031740,180244.98
688428,诺诚健华,2026-06-05,22.0600,22.3300,21.3800,21.4400,6992637,1499221.37
688429,时创能源,2026-06-05,11.6000,11.8200,11.2100,11.5600,2602648,300866.11
688432,有研硅,2026-06-05,20.2000,20.7800,19.5000,19.8900,25444604,5060931.74
688433,华曙高科,2026-06-05,98.8700,98.8700,93.6000,97.0000,3910563,3793246.11
688435,英方软件,2026-06-05,39.9100,39.9100,38.0000,38.0500,2507536,954117.45
688439,振华风光,2026-06-05,48.6000,49.1000,46.7400,47.6700,3709582,1768357.74
688443,智翔金泰,2026-06-05,23.1500,23.3500,22.4800,22.5100,4015397,903865.86
688448,磁谷科技,2026-06-05,57.1300,59.0100,56.1200,57.5100,2862859,1646430.21
688449,联芸科技,2026-06-05,70.0000,73.7300,69.7200,70.3800,13403439,9433340.37
688450,光格科技,2026-06-05,44.1100,44.2800,41.5000,42.6600,1544341,658815.87
688455,科捷智能,2026-06-05,19.1300,20.1700,18.7500,19.9800,3066435,612673.71
688456,有研粉材,2026-06-05,91.0000,91.6000,87.0200,88.9000,6414038,5702079.78
688458,美芯晟,2026-06-05,36.3100,39.7100,35.8000,38.0000,4180454,1588572.52
688459,哈铁科技,2026-06-05,8.3200,8.4900,8.3100,8.4900,1193519,101329.76
688466,金科环境,2026-06-05,15.3800,16.0000,14.9700,15.7400,1348582,212266.81
688468,科美诊断,2026-06-05,6.2000,6.3500,6.1000,6.2500,3251802,203237.63
688469,芯联集成,2026-06-05,7.7000,7.7000,7.2800,7.3400,262627788,19276879.64
688472,阿特斯,2026-06-05,11.8800,11.9200,11.3400,11.4500,68838347,7881990.73
688475,萤石网络,2026-06-05,27.3600,28.5300,26.9600,27.8100,4113591,1143989.66
688478,晶升股份,2026-06-05,58.0000,62.0500,56.0600,57.9100,7420946,4297469.83
688479,友车科技,2026-06-05,32.3100,33.1300,32.0000,32.6200,2568154,837731.83
688480,赛恩斯,2026-06-05,91.0000,92.8000,89.3500,90.5300,1429764,1294365.35
688484,XD南芯科,2026-06-05,42.2000,43.2700,40.6500,41.7500,9919300,4141307.75
688485,九州一轨,2026-06-05,51.8500,54.3900,50.1000,52.2000,5096905,2660584.41
688486,龙迅股份,2026-06-05,73.5000,76.8500,72.1500,74.4800,3873135,2884710.95
688488,艾迪药业,2026-06-05,14.0400,14.2400,13.6000,13.7600,4143848,570193.48
688489,三未信安,2026-06-05,24.2200,24.8300,23.1100,24.1000,1994401,480650.64
688496,*ST清越,2026-06-05,1.2700,1.2800,1.1300,1.1800,21204525,250213.40
688498,源杰科技,2026-06-05,1374.0000,1448.6800,1300.0000,1320.7200,7191811,94983686.24
688499,利元亨,2026-06-05,50.5000,52.8800,48.3200,51.0000,8033637,4097154.87
688500,慧辰股份,2026-06-05,49.8100,49.9900,47.7000,48.2000,1944031,937022.94
688501,青达环保,2026-06-05,21.4900,22.2900,21.3000,22.0700,1682585,371346.51
688502,茂莱光学,2026-06-05,455.0000,485.0000,438.1000,453.9000,2089554,9484485.61
688503,聚和材料,2026-06-05,89.0000,91.3200,86.0600,87.6600,10823908,9488237.75
688505,复旦张江,2026-06-05,6.7500,6.9800,6.7500,6.9200,3764601,260510.39
688506,百利天恒,2026-06-05,217.0000,221.0100,210.1300,212.2900,1675993,3557965.54
688507,索辰科技,2026-06-05,185.0000,197.7700,172.5300,191.4500,12151487,23264021.86
688508,芯朋微,2026-06-05,85.7400,85.7400,81.5000,83.2000,7771141,6465589.31
688509,正元地信,2026-06-05,5.0200,5.1000,4.8800,5.0300,19296733,970625.67
688510,航亚科技,2026-06-05,26.0200,28.6400,26.0200,27.5400,11801526,3250140.26
688511,天微电子,2026-06-05,24.8400,25.1100,23.9000,24.7600,2973929,736344.82
688512,慧智微,2026-06-05,13.5000,13.6400,12.5800,13.2000,18493664,2441163.65
688513,苑东生物,2026-06-05,47.7000,49.3100,46.3000,47.0000,1841694,865596.18
688515,裕太微,2026-06-05,221.3000,233.8800,212.9800,214.0000,7198929,15405708.06
688516,奥特维,2026-06-05,59.2000,59.8000,56.1500,58.3400,13507774,7880435.35
688517,XD金冠电,2026-06-05,19.9500,20.4900,19.2500,20.0200,2368995,474272.80
688518,联赢激光,2026-06-05,26.0300,28.2700,24.6600,26.8200,28287837,7586797.88
688519,南亚新材,2026-06-05,243.0100,257.9000,235.8300,236.1000,6519772,15393181.69
688520,神州细胞,2026-06-05,35.7700,35.8700,35.0500,35.4000,1745966,618071.96
688521,芯原股份,2026-06-05,236.1000,238.2300,224.9900,225.2000,22750068,51233153.14
688522,纳睿雷达,2026-06-05,20.2300,21.8800,19.7600,21.3300,8836068,1884733.30
688523,航天环宇,2026-06-05,58.2400,60.9800,57.3700,60.0900,9982845,5998691.56
688525,佰维存储,2026-06-05,327.0000,333.0000,309.1100,311.0000,48186355,149859564.05
688526,科前生物,2026-06-05,12.5700,12.6900,12.4500,12.5400,919618,115320.10
688528,秦川物联,2026-06-05,10.6800,11.5400,10.5700,11.2400,4003627,450007.67
688529,豪森智能,2026-06-05,17.3100,18.8900,16.6500,18.1600,3000111,544820.16
688530,欧莱新材,2026-06-05,48.0100,49.9500,47.0200,48.5500,5074620,2463728.01
688531,日联科技,2026-06-05,202.9600,215.0000,190.0000,195.1700,7821853,15265910.50
688533,上声电子,2026-06-05,24.7800,25.7100,24.1600,24.9900,1304874,326088.01
688535,华海诚科,2026-06-05,115.2700,119.4500,113.5200,114.8000,6720958,7715659.78
688536,思瑞浦,2026-06-05,300.0000,308.9000,291.0000,293.0000,4224345,12377330.85
688538,和辉光电,2026-06-05,2.3900,2.5000,2.3600,2.4300,160561017,3901632.71
688539,高华科技,2026-06-05,31.1500,32.2300,30.6600,31.8000,4914154,1562700.97
688543,国科军工,2026-06-05,41.1000,41.8900,40.3100,41.0200,5628203,2308688.87
688545,兴福电子,2026-06-05,87.0000,90.7500,84.9100,86.1600,16746604,14428874.01
688548,广钢气体,2026-06-05,29.5000,30.1700,27.8500,28.1100,31421937,8832706.49
688549,中巨芯,2026-06-05,15.5000,16.8000,15.3400,15.9900,106377566,17009772.80
688550,瑞联新材,2026-06-05,40.9700,45.8500,40.8300,43.3500,10566271,4580478.48
688551,DR科威尔,2026-06-05,57.0000,57.1100,53.2000,54.0800,5950531,3218047.16
688552,航天南湖,2026-06-05,29.3000,29.9600,28.9300,29.5200,3777931,1115245.23
688553,汇宇制药,2026-06-05,16.4400,17.6400,16.4100,17.1200,10934511,1871988.28
688556,高测股份,2026-06-05,10.7800,11.2200,10.5600,10.9900,40525199,4453719.37
688557,兰剑智能,2026-06-05,30.4000,31.6400,29.7000,31.0500,1264121,392509.57
688558,国盛智科,2026-06-05,32.0000,34.1800,31.5500,33.2500,2621253,871566.62
688559,海目星,2026-06-05,62.0200,73.7000,60.1800,68.4600,29583872,20253118.77
688560,明冠新材,2026-06-05,14.1500,14.4400,13.7000,14.1200,3963998,559716.52
688561,奇安信,2026-06-05,25.7000,26.2500,25.3200,25.8000,5048374,1302480.49
688562,航天软件,2026-06-05,16.4300,16.9000,16.2500,16.6800,3142145,524109.79
688563,航材股份,2026-06-05,50.5600,51.1000,49.9200,50.2200,3113433,1563566.05
688565,力源科技,2026-06-05,10.5900,10.9800,10.2300,10.7700,4035771,434652.54
688566,吉贝尔,2026-06-05,24.0000,24.4800,23.8100,24.0400,877308,210904.84
688567,孚能科技,2026-06-05,12.1900,12.2900,11.5300,12.0100,18138984,2178491.98
688568,中科星图,2026-06-05,44.8600,46.9900,43.9100,45.9000,15711590,7211619.81
688569,铁科轨道,2026-06-05,18.1300,18.5700,17.9500,18.2600,696811,127237.69
688570,天玛智控,2026-06-05,15.7900,16.1300,15.4800,15.9500,1228918,196012.42
688571,杭华股份,2026-06-05,8.8000,9.3900,8.2000,9.0600,16690730,1512180.14
688573,信宇人,2026-06-05,19.7000,20.3800,18.8800,19.8700,2973660,590866.24
688575,亚辉龙,2026-06-05,9.7800,9.9700,9.6600,9.8700,9340395,921896.99
688576,西山科技,2026-06-05,68.7300,70.2500,67.5000,69.2200,325099,225033.53
688577,浙海德曼,2026-06-05,66.0000,70.0000,63.3000,69.2000,2701236,1869255.31
688578,艾力斯,2026-06-05,84.5000,85.8000,83.3900,84.2900,4158793,3505446.62
688579,地纬智能,2026-06-05,8.6600,8.9600,8.5200,8.8700,3013701,267315.28
688580,伟思医疗,2026-06-05,50.4600,51.7900,50.4600,50.7000,1318375,668416.13
688581,安杰思,2026-06-05,53.8900,55.3900,53.8900,55.0200,577875,317946.83
688582,芯动联科,2026-06-05,45.5600,48.4700,44.2000,47.5500,8545505,4063387.63
688583,思看科技,2026-06-05,114.1700,119.0000,109.8500,113.2100,1944564,2201440.90
688584,上海合晶,2026-06-05,26.0700,26.9600,24.8300,25.6300,16572519,4247536.62
688585,上纬新材,2026-06-05,177.9600,191.0000,169.6500,173.8900,8342131,14506131.60
688586,江航装备,2026-06-05,13.0300,13.2000,12.6600,12.8500,7762611,997495.51
688588,凌志软件,2026-06-05,9.9800,10.3100,9.7600,10.1100,4037216,408162.54
688589,力合微,2026-06-05,20.0900,20.4300,18.9700,19.9800,4475364,894177.73
688590,新致软件,2026-06-05,14.2100,14.9900,13.7100,14.5000,17049718,2472209.11
688591,泰凌微,2026-06-05,30.8300,31.9900,29.7800,31.0000,5713285,1771118.35
688592,司南导航,2026-06-05,38.0000,41.0000,37.1500,40.0300,1905121,762619.94
688593,新相微,2026-06-05,36.4800,37.9900,35.0000,35.5500,17642541,6271923.33
688595,芯海科技,2026-06-05,38.3700,42.4800,37.6100,39.9200,14208308,5671956.55
688596,正帆科技,2026-06-05,39.0500,42.6300,37.8400,40.9000,25776387,10542542.28
688597,煜邦电力,2026-06-05,9.3000,9.9800,9.1500,9.7100,20242435,1965540.44
688598,金博股份,2026-06-05,33.2000,35.2800,32.7900,34.2800,17142001,5876277.94
688599,天合光能,2026-06-05,14.5100,14.5200,13.9300,14.1400,40663618,5749835.59
688600,皖仪科技,2026-06-05,26.0000,27.5000,26.0000,26.6400,3534184,941506.62
688601,力芯微,2026-06-05,55.3000,56.9900,53.2900,54.0900,5391623,2916328.88
688602,康鹏科技,2026-06-05,7.1500,7.3100,6.9500,7.1300,9268092,660814.96
688603,天承科技,2026-06-05,166.1200,187.8800,161.7700,176.5000,10451808,18447441.12
688605,先锋精科,2026-06-05,71.6900,77.8000,70.4000,74.2000,8311966,6167478.77
688606,奥泰生物,2026-06-05,48.7800,50.2000,47.6600,49.6500,595239,295536.16
688607,康众医疗,2026-06-05,59.0000,60.9300,58.3200,58.6000,1554869,911153.23
688608,恒玄科技,2026-06-05,158.6600,162.9100,154.0400,162.2800,4452645,7225752.31
688609,九联科技,2026-06-05,11.8000,12.7900,11.0600,11.9000,60606825,7212212.18
688610,埃科光电,2026-06-05,183.8500,213.9100,180.9500,200.7000,2388532,4793783.72
688611,杭州柯林,2026-06-05,76.1900,80.1300,74.5700,76.9500,1471098,1132009.91
688612,威迈斯,2026-06-05,37.8500,38.2000,36.6000,37.0600,6870476,2546198.41
688613,奥精医疗,2026-06-05,16.2300,16.3800,15.7400,16.1600,2419464,390985.38
688615,合合信息,2026-06-05,127.3000,128.9000,123.5100,124.9100,4051444,5060658.70
688616,西力科技,2026-06-05,11.8200,12.1400,11.4800,11.9600,1988134,237780.83
688617,惠泰医疗,2026-06-05,198.8900,202.6800,198.1000,201.5300,964639,1944036.98
688618,三旺通信,2026-06-05,33.7100,35.5600,33.3700,34.2100,2919246,998674.06
688619,罗普特,2026-06-05,16.4200,17.8700,15.8700,17.3000,8365910,1447302.43
688620,安凯微,2026-06-05,11.8600,12.7900,11.2500,12.1500,17744237,2155924.80
688621,阳光诺和,2026-06-05,53.5800,53.7000,50.4000,50.5100,1944565,982199.78
688622,*ST禾信,2026-06-05,135.7800,135.8800,125.0200,130.3900,1937739,2526617.88
688623,双元科技,2026-06-05,95.9100,97.9200,93.3300,96.6100,640751,619029.54
688625,呈和科技,2026-06-05,75.0000,77.0000,72.1800,75.1000,5395114,4051730.61
688626,翔宇医疗,2026-06-05,50.9900,51.2800,49.3600,50.1400,1391451,697673.53
688627,精智达,2026-06-05,379.0700,403.0100,379.0700,385.5600,6306569,24315607.44
688628,优利德,2026-06-05,84.0800,86.4500,81.4400,83.3800,3785890,3156675.08
688629,华丰科技,2026-06-05,139.3500,144.8000,134.2100,134.9600,20761561,28019802.73
688630,芯碁微装,2026-06-05,395.0000,408.5000,373.0100,379.0000,8231469,31197267.51
688631,莱斯信息,2026-06-05,46.7600,48.4900,45.7100,47.3800,1848240,875696.11
688633,星球石墨,2026-06-05,28.9900,30.8700,27.7600,29.8000,12035133,3586469.63
688635,长进光子,2026-06-05,633.0000,649.4300,595.0000,598.0000,4746635,28384877.30
688636,智明达,2026-06-05,35.2800,37.2700,34.6600,36.6200,5454166,1997315.59
688638,誉辰智能,2026-06-05,34.5700,35.9800,33.3400,35.1100,817011,286852.56
688639,华恒生物,2026-06-05,22.0100,22.3000,21.4200,21.8700,5235605,1145026.81
688646,ST逸飞,2026-06-05,67.7100,67.8000,64.0800,64.6300,1171407,757080.34
688648,中邮科技,2026-06-05,38.4500,39.8800,37.3100,39.0000,2069088,806944.32
688651,盛邦安全,2026-06-05,34.0000,34.8000,32.7000,34.1100,1135044,387163.51
688652,京仪装备,2026-06-05,130.3000,133.2500,127.5000,128.2700,5541865,7108550.24
688653,康希通信,2026-06-05,14.0000,14.2300,13.4500,13.8800,11041904,1532616.28
688655,迅捷兴,2026-06-05,56.2000,58.4900,54.0100,54.6800,12441728,6803136.87
688656,浩欧博,2026-06-05,105.0300,105.5000,102.5200,103.4200,359791,372095.85
688657,浩辰软件,2026-06-05,36.1700,36.7800,35.8300,36.4000,1056572,384592.21
688658,悦康药业,2026-06-05,16.1300,16.2700,13.3000,13.7300,38413806,5274215.56
688659,元琛科技,2026-06-05,9.8800,10.2900,9.4800,10.0000,5099471,509947.10
688660,电气风电,2026-06-05,10.3000,10.3000,9.8600,9.8600,17193682,1695297.05
688661,和林微纳,2026-06-05,123.5100,126.6900,119.6800,120.1800,5019384,6032295.69
688662,富信科技,2026-06-05,93.6800,94.6600,87.7000,88.7600,5205671,4620553.58
688663,新风光,2026-06-05,93.0100,93.8800,87.6700,88.3700,3987906,3524112.53
688665,四方光电,2026-06-05,50.2000,51.8700,48.0100,50.5800,986252,498846.26
688667,菱电电控,2026-06-05,111.5000,112.5000,107.0000,109.6500,1878467,2059739.07
688668,鼎通科技,2026-06-05,386.8400,428.0000,380.5200,395.9700,9531195,37740672.84
688669,聚石化学,2026-06-05,43.5000,44.9900,42.5000,44.5000,4279039,1904172.36
688670,金迪克,2026-06-05,15.4600,16.3900,15.3900,15.8500,1606345,254605.68
688671,碧兴物联,2026-06-05,24.4600,26.2100,23.9600,25.6500,2939870,754076.66
688676,金盘科技,2026-06-05,95.0900,95.0900,88.0000,89.9200,20811243,18713469.71
688677,海泰新光,2026-06-05,143.0000,143.0000,128.4900,132.5800,5840137,7742853.63
688678,福立旺,2026-06-05,22.0000,23.0500,21.4700,22.3600,17073977,3817741.26
688679,通源环境,2026-06-05,55.0100,56.7900,53.7800,55.5300,2151681,1194828.46
688680,海优新材,2026-06-05,44.0000,44.8800,42.7900,43.6600,2733870,1193607.64
688681,科汇股份,2026-06-05,16.2900,16.8500,15.9800,16.5100,1885212,311248.50
688682,霍莱沃,2026-06-05,40.6900,44.6000,39.8100,42.9200,4106601,1762553.15
688683,莱尔科技,2026-06-05,37.6000,38.2900,36.0800,37.6800,1843121,694487.99
688685,迈信林,2026-06-05,49.6600,50.9900,48.2200,49.3800,3651913,1803314.64
688686,奥普特,2026-06-05,134.9000,143.0000,129.1400,137.9600,3767344,5197427.78
688687,凯因科技,2026-06-05,16.3200,16.8200,16.1500,16.6200,2386513,396638.46
688689,银河微电,2026-06-05,39.6000,41.4400,39.1100,40.4200,2384974,964006.49
688690,纳微科技,2026-06-05,41.4500,44.5000,41.0700,42.0300,22158620,9313267.99
688691,灿芯股份,2026-06-05,96.5000,101.0000,94.3600,95.1000,6448312,6132344.71
688692,达梦数据,2026-06-05,273.0000,276.0200,262.3000,265.0000,2402198,6365824.70
688693,锴威特,2026-06-05,104.4000,104.4000,97.9600,100.4000,2749674,2760672.70
688695,中创股份,2026-06-05,20.4700,21.2700,20.0000,20.9000,1524367,318592.70
688696,极米科技,2026-06-05,73.3000,73.3700,71.7700,72.0000,995337,716642.64
688697,纽威数控,2026-06-05,20.3700,21.6000,19.3000,20.9100,12207712,2552632.58
688698,伟创电气,2026-06-05,64.3800,69.8800,60.6900,66.5100,10184313,6773586.58
688699,明微电子,2026-06-05,57.2000,59.2000,55.5100,57.1500,3319010,1896814.22
688700,东威科技,2026-06-05,91.4100,93.4600,87.1000,87.8000,15428832,13546514.50
688701,卓锦股份,2026-06-05,9.1300,9.5600,8.9000,9.2600,3026060,280213.16
688702,盛科通信,2026-06-05,267.0000,278.8000,262.0100,263.0200,5585548,14691108.35
688707,振华新材,2026-06-05,14.8500,15.5700,14.3300,15.1700,22654501,3436687.80
688708,佳驰科技,2026-06-05,47.0700,48.3800,46.0300,47.6800,1791529,854201.03
688709,成都华微,2026-06-05,33.5000,33.9400,32.0000,33.1800,7777023,2580416.23
688710,益诺思,2026-06-05,58.6400,59.2000,56.3300,56.9600,1452061,827093.95
688711,宏微科技,2026-06-05,33.1000,35.2000,32.1300,33.5300,14084881,4722660.60
688712,北芯生命,2026-06-05,39.3000,39.5800,38.5000,38.7100,1956553,757381.67
688716,中研股份,2026-06-05,31.6000,34.2000,30.0500,33.5200,5513062,1847978.38
688717,艾罗能源,2026-06-05,103.1300,103.8500,97.5000,97.6900,5677614,5546461.12
688718,唯赛勃,2026-06-05,14.5500,15.0600,14.0700,14.8100,2722834,403251.72
688719,爱科赛博,2026-06-05,83.5000,87.8300,78.5000,78.7800,6608131,5205885.60
688720,艾森股份,2026-06-05,93.7900,96.6600,90.7300,92.5000,3725883,3446441.78
688721,龙图光罩,2026-06-05,41.5000,44.3800,40.6500,42.7000,2905052,1240457.20
688722,同益中,2026-06-05,15.9800,16.9500,15.5200,16.5800,5804421,962373.00
688726,拉普拉斯,2026-06-05,59.0200,63.1800,58.0100,61.6000,18920997,11655334.15
688727,恒坤新材,2026-06-05,49.6000,53.1100,47.9000,51.3500,7004532,3596827.18
688728,格科微,2026-06-05,13.7300,14.2000,13.2300,13.8000,28928009,3992065.24
688729,屹唐股份,2026-06-05,24.5000,24.6800,23.4000,23.9000,12884542,3079405.54
688733,壹石通,2026-06-05,36.5600,37.5900,34.2600,36.2500,12034300,4362433.75
688737,中自科技,2026-06-05,24.9800,25.5200,24.3200,25.0000,1774570,443642.50
688739,成大生物,2026-06-05,20.5100,21.0800,20.5100,20.9200,1883612,394051.63
688750,金天钛业,2026-06-05,16.5100,16.9500,16.2700,16.6600,2690366,448214.98
688755,汉邦科技,2026-06-05,35.2400,35.5600,34.7400,35.0700,397143,139278.05
688757,胜科纳米,2026-06-05,39.4500,43.6600,37.1500,42.1800,17821782,7517227.65
688758,赛分科技,2026-06-05,17.6000,17.6500,17.2000,17.4000,1939872,337537.73
688759,必贝特,2026-06-05,31.5700,31.7700,29.5600,31.1800,4228242,1318365.86
688765,禾元生物,2026-06-05,47.9200,48.8800,47.4200,47.8700,1296804,620780.07
688766,普冉股份,2026-06-05,404.0000,421.0000,393.0000,396.0000,6340989,25110316.44
688767,博拓生物,2026-06-05,37.3300,37.7100,37.1000,37.2500,1283806,478217.74
688768,容知日新,2026-06-05,53.1000,54.4000,51.0100,53.0500,1513410,802864.01
688772,珠海冠宇,2026-06-05,15.2000,16.0700,14.3800,15.4000,56594854,8715607.52
688775,影石创新,2026-06-05,168.0000,168.0000,161.5900,163.0000,1496388,2439112.44
688776,国光电气,2026-06-05,64.8300,66.2400,62.6100,64.6500,2047011,1323392.61
688777,中控技术,2026-06-05,90.4000,102.0000,88.3300,100.0000,45434029,45434029.00
688778,厦钨新能,2026-06-05,59.0900,60.1000,57.5300,58.8100,6280475,3693547.35
688779,五矿新能,2026-06-05,8.3700,8.5300,8.2100,8.3600,27816550,2325463.58
688781,视涯科技,2026-06-05,48.4600,50.5900,47.8000,49.2600,3399560,1674623.26
688783,西安奕材,2026-06-05,37.1500,39.5000,36.0000,36.7000,28283747,10380135.15
688785,恒运昌,2026-06-05,330.9700,361.7600,326.2100,347.2800,1203658,4180063.50
688786,悦安新材,2026-06-05,40.5400,44.6000,38.3800,42.4900,9540909,4053932.23
688787,海天瑞声,2026-06-05,130.0000,131.8200,125.6000,125.7000,2256099,2835916.44
688788,科思科技,2026-06-05,44.4300,44.4800,43.4100,43.5900,1354139,590269.19
688789,宏华数科,2026-06-05,50.5500,52.0600,49.7100,51.5700,1836154,946904.62
688790,昂瑞微,2026-06-05,124.2800,127.2300,120.1000,124.6000,588274,732989.40
688793,倍轻松,2026-06-05,18.0000,18.5500,17.2000,18.1800,1871866,340305.24
688795,摩尔线程,2026-06-05,646.0000,678.5000,624.1600,633.9700,3017800,19131946.66
688796,百奥赛图,2026-06-05,96.7700,98.9800,93.6000,93.8000,1372875,1287756.75
688798,艾为电子,2026-06-05,70.0200,71.4000,67.5800,69.4900,5106553,3548543.68
688799,华纳药厂,2026-06-05,50.1300,51.0000,48.1000,48.5900,3951179,1919877.88
688800,瑞可达,2026-06-05,134.0000,138.6000,125.2800,126.1100,16368976,20642915.63
688802,沐曦股份,2026-06-05,720.0000,774.7000,700.6600,710.0000,2953904,20972718.40
688805,XD健信超,2026-06-05,54.4300,54.9600,51.6100,52.0600,1438354,748807.09
688807,优迅股份,2026-06-05,420.9900,455.0000,420.9900,432.0000,1623138,7011956.16
688808,联讯仪器,2026-06-05,2080.0000,2323.0300,2033.2400,2145.0000,1809525,38814311.25
688809,强一股份,2026-06-05,503.9800,523.0800,488.2100,491.9200,2103698,10348511.20
688811,有研复材,2026-06-05,28.0900,28.2200,26.8000,26.9500,13659597,3681261.39
688813,泰金新能,2026-06-05,178.3000,186.8000,175.0100,183.6800,3577642,6571412.83
688816,易思维,2026-06-05,62.5000,63.8700,61.3300,62.9500,891654,561296.19
688818,电科蓝天,2026-06-05,71.9400,74.8000,70.9100,73.2000,21831930,15980972.76
688819,天能股份,2026-06-05,24.1400,24.6800,23.9000,24.2300,2892271,700797.26
688820,盛合晶微,2026-06-05,188.5000,188.5100,173.0000,173.3000,35605252,61703901.72
688981,中芯国际,2026-06-05,131.0000,134.7500,126.7000,127.4000,93457433,119064769.64
689009,九号公司,2026-06-05,36.2000,37.6200,35.7400,36.3600,12309185,4475619.67
900901,云赛Ｂ股,2026-06-05,0.6680,0.6800,0.6600,0.6720,5069,34.06
900902,市北B股,2026-06-05,0.1540,0.1560,0.1540,0.1560,3825,5.97
900903,大众Ｂ股,2026-06-05,0.1740,0.1740,0.1710,0.1730,3561,6.16
900904,神奇B股,2026-06-05,0.4250,0.4340,0.4230,0.4340,520,2.26
900905,老凤祥Ｂ,2026-06-05,3.0300,3.0300,2.9920,2.9930,3110,93.08
900906,中毅达B,2026-06-05,0.2120,0.2190,0.2120,0.2170,3864,8.38
900908,氯碱Ｂ股,2026-06-05,0.6430,0.6440,0.6310,0.6430,5374,34.55
900909,华谊B股,2026-06-05,0.4790,0.4810,0.4780,0.4800,1431,6.87
900910,海立Ｂ股,2026-06-05,0.6070,0.6120,0.5980,0.6050,7825,47.34
900911,金桥Ｂ股,2026-06-05,0.7440,0.7500,0.7420,0.7480,2091,15.64
900912,外高Ｂ股,2026-06-05,0.6600,0.6640,0.6570,0.6570,906,5.95
900913,国新B股,2026-06-05,0.2110,0.2150,0.2100,0.2110,5674,11.97
900914,锦在线B,2026-06-05,0.4260,0.4260,0.4210,0.4250,1811,7.70
900915,ST中路B,2026-06-05,0.1980,0.2040,0.1980,0.2040,6040,12.32
900916,凤凰B股,2026-06-05,0.4150,0.4360,0.4150,0.4280,31922,136.63
900917,海欣Ｂ股,2026-06-05,0.2480,0.2500,0.2480,0.2480,3092,7.67
900918,耀皮Ｂ股,2026-06-05,0.3100,0.3320,0.3100,0.3280,9262,30.38
900920,动力Ｂ股,2026-06-05,0.3190,0.3270,0.3190,0.3250,9730,31.62
900921,金煤B股,2026-06-05,0.1600,0.1620,0.1540,0.1600,4733,7.57
900922,三毛B股,2026-06-05,0.5620,0.5700,0.5520,0.5680,1403,7.97
900923,百联Ｂ股,2026-06-05,0.5410,0.5530,0.5410,0.5470,9804,53.63
900924,上工Ｂ股,2026-06-05,0.2830,0.2890,0.2830,0.2890,1838,5.31
900925,机电Ｂ股,2026-06-05,1.3880,1.4060,1.3790,1.4000,3972,55.61
900926,宝信Ｂ,2026-06-05,0.9170,0.9170,0.9030,0.9050,8051,72.86
900927,物贸Ｂ股,2026-06-05,0.3220,0.3240,0.3200,0.3230,868,2.80
900928,临港B股,2026-06-05,0.5600,0.5650,0.5510,0.5650,1083,6.12
900929,锦旅Ｂ股,2026-06-05,0.9240,0.9240,0.9180,0.9180,280,2.57
900932,陆家Ｂ股,2026-06-05,0.3780,0.3810,0.3760,0.3800,3224,12.25
900934,锦江Ｂ股,2026-06-05,1.4360,1.4400,1.4330,1.4390,981,14.12
900936,鄂资Ｂ股,2026-06-05,1.3270,1.3300,1.2920,1.2940,6915,89.48
900937,华电B股,2026-06-05,0.2540,0.2620,0.2390,0.2410,109352,263.54
900938,海科B,2026-06-05,0.1990,0.2010,0.1940,0.2000,3303,6.61
900939,汇丽B,2026-06-05,0.4730,0.4770,0.4640,0.4730,1963,9.28
900940,大名城B,2026-06-05,0.2190,0.2210,0.2160,0.2200,637,1.40
900941,东信Ｂ股,2026-06-05,0.4580,0.4960,0.4580,0.4900,50792,248.88
900942,黄山Ｂ股,2026-06-05,0.6780,0.6790,0.6740,0.6760,779,5.27
900943,开开Ｂ股,2026-06-05,0.3900,0.3940,0.3880,0.3940,514,2.03
900945,海控B股,2026-06-05,0.2240,0.2290,0.2200,0.2280,2369,5.40
900946,天雁B股,2026-06-05,0.1770,0.1830,0.1770,0.1810,2709,4.90
900947,振华Ｂ股,2026-06-05,0.2530,0.2560,0.2530,0.2530,12915,32.67
900948,伊泰Ｂ股,2026-06-05,2.7600,2.7600,2.6710,2.6770,27630,739.66
